id,fetch_date,data_date,query,page,device,country,clicks,impressions,ctr,position,dimension_type,created_at
175839,2026-07-27,2026-06-27,,https://www.advich.com/category/%E8%BF%91%E6%9C%9F%E6%B4%BB%E5%8A%A8/,DESKTOP,,0,3,0.0,5.0,page_device,2026-07-27 13:04:42
175840,2026-07-27,2026-06-27,,https://www.advich.com/ffssyhqdgg/,DESKTOP,,0,2,0.0,65.0,page_device,2026-07-27 13:04:42
175841,2026-07-27,2026-06-27,,https://www.advich.com/ggzyxsrhyz/,MOBILE,,0,1,0.0,65.0,page_device,2026-07-27 13:04:42
175842,2026-07-27,2026-06-27,,https://www.advich.com/gzzcsxdlbd/,DESKTOP,,0,3,0.0,1.0,page_device,2026-07-27 13:04:42
175843,2026-07-27,2026-06-27,,https://www.advich.com/jsyjsgzz/,DESKTOP,,0,19,0.0,3.3157894736842106,page_device,2026-07-27 13:04:42
175844,2026-07-27,2026-06-27,,https://www.advich.com/smscxggtsr/,DESKTOP,,0,4,0.0,84.25,page_device,2026-07-27 13:04:42
175845,2026-07-27,2026-06-27,,https://www.advich.com/sydyhyxcly/,DESKTOP,,0,19,0.0,1.263157894736842,page_device,2026-07-27 13:04:42
175846,2026-07-27,2026-06-27,,https://www.advich.com/tgpxndgxzl/,DESKTOP,,0,19,0.0,2.263157894736842,page_device,2026-07-27 13:04:42
174839,2026-07-27,2026-05-28,,https://www.advich.com/b2b/,DESKTOP,,1,4,0.25,4.25,page_device,2026-07-27 13:04:29
174840,2026-07-27,2026-05-28,,https://www.advich.com/,DESKTOP,,0,3,0.0,3.3333333333333335,page_device,2026-07-27 13:04:29
174841,2026-07-27,2026-05-28,,https://www.advich.com/cost-per-click/,DESKTOP,,0,13,0.0,75.92307692307692,page_device,2026-07-27 13:04:29
174842,2026-07-27,2026-05-28,,https://www.advich.com/cscpclybhh/,DESKTOP,,0,1,0.0,85.0,page_device,2026-07-27 13:04:29
174843,2026-07-27,2026-05-28,,https://www.advich.com/cxhggjhxet/,DESKTOP,,0,1,0.0,39.0,page_device,2026-07-27 13:04:29
174844,2026-07-27,2026-05-28,,https://www.advich.com/cyzqdfxffz/,DESKTOP,,0,1,0.0,7.0,page_device,2026-07-27 13:04:29
174845,2026-07-27,2026-05-28,,https://www.advich.com/data-insight/,DESKTOP,,0,1,0.0,48.0,page_device,2026-07-27 13:04:29
174846,2026-07-27,2026-05-28,,https://www.advich.com/digital-marketing-era/,DESKTOP,,0,16,0.0,80.6875,page_device,2026-07-27 13:04:29
174847,2026-07-27,2026-05-28,,https://www.advich.com/digital-marketing-era/,MOBILE,,0,1,0.0,79.0,page_device,2026-07-27 13:04:29
174848,2026-07-27,2026-05-28,,https://www.advich.com/digital-precision-marketing/,MOBILE,,0,1,0.0,30.0,page_device,2026-07-27 13:04:29
174849,2026-07-27,2026-05-28,,https://www.advich.com/djyljddgyy/,DESKTOP,,0,5,0.0,4.4,page_device,2026-07-27 13:04:29
174850,2026-07-27,2026-05-28,,https://www.advich.com/dysxqcpthg/,DESKTOP,,0,24,0.0,75.875,page_device,2026-07-27 13:04:29
174851,2026-07-27,2026-05-28,,https://www.advich.com/fb/,MOBILE,,0,1,0.0,60.0,page_device,2026-07-27 13:04:29
174852,2026-07-27,2026-05-28,,https://www.advich.com/fdcpyhgggg/,DESKTOP,,0,3,0.0,3.3333333333333335,page_device,2026-07-27 13:04:29
174853,2026-07-27,2026-05-28,,https://www.advich.com/ffssyhqdgg/,DESKTOP,,0,2,0.0,56.0,page_device,2026-07-27 13:04:29
174854,2026-07-27,2026-05-28,,https://www.advich.com/fqzkhscbdx/,DESKTOP,,0,2,0.0,42.5,page_device,2026-07-27 13:04:29
174855,2026-07-27,2026-05-28,,https://www.advich.com/ggggaqbgey/,DESKTOP,,0,6,0.0,7.0,page_device,2026-07-27 13:04:29
174856,2026-07-27,2026-05-28,,https://www.advich.com/ggggkzcxxx/,DESKTOP,,0,1,0.0,47.0,page_device,2026-07-27 13:04:29
174857,2026-07-27,2026-05-28,,https://www.advich.com/ggggzdyxm/,DESKTOP,,0,8,0.0,80.5,page_device,2026-07-27 13:04:29
174858,2026-07-27,2026-05-28,,https://www.advich.com/ggggznjjxz/,DESKTOP,,0,4,0.0,3.5,page_device,2026-07-27 13:04:29
174859,2026-07-27,2026-05-28,,https://www.advich.com/ggggzxssgg/,DESKTOP,,0,3,0.0,19.0,page_device,2026-07-27 13:04:29
174860,2026-07-27,2026-05-28,,https://www.advich.com/ggggzyxzjs/,DESKTOP,,0,1,0.0,67.0,page_device,2026-07-27 13:04:29
174861,2026-07-27,2026-05-28,,https://www.advich.com/ggggzyxzjs/,MOBILE,,0,1,0.0,67.0,page_device,2026-07-27 13:04:29
174862,2026-07-27,2026-05-28,,https://www.advich.com/gggjcghqmf/,DESKTOP,,0,3,0.0,65.66666666666667,page_device,2026-07-27 13:04:29
174863,2026-07-27,2026-05-28,,https://www.advich.com/ggjgszyjcg/,DESKTOP,,0,1,0.0,7.0,page_device,2026-07-27 13:04:29
174864,2026-07-27,2026-05-28,,https://www.advich.com/ggtgclrhtgdldwyhndgggg/,DESKTOP,,0,3,0.0,70.33333333333333,page_device,2026-07-27 13:04:29
174865,2026-07-27,2026-05-28,,https://www.advich.com/ggtgclrhtgdldwyhndgggg/,MOBILE,,0,4,0.0,70.75,page_device,2026-07-27 13:04:29
174866,2026-07-27,2026-05-28,,https://www.advich.com/ggtgzgjqphggsyggstgcl/,DESKTOP,,0,2,0.0,30.0,page_device,2026-07-27 13:04:29
174867,2026-07-27,2026-05-28,,https://www.advich.com/ggtyfcggjs/,DESKTOP,,0,4,0.0,9.0,page_device,2026-07-27 13:04:29
174868,2026-07-27,2026-05-28,,https://www.advich.com/ggwdgggggg/,DESKTOP,,0,2,0.0,9.5,page_device,2026-07-27 13:04:29
174869,2026-07-27,2026-05-28,,https://www.advich.com/ggzyxsrhyz/,DESKTOP,,0,1,0.0,76.0,page_device,2026-07-27 13:04:29
174870,2026-07-27,2026-05-28,,https://www.advich.com/google-promotion-has-several-advertising-spaces/,DESKTOP,,0,1,0.0,77.0,page_device,2026-07-27 13:04:29
174871,2026-07-27,2026-05-28,,https://www.advich.com/google-smart-bidding/,DESKTOP,,0,3,0.0,31.666666666666668,page_device,2026-07-27 13:04:29
174872,2026-07-27,2026-05-28,,https://www.advich.com/gwggrmzn/,DESKTOP,,0,1,0.0,87.0,page_device,2026-07-27 13:04:29
174873,2026-07-27,2026-05-28,,https://www.advich.com/gxymxsyggs/,DESKTOP,,0,1,0.0,78.0,page_device,2026-07-27 13:04:29
174874,2026-07-27,2026-05-28,,https://www.advich.com/gzzcsxdlbd/,DESKTOP,,0,3,0.0,6.0,page_device,2026-07-27 13:04:29
174875,2026-07-27,2026-05-28,,https://www.advich.com/home/,DESKTOP,,0,3,0.0,12.333333333333334,page_device,2026-07-27 13:04:29
174876,2026-07-27,2026-05-28,,https://www.advich.com/integrated-marketing-ecology/,DESKTOP,,0,2,0.0,69.0,page_device,2026-07-27 13:04:29
174877,2026-07-27,2026-05-28,,https://www.advich.com/integrated-marketing-ecology/,MOBILE,,0,1,0.0,27.0,page_device,2026-07-27 13:04:29
174878,2026-07-27,2026-05-28,,https://www.advich.com/jthggslggg/,DESKTOP,,0,4,0.0,8.0,page_device,2026-07-27 13:04:29
174879,2026-07-27,2026-05-28,,https://www.advich.com/mcdjdlrtss/,DESKTOP,,0,1,0.0,10.0,page_device,2026-07-27 13:04:29
174880,2026-07-27,2026-05-28,,https://www.advich.com/media-account-terms-of-service/,DESKTOP,,0,1,0.0,4.0,page_device,2026-07-27 13:04:29
174881,2026-07-27,2026-05-28,,https://www.advich.com/mggzdhggsz/,DESKTOP,,0,2,0.0,27.0,page_device,2026-07-27 13:04:29
174882,2026-07-27,2026-05-28,,https://www.advich.com/myggggcxdm/,DESKTOP,,0,1,0.0,46.0,page_device,2026-07-27 13:04:29
174883,2026-07-27,2026-05-28,,https://www.advich.com/nnzddcdsxr/,DESKTOP,,0,4,0.0,16.75,page_device,2026-07-27 13:04:29
174884,2026-07-27,2026-05-28,,https://www.advich.com/npdzzbfs/,DESKTOP,,0,1,0.0,7.0,page_device,2026-07-27 13:04:29
174885,2026-07-27,2026-05-28,,https://www.advich.com/nsmshdgggg/,DESKTOP,,0,1,0.0,8.0,page_device,2026-07-27 13:04:29
174886,2026-07-27,2026-05-28,,https://www.advich.com/nsydsdzjjm/,DESKTOP,,0,1,0.0,6.0,page_device,2026-07-27 13:04:29
174887,2026-07-27,2026-05-28,,https://www.advich.com/nxzddgyggg/,DESKTOP,,0,1,0.0,27.0,page_device,2026-07-27 13:04:29
174888,2026-07-27,2026-05-28,,https://www.advich.com/rhcjzjgggw/,DESKTOP,,0,9,0.0,45.111111111111114,page_device,2026-07-27 13:04:29
174889,2026-07-27,2026-05-28,,https://www.advich.com/rhcxjhztdg/,DESKTOP,,0,1,0.0,10.0,page_device,2026-07-27 13:04:29
174890,2026-07-27,2026-05-28,,https://www.advich.com/rhfxmhgzdl/,DESKTOP,,0,3,0.0,4.0,page_device,2026-07-27 13:04:29
174891,2026-07-27,2026-05-28,,https://www.advich.com/rhjrbstcdg/,DESKTOP,,0,1,0.0,47.0,page_device,2026-07-27 13:04:29
174892,2026-07-27,2026-05-28,,https://www.advich.com/rhsyffssdc/,DESKTOP,,0,2,0.0,1.5,page_device,2026-07-27 13:04:29
174893,2026-07-27,2026-05-28,,https://www.advich.com/rhsyggggdw/,MOBILE,,0,1,0.0,42.0,page_device,2026-07-27 13:04:29
174894,2026-07-27,2026-05-28,,https://www.advich.com/rhsyggjzyc/,DESKTOP,,0,1,0.0,98.0,page_device,2026-07-27 13:04:29
174895,2026-07-27,2026-05-28,,https://www.advich.com/rhsyrgslhl/,DESKTOP,,0,1,0.0,73.0,page_device,2026-07-27 13:04:29
174896,2026-07-27,2026-05-28,,https://www.advich.com/rhsyyggzcs/,DESKTOP,,0,1,0.0,5.0,page_device,2026-07-27 13:04:29
174897,2026-07-27,2026-05-28,,https://www.advich.com/rhsyyspscq/,DESKTOP,,0,1,0.0,9.0,page_device,2026-07-27 13:04:29
174898,2026-07-27,2026-05-28,,https://www.advich.com/rhtgggtgpj/,DESKTOP,,0,1,0.0,77.0,page_device,2026-07-27 13:04:29
174899,2026-07-27,2026-05-28,,https://www.advich.com/rhtjewjcxl/,DESKTOP,,0,4,0.0,2.0,page_device,2026-07-27 13:04:29
174900,2026-07-27,2026-05-28,,https://www.advich.com/rhwggggxzz/,DESKTOP,,0,27,0.0,58.370370370370374,page_device,2026-07-27 13:04:29
174901,2026-07-27,2026-05-28,,https://www.advich.com/rhwggggxzz/,MOBILE,,0,11,0.0,76.9090909090909,page_device,2026-07-27 13:04:29
174902,2026-07-27,2026-05-28,,https://www.advich.com/rhwggggxzz/,TABLET,,0,3,0.0,77.0,page_device,2026-07-27 13:04:29
174903,2026-07-27,2026-05-28,,https://www.advich.com/rhwkhyxggg/,DESKTOP,,0,8,0.0,7.125,page_device,2026-07-27 13:04:29
174904,2026-07-27,2026-05-28,,https://www.advich.com/rhxtxshyxy/,DESKTOP,,0,1,0.0,1.0,page_device,2026-07-27 13:04:29
174905,2026-07-27,2026-05-28,,https://www.advich.com/rhyhggggkc/,DESKTOP,,0,1,0.0,85.0,page_device,2026-07-27 13:04:29
174906,2026-07-27,2026-05-28,,https://www.advich.com/rhyzwszznd/,DESKTOP,,0,3,0.0,6.0,page_device,2026-07-27 13:04:29
174907,2026-07-27,2026-05-28,,https://www.advich.com/rhzedzbgzc/,DESKTOP,,0,1,0.0,26.0,page_device,2026-07-27 13:04:29
174908,2026-07-27,2026-05-28,,https://www.advich.com/rhzezzzszt/,DESKTOP,,0,12,0.0,70.83333333333333,page_device,2026-07-27 13:04:29
174909,2026-07-27,2026-05-28,,https://www.advich.com/rhzgzcjzdy/,DESKTOP,,0,7,0.0,76.14285714285714,page_device,2026-07-27 13:04:29
174910,2026-07-27,2026-05-28,,https://www.advich.com/rhzgzhzpt/,DESKTOP,,0,5,0.0,82.0,page_device,2026-07-27 13:04:29
174911,2026-07-27,2026-05-28,,https://www.advich.com/rhzgzhzpt/,MOBILE,,0,3,0.0,83.33333333333333,page_device,2026-07-27 13:04:29
174912,2026-07-27,2026-05-28,,https://www.advich.com/shopify/,DESKTOP,,0,5,0.0,3.4,page_device,2026-07-27 13:04:29
174913,2026-07-27,2026-05-28,,https://www.advich.com/sjfxsyywfx/,DESKTOP,,0,7,0.0,2.571428571428571,page_device,2026-07-27 13:04:29
174914,2026-07-27,2026-05-28,,https://www.advich.com/smscxggtsr/,DESKTOP,,0,12,0.0,79.0,page_device,2026-07-27 13:04:29
174915,2026-07-27,2026-05-28,,https://www.advich.com/smsdjlwsmc/,DESKTOP,,0,7,0.0,85.0,page_device,2026-07-27 13:04:29
174916,2026-07-27,2026-05-28,,https://www.advich.com/smsggbqglq/,DESKTOP,,0,7,0.0,93.85714285714286,page_device,2026-07-27 13:04:29
174917,2026-07-27,2026-05-28,,https://www.advich.com/smsggggdhc/,DESKTOP,,0,4,0.0,84.0,page_device,2026-07-27 13:04:29
174918,2026-07-27,2026-05-28,,https://www.advich.com/smsgjccjfx/,DESKTOP,,0,9,0.0,4.555555555555555,page_device,2026-07-27 13:04:29
174919,2026-07-27,2026-05-28,,https://www.advich.com/smspltyzhg/,DESKTOP,,0,3,0.0,85.0,page_device,2026-07-27 13:04:29
174920,2026-07-27,2026-05-28,,https://www.advich.com/smsryxlyrt/,DESKTOP,,0,1,0.0,94.0,page_device,2026-07-27 13:04:29
174921,2026-07-27,2026-05-28,,https://www.advich.com/smszhcbgsh/,DESKTOP,,0,1,0.0,7.0,page_device,2026-07-27 13:04:29
174922,2026-07-27,2026-05-28,,https://www.advich.com/smszlfswsm/,DESKTOP,,0,1,0.0,50.0,page_device,2026-07-27 13:04:29
174923,2026-07-27,2026-05-28,,https://www.advich.com/ssggyggggs/,DESKTOP,,0,1,0.0,62.0,page_device,2026-07-27 13:04:29
174924,2026-07-27,2026-05-28,,https://www.advich.com/sydyhyxcly/,DESKTOP,,0,2,0.0,5.0,page_device,2026-07-27 13:04:29
174925,2026-07-27,2026-05-28,,https://www.advich.com/tgpdlymtyd/,DESKTOP,,0,3,0.0,4.666666666666666,page_device,2026-07-27 13:04:29
174926,2026-07-27,2026-05-28,,https://www.advich.com/tgppzmdzlr/,DESKTOP,,0,1,0.0,9.0,page_device,2026-07-27 13:04:29
174927,2026-07-27,2026-05-28,,https://www.advich.com/tgpxndgxzl/,DESKTOP,,0,1,0.0,6.0,page_device,2026-07-27 13:04:29
174928,2026-07-27,2026-05-28,,https://www.advich.com/wbggdsgbyb/,DESKTOP,,0,7,0.0,1.0,page_device,2026-07-27 13:04:29
174929,2026-07-27,2026-05-28,,https://www.advich.com/what-is-an-independent-station-why-stand-alone/,DESKTOP,,0,2,0.0,69.0,page_device,2026-07-27 13:04:29
174930,2026-07-27,2026-05-28,,https://www.advich.com/wsmyjjybty/,DESKTOP,,0,4,0.0,5.5,page_device,2026-07-27 13:04:29
174931,2026-07-27,2026-05-28,,https://www.advich.com/xysxsggdzy/,DESKTOP,,0,2,0.0,8.5,page_device,2026-07-27 13:04:29
174932,2026-07-27,2026-05-28,,https://www.advich.com/yxpljyxzhd/,DESKTOP,,0,1,0.0,10.0,page_device,2026-07-27 13:04:29
174933,2026-07-27,2026-05-28,,https://www.advich.com/zbdpzhsdgj/,DESKTOP,,0,1,0.0,4.0,page_device,2026-07-27 13:04:29
174934,2026-07-27,2026-05-28,,https://www.advich.com/zggszdsggc/,DESKTOP,,0,5,0.0,20.4,page_device,2026-07-27 13:04:29
174935,2026-07-27,2026-05-28,,https://www.advich.com/zhlyhcrhks/,DESKTOP,,0,3,0.0,45.666666666666664,page_device,2026-07-27 13:04:29
174936,2026-07-27,2026-05-28,,https://www.advich.com/zqhwsyggptjsyqdfyfx/,DESKTOP,,0,2,0.0,74.0,page_device,2026-07-27 13:04:29
172102,2026-07-27,2026-04-28,,https://www.advich.com/,DESKTOP,,6,63,0.09523809523809523,3.746031746031746,page_device,2026-07-27 13:04:17
172103,2026-07-27,2026-04-28,,https://www.advich.com/home/,DESKTOP,,4,23,0.17391304347826086,9.73913043478261,page_device,2026-07-27 13:04:17
172104,2026-07-27,2026-04-28,,https://www.advich.com/about-us/,DESKTOP,,1,25,0.04,6.48,page_device,2026-07-27 13:04:17
172105,2026-07-27,2026-04-28,,https://www.advich.com/about-us/,MOBILE,,1,16,0.0625,8.0,page_device,2026-07-27 13:04:17
172106,2026-07-27,2026-04-28,,https://www.advich.com/home/,MOBILE,,1,6,0.16666666666666666,11.833333333333334,page_device,2026-07-27 13:04:17
172107,2026-07-27,2026-04-28,,https://www.advich.com/,MOBILE,,0,15,0.0,5.333333333333333,page_device,2026-07-27 13:04:17
172108,2026-07-27,2026-04-28,,https://www.advich.com/,TABLET,,0,1,0.0,3.0,page_device,2026-07-27 13:04:17
172109,2026-07-27,2026-04-28,,https://www.advich.com/content-integration-of-integrated-marketing/,DESKTOP,,0,7,0.0,52.857142857142854,page_device,2026-07-27 13:04:17
172110,2026-07-27,2026-04-28,,https://www.advich.com/cost-per-click/,DESKTOP,,0,6,0.0,65.33333333333333,page_device,2026-07-27 13:04:17
172111,2026-07-27,2026-04-28,,https://www.advich.com/digital-marketing-era/,DESKTOP,,0,13,0.0,83.15384615384616,page_device,2026-07-27 13:04:17
172112,2026-07-27,2026-04-28,,https://www.advich.com/digital-marketing-era/,MOBILE,,0,1,0.0,82.0,page_device,2026-07-27 13:04:17
172113,2026-07-27,2026-04-28,,https://www.advich.com/dlktlbfxjs/,DESKTOP,,0,2,0.0,46.5,page_device,2026-07-27 13:04:17
172114,2026-07-27,2026-04-28,,https://www.advich.com/dysxqcpthg/,DESKTOP,,0,17,0.0,67.94117647058823,page_device,2026-07-27 13:04:17
172115,2026-07-27,2026-04-28,,https://www.advich.com/dzkshdzjsb/,DESKTOP,,0,2,0.0,22.5,page_device,2026-07-27 13:04:17
172116,2026-07-27,2026-04-28,,https://www.advich.com/dzkshdzjsb/,MOBILE,,0,23,0.0,31.043478260869566,page_device,2026-07-27 13:04:17
172117,2026-07-27,2026-04-28,,https://www.advich.com/dzxdiysbqs/,DESKTOP,,0,1,0.0,37.0,page_device,2026-07-27 13:04:17
172118,2026-07-27,2026-04-28,,https://www.advich.com/fb/,MOBILE,,0,2,0.0,63.5,page_device,2026-07-27 13:04:17
172119,2026-07-27,2026-04-28,,https://www.advich.com/fdcpyhgggg/,DESKTOP,,0,1,0.0,25.0,page_device,2026-07-27 13:04:17
172120,2026-07-27,2026-04-28,,https://www.advich.com/ffssyhqdgg/,DESKTOP,,0,1,0.0,20.0,page_device,2026-07-27 13:04:17
172121,2026-07-27,2026-04-28,,https://www.advich.com/gads/,DESKTOP,,0,2,0.0,47.0,page_device,2026-07-27 13:04:17
172122,2026-07-27,2026-04-28,,https://www.advich.com/gaehdxgnhd/,DESKTOP,,0,4,0.0,69.5,page_device,2026-07-27 13:04:17
172123,2026-07-27,2026-04-28,,https://www.advich.com/gdfyzcggyj/,DESKTOP,,0,1,0.0,32.0,page_device,2026-07-27 13:04:17
172124,2026-07-27,2026-04-28,,https://www.advich.com/ggfxggslrh/,DESKTOP,,0,1,0.0,27.0,page_device,2026-07-27 13:04:17
172125,2026-07-27,2026-04-28,,https://www.advich.com/ggfxysshzx/,DESKTOP,,0,1,0.0,18.0,page_device,2026-07-27 13:04:17
172126,2026-07-27,2026-04-28,,https://www.advich.com/gggfzcsytg/,DESKTOP,,0,7,0.0,24.0,page_device,2026-07-27 13:04:17
172127,2026-07-27,2026-04-28,,https://www.advich.com/gggfzcsytg/,MOBILE,,0,10,0.0,24.0,page_device,2026-07-27 13:04:17
172128,2026-07-27,2026-04-28,,https://www.advich.com/ggggaqbgey/,DESKTOP,,0,16,0.0,6.0625,page_device,2026-07-27 13:04:17
172129,2026-07-27,2026-04-28,,https://www.advich.com/ggggdyhdfx/,DESKTOP,,0,1,0.0,15.0,page_device,2026-07-27 13:04:17
172130,2026-07-27,2026-04-28,,https://www.advich.com/ggggkzcxxx/,DESKTOP,,0,2,0.0,45.0,page_device,2026-07-27 13:04:17
172131,2026-07-27,2026-04-28,,https://www.advich.com/ggggmzhrhz/,DESKTOP,,0,3,0.0,38.666666666666664,page_device,2026-07-27 13:04:17
172132,2026-07-27,2026-04-28,,https://www.advich.com/ggggzcjjng/,MOBILE,,0,1,0.0,49.0,page_device,2026-07-27 13:04:17
172133,2026-07-27,2026-04-28,,https://www.advich.com/ggggzdyxm/,DESKTOP,,0,3,0.0,84.33333333333333,page_device,2026-07-27 13:04:17
172134,2026-07-27,2026-04-28,,https://www.advich.com/ggggzhgxsz/,DESKTOP,,0,2,0.0,5.5,page_device,2026-07-27 13:04:17
172135,2026-07-27,2026-04-28,,https://www.advich.com/ggggzyxzjs/,MOBILE,,0,1,0.0,77.0,page_device,2026-07-27 13:04:17
172136,2026-07-27,2026-04-28,,https://www.advich.com/gggjcghqmf/,DESKTOP,,0,8,0.0,64.0,page_device,2026-07-27 13:04:17
172137,2026-07-27,2026-04-28,,https://www.advich.com/ggjgszyjcg/,DESKTOP,,0,1,0.0,39.0,page_device,2026-07-27 13:04:17
172138,2026-07-27,2026-04-28,,https://www.advich.com/ggjjalyjwmr/,DESKTOP,,0,1,0.0,22.0,page_device,2026-07-27 13:04:17
172139,2026-07-27,2026-04-28,,https://www.advich.com/ggkdljrggd/,DESKTOP,,0,1,0.0,40.0,page_device,2026-07-27 13:04:17
172140,2026-07-27,2026-04-28,,https://www.advich.com/ggtgclrhtgdldwyhndgggg/,DESKTOP,,0,6,0.0,64.5,page_device,2026-07-27 13:04:17
172141,2026-07-27,2026-04-28,,https://www.advich.com/ggtgclrhtgdldwyhndgggg/,MOBILE,,0,5,0.0,71.6,page_device,2026-07-27 13:04:17
172142,2026-07-27,2026-04-28,,https://www.advich.com/ggtgprhtgb/,DESKTOP,,0,1,0.0,35.0,page_device,2026-07-27 13:04:17
172143,2026-07-27,2026-04-28,,https://www.advich.com/ggtgzgjqphggsyggstgcl/,MOBILE,,0,1,0.0,36.0,page_device,2026-07-27 13:04:17
172144,2026-07-27,2026-04-28,,https://www.advich.com/ggtyfcggjs/,DESKTOP,,0,17,0.0,7.764705882352941,page_device,2026-07-27 13:04:17
172145,2026-07-27,2026-04-28,,https://www.advich.com/ggwdgggggg/,DESKTOP,,0,2,0.0,11.5,page_device,2026-07-27 13:04:17
172146,2026-07-27,2026-04-28,,https://www.advich.com/ggxbtcxdgg/,DESKTOP,,0,3,0.0,43.666666666666664,page_device,2026-07-27 13:04:17
172147,2026-07-27,2026-04-28,,https://www.advich.com/google-can-promote-different-countries-together/,DESKTOP,,0,3,0.0,77.33333333333333,page_device,2026-07-27 13:04:17
172148,2026-07-27,2026-04-28,,https://www.advich.com/gwggrmzn/,DESKTOP,,0,2,0.0,87.0,page_device,2026-07-27 13:04:17
172149,2026-07-27,2026-04-28,,https://www.advich.com/gyszfwfadn/,DESKTOP,,0,1,0.0,87.0,page_device,2026-07-27 13:04:17
172150,2026-07-27,2026-04-28,,https://www.advich.com/integrated-marketing-era-what-can-overseas-digital-marketing-bring-us/,DESKTOP,,0,5,0.0,37.0,page_device,2026-07-27 13:04:17
172151,2026-07-27,2026-04-28,,https://www.advich.com/jthggslggg/,DESKTOP,,0,3,0.0,10.333333333333334,page_device,2026-07-27 13:04:17
172152,2026-07-27,2026-04-28,,https://www.advich.com/jyyxdyxhdd/,DESKTOP,,0,1,0.0,24.0,page_device,2026-07-27 13:04:17
172153,2026-07-27,2026-04-28,,https://www.advich.com/khxfjsszjx/,DESKTOP,,0,1,0.0,67.0,page_device,2026-07-27 13:04:17
172154,2026-07-27,2026-04-28,,https://www.advich.com/linkedin-2/,DESKTOP,,0,1,0.0,48.0,page_device,2026-07-27 13:04:17
172155,2026-07-27,2026-04-28,,https://www.advich.com/linkedin-content-integrated-marketing-guide/,DESKTOP,,0,3,0.0,43.666666666666664,page_device,2026-07-27 13:04:17
172156,2026-07-27,2026-04-28,,https://www.advich.com/ljrhzezcjx/,DESKTOP,,0,1,0.0,36.0,page_device,2026-07-27 13:04:17
172157,2026-07-27,2026-04-28,,https://www.advich.com/ljsyymwhad/,DESKTOP,,0,2,0.0,30.5,page_device,2026-07-27 13:04:17
172158,2026-07-27,2026-04-28,,https://www.advich.com/mcdjdlrtss/,DESKTOP,,0,1,0.0,17.0,page_device,2026-07-27 13:04:17
172159,2026-07-27,2026-04-28,,https://www.advich.com/mddyggggbp/,MOBILE,,0,1,0.0,49.0,page_device,2026-07-27 13:04:17
172160,2026-07-27,2026-04-28,,https://www.advich.com/mfbxdssdmt/,DESKTOP,,0,2,0.0,71.5,page_device,2026-07-27 13:04:17
172161,2026-07-27,2026-04-28,,https://www.advich.com/mgggzydsgg/,DESKTOP,,0,6,0.0,14.833333333333334,page_device,2026-07-27 13:04:17
172162,2026-07-27,2026-04-28,,https://www.advich.com/mjjslxmjjs/,DESKTOP,,0,1,0.0,26.0,page_device,2026-07-27 13:04:17
172163,2026-07-27,2026-04-28,,https://www.advich.com/myggggcxdm/,DESKTOP,,0,1,0.0,17.0,page_device,2026-07-27 13:04:17
172164,2026-07-27,2026-04-28,,https://www.advich.com/news/,DESKTOP,,0,7,0.0,82.57142857142857,page_device,2026-07-27 13:04:17
172165,2026-07-27,2026-04-28,,https://www.advich.com/nnzddcdsxr/,DESKTOP,,0,7,0.0,26.857142857142858,page_device,2026-07-27 13:04:17
172166,2026-07-27,2026-04-28,,https://www.advich.com/nrhcjhhfgg/,DESKTOP,,0,1,0.0,93.0,page_device,2026-07-27 13:04:17
172167,2026-07-27,2026-04-28,,https://www.advich.com/nsmshdgggg/,DESKTOP,,0,1,0.0,16.0,page_device,2026-07-27 13:04:17
172168,2026-07-27,2026-04-28,,https://www.advich.com/nxzttsfsyy/,MOBILE,,0,2,0.0,9.0,page_device,2026-07-27 13:04:17
172169,2026-07-27,2026-04-28,,https://www.advich.com/overseas-promotion-methods/,DESKTOP,,0,1,0.0,8.0,page_device,2026-07-27 13:04:17
172170,2026-07-27,2026-04-28,,https://www.advich.com/overseas-social-media-platform/,DESKTOP,,0,1,0.0,25.0,page_device,2026-07-27 13:04:17
172171,2026-07-27,2026-04-28,,https://www.advich.com/qzkhkfyqzk/,DESKTOP,,0,1,0.0,21.0,page_device,2026-07-27 13:04:17
172172,2026-07-27,2026-04-28,,https://www.advich.com/rhcjzjgggw/,DESKTOP,,0,12,0.0,25.083333333333332,page_device,2026-07-27 13:04:17
172173,2026-07-27,2026-04-28,,https://www.advich.com/rhfxmhgzdl/,DESKTOP,,0,2,0.0,6.0,page_device,2026-07-27 13:04:17
172174,2026-07-27,2026-04-28,,https://www.advich.com/rhlyggqzkh/,DESKTOP,,0,1,0.0,19.0,page_device,2026-07-27 13:04:17
172175,2026-07-27,2026-04-28,,https://www.advich.com/rhrdljgfwg/,DESKTOP,,0,1,0.0,34.0,page_device,2026-07-27 13:04:17
172176,2026-07-27,2026-04-28,,https://www.advich.com/rhsyffssdc/,DESKTOP,,0,1,0.0,2.0,page_device,2026-07-27 13:04:17
172177,2026-07-27,2026-04-28,,https://www.advich.com/rhsyggjzyc/,DESKTOP,,0,3,0.0,78.66666666666667,page_device,2026-07-27 13:04:17
172178,2026-07-27,2026-04-28,,https://www.advich.com/rhsyrgslhl/,DESKTOP,,0,27,0.0,76.51851851851852,page_device,2026-07-27 13:04:17
172179,2026-07-27,2026-04-28,,https://www.advich.com/rhwggggxzz/,DESKTOP,,0,43,0.0,56.348837209302324,page_device,2026-07-27 13:04:17
172180,2026-07-27,2026-04-28,,https://www.advich.com/rhwggggxzz/,MOBILE,,0,22,0.0,78.4090909090909,page_device,2026-07-27 13:04:17
172181,2026-07-27,2026-04-28,,https://www.advich.com/rhwggggxzz/,TABLET,,0,1,0.0,69.0,page_device,2026-07-27 13:04:17
172182,2026-07-27,2026-04-28,,https://www.advich.com/rhwkhyxggg/,DESKTOP,,0,14,0.0,6.857142857142857,page_device,2026-07-27 13:04:17
172183,2026-07-27,2026-04-28,,https://www.advich.com/rhxtxshyxy/,DESKTOP,,0,1,0.0,1.0,page_device,2026-07-27 13:04:17
172184,2026-07-27,2026-04-28,,https://www.advich.com/rhxzyyhdzq/,DESKTOP,,0,36,0.0,49.5,page_device,2026-07-27 13:04:17
172185,2026-07-27,2026-04-28,,https://www.advich.com/rhyzwszznd/,DESKTOP,,0,1,0.0,14.0,page_device,2026-07-27 13:04:17
172186,2026-07-27,2026-04-28,,https://www.advich.com/rhzedzbgzc/,DESKTOP,,0,1,0.0,23.0,page_device,2026-07-27 13:04:17
172187,2026-07-27,2026-04-28,,https://www.advich.com/rhzedzbgzc/,MOBILE,,0,1,0.0,34.0,page_device,2026-07-27 13:04:17
172188,2026-07-27,2026-04-28,,https://www.advich.com/rhzezcjrct/,DESKTOP,,0,3,0.0,76.66666666666667,page_device,2026-07-27 13:04:17
172189,2026-07-27,2026-04-28,,https://www.advich.com/rhzezhzjyl/,DESKTOP,,0,1,0.0,48.0,page_device,2026-07-27 13:04:17
172190,2026-07-27,2026-04-28,,https://www.advich.com/rhzezzzszt/,DESKTOP,,0,6,0.0,59.0,page_device,2026-07-27 13:04:17
172191,2026-07-27,2026-04-28,,https://www.advich.com/rhzgzcjzdy/,DESKTOP,,0,9,0.0,73.22222222222223,page_device,2026-07-27 13:04:17
172192,2026-07-27,2026-04-28,,https://www.advich.com/rhzgzgjfgg/,DESKTOP,,0,1,0.0,18.0,page_device,2026-07-27 13:04:17
172193,2026-07-27,2026-04-28,,https://www.advich.com/rhzgzhzpt/,DESKTOP,,0,21,0.0,76.0952380952381,page_device,2026-07-27 13:04:17
172194,2026-07-27,2026-04-28,,https://www.advich.com/rhzgzhzpt/,MOBILE,,0,9,0.0,87.11111111111111,page_device,2026-07-27 13:04:17
172195,2026-07-27,2026-04-28,,https://www.advich.com/rhzmggzgzl/,DESKTOP,,0,1,0.0,33.0,page_device,2026-07-27 13:04:17
172196,2026-07-27,2026-04-28,,https://www.advich.com/rhzntzzdcy/,DESKTOP,,0,1,0.0,71.0,page_device,2026-07-27 13:04:17
172197,2026-07-27,2026-04-28,,https://www.advich.com/seo-service/,DESKTOP,,0,2,0.0,78.5,page_device,2026-07-27 13:04:17
172198,2026-07-27,2026-04-28,,https://www.advich.com/shopify/,DESKTOP,,0,17,0.0,3.7058823529411766,page_device,2026-07-27 13:04:17
172199,2026-07-27,2026-04-28,,https://www.advich.com/sjfxsyywfx/,DESKTOP,,0,17,0.0,1.7058823529411766,page_device,2026-07-27 13:04:17
172200,2026-07-27,2026-04-28,,https://www.advich.com/smscxggtsr/,DESKTOP,,0,10,0.0,76.1,page_device,2026-07-27 13:04:17
172201,2026-07-27,2026-04-28,,https://www.advich.com/smsdjlwsmc/,DESKTOP,,0,5,0.0,73.6,page_device,2026-07-27 13:04:17
172202,2026-07-27,2026-04-28,,https://www.advich.com/smsgganrhl/,DESKTOP,,0,3,0.0,58.0,page_device,2026-07-27 13:04:17
172203,2026-07-27,2026-04-28,,https://www.advich.com/smsggbqglq/,DESKTOP,,0,9,0.0,77.44444444444444,page_device,2026-07-27 13:04:17
172204,2026-07-27,2026-04-28,,https://www.advich.com/smsgjccjfx/,DESKTOP,,0,17,0.0,4.882352941176471,page_device,2026-07-27 13:04:17
172205,2026-07-27,2026-04-28,,https://www.advich.com/smspltyzhg/,DESKTOP,,0,1,0.0,78.0,page_device,2026-07-27 13:04:17
172206,2026-07-27,2026-04-28,,https://www.advich.com/smsryxlyrt/,DESKTOP,,0,13,0.0,87.46153846153847,page_device,2026-07-27 13:04:17
172207,2026-07-27,2026-04-28,,https://www.advich.com/smszhcbgsh/,DESKTOP,,0,8,0.0,23.25,page_device,2026-07-27 13:04:17
172208,2026-07-27,2026-04-28,,https://www.advich.com/smszhcbgsh/,MOBILE,,0,3,0.0,6.666666666666667,page_device,2026-07-27 13:04:17
172209,2026-07-27,2026-04-28,,https://www.advich.com/ssggyggggs/,DESKTOP,,0,5,0.0,75.4,page_device,2026-07-27 13:04:17
172210,2026-07-27,2026-04-28,,https://www.advich.com/ssggyggggs/,MOBILE,,0,1,0.0,80.0,page_device,2026-07-27 13:04:17
172211,2026-07-27,2026-04-28,,https://www.advich.com/syggtgpysm/,DESKTOP,,0,1,0.0,50.0,page_device,2026-07-27 13:04:17
172212,2026-07-27,2026-04-28,,https://www.advich.com/tgpxndgxzl/,DESKTOP,,0,11,0.0,7.0,page_device,2026-07-27 13:04:17
172213,2026-07-27,2026-04-28,,https://www.advich.com/tgpxndgxzl/,MOBILE,,0,14,0.0,7.285714285714286,page_device,2026-07-27 13:04:17
172214,2026-07-27,2026-04-28,,https://www.advich.com/tiktok/,DESKTOP,,0,22,0.0,12.727272727272727,page_device,2026-07-27 13:04:17
172215,2026-07-27,2026-04-28,,https://www.advich.com/wbggdsgbyb/,DESKTOP,,0,11,0.0,1.0909090909090908,page_device,2026-07-27 13:04:17
172216,2026-07-27,2026-04-28,,https://www.advich.com/what-are-the-requirements-for-google-to-promote-online-marketing/,DESKTOP,,0,1,0.0,45.0,page_device,2026-07-27 13:04:17
172217,2026-07-27,2026-04-28,,https://www.advich.com/what-is-an-independent-station-why-stand-alone/,DESKTOP,,0,21,0.0,67.28571428571429,page_device,2026-07-27 13:04:17
172218,2026-07-27,2026-04-28,,https://www.advich.com/what-is-google-promotion/,DESKTOP,,0,1,0.0,47.0,page_device,2026-07-27 13:04:17
172219,2026-07-27,2026-04-28,,https://www.advich.com/wrggtgggjh/,DESKTOP,,0,1,0.0,80.0,page_device,2026-07-27 13:04:17
172220,2026-07-27,2026-04-28,,https://www.advich.com/wsmyjjybty/,DESKTOP,,0,1,0.0,4.0,page_device,2026-07-27 13:04:17
172221,2026-07-27,2026-04-28,,https://www.advich.com/xysssggydt/,DESKTOP,,0,1,0.0,20.0,page_device,2026-07-27 13:04:17
172222,2026-07-27,2026-04-28,,https://www.advich.com/xysxsggdcy/,DESKTOP,,0,16,0.0,9.125,page_device,2026-07-27 13:04:17
172223,2026-07-27,2026-04-28,,https://www.advich.com/yhpggygskh/,DESKTOP,,0,1,0.0,60.0,page_device,2026-07-27 13:04:17
172224,2026-07-27,2026-04-28,,https://www.advich.com/yxdsjkshsl/,DESKTOP,,0,8,0.0,8.375,page_device,2026-07-27 13:04:17
172225,2026-07-27,2026-04-28,,https://www.advich.com/yxpljyxzhd/,DESKTOP,,0,2,0.0,62.0,page_device,2026-07-27 13:04:17
172226,2026-07-27,2026-04-28,,https://www.advich.com/yxszhsmssz/,DESKTOP,,0,1,0.0,93.0,page_device,2026-07-27 13:04:17
172227,2026-07-27,2026-04-28,,https://www.advich.com/yxzbdlxwdh/,DESKTOP,,0,1,0.0,38.0,page_device,2026-07-27 13:04:17
172228,2026-07-27,2026-04-28,,https://www.advich.com/zhlyhcrhks/,DESKTOP,,0,1,0.0,33.0,page_device,2026-07-27 13:04:17
172229,2026-07-27,2026-04-28,,https://www.advich.com/zqhwsyggptjsyqdfyfx/,DESKTOP,,0,29,0.0,14.275862068965518,page_device,2026-07-27 13:04:17
169330,2026-07-27,2026-03-29,,https://www.advich.com/,DESKTOP,,3,28,0.10714285714285714,2.7857142857142856,page_device,2026-07-27 13:04:04
169331,2026-07-27,2026-03-29,,https://www.advich.com/,MOBILE,,2,100,0.02,2.2,page_device,2026-07-27 13:04:04
169332,2026-07-27,2026-03-29,,https://www.advich.com/about-us/,DESKTOP,,0,16,0.0,6.75,page_device,2026-07-27 13:04:04
169333,2026-07-27,2026-03-29,,https://www.advich.com/about-us/,MOBILE,,0,6,0.0,9.166666666666666,page_device,2026-07-27 13:04:04
169334,2026-07-27,2026-03-29,,https://www.advich.com/bxdlqzkhkf/,DESKTOP,,0,2,0.0,10.0,page_device,2026-07-27 13:04:04
169335,2026-07-27,2026-03-29,,https://www.advich.com/cost-per-click/,DESKTOP,,0,5,0.0,73.2,page_device,2026-07-27 13:04:04
169336,2026-07-27,2026-03-29,,https://www.advich.com/dlktlbfxjs/,DESKTOP,,0,5,0.0,26.8,page_device,2026-07-27 13:04:04
169337,2026-07-27,2026-03-29,,https://www.advich.com/dysxqcpthg/,DESKTOP,,0,27,0.0,65.5925925925926,page_device,2026-07-27 13:04:04
169338,2026-07-27,2026-03-29,,https://www.advich.com/dzgjhppxxl/,DESKTOP,,0,4,0.0,6.75,page_device,2026-07-27 13:04:04
169339,2026-07-27,2026-03-29,,https://www.advich.com/dzkshdzjsb/,MOBILE,,0,19,0.0,32.526315789473685,page_device,2026-07-27 13:04:04
169340,2026-07-27,2026-03-29,,https://www.advich.com/dzxdiysbqs/,DESKTOP,,0,1,0.0,25.0,page_device,2026-07-27 13:04:04
169341,2026-07-27,2026-03-29,,https://www.advich.com/e-commerce-drainage/,DESKTOP,,0,2,0.0,66.5,page_device,2026-07-27 13:04:04
169342,2026-07-27,2026-03-29,,https://www.advich.com/faq/,DESKTOP,,0,16,0.0,81.5625,page_device,2026-07-27 13:04:04
169343,2026-07-27,2026-03-29,,https://www.advich.com/fb/,DESKTOP,,0,1,0.0,72.0,page_device,2026-07-27 13:04:04
169344,2026-07-27,2026-03-29,,https://www.advich.com/gads/,DESKTOP,,0,2,0.0,50.5,page_device,2026-07-27 13:04:04
169345,2026-07-27,2026-03-29,,https://www.advich.com/gads/,MOBILE,,0,1,0.0,33.0,page_device,2026-07-27 13:04:04
169346,2026-07-27,2026-03-29,,https://www.advich.com/gaehdxgnhd/,DESKTOP,,0,1,0.0,83.0,page_device,2026-07-27 13:04:04
169347,2026-07-27,2026-03-29,,https://www.advich.com/ggcfzjzn/,DESKTOP,,0,164,0.0,8.884146341463413,page_device,2026-07-27 13:04:04
169348,2026-07-27,2026-03-29,,https://www.advich.com/gggfzcsytg/,DESKTOP,,0,1,0.0,20.0,page_device,2026-07-27 13:04:04
169349,2026-07-27,2026-03-29,,https://www.advich.com/gggfzcsytg/,MOBILE,,0,1,0.0,21.0,page_device,2026-07-27 13:04:04
169350,2026-07-27,2026-03-29,,https://www.advich.com/ggggmzhrhz/,DESKTOP,,0,1,0.0,70.0,page_device,2026-07-27 13:04:04
169351,2026-07-27,2026-03-29,,https://www.advich.com/gggjcghqmf/,DESKTOP,,0,2,0.0,39.0,page_device,2026-07-27 13:04:04
169352,2026-07-27,2026-03-29,,https://www.advich.com/ggsgggryyy/,DESKTOP,,0,2,0.0,10.0,page_device,2026-07-27 13:04:04
169353,2026-07-27,2026-03-29,,https://www.advich.com/ggtgclrhtgdldwyhndgggg/,DESKTOP,,0,1,0.0,71.0,page_device,2026-07-27 13:04:04
169354,2026-07-27,2026-03-29,,https://www.advich.com/ggtgpyhgjn/,DESKTOP,,0,1,0.0,46.0,page_device,2026-07-27 13:04:04
169355,2026-07-27,2026-03-29,,https://www.advich.com/ggtyfcggjs/,DESKTOP,,0,2,0.0,9.0,page_device,2026-07-27 13:04:04
169356,2026-07-27,2026-03-29,,https://www.advich.com/ggxbtcxdgg/,DESKTOP,,0,1,0.0,48.0,page_device,2026-07-27 13:04:04
169357,2026-07-27,2026-03-29,,https://www.advich.com/ggzyxsrhyz/,DESKTOP,,0,1,0.0,41.0,page_device,2026-07-27 13:04:04
169358,2026-07-27,2026-03-29,,https://www.advich.com/gjwmrhzghd/,DESKTOP,,0,1,0.0,44.0,page_device,2026-07-27 13:04:04
169359,2026-07-27,2026-03-29,,https://www.advich.com/google-sem/,DESKTOP,,0,2,0.0,78.5,page_device,2026-07-27 13:04:04
169360,2026-07-27,2026-03-29,,https://www.advich.com/google-sem/,MOBILE,,0,3,0.0,46.333333333333336,page_device,2026-07-27 13:04:04
169361,2026-07-27,2026-03-29,,https://www.advich.com/google-shopping-ads/,DESKTOP,,0,1,0.0,30.0,page_device,2026-07-27 13:04:04
169362,2026-07-27,2026-03-29,,https://www.advich.com/googlemetadiff/,DESKTOP,,0,9,0.0,61.77777777777778,page_device,2026-07-27 13:04:04
169363,2026-07-27,2026-03-29,,https://www.advich.com/gyszfwfadn/,DESKTOP,,0,1,0.0,32.0,page_device,2026-07-27 13:04:04
169364,2026-07-27,2026-03-29,,https://www.advich.com/home/,DESKTOP,,0,12,0.0,7.0,page_device,2026-07-27 13:04:04
169365,2026-07-27,2026-03-29,,https://www.advich.com/home/,MOBILE,,0,2,0.0,12.5,page_device,2026-07-27 13:04:04
169366,2026-07-27,2026-03-29,,https://www.advich.com/integrated-marketing-considerations/,DESKTOP,,0,2,0.0,10.0,page_device,2026-07-27 13:04:04
169367,2026-07-27,2026-03-29,,https://www.advich.com/integrated-marketing-era-what-can-overseas-digital-marketing-bring-us/,DESKTOP,,0,1,0.0,48.0,page_device,2026-07-27 13:04:04
169368,2026-07-27,2026-03-29,,https://www.advich.com/linkedin-2/,DESKTOP,,0,1,0.0,65.0,page_device,2026-07-27 13:04:04
169369,2026-07-27,2026-03-29,,https://www.advich.com/mddyggggbp/,DESKTOP,,0,1,0.0,10.0,page_device,2026-07-27 13:04:04
169370,2026-07-27,2026-03-29,,https://www.advich.com/mfbxdssdmt/,DESKTOP,,0,2,0.0,69.5,page_device,2026-07-27 13:04:04
169371,2026-07-27,2026-03-29,,https://www.advich.com/ndsjgsdqzg/,DESKTOP,,0,1,0.0,1.0,page_device,2026-07-27 13:04:04
169372,2026-07-27,2026-03-29,,https://www.advich.com/news/,DESKTOP,,0,3,0.0,84.33333333333333,page_device,2026-07-27 13:04:04
169373,2026-07-27,2026-03-29,,https://www.advich.com/nrhcjhhfgg/,DESKTOP,,0,2,0.0,25.5,page_device,2026-07-27 13:04:04
169374,2026-07-27,2026-03-29,,https://www.advich.com/nxzttsfsyy/,DESKTOP,,0,4,0.0,13.0,page_device,2026-07-27 13:04:04
169375,2026-07-27,2026-03-29,,https://www.advich.com/nxzttsfsyy/,MOBILE,,0,1,0.0,9.0,page_device,2026-07-27 13:04:04
169376,2026-07-27,2026-03-29,,https://www.advich.com/nygsygggga/,DESKTOP,,0,4,0.0,4.75,page_device,2026-07-27 13:04:04
169377,2026-07-27,2026-03-29,,https://www.advich.com/phcxtgcgmj/,DESKTOP,,0,1,0.0,40.0,page_device,2026-07-27 13:04:04
169378,2026-07-27,2026-03-29,,https://www.advich.com/rhcjzjgggw/,DESKTOP,,0,1,0.0,19.0,page_device,2026-07-27 13:04:04
169379,2026-07-27,2026-03-29,,https://www.advich.com/rhfxmhgzdl/,DESKTOP,,0,1,0.0,7.0,page_device,2026-07-27 13:04:04
169380,2026-07-27,2026-03-29,,https://www.advich.com/rhsyffssdc/,DESKTOP,,0,1,0.0,3.0,page_device,2026-07-27 13:04:04
169381,2026-07-27,2026-03-29,,https://www.advich.com/rhsyggjzyc/,DESKTOP,,0,1,0.0,83.0,page_device,2026-07-27 13:04:04
169382,2026-07-27,2026-03-29,,https://www.advich.com/rhsyscjst/,DESKTOP,,0,1,0.0,60.0,page_device,2026-07-27 13:04:04
169383,2026-07-27,2026-03-29,,https://www.advich.com/rhszgggwgg/,DESKTOP,,0,1,0.0,46.0,page_device,2026-07-27 13:04:04
169384,2026-07-27,2026-03-29,,https://www.advich.com/rhwggggxzz/,DESKTOP,,0,16,0.0,62.3125,page_device,2026-07-27 13:04:04
169385,2026-07-27,2026-03-29,,https://www.advich.com/rhwggggxzz/,MOBILE,,0,6,0.0,79.5,page_device,2026-07-27 13:04:04
169386,2026-07-27,2026-03-29,,https://www.advich.com/rhwkhyxggg/,DESKTOP,,0,5,0.0,8.8,page_device,2026-07-27 13:04:04
169387,2026-07-27,2026-03-29,,https://www.advich.com/rhxzyyhdzq/,DESKTOP,,0,2,0.0,17.0,page_device,2026-07-27 13:04:04
169388,2026-07-27,2026-03-29,,https://www.advich.com/rhyhggtgph/,DESKTOP,,0,2,0.0,31.0,page_device,2026-07-27 13:04:04
169389,2026-07-27,2026-03-29,,https://www.advich.com/rhzgzcjptf/,DESKTOP,,0,4,0.0,92.75,page_device,2026-07-27 13:04:04
169390,2026-07-27,2026-03-29,,https://www.advich.com/rhzgzcjptf/,MOBILE,,0,3,0.0,88.66666666666667,page_device,2026-07-27 13:04:04
169391,2026-07-27,2026-03-29,,https://www.advich.com/rhzgzcjzdy/,DESKTOP,,0,7,0.0,69.57142857142857,page_device,2026-07-27 13:04:04
169392,2026-07-27,2026-03-29,,https://www.advich.com/rhzgzhzpt/,DESKTOP,,0,15,0.0,80.86666666666666,page_device,2026-07-27 13:04:04
169393,2026-07-27,2026-03-29,,https://www.advich.com/rhzgzhzpt/,MOBILE,,0,3,0.0,88.66666666666667,page_device,2026-07-27 13:04:04
169394,2026-07-27,2026-03-29,,https://www.advich.com/rhzgzsydks/,DESKTOP,,0,1,0.0,83.0,page_device,2026-07-27 13:04:04
169395,2026-07-27,2026-03-29,,https://www.advich.com/rhzntzzdcy/,DESKTOP,,0,1,0.0,7.0,page_device,2026-07-27 13:04:04
169396,2026-07-27,2026-03-29,,https://www.advich.com/rhzyfznzzs/,DESKTOP,,0,2,0.0,6.5,page_device,2026-07-27 13:04:04
169397,2026-07-27,2026-03-29,,https://www.advich.com/search-marketing/google-display-ads/,DESKTOP,,0,2,0.0,87.0,page_device,2026-07-27 13:04:04
169398,2026-07-27,2026-03-29,,https://www.advich.com/search-marketing/search-advertising/,DESKTOP,,0,2,0.0,45.5,page_device,2026-07-27 13:04:04
169399,2026-07-27,2026-03-29,,https://www.advich.com/shopify/,DESKTOP,,0,8,0.0,5.25,page_device,2026-07-27 13:04:04
169400,2026-07-27,2026-03-29,,https://www.advich.com/sjfxsyywfx/,DESKTOP,,0,11,0.0,4.818181818181818,page_device,2026-07-27 13:04:04
169401,2026-07-27,2026-03-29,,https://www.advich.com/smsdjlwsmc/,DESKTOP,,0,3,0.0,90.66666666666667,page_device,2026-07-27 13:04:04
169402,2026-07-27,2026-03-29,,https://www.advich.com/smsdtxsggy/,DESKTOP,,0,5,0.0,48.4,page_device,2026-07-27 13:04:04
169403,2026-07-27,2026-03-29,,https://www.advich.com/smsdtxsggy/,MOBILE,,0,1,0.0,68.0,page_device,2026-07-27 13:04:04
169404,2026-07-27,2026-03-29,,https://www.advich.com/smsggbqglq/,DESKTOP,,0,2,0.0,78.0,page_device,2026-07-27 13:04:04
169405,2026-07-27,2026-03-29,,https://www.advich.com/smsggggdhc/,DESKTOP,,0,1,0.0,97.0,page_device,2026-07-27 13:04:04
169406,2026-07-27,2026-03-29,,https://www.advich.com/smsggxswlr/,DESKTOP,,0,7,0.0,69.14285714285714,page_device,2026-07-27 13:04:04
169407,2026-07-27,2026-03-29,,https://www.advich.com/smsgjccjfx/,DESKTOP,,0,6,0.0,8.0,page_device,2026-07-27 13:04:04
169408,2026-07-27,2026-03-29,,https://www.advich.com/smshdccddy/,DESKTOP,,0,1,0.0,99.0,page_device,2026-07-27 13:04:04
169409,2026-07-27,2026-03-29,,https://www.advich.com/smslggtysm/,DESKTOP,,0,1,0.0,4.0,page_device,2026-07-27 13:04:04
169410,2026-07-27,2026-03-29,,https://www.advich.com/smspltyzhg/,DESKTOP,,0,1,0.0,79.0,page_device,2026-07-27 13:04:04
169411,2026-07-27,2026-03-29,,https://www.advich.com/smsryxlyrt/,DESKTOP,,0,1,0.0,98.0,page_device,2026-07-27 13:04:04
169412,2026-07-27,2026-03-29,,https://www.advich.com/smsssjjwsm/,DESKTOP,,0,10,0.0,77.5,page_device,2026-07-27 13:04:04
169413,2026-07-27,2026-03-29,,https://www.advich.com/smsssjjwsm/,MOBILE,,0,1,0.0,98.0,page_device,2026-07-27 13:04:04
169414,2026-07-27,2026-03-29,,https://www.advich.com/smszhcbgsh/,DESKTOP,,0,2,0.0,63.0,page_device,2026-07-27 13:04:04
169415,2026-07-27,2026-03-29,,https://www.advich.com/ssggyggggs/,DESKTOP,,0,5,0.0,68.4,page_device,2026-07-27 13:04:04
169416,2026-07-27,2026-03-29,,https://www.advich.com/syfggkdzcx/,DESKTOP,,0,4,0.0,7.75,page_device,2026-07-27 13:04:04
169417,2026-07-27,2026-03-29,,https://www.advich.com/tgpxndgxzl/,DESKTOP,,0,4,0.0,6.5,page_device,2026-07-27 13:04:04
169418,2026-07-27,2026-03-29,,https://www.advich.com/tgpxndgxzl/,MOBILE,,0,4,0.0,6.75,page_device,2026-07-27 13:04:04
169419,2026-07-27,2026-03-29,,https://www.advich.com/the-difference-between-google-seo-and-google-adwords/,DESKTOP,,0,1,0.0,93.0,page_device,2026-07-27 13:04:04
169420,2026-07-27,2026-03-29,,https://www.advich.com/tiktok/,DESKTOP,,0,13,0.0,18.76923076923077,page_device,2026-07-27 13:04:04
169421,2026-07-27,2026-03-29,,https://www.advich.com/twsmtmznds/,DESKTOP,,0,1,0.0,2.0,page_device,2026-07-27 13:04:04
169422,2026-07-27,2026-03-29,,https://www.advich.com/wbggdsgbyb/,DESKTOP,,0,12,0.0,6.75,page_device,2026-07-27 13:04:04
169423,2026-07-27,2026-03-29,,https://www.advich.com/what-is-an-independent-station-why-stand-alone/,DESKTOP,,0,5,0.0,67.4,page_device,2026-07-27 13:04:04
169424,2026-07-27,2026-03-29,,https://www.advich.com/what-is-an-independent-station-why-stand-alone/,MOBILE,,0,1,0.0,5.0,page_device,2026-07-27 13:04:04
169425,2026-07-27,2026-03-29,,https://www.advich.com/wrggtgggjh/,DESKTOP,,0,1,0.0,80.0,page_device,2026-07-27 13:04:04
169426,2026-07-27,2026-03-29,,https://www.advich.com/wsmyjjybty/,DESKTOP,,0,2,0.0,8.0,page_device,2026-07-27 13:04:04
169427,2026-07-27,2026-03-29,,https://www.advich.com/xxscstslyc/,DESKTOP,,0,1,0.0,6.0,page_device,2026-07-27 13:04:04
169428,2026-07-27,2026-03-29,,https://www.advich.com/xycdcdqgll/,DESKTOP,,0,1,0.0,12.0,page_device,2026-07-27 13:04:04
169429,2026-07-27,2026-03-29,,https://www.advich.com/ycjcslzggt/,DESKTOP,,0,4,0.0,5.75,page_device,2026-07-27 13:04:04
169430,2026-07-27,2026-03-29,,https://www.advich.com/yxpljyxzhd/,DESKTOP,,0,1,0.0,55.0,page_device,2026-07-27 13:04:04
169431,2026-07-27,2026-03-29,,https://www.advich.com/zhyxcbdjtl/,DESKTOP,,0,1,0.0,45.0,page_device,2026-07-27 13:04:04
169432,2026-07-27,2026-03-29,,https://www.advich.com/zqhwsyggptjsyqdfyfx/,DESKTOP,,0,14,0.0,8.642857142857142,page_device,2026-07-27 13:04:04
165042,2026-07-27,2026-02-27,,https://www.advich.com/,DESKTOP,,3,52,0.057692307692307696,3.9038461538461537,page_device,2026-07-27 13:03:49
165043,2026-07-27,2026-02-27,,https://www.advich.com/,MOBILE,,3,25,0.12,6.12,page_device,2026-07-27 13:03:49
165044,2026-07-27,2026-02-27,,https://www.advich.com/home/,DESKTOP,,2,16,0.125,4.875,page_device,2026-07-27 13:03:49
165045,2026-07-27,2026-02-27,,https://www.advich.com/about-us/,DESKTOP,,1,28,0.03571428571428571,6.5,page_device,2026-07-27 13:03:49
165046,2026-07-27,2026-02-27,,https://www.advich.com/home/,MOBILE,,1,8,0.125,5.375,page_device,2026-07-27 13:03:49
165047,2026-07-27,2026-02-27,,https://www.advich.com/,TABLET,,0,2,0.0,4.5,page_device,2026-07-27 13:03:49
165048,2026-07-27,2026-02-27,,https://www.advich.com/about-us/,MOBILE,,0,18,0.0,7.555555555555555,page_device,2026-07-27 13:03:49
165049,2026-07-27,2026-02-27,,https://www.advich.com/about-us/,TABLET,,0,2,0.0,7.0,page_device,2026-07-27 13:03:49
165050,2026-07-27,2026-02-27,,https://www.advich.com/akjyxdjfwz/,DESKTOP,,0,3,0.0,74.0,page_device,2026-07-27 13:03:49
165051,2026-07-27,2026-02-27,,https://www.advich.com/author/advich/,DESKTOP,,0,1,0.0,14.0,page_device,2026-07-27 13:03:49
165052,2026-07-27,2026-02-27,,https://www.advich.com/b2cpromotion/,DESKTOP,,0,1,0.0,17.0,page_device,2026-07-27 13:03:49
165053,2026-07-27,2026-02-27,,https://www.advich.com/bingads/,DESKTOP,,0,56,0.0,9.982142857142858,page_device,2026-07-27 13:03:49
165054,2026-07-27,2026-02-27,,https://www.advich.com/brand-marketing/oath/,DESKTOP,,0,1,0.0,59.0,page_device,2026-07-27 13:03:49
165055,2026-07-27,2026-02-27,,https://www.advich.com/category/%E5%95%86%E6%9C%BA%E6%B4%9E%E5%AF%9F/,DESKTOP,,0,1,0.0,13.0,page_device,2026-07-27 13:03:49
165056,2026-07-27,2026-02-27,,https://www.advich.com/category/%E5%B9%B2%E8%B4%A7%E5%AE%9E%E6%93%8D/page/2/,DESKTOP,,0,1,0.0,18.0,page_device,2026-07-27 13:03:49
165057,2026-07-27,2026-02-27,,https://www.advich.com/come-in-and-have-a-look-overseas-digital-marketing-methods/,DESKTOP,,0,1,0.0,50.0,page_device,2026-07-27 13:03:49
165058,2026-07-27,2026-02-27,,https://www.advich.com/cost-per-click/,DESKTOP,,0,10,0.0,73.6,page_device,2026-07-27 13:03:49
165059,2026-07-27,2026-02-27,,https://www.advich.com/cost-per-click/,MOBILE,,0,1,0.0,74.0,page_device,2026-07-27 13:03:49
165060,2026-07-27,2026-02-27,,https://www.advich.com/digital-marketing-2/,DESKTOP,,0,1,0.0,7.0,page_device,2026-07-27 13:03:49
165061,2026-07-27,2026-02-27,,https://www.advich.com/dlktlbfxjs/,DESKTOP,,0,7,0.0,56.0,page_device,2026-07-27 13:03:49
165062,2026-07-27,2026-02-27,,https://www.advich.com/dtssggddzj/,DESKTOP,,0,1,0.0,61.0,page_device,2026-07-27 13:03:49
165063,2026-07-27,2026-02-27,,https://www.advich.com/dtssggddzj/,MOBILE,,0,2,0.0,88.5,page_device,2026-07-27 13:03:49
165064,2026-07-27,2026-02-27,,https://www.advich.com/dynamic-search-ads/,DESKTOP,,0,1,0.0,85.0,page_device,2026-07-27 13:03:49
165065,2026-07-27,2026-02-27,,https://www.advich.com/dynamic-search-ads/,MOBILE,,0,2,0.0,84.0,page_device,2026-07-27 13:03:49
165066,2026-07-27,2026-02-27,,https://www.advich.com/dysxqcpthg/,DESKTOP,,0,30,0.0,69.43333333333334,page_device,2026-07-27 13:03:49
165067,2026-07-27,2026-02-27,,https://www.advich.com/dysxqcpthg/,MOBILE,,0,5,0.0,68.0,page_device,2026-07-27 13:03:49
165068,2026-07-27,2026-02-27,,https://www.advich.com/dzgjhppxxl/,DESKTOP,,0,9,0.0,6.333333333333333,page_device,2026-07-27 13:03:49
165069,2026-07-27,2026-02-27,,https://www.advich.com/dzkshdzjsb/,MOBILE,,0,7,0.0,33.714285714285715,page_device,2026-07-27 13:03:49
165070,2026-07-27,2026-02-27,,https://www.advich.com/faq/,DESKTOP,,0,42,0.0,78.19047619047619,page_device,2026-07-27 13:03:49
165071,2026-07-27,2026-02-27,,https://www.advich.com/fb/,DESKTOP,,0,10,0.0,65.3,page_device,2026-07-27 13:03:49
165072,2026-07-27,2026-02-27,,https://www.advich.com/fb/,MOBILE,,0,3,0.0,65.0,page_device,2026-07-27 13:03:49
165073,2026-07-27,2026-02-27,,https://www.advich.com/fbmswglqwzzn/,DESKTOP,,0,3,0.0,36.333333333333336,page_device,2026-07-27 13:03:49
165074,2026-07-27,2026-02-27,,https://www.advich.com/fbmswglqwzzn/,MOBILE,,0,1,0.0,30.0,page_device,2026-07-27 13:03:49
165075,2026-07-27,2026-02-27,,https://www.advich.com/gads/,DESKTOP,,0,4,0.0,32.5,page_device,2026-07-27 13:03:49
165076,2026-07-27,2026-02-27,,https://www.advich.com/gads/,MOBILE,,0,1,0.0,66.0,page_device,2026-07-27 13:03:49
165077,2026-07-27,2026-02-27,,https://www.advich.com/gaehdxgnhd/,DESKTOP,,0,5,0.0,53.8,page_device,2026-07-27 13:03:49
165078,2026-07-27,2026-02-27,,https://www.advich.com/gaehdxgnhd/,MOBILE,,0,2,0.0,27.0,page_device,2026-07-27 13:03:49
165079,2026-07-27,2026-02-27,,https://www.advich.com/gcjdggtgpy/,DESKTOP,,0,1,0.0,39.0,page_device,2026-07-27 13:03:49
165080,2026-07-27,2026-02-27,,https://www.advich.com/ggcfzjzn/,DESKTOP,,0,163,0.0,6.024539877300613,page_device,2026-07-27 13:03:49
165081,2026-07-27,2026-02-27,,https://www.advich.com/ggfxggslrh/,DESKTOP,,0,1,0.0,49.0,page_device,2026-07-27 13:03:49
165082,2026-07-27,2026-02-27,,https://www.advich.com/ggggcbrhgl/,DESKTOP,,0,2,0.0,10.0,page_device,2026-07-27 13:03:49
165083,2026-07-27,2026-02-27,,https://www.advich.com/ggggdlmyxr/,DESKTOP,,0,1,0.0,62.0,page_device,2026-07-27 13:03:49
165084,2026-07-27,2026-02-27,,https://www.advich.com/gggggslxyl/,DESKTOP,,0,2,0.0,45.5,page_device,2026-07-27 13:03:49
165085,2026-07-27,2026-02-27,,https://www.advich.com/ggggmzhrhz/,DESKTOP,,0,8,0.0,59.0,page_device,2026-07-27 13:03:49
165086,2026-07-27,2026-02-27,,https://www.advich.com/ggggrhzysy/,MOBILE,,0,1,0.0,29.0,page_device,2026-07-27 13:03:49
165087,2026-07-27,2026-02-27,,https://www.advich.com/ggggxbnqsd/,DESKTOP,,0,1,0.0,10.0,page_device,2026-07-27 13:03:49
165088,2026-07-27,2026-02-27,,https://www.advich.com/ggggyctgsj/,DESKTOP,,0,1,0.0,6.0,page_device,2026-07-27 13:03:49
165089,2026-07-27,2026-02-27,,https://www.advich.com/ggggzcjjng/,DESKTOP,,0,4,0.0,65.0,page_device,2026-07-27 13:03:49
165090,2026-07-27,2026-02-27,,https://www.advich.com/ggggzcjjng/,MOBILE,,0,4,0.0,61.25,page_device,2026-07-27 13:03:49
165091,2026-07-27,2026-02-27,,https://www.advich.com/ggggzyxzjs/,DESKTOP,,0,3,0.0,63.0,page_device,2026-07-27 13:03:49
165092,2026-07-27,2026-02-27,,https://www.advich.com/ggggzyxzjs/,MOBILE,,0,6,0.0,69.83333333333333,page_device,2026-07-27 13:03:49
165093,2026-07-27,2026-02-27,,https://www.advich.com/ggsgggryyy/,DESKTOP,,0,7,0.0,10.0,page_device,2026-07-27 13:03:49
165094,2026-07-27,2026-02-27,,https://www.advich.com/ggxbtcxdgg/,DESKTOP,,0,1,0.0,50.0,page_device,2026-07-27 13:03:49
165095,2026-07-27,2026-02-27,,https://www.advich.com/ggxbwyyggz/,DESKTOP,,0,1,0.0,2.0,page_device,2026-07-27 13:03:49
165096,2026-07-27,2026-02-27,,https://www.advich.com/ggxsggbxsr/,DESKTOP,,0,4,0.0,63.0,page_device,2026-07-27 13:03:49
165097,2026-07-27,2026-02-27,,https://www.advich.com/ggxsggbxsr/,MOBILE,,0,4,0.0,59.75,page_device,2026-07-27 13:03:49
165098,2026-07-27,2026-02-27,,https://www.advich.com/ggxsggcc/,DESKTOP,,0,1,0.0,44.0,page_device,2026-07-27 13:03:49
165099,2026-07-27,2026-02-27,,https://www.advich.com/ggyycxazgg/,DESKTOP,,0,4,0.0,58.0,page_device,2026-07-27 13:03:49
165100,2026-07-27,2026-02-27,,https://www.advich.com/ggyycxazgg/,MOBILE,,0,2,0.0,75.5,page_device,2026-07-27 13:03:49
165101,2026-07-27,2026-02-27,,https://www.advich.com/ggzsggkysy/,DESKTOP,,0,1,0.0,41.0,page_device,2026-07-27 13:03:49
165102,2026-07-27,2026-02-27,,https://www.advich.com/ggzyxsrhyz/,MOBILE,,0,1,0.0,39.0,page_device,2026-07-27 13:03:49
165103,2026-07-27,2026-02-27,,https://www.advich.com/google-sem/,DESKTOP,,0,35,0.0,78.8,page_device,2026-07-27 13:03:49
165104,2026-07-27,2026-02-27,,https://www.advich.com/google-sem/,MOBILE,,0,35,0.0,79.17142857142858,page_device,2026-07-27 13:03:49
165105,2026-07-27,2026-02-27,,https://www.advich.com/google-shopping-ads/,DESKTOP,,0,8,0.0,60.25,page_device,2026-07-27 13:03:49
165106,2026-07-27,2026-02-27,,https://www.advich.com/google-shopping-ads/,MOBILE,,0,3,0.0,65.33333333333333,page_device,2026-07-27 13:03:49
165107,2026-07-27,2026-02-27,,https://www.advich.com/gycggdzyyx/,DESKTOP,,0,1,0.0,17.0,page_device,2026-07-27 13:03:49
165108,2026-07-27,2026-02-27,,https://www.advich.com/gycggdzyyx/,MOBILE,,0,1,0.0,6.0,page_device,2026-07-27 13:03:49
165109,2026-07-27,2026-02-27,,https://www.advich.com/gyszfwfadn/,DESKTOP,,0,1,0.0,72.0,page_device,2026-07-27 13:03:49
165110,2026-07-27,2026-02-27,,https://www.advich.com/hqggggrzdf/,DESKTOP,,0,1,0.0,53.0,page_device,2026-07-27 13:03:49
165111,2026-07-27,2026-02-27,,https://www.advich.com/independent-foreign-trade-station-building/,DESKTOP,,0,2,0.0,98.0,page_device,2026-07-27 13:03:49
165112,2026-07-27,2026-02-27,,https://www.advich.com/jdggzldsgz/,DESKTOP,,0,2,0.0,44.0,page_device,2026-07-27 13:03:49
165113,2026-07-27,2026-02-27,,https://www.advich.com/linkedin-2/,DESKTOP,,0,4,0.0,60.5,page_device,2026-07-27 13:03:49
165114,2026-07-27,2026-02-27,,https://www.advich.com/linkedin-2/,MOBILE,,0,2,0.0,69.0,page_device,2026-07-27 13:03:49
165115,2026-07-27,2026-02-27,,https://www.advich.com/mddyggggbp/,DESKTOP,,0,2,0.0,56.0,page_device,2026-07-27 13:03:49
165116,2026-07-27,2026-02-27,,https://www.advich.com/mddyggggbp/,MOBILE,,0,3,0.0,67.66666666666667,page_device,2026-07-27 13:03:49
165117,2026-07-27,2026-02-27,,https://www.advich.com/mfbxdssdmt/,DESKTOP,,0,1,0.0,9.0,page_device,2026-07-27 13:03:49
165118,2026-07-27,2026-02-27,,https://www.advich.com/mgggzydsgg/,DESKTOP,,0,9,0.0,19.88888888888889,page_device,2026-07-27 13:03:49
165119,2026-07-27,2026-02-27,,https://www.advich.com/ndsjgsdqzg/,DESKTOP,,0,1,0.0,1.0,page_device,2026-07-27 13:03:49
165120,2026-07-27,2026-02-27,,https://www.advich.com/new-knowledge-of-overseas-social-media-drainage-come-on-up/,DESKTOP,,0,1,0.0,82.0,page_device,2026-07-27 13:03:49
165121,2026-07-27,2026-02-27,,https://www.advich.com/news/,DESKTOP,,0,2,0.0,76.5,page_device,2026-07-27 13:03:49
165122,2026-07-27,2026-02-27,,https://www.advich.com/nnzddcdsxr/,DESKTOP,,0,4,0.0,25.25,page_device,2026-07-27 13:03:49
165123,2026-07-27,2026-02-27,,https://www.advich.com/nrhcjhhfgg/,DESKTOP,,0,1,0.0,8.0,page_device,2026-07-27 13:03:49
165124,2026-07-27,2026-02-27,,https://www.advich.com/nxzddgyggg/,DESKTOP,,0,4,0.0,42.0,page_device,2026-07-27 13:03:49
165125,2026-07-27,2026-02-27,,https://www.advich.com/nxzttsfsyy/,DESKTOP,,0,1,0.0,11.0,page_device,2026-07-27 13:03:49
165126,2026-07-27,2026-02-27,,https://www.advich.com/nygsygggga/,DESKTOP,,0,9,0.0,4.222222222222222,page_device,2026-07-27 13:03:49
165127,2026-07-27,2026-02-27,,https://www.advich.com/paid-advertising/,DESKTOP,,0,3,0.0,63.333333333333336,page_device,2026-07-27 13:03:49
165128,2026-07-27,2026-02-27,,https://www.advich.com/pggdzjzngg/,DESKTOP,,0,1,0.0,30.0,page_device,2026-07-27 13:03:49
165129,2026-07-27,2026-02-27,,https://www.advich.com/phcxtgcgmj/,DESKTOP,,0,5,0.0,27.0,page_device,2026-07-27 13:03:49
165130,2026-07-27,2026-02-27,,https://www.advich.com/phcxtgcgmj/,MOBILE,,0,4,0.0,32.0,page_device,2026-07-27 13:03:49
165131,2026-07-27,2026-02-27,,https://www.advich.com/ppgjchfppg/,DESKTOP,,0,21,0.0,10.80952380952381,page_device,2026-07-27 13:03:49
165132,2026-07-27,2026-02-27,,https://www.advich.com/rhcjzjgggw/,DESKTOP,,0,1,0.0,9.0,page_device,2026-07-27 13:03:49
165133,2026-07-27,2026-02-27,,https://www.advich.com/rhfxmhgzdl/,MOBILE,,0,1,0.0,17.0,page_device,2026-07-27 13:03:49
165134,2026-07-27,2026-02-27,,https://www.advich.com/rhjrbstcdg/,DESKTOP,,0,2,0.0,67.5,page_device,2026-07-27 13:03:49
165135,2026-07-27,2026-02-27,,https://www.advich.com/rhsycjsghd/,DESKTOP,,0,16,0.0,82.1875,page_device,2026-07-27 13:03:49
165136,2026-07-27,2026-02-27,,https://www.advich.com/rhsycjsghd/,MOBILE,,0,1,0.0,80.0,page_device,2026-07-27 13:03:49
165137,2026-07-27,2026-02-27,,https://www.advich.com/rhsyffssdc/,DESKTOP,,0,1,0.0,4.0,page_device,2026-07-27 13:03:49
165138,2026-07-27,2026-02-27,,https://www.advich.com/rhszgggwgg/,DESKTOP,,0,1,0.0,36.0,page_device,2026-07-27 13:03:49
165139,2026-07-27,2026-02-27,,https://www.advich.com/rhtgyggscl/,DESKTOP,,0,3,0.0,45.0,page_device,2026-07-27 13:03:49
165140,2026-07-27,2026-02-27,,https://www.advich.com/rhwggggxzz/,DESKTOP,,0,87,0.0,65.27586206896552,page_device,2026-07-27 13:03:49
165141,2026-07-27,2026-02-27,,https://www.advich.com/rhwggggxzz/,MOBILE,,0,46,0.0,74.58695652173913,page_device,2026-07-27 13:03:49
165142,2026-07-27,2026-02-27,,https://www.advich.com/rhwkhyxggg/,DESKTOP,,0,8,0.0,9.125,page_device,2026-07-27 13:03:49
165143,2026-07-27,2026-02-27,,https://www.advich.com/rhxtxshyxy/,DESKTOP,,0,1,0.0,2.0,page_device,2026-07-27 13:03:49
165144,2026-07-27,2026-02-27,,https://www.advich.com/rhzedzbgzc/,DESKTOP,,0,2,0.0,11.5,page_device,2026-07-27 13:03:49
165145,2026-07-27,2026-02-27,,https://www.advich.com/rhzezcjrct/,DESKTOP,,0,1,0.0,6.0,page_device,2026-07-27 13:03:49
165146,2026-07-27,2026-02-27,,https://www.advich.com/rhzezzzbjt/,DESKTOP,,0,3,0.0,69.66666666666667,page_device,2026-07-27 13:03:49
165147,2026-07-27,2026-02-27,,https://www.advich.com/rhzezzzbjt/,MOBILE,,0,2,0.0,98.5,page_device,2026-07-27 13:03:49
165148,2026-07-27,2026-02-27,,https://www.advich.com/rhzezzzszt/,DESKTOP,,0,1,0.0,59.0,page_device,2026-07-27 13:03:49
165149,2026-07-27,2026-02-27,,https://www.advich.com/rhzgzcjptf/,DESKTOP,,0,10,0.0,86.6,page_device,2026-07-27 13:03:49
165150,2026-07-27,2026-02-27,,https://www.advich.com/rhzgzcjptf/,MOBILE,,0,5,0.0,91.0,page_device,2026-07-27 13:03:49
165151,2026-07-27,2026-02-27,,https://www.advich.com/rhzgzcjzdy/,DESKTOP,,0,4,0.0,71.75,page_device,2026-07-27 13:03:49
165152,2026-07-27,2026-02-27,,https://www.advich.com/rhzgzhzpt/,DESKTOP,,0,19,0.0,71.05263157894737,page_device,2026-07-27 13:03:49
165153,2026-07-27,2026-02-27,,https://www.advich.com/rhzgzhzpt/,MOBILE,,0,7,0.0,84.0,page_device,2026-07-27 13:03:49
165154,2026-07-27,2026-02-27,,https://www.advich.com/rhzgzsydks/,DESKTOP,,0,4,0.0,75.25,page_device,2026-07-27 13:03:49
165155,2026-07-27,2026-02-27,,https://www.advich.com/rhzgzzzbjt/,MOBILE,,0,2,0.0,43.5,page_device,2026-07-27 13:03:49
165156,2026-07-27,2026-02-27,,https://www.advich.com/search-marketing/google-display-ads/,DESKTOP,,0,15,0.0,82.13333333333334,page_device,2026-07-27 13:03:49
165157,2026-07-27,2026-02-27,,https://www.advich.com/search-marketing/google-display-ads/,MOBILE,,0,2,0.0,53.5,page_device,2026-07-27 13:03:49
165158,2026-07-27,2026-02-27,,https://www.advich.com/search-marketing/search-advertising/,DESKTOP,,0,31,0.0,74.70967741935483,page_device,2026-07-27 13:03:49
165159,2026-07-27,2026-02-27,,https://www.advich.com/search-marketing/search-advertising/,MOBILE,,0,4,0.0,85.25,page_device,2026-07-27 13:03:49
165160,2026-07-27,2026-02-27,,https://www.advich.com/sem-search-engine-marketing/,DESKTOP,,0,97,0.0,7.793814432989691,page_device,2026-07-27 13:03:49
165161,2026-07-27,2026-02-27,,https://www.advich.com/shopify/,DESKTOP,,0,10,0.0,4.1,page_device,2026-07-27 13:03:49
165162,2026-07-27,2026-02-27,,https://www.advich.com/sjfxsyywfx/,DESKTOP,,0,9,0.0,1.2222222222222223,page_device,2026-07-27 13:03:49
165163,2026-07-27,2026-02-27,,https://www.advich.com/smsdjlwsmc/,DESKTOP,,0,4,0.0,82.0,page_device,2026-07-27 13:03:49
165164,2026-07-27,2026-02-27,,https://www.advich.com/smsdtxsggy/,DESKTOP,,0,3,0.0,85.0,page_device,2026-07-27 13:03:49
165165,2026-07-27,2026-02-27,,https://www.advich.com/smsdtxsggy/,MOBILE,,0,2,0.0,81.5,page_device,2026-07-27 13:03:49
165166,2026-07-27,2026-02-27,,https://www.advich.com/smsggbqglq/,DESKTOP,,0,9,0.0,71.77777777777777,page_device,2026-07-27 13:03:49
165167,2026-07-27,2026-02-27,,https://www.advich.com/smsggggdhc/,DESKTOP,,0,1,0.0,92.0,page_device,2026-07-27 13:03:49
165168,2026-07-27,2026-02-27,,https://www.advich.com/smsggxswlr/,DESKTOP,,0,16,0.0,68.1875,page_device,2026-07-27 13:03:49
165169,2026-07-27,2026-02-27,,https://www.advich.com/smsggzdcrh/,DESKTOP,,0,1,0.0,89.0,page_device,2026-07-27 13:03:49
165170,2026-07-27,2026-02-27,,https://www.advich.com/smsgjccjfx/,DESKTOP,,0,9,0.0,8.333333333333332,page_device,2026-07-27 13:03:49
165171,2026-07-27,2026-02-27,,https://www.advich.com/smshdccddy/,DESKTOP,,0,10,0.0,73.0,page_device,2026-07-27 13:03:49
165172,2026-07-27,2026-02-27,,https://www.advich.com/smshdccddy/,MOBILE,,0,1,0.0,72.0,page_device,2026-07-27 13:03:49
165173,2026-07-27,2026-02-27,,https://www.advich.com/smsjztrhks/,DESKTOP,,0,7,0.0,74.57142857142857,page_device,2026-07-27 13:03:49
165174,2026-07-27,2026-02-27,,https://www.advich.com/smsjztrhks/,MOBILE,,0,3,0.0,75.0,page_device,2026-07-27 13:03:49
165175,2026-07-27,2026-02-27,,https://www.advich.com/smspffssyx/,DESKTOP,,0,2,0.0,73.5,page_device,2026-07-27 13:03:49
165176,2026-07-27,2026-02-27,,https://www.advich.com/smspffssyx/,MOBILE,,0,2,0.0,73.5,page_device,2026-07-27 13:03:49
165177,2026-07-27,2026-02-27,,https://www.advich.com/smsryxlyrt/,DESKTOP,,0,2,0.0,68.5,page_device,2026-07-27 13:03:49
165178,2026-07-27,2026-02-27,,https://www.advich.com/smsryxlyrt/,MOBILE,,0,1,0.0,96.0,page_device,2026-07-27 13:03:49
165179,2026-07-27,2026-02-27,,https://www.advich.com/smsssjjwsm/,DESKTOP,,0,18,0.0,82.61111111111111,page_device,2026-07-27 13:03:49
165180,2026-07-27,2026-02-27,,https://www.advich.com/smsssjjwsm/,MOBILE,,0,2,0.0,92.5,page_device,2026-07-27 13:03:49
165181,2026-07-27,2026-02-27,,https://www.advich.com/smstsxsjfx/,DESKTOP,,0,3,0.0,61.333333333333336,page_device,2026-07-27 13:03:49
165182,2026-07-27,2026-02-27,,https://www.advich.com/smstsxsjfx/,MOBILE,,0,2,0.0,64.0,page_device,2026-07-27 13:03:49
165183,2026-07-27,2026-02-27,,https://www.advich.com/smszhcbgsh/,DESKTOP,,0,8,0.0,76.5,page_device,2026-07-27 13:03:49
165184,2026-07-27,2026-02-27,,https://www.advich.com/smszyxykld/,DESKTOP,,0,7,0.0,84.71428571428571,page_device,2026-07-27 13:03:49
165185,2026-07-27,2026-02-27,,https://www.advich.com/smszyxykld/,MOBILE,,0,4,0.0,82.75,page_device,2026-07-27 13:03:49
165186,2026-07-27,2026-02-27,,https://www.advich.com/smtxzshbjs/,DESKTOP,,0,5,0.0,85.2,page_device,2026-07-27 13:03:49
165187,2026-07-27,2026-02-27,,https://www.advich.com/social-media-operation-strategy/,DESKTOP,,0,1,0.0,66.0,page_device,2026-07-27 13:03:49
165188,2026-07-27,2026-02-27,,https://www.advich.com/stbscqcjst/,DESKTOP,,0,1,0.0,79.0,page_device,2026-07-27 13:03:49
165189,2026-07-27,2026-02-27,,https://www.advich.com/stbscqcjst/,MOBILE,,0,1,0.0,36.0,page_device,2026-07-27 13:03:49
165190,2026-07-27,2026-02-27,,https://www.advich.com/syfggkdzcx/,DESKTOP,,0,9,0.0,7.333333333333333,page_device,2026-07-27 13:03:49
165191,2026-07-27,2026-02-27,,https://www.advich.com/synzjdsjcs/,MOBILE,,0,1,0.0,73.0,page_device,2026-07-27 13:03:49
165192,2026-07-27,2026-02-27,,https://www.advich.com/szggdcymzq/,DESKTOP,,0,3,0.0,39.333333333333336,page_device,2026-07-27 13:03:49
165193,2026-07-27,2026-02-27,,https://www.advich.com/szggdcymzq/,MOBILE,,0,1,0.0,49.0,page_device,2026-07-27 13:03:49
165194,2026-07-27,2026-02-27,,https://www.advich.com/szjsjzzyxr/,DESKTOP,,0,119,0.0,2.5126050420168067,page_device,2026-07-27 13:03:49
165195,2026-07-27,2026-02-27,,https://www.advich.com/tgpdlymtyd/,MOBILE,,0,2,0.0,37.0,page_device,2026-07-27 13:03:49
165196,2026-07-27,2026-02-27,,https://www.advich.com/tgpxndgxzl/,DESKTOP,,0,2,0.0,3.5,page_device,2026-07-27 13:03:49
165197,2026-07-27,2026-02-27,,https://www.advich.com/tgpxndgxzl/,MOBILE,,0,2,0.0,1.0,page_device,2026-07-27 13:03:49
165198,2026-07-27,2026-02-27,,https://www.advich.com/tiktok/,DESKTOP,,0,16,0.0,21.8125,page_device,2026-07-27 13:03:49
165199,2026-07-27,2026-02-27,,https://www.advich.com/trade/insight-into-business-opportunities/,DESKTOP,,0,1,0.0,16.0,page_device,2026-07-27 13:03:49
165200,2026-07-27,2026-02-27,,https://www.advich.com/twsmtmznds/,DESKTOP,,0,5,0.0,69.6,page_device,2026-07-27 13:03:49
165201,2026-07-27,2026-02-27,,https://www.advich.com/wbggdsgbyb/,DESKTOP,,0,2,0.0,79.5,page_device,2026-07-27 13:03:49
165202,2026-07-27,2026-02-27,,https://www.advich.com/what-is-an-independent-station-why-stand-alone/,DESKTOP,,0,16,0.0,78.9375,page_device,2026-07-27 13:03:49
165203,2026-07-27,2026-02-27,,https://www.advich.com/what-is-an-independent-station-why-stand-alone/,MOBILE,,0,5,0.0,71.8,page_device,2026-07-27 13:03:49
165204,2026-07-27,2026-02-27,,https://www.advich.com/wsmyjjybty/,DESKTOP,,0,5,0.0,8.0,page_device,2026-07-27 13:03:49
165205,2026-07-27,2026-02-27,,https://www.advich.com/wsmyjjybty/,TABLET,,0,1,0.0,15.0,page_device,2026-07-27 13:03:49
165206,2026-07-27,2026-02-27,,https://www.advich.com/xycdcdqgll/,DESKTOP,,0,1,0.0,78.0,page_device,2026-07-27 13:03:49
165207,2026-07-27,2026-02-27,,https://www.advich.com/ycjcslzggt/,DESKTOP,,0,9,0.0,5.222222222222222,page_device,2026-07-27 13:03:49
165208,2026-07-27,2026-02-27,,https://www.advich.com/yywhmyzhys/,DESKTOP,,0,189,0.0,4.724867724867725,page_device,2026-07-27 13:03:49
165209,2026-07-27,2026-02-27,,https://www.advich.com/zhyxcbdjtl/,DESKTOP,,0,1,0.0,46.0,page_device,2026-07-27 13:03:49
165210,2026-07-27,2026-02-27,,https://www.advich.com/zjggxsggsl/,DESKTOP,,0,3,0.0,78.0,page_device,2026-07-27 13:03:49
165211,2026-07-27,2026-02-27,,https://www.advich.com/zjggxsggsl/,MOBILE,,0,1,0.0,58.0,page_device,2026-07-27 13:03:49
165212,2026-07-27,2026-02-27,,https://www.advich.com/zqhwsyggptjsyqdfyfx/,DESKTOP,,0,19,0.0,10.31578947368421,page_device,2026-07-27 13:03:49
165213,2026-07-27,2026-02-27,,https://www.advich.com/zwggggzdtz/,DESKTOP,,0,2,0.0,84.0,page_device,2026-07-27 13:03:49
165214,2026-07-27,2026-02-27,,https://www.advich.com/zwggggzdtz/,MOBILE,,0,2,0.0,74.0,page_device,2026-07-27 13:03:49
165215,2026-07-27,2026-02-27,,https://www.advich.com/zyxgtbclzj/,DESKTOP,,0,1,0.0,93.0,page_device,2026-07-27 13:03:49
165216,2026-07-27,2026-02-27,,https://www.advich.com/zyxgtbclzj/,MOBILE,,0,1,0.0,78.0,page_device,2026-07-27 13:03:49
165217,2026-07-27,2026-02-27,,https://www.advich.com/zzfw/,DESKTOP,,0,1,0.0,19.0,page_device,2026-07-27 13:03:49
160240,2026-07-27,2026-01-28,,https://www.advich.com/,DESKTOP,,5,34,0.14705882352941177,3.7941176470588234,page_device,2026-07-27 13:03:35
160241,2026-07-27,2026-01-28,,https://www.advich.com/about-us/,DESKTOP,,3,27,0.1111111111111111,5.814814814814815,page_device,2026-07-27 13:03:35
160242,2026-07-27,2026-01-28,,https://www.advich.com/home/,DESKTOP,,2,17,0.11764705882352941,11.470588235294118,page_device,2026-07-27 13:03:35
160243,2026-07-27,2026-01-28,,https://www.advich.com/,MOBILE,,1,26,0.038461538461538464,6.346153846153846,page_device,2026-07-27 13:03:35
160244,2026-07-27,2026-01-28,,https://www.advich.com/about-us/,MOBILE,,1,20,0.05,7.25,page_device,2026-07-27 13:03:35
160245,2026-07-27,2026-01-28,,https://www.advich.com/,TABLET,,0,1,0.0,4.0,page_device,2026-07-27 13:03:35
160246,2026-07-27,2026-01-28,,https://www.advich.com/adweb-global-station/,DESKTOP,,0,1,0.0,97.0,page_device,2026-07-27 13:03:35
160247,2026-07-27,2026-01-28,,https://www.advich.com/adweb-global-station/,MOBILE,,0,1,0.0,1.0,page_device,2026-07-27 13:03:35
160248,2026-07-27,2026-01-28,,https://www.advich.com/author/advich/,DESKTOP,,0,1,0.0,134.0,page_device,2026-07-27 13:03:35
160249,2026-07-27,2026-01-28,,https://www.advich.com/b2b/,DESKTOP,,0,1,0.0,137.0,page_device,2026-07-27 13:03:35
160250,2026-07-27,2026-01-28,,https://www.advich.com/b2cpromotion/,DESKTOP,,0,1,0.0,117.0,page_device,2026-07-27 13:03:35
160251,2026-07-27,2026-01-28,,https://www.advich.com/bingads/,DESKTOP,,0,1,0.0,80.0,page_device,2026-07-27 13:03:35
160252,2026-07-27,2026-01-28,,https://www.advich.com/category/%E5%95%86%E6%9C%BA%E6%B4%9E%E5%AF%9F/,DESKTOP,,0,1,0.0,125.0,page_device,2026-07-27 13:03:35
160253,2026-07-27,2026-01-28,,https://www.advich.com/cost-per-click/,DESKTOP,,0,2,0.0,91.0,page_device,2026-07-27 13:03:35
160254,2026-07-27,2026-01-28,,https://www.advich.com/dcfxbgslrh/,DESKTOP,,0,3,0.0,17.0,page_device,2026-07-27 13:03:35
160255,2026-07-27,2026-01-28,,https://www.advich.com/dlktlbfxjs/,DESKTOP,,0,2,0.0,66.5,page_device,2026-07-27 13:03:35
160256,2026-07-27,2026-01-28,,https://www.advich.com/dysxqcpthg/,DESKTOP,,0,6,0.0,59.333333333333336,page_device,2026-07-27 13:03:35
160257,2026-07-27,2026-01-28,,https://www.advich.com/dysxqcpthg/,MOBILE,,0,3,0.0,59.0,page_device,2026-07-27 13:03:35
160258,2026-07-27,2026-01-28,,https://www.advich.com/dzgjhppxxl/,DESKTOP,,0,14,0.0,6.214285714285714,page_device,2026-07-27 13:03:35
160259,2026-07-27,2026-01-28,,https://www.advich.com/fb/,MOBILE,,0,1,0.0,9.0,page_device,2026-07-27 13:03:35
160260,2026-07-27,2026-01-28,,https://www.advich.com/ffsssggggg/,MOBILE,,0,1,0.0,95.0,page_device,2026-07-27 13:03:35
160261,2026-07-27,2026-01-28,,https://www.advich.com/gads/,DESKTOP,,0,2,0.0,16.5,page_device,2026-07-27 13:03:35
160262,2026-07-27,2026-01-28,,https://www.advich.com/gaehdxgnhd/,DESKTOP,,0,4,0.0,66.5,page_device,2026-07-27 13:03:35
160263,2026-07-27,2026-01-28,,https://www.advich.com/gaehdxgnhd/,MOBILE,,0,3,0.0,37.333333333333336,page_device,2026-07-27 13:03:35
160264,2026-07-27,2026-01-28,,https://www.advich.com/gdbggcjgjg/,DESKTOP,,0,3,0.0,19.333333333333332,page_device,2026-07-27 13:03:35
160265,2026-07-27,2026-01-28,,https://www.advich.com/ggfxtkxggg/,DESKTOP,,0,1,0.0,17.0,page_device,2026-07-27 13:03:35
160266,2026-07-27,2026-01-28,,https://www.advich.com/ggfxysshzx/,DESKTOP,,0,3,0.0,18.0,page_device,2026-07-27 13:03:35
160267,2026-07-27,2026-01-28,,https://www.advich.com/gggfzcsytg/,DESKTOP,,0,3,0.0,13.333333333333334,page_device,2026-07-27 13:03:35
160268,2026-07-27,2026-01-28,,https://www.advich.com/gggfzcsytg/,MOBILE,,0,7,0.0,20.714285714285715,page_device,2026-07-27 13:03:35
160269,2026-07-27,2026-01-28,,https://www.advich.com/ggggdyhdfx/,DESKTOP,,0,3,0.0,13.666666666666666,page_device,2026-07-27 13:03:35
160270,2026-07-27,2026-01-28,,https://www.advich.com/gggggjcyjd/,DESKTOP,,0,3,0.0,52.333333333333336,page_device,2026-07-27 13:03:35
160271,2026-07-27,2026-01-28,,https://www.advich.com/ggggmzhrhz/,DESKTOP,,0,2,0.0,85.0,page_device,2026-07-27 13:03:35
160272,2026-07-27,2026-01-28,,https://www.advich.com/ggggyctgsj/,DESKTOP,,0,1,0.0,6.0,page_device,2026-07-27 13:03:35
160273,2026-07-27,2026-01-28,,https://www.advich.com/ggggzcjjng/,DESKTOP,,0,2,0.0,78.5,page_device,2026-07-27 13:03:35
160274,2026-07-27,2026-01-28,,https://www.advich.com/ggggzcjjng/,MOBILE,,0,1,0.0,91.0,page_device,2026-07-27 13:03:35
160275,2026-07-27,2026-01-28,,https://www.advich.com/ggggzhztgb/,DESKTOP,,0,1,0.0,19.0,page_device,2026-07-27 13:03:35
160276,2026-07-27,2026-01-28,,https://www.advich.com/gggjcghqmf/,DESKTOP,,0,1,0.0,107.0,page_device,2026-07-27 13:03:35
160277,2026-07-27,2026-01-28,,https://www.advich.com/gggwcxdm/,DESKTOP,,0,1,0.0,102.0,page_device,2026-07-27 13:03:35
160278,2026-07-27,2026-01-28,,https://www.advich.com/ggjjzgfxdsjjclyd/,DESKTOP,,0,1,0.0,50.0,page_device,2026-07-27 13:03:35
160279,2026-07-27,2026-01-28,,https://www.advich.com/ggsgggryyy/,DESKTOP,,0,12,0.0,10.083333333333334,page_device,2026-07-27 13:03:35
160280,2026-07-27,2026-01-28,,https://www.advich.com/ggtccpggdb/,DESKTOP,,0,1,0.0,46.0,page_device,2026-07-27 13:03:35
160281,2026-07-27,2026-01-28,,https://www.advich.com/ggwdgggggg/,DESKTOP,,0,3,0.0,12.333333333333334,page_device,2026-07-27 13:03:35
160282,2026-07-27,2026-01-28,,https://www.advich.com/ggxbwyyggz/,DESKTOP,,0,1,0.0,2.0,page_device,2026-07-27 13:03:35
160283,2026-07-27,2026-01-28,,https://www.advich.com/ggxsggbxsr/,DESKTOP,,0,2,0.0,74.0,page_device,2026-07-27 13:03:35
160284,2026-07-27,2026-01-28,,https://www.advich.com/ggyycxazgg/,DESKTOP,,0,2,0.0,60.5,page_device,2026-07-27 13:03:35
160285,2026-07-27,2026-01-28,,https://www.advich.com/ggyycxazgg/,MOBILE,,0,1,0.0,64.0,page_device,2026-07-27 13:03:35
160286,2026-07-27,2026-01-28,,https://www.advich.com/ggzshdzxyh/,DESKTOP,,0,1,0.0,39.0,page_device,2026-07-27 13:03:35
160287,2026-07-27,2026-01-28,,https://www.advich.com/ggzyxsrhyz/,DESKTOP,,0,10,0.0,62.3,page_device,2026-07-27 13:03:35
160288,2026-07-27,2026-01-28,,https://www.advich.com/ggzyxsrhyz/,MOBILE,,0,4,0.0,72.5,page_device,2026-07-27 13:03:35
160289,2026-07-27,2026-01-28,,https://www.advich.com/gjcsssfrhj/,DESKTOP,,0,2,0.0,88.5,page_device,2026-07-27 13:03:35
160290,2026-07-27,2026-01-28,,https://www.advich.com/google-ads-tips/,MOBILE,,0,1,0.0,97.0,page_device,2026-07-27 13:03:35
160291,2026-07-27,2026-01-28,,https://www.advich.com/google-promotion-rejected/,MOBILE,,0,1,0.0,80.0,page_device,2026-07-27 13:03:35
160292,2026-07-27,2026-01-28,,https://www.advich.com/google-sem/,DESKTOP,,0,14,0.0,75.21428571428571,page_device,2026-07-27 13:03:35
160293,2026-07-27,2026-01-28,,https://www.advich.com/google-sem/,MOBILE,,0,5,0.0,89.0,page_device,2026-07-27 13:03:35
160294,2026-07-27,2026-01-28,,https://www.advich.com/google-shopping-ads/,DESKTOP,,0,1,0.0,17.0,page_device,2026-07-27 13:03:35
160295,2026-07-27,2026-01-28,,https://www.advich.com/home/,MOBILE,,0,16,0.0,3.625,page_device,2026-07-27 13:03:35
160296,2026-07-27,2026-01-28,,https://www.advich.com/hqggggrzdf/,DESKTOP,,0,1,0.0,98.0,page_device,2026-07-27 13:03:35
160297,2026-07-27,2026-01-28,,https://www.advich.com/increasing-fans-of-overseas-social-media/,MOBILE,,0,1,0.0,1.0,page_device,2026-07-27 13:03:35
160298,2026-07-27,2026-01-28,,https://www.advich.com/independent-foreign-trade-station-building/,DESKTOP,,0,1,0.0,127.0,page_device,2026-07-27 13:03:35
160299,2026-07-27,2026-01-28,,https://www.advich.com/independent-station-selling-goods/,DESKTOP,,0,1,0.0,30.0,page_device,2026-07-27 13:03:35
160300,2026-07-27,2026-01-28,,https://www.advich.com/jlygcsdggg/,DESKTOP,,0,1,0.0,14.0,page_device,2026-07-27 13:03:35
160301,2026-07-27,2026-01-28,,https://www.advich.com/jssymqbssm/,DESKTOP,,0,1,0.0,21.0,page_device,2026-07-27 13:03:35
160302,2026-07-27,2026-01-28,,https://www.advich.com/linkedin-2/,DESKTOP,,0,1,0.0,64.0,page_device,2026-07-27 13:03:35
160303,2026-07-27,2026-01-28,,https://www.advich.com/llbwtkshdc/,DESKTOP,,0,1,0.0,109.0,page_device,2026-07-27 13:03:35
160304,2026-07-27,2026-01-28,,https://www.advich.com/mcdjdlrtss/,DESKTOP,,0,3,0.0,16.0,page_device,2026-07-27 13:03:35
160305,2026-07-27,2026-01-28,,https://www.advich.com/mddyggggbp/,DESKTOP,,0,2,0.0,68.0,page_device,2026-07-27 13:03:35
160306,2026-07-27,2026-01-28,,https://www.advich.com/mddyggggbp/,MOBILE,,0,2,0.0,65.0,page_device,2026-07-27 13:03:35
160307,2026-07-27,2026-01-28,,https://www.advich.com/media-account-terms-of-service/,MOBILE,,0,1,0.0,1.0,page_device,2026-07-27 13:03:35
160308,2026-07-27,2026-01-28,,https://www.advich.com/mgggzydsgg/,DESKTOP,,0,13,0.0,16.53846153846154,page_device,2026-07-27 13:03:35
160309,2026-07-27,2026-01-28,,https://www.advich.com/mxcxzdtggc/,DESKTOP,,0,1,0.0,106.0,page_device,2026-07-27 13:03:35
160310,2026-07-27,2026-01-28,,https://www.advich.com/nrhtgggggs/,DESKTOP,,0,1,0.0,14.0,page_device,2026-07-27 13:03:35
160311,2026-07-27,2026-01-28,,https://www.advich.com/nsmshdgggg/,DESKTOP,,0,3,0.0,15.0,page_device,2026-07-27 13:03:35
160312,2026-07-27,2026-01-28,,https://www.advich.com/nsydsdzjjm/,MOBILE,,0,1,0.0,66.0,page_device,2026-07-27 13:03:35
160313,2026-07-27,2026-01-28,,https://www.advich.com/nxzttsfsyy/,MOBILE,,0,2,0.0,13.0,page_device,2026-07-27 13:03:35
160314,2026-07-27,2026-01-28,,https://www.advich.com/nygsygggga/,DESKTOP,,0,14,0.0,4.142857142857142,page_device,2026-07-27 13:03:35
160315,2026-07-27,2026-01-28,,https://www.advich.com/p6918/,DESKTOP,,0,1,0.0,104.0,page_device,2026-07-27 13:03:35
160316,2026-07-27,2026-01-28,,https://www.advich.com/phcxtgcgmj/,DESKTOP,,0,3,0.0,27.333333333333332,page_device,2026-07-27 13:03:35
160317,2026-07-27,2026-01-28,,https://www.advich.com/phcxtgcgmj/,MOBILE,,0,10,0.0,31.2,page_device,2026-07-27 13:03:35
160318,2026-07-27,2026-01-28,,https://www.advich.com/rhfxggbdzd/,DESKTOP,,0,5,0.0,93.6,page_device,2026-07-27 13:03:35
160319,2026-07-27,2026-01-28,,https://www.advich.com/rhfxmhgzdl/,DESKTOP,,0,1,0.0,9.0,page_device,2026-07-27 13:03:35
160320,2026-07-27,2026-01-28,,https://www.advich.com/rhfxmhgzdl/,TABLET,,0,1,0.0,16.0,page_device,2026-07-27 13:03:35
160321,2026-07-27,2026-01-28,,https://www.advich.com/rhjsyxgsgg/,DESKTOP,,0,1,0.0,110.0,page_device,2026-07-27 13:03:35
160322,2026-07-27,2026-01-28,,https://www.advich.com/rhlyggqzkh/,DESKTOP,,0,1,0.0,19.0,page_device,2026-07-27 13:03:35
160323,2026-07-27,2026-01-28,,https://www.advich.com/rhsycyscqj/,DESKTOP,,0,1,0.0,85.0,page_device,2026-07-27 13:03:35
160324,2026-07-27,2026-01-28,,https://www.advich.com/rhsysjkshf/,DESKTOP,,0,1,0.0,44.0,page_device,2026-07-27 13:03:35
160325,2026-07-27,2026-01-28,,https://www.advich.com/rhszgbqglq/,DESKTOP,,0,1,0.0,103.0,page_device,2026-07-27 13:03:35
160326,2026-07-27,2026-01-28,,https://www.advich.com/rhtgyggscl/,DESKTOP,,0,1,0.0,61.0,page_device,2026-07-27 13:03:35
160327,2026-07-27,2026-01-28,,https://www.advich.com/rhwggggxzz/,DESKTOP,,0,4,0.0,88.5,page_device,2026-07-27 13:03:35
160328,2026-07-27,2026-01-28,,https://www.advich.com/rhwggggxzz/,MOBILE,,0,4,0.0,99.5,page_device,2026-07-27 13:03:35
160329,2026-07-27,2026-01-28,,https://www.advich.com/rhwkhyxggg/,DESKTOP,,0,13,0.0,9.153846153846153,page_device,2026-07-27 13:03:35
160330,2026-07-27,2026-01-28,,https://www.advich.com/rhzedzbgzc/,DESKTOP,,0,1,0.0,25.0,page_device,2026-07-27 13:03:35
160331,2026-07-27,2026-01-28,,https://www.advich.com/rhzezcjrct/,DESKTOP,,0,1,0.0,7.0,page_device,2026-07-27 13:03:35
160332,2026-07-27,2026-01-28,,https://www.advich.com/rhzezzzbjt/,DESKTOP,,0,1,0.0,105.0,page_device,2026-07-27 13:03:35
160333,2026-07-27,2026-01-28,,https://www.advich.com/rhzgzcjptf/,DESKTOP,,0,1,0.0,95.0,page_device,2026-07-27 13:03:35
160334,2026-07-27,2026-01-28,,https://www.advich.com/rhzgzcjzdy/,DESKTOP,,0,6,0.0,83.33333333333333,page_device,2026-07-27 13:03:35
160335,2026-07-27,2026-01-28,,https://www.advich.com/rhzgzhzpt/,DESKTOP,,0,5,0.0,30.2,page_device,2026-07-27 13:03:35
160336,2026-07-27,2026-01-28,,https://www.advich.com/rhzisft/,DESKTOP,,0,1,0.0,20.0,page_device,2026-07-27 13:03:35
160337,2026-07-27,2026-01-28,,https://www.advich.com/rhztswahis/,MOBILE,,0,1,0.0,8.0,page_device,2026-07-27 13:03:35
160338,2026-07-27,2026-01-28,,https://www.advich.com/ryrtgrhrdf/,DESKTOP,,0,1,0.0,100.0,page_device,2026-07-27 13:03:35
160339,2026-07-27,2026-01-28,,https://www.advich.com/sdtbyzdtbj/,DESKTOP,,0,1,0.0,108.0,page_device,2026-07-27 13:03:35
160340,2026-07-27,2026-01-28,,https://www.advich.com/search-marketing/google-display-ads/,DESKTOP,,0,2,0.0,67.5,page_device,2026-07-27 13:03:35
160341,2026-07-27,2026-01-28,,https://www.advich.com/search-marketing/google-display-ads/,MOBILE,,0,1,0.0,66.0,page_device,2026-07-27 13:03:35
160342,2026-07-27,2026-01-28,,https://www.advich.com/shopify/,DESKTOP,,0,14,0.0,3.142857142857143,page_device,2026-07-27 13:03:35
160343,2026-07-27,2026-01-28,,https://www.advich.com/sjfxsyywfx/,DESKTOP,,0,14,0.0,1.1428571428571428,page_device,2026-07-27 13:03:35
160344,2026-07-27,2026-01-28,,https://www.advich.com/smart-tools/,DESKTOP,,0,1,0.0,106.0,page_device,2026-07-27 13:03:35
160345,2026-07-27,2026-01-28,,https://www.advich.com/smsdjlwsmc/,DESKTOP,,0,4,0.0,83.25,page_device,2026-07-27 13:03:35
160346,2026-07-27,2026-01-28,,https://www.advich.com/smsggbqglq/,DESKTOP,,0,8,0.0,87.625,page_device,2026-07-27 13:03:35
160347,2026-07-27,2026-01-28,,https://www.advich.com/smsggzdcrh/,DESKTOP,,0,6,0.0,73.5,page_device,2026-07-27 13:03:35
160348,2026-07-27,2026-01-28,,https://www.advich.com/smsgjccjfx/,DESKTOP,,0,14,0.0,8.214285714285715,page_device,2026-07-27 13:03:35
160349,2026-07-27,2026-01-28,,https://www.advich.com/smshdccddy/,DESKTOP,,0,6,0.0,77.33333333333333,page_device,2026-07-27 13:03:35
160350,2026-07-27,2026-01-28,,https://www.advich.com/smshdccddy/,MOBILE,,0,1,0.0,92.0,page_device,2026-07-27 13:03:35
160351,2026-07-27,2026-01-28,,https://www.advich.com/smsjztrhks/,DESKTOP,,0,3,0.0,94.66666666666667,page_device,2026-07-27 13:03:35
160352,2026-07-27,2026-01-28,,https://www.advich.com/smsjztrhks/,MOBILE,,0,1,0.0,94.0,page_device,2026-07-27 13:03:35
160353,2026-07-27,2026-01-28,,https://www.advich.com/smspffssyx/,MOBILE,,0,4,0.0,85.75,page_device,2026-07-27 13:03:35
160354,2026-07-27,2026-01-28,,https://www.advich.com/smsssjjwsm/,DESKTOP,,0,3,0.0,91.33333333333333,page_device,2026-07-27 13:03:35
160355,2026-07-27,2026-01-28,,https://www.advich.com/smszhcbgsh/,DESKTOP,,0,4,0.0,78.25,page_device,2026-07-27 13:03:35
160356,2026-07-27,2026-01-28,,https://www.advich.com/smszhcbgsh/,MOBILE,,0,3,0.0,84.66666666666667,page_device,2026-07-27 13:03:35
160357,2026-07-27,2026-01-28,,https://www.advich.com/smszyxykld/,DESKTOP,,0,6,0.0,55.166666666666664,page_device,2026-07-27 13:03:35
160358,2026-07-27,2026-01-28,,https://www.advich.com/smszyxykld/,MOBILE,,0,2,0.0,88.0,page_device,2026-07-27 13:03:35
160359,2026-07-27,2026-01-28,,https://www.advich.com/smtxzshbjs/,DESKTOP,,0,2,0.0,95.5,page_device,2026-07-27 13:03:35
160360,2026-07-27,2026-01-28,,https://www.advich.com/ssggyggggs/,DESKTOP,,0,4,0.0,88.0,page_device,2026-07-27 13:03:35
160361,2026-07-27,2026-01-28,,https://www.advich.com/syfggkdzcx/,DESKTOP,,0,14,0.0,7.214285714285714,page_device,2026-07-27 13:03:35
160362,2026-07-27,2026-01-28,,https://www.advich.com/syx/,DESKTOP,,0,1,0.0,147.0,page_device,2026-07-27 13:03:35
160363,2026-07-27,2026-01-28,,https://www.advich.com/tgpdlymtyd/,MOBILE,,0,2,0.0,38.5,page_device,2026-07-27 13:03:35
160364,2026-07-27,2026-01-28,,https://www.advich.com/tgpxndgxzl/,DESKTOP,,0,18,0.0,5.277777777777778,page_device,2026-07-27 13:03:35
160365,2026-07-27,2026-01-28,,https://www.advich.com/tgpxndgxzl/,MOBILE,,0,18,0.0,4.777777777777778,page_device,2026-07-27 13:03:35
160366,2026-07-27,2026-01-28,,https://www.advich.com/the-difference-between-google-seo-and-google-adwords/,DESKTOP,,0,1,0.0,10.0,page_device,2026-07-27 13:03:35
160367,2026-07-27,2026-01-28,,https://www.advich.com/tiktok/,DESKTOP,,0,15,0.0,4.666666666666666,page_device,2026-07-27 13:03:35
160368,2026-07-27,2026-01-28,,https://www.advich.com/trade/customer-case/,DESKTOP,,0,1,0.0,142.0,page_device,2026-07-27 13:03:35
160369,2026-07-27,2026-01-28,,https://www.advich.com/trade/insight-into-business-opportunities/,DESKTOP,,0,1,0.0,145.0,page_device,2026-07-27 13:03:35
160370,2026-07-27,2026-01-28,,https://www.advich.com/tsyxylsyxc/,DESKTOP,,0,3,0.0,14.333333333333334,page_device,2026-07-27 13:03:35
160371,2026-07-27,2026-01-28,,https://www.advich.com/what-are-the-advantages-of-google-seo-and-google-sem-do-you-know/,DESKTOP,,0,2,0.0,85.0,page_device,2026-07-27 13:03:35
160372,2026-07-27,2026-01-28,,https://www.advich.com/what-is-an-independent-station-why-stand-alone/,DESKTOP,,0,6,0.0,93.16666666666667,page_device,2026-07-27 13:03:35
160373,2026-07-27,2026-01-28,,https://www.advich.com/what-is-an-independent-station-why-stand-alone/,MOBILE,,0,2,0.0,79.0,page_device,2026-07-27 13:03:35
160374,2026-07-27,2026-01-28,,https://www.advich.com/xycdcdqgll/,DESKTOP,,0,8,0.0,83.75,page_device,2026-07-27 13:03:35
160375,2026-07-27,2026-01-28,,https://www.advich.com/xysssggydt/,DESKTOP,,0,1,0.0,20.0,page_device,2026-07-27 13:03:35
160376,2026-07-27,2026-01-28,,https://www.advich.com/ycjcslzggt/,DESKTOP,,0,14,0.0,5.142857142857143,page_device,2026-07-27 13:03:35
160377,2026-07-27,2026-01-28,,https://www.advich.com/ydhddggggh/,DESKTOP,,0,1,0.0,101.0,page_device,2026-07-27 13:03:35
160378,2026-07-27,2026-01-28,,https://www.advich.com/ykqsyhbhsp/,DESKTOP,,0,3,0.0,11.333333333333334,page_device,2026-07-27 13:03:35
160379,2026-07-27,2026-01-28,,https://www.advich.com/ypddggggrh/,DESKTOP,,0,1,0.0,80.0,page_device,2026-07-27 13:03:35
160380,2026-07-27,2026-01-28,,https://www.advich.com/ytb/,DESKTOP,,0,1,0.0,84.0,page_device,2026-07-27 13:03:35
160381,2026-07-27,2026-01-28,,https://www.advich.com/ytb/,MOBILE,,0,1,0.0,83.0,page_device,2026-07-27 13:03:35
160382,2026-07-27,2026-01-28,,https://www.advich.com/yxszhsmssz/,DESKTOP,,0,1,0.0,92.0,page_device,2026-07-27 13:03:35
160383,2026-07-27,2026-01-28,,https://www.advich.com/zqhwsyggptjsyqdfyfx/,DESKTOP,,0,1,0.0,95.0,page_device,2026-07-27 13:03:35
160384,2026-07-27,2026-01-28,,https://www.advich.com/zwggggzdtz/,DESKTOP,,0,1,0.0,100.0,page_device,2026-07-27 13:03:35
155602,2026-07-27,2025-12-29,,https://www.advich.com/,DESKTOP,,15,68,0.22058823529411764,4.544117647058823,page_device,2026-07-27 13:03:22
155603,2026-07-27,2025-12-29,,https://www.advich.com/,MOBILE,,6,18,0.3333333333333333,4.444444444444445,page_device,2026-07-27 13:03:22
155604,2026-07-27,2025-12-29,,https://www.advich.com/home/,DESKTOP,,4,33,0.12121212121212122,5.696969696969697,page_device,2026-07-27 13:03:22
155605,2026-07-27,2025-12-29,,https://www.advich.com/about-us/,DESKTOP,,1,34,0.029411764705882353,6.029411764705882,page_device,2026-07-27 13:03:22
155606,2026-07-27,2025-12-29,,https://www.advich.com/about-us/,MOBILE,,0,12,0.0,3.9166666666666665,page_device,2026-07-27 13:03:22
155607,2026-07-27,2025-12-29,,https://www.advich.com/dajzljywzz/,DESKTOP,,0,2,0.0,19.0,page_device,2026-07-27 13:03:22
155608,2026-07-27,2025-12-29,,https://www.advich.com/dlktlbfxjs/,DESKTOP,,0,9,0.0,51.44444444444444,page_device,2026-07-27 13:03:22
155609,2026-07-27,2025-12-29,,https://www.advich.com/dysxqcpthg/,DESKTOP,,0,9,0.0,76.88888888888889,page_device,2026-07-27 13:03:22
155610,2026-07-27,2025-12-29,,https://www.advich.com/dysxqcpthg/,MOBILE,,0,2,0.0,81.0,page_device,2026-07-27 13:03:22
155611,2026-07-27,2025-12-29,,https://www.advich.com/dzgjhppxxl/,DESKTOP,,0,13,0.0,6.3076923076923075,page_device,2026-07-27 13:03:22
155612,2026-07-27,2025-12-29,,https://www.advich.com/gads/,DESKTOP,,0,4,0.0,28.5,page_device,2026-07-27 13:03:22
155613,2026-07-27,2025-12-29,,https://www.advich.com/gads/,MOBILE,,0,2,0.0,31.5,page_device,2026-07-27 13:03:22
155614,2026-07-27,2025-12-29,,https://www.advich.com/gaehdxgnhd/,DESKTOP,,0,4,0.0,70.0,page_device,2026-07-27 13:03:22
155615,2026-07-27,2025-12-29,,https://www.advich.com/gggfzcsytg/,MOBILE,,0,30,0.0,22.366666666666667,page_device,2026-07-27 13:03:22
155616,2026-07-27,2025-12-29,,https://www.advich.com/ggggaqbgey/,DESKTOP,,0,1,0.0,8.0,page_device,2026-07-27 13:03:22
155617,2026-07-27,2025-12-29,,https://www.advich.com/ggggbjzjzn/,DESKTOP,,0,2,0.0,101.5,page_device,2026-07-27 13:03:22
155618,2026-07-27,2025-12-29,,https://www.advich.com/gggggjcyjd/,DESKTOP,,0,1,0.0,48.0,page_device,2026-07-27 13:03:22
155619,2026-07-27,2025-12-29,,https://www.advich.com/ggggzyxbqr/,DESKTOP,,0,2,0.0,103.5,page_device,2026-07-27 13:03:22
155620,2026-07-27,2025-12-29,,https://www.advich.com/gggjcghqmf/,DESKTOP,,0,1,0.0,105.0,page_device,2026-07-27 13:03:22
155621,2026-07-27,2025-12-29,,https://www.advich.com/gggjjcjjqrngtggsycl/,DESKTOP,,0,4,0.0,99.25,page_device,2026-07-27 13:03:22
155622,2026-07-27,2025-12-29,,https://www.advich.com/gggwcxdm/,DESKTOP,,0,2,0.0,107.0,page_device,2026-07-27 13:03:22
155623,2026-07-27,2025-12-29,,https://www.advich.com/gggyggrhly/,DESKTOP,,0,2,0.0,10.0,page_device,2026-07-27 13:03:22
155624,2026-07-27,2025-12-29,,https://www.advich.com/ggsgggryyy/,DESKTOP,,0,8,0.0,9.375,page_device,2026-07-27 13:03:22
155625,2026-07-27,2025-12-29,,https://www.advich.com/ggsskztxzj/,DESKTOP,,0,2,0.0,105.5,page_device,2026-07-27 13:03:22
155626,2026-07-27,2025-12-29,,https://www.advich.com/ggtgpdjqzr/,DESKTOP,,0,6,0.0,32.0,page_device,2026-07-27 13:03:22
155627,2026-07-27,2025-12-29,,https://www.advich.com/ggtgpjjclg/,DESKTOP,,0,1,0.0,101.0,page_device,2026-07-27 13:03:22
155628,2026-07-27,2025-12-29,,https://www.advich.com/ggxbwyyggz/,DESKTOP,,0,1,0.0,2.0,page_device,2026-07-27 13:03:22
155629,2026-07-27,2025-12-29,,https://www.advich.com/ggzyxsrhyz/,DESKTOP,,0,8,0.0,67.125,page_device,2026-07-27 13:03:22
155630,2026-07-27,2025-12-29,,https://www.advich.com/ggzyxsrhyz/,MOBILE,,0,5,0.0,74.2,page_device,2026-07-27 13:03:22
155631,2026-07-27,2025-12-29,,https://www.advich.com/gjcsssfrhj/,DESKTOP,,0,1,0.0,31.0,page_device,2026-07-27 13:03:22
155632,2026-07-27,2025-12-29,,https://www.advich.com/google-seo-keyword-layout/,DESKTOP,,0,1,0.0,90.0,page_device,2026-07-27 13:03:22
155633,2026-07-27,2025-12-29,,https://www.advich.com/google-seo-keyword-layout/,MOBILE,,0,3,0.0,94.66666666666667,page_device,2026-07-27 13:03:22
155634,2026-07-27,2025-12-29,,https://www.advich.com/gsssjxltsl/,DESKTOP,,0,1,0.0,91.0,page_device,2026-07-27 13:03:22
155635,2026-07-27,2025-12-29,,https://www.advich.com/gxzsgdybf/,DESKTOP,,0,1,0.0,6.0,page_device,2026-07-27 13:03:22
155636,2026-07-27,2025-12-29,,https://www.advich.com/gycggdzyyx/,DESKTOP,,0,1,0.0,5.0,page_device,2026-07-27 13:03:22
155637,2026-07-27,2025-12-29,,https://www.advich.com/home/,MOBILE,,0,26,0.0,4.884615384615385,page_device,2026-07-27 13:03:22
155638,2026-07-27,2025-12-29,,https://www.advich.com/hqggggrzdf/,DESKTOP,,0,2,0.0,65.5,page_device,2026-07-27 13:03:22
155639,2026-07-27,2025-12-29,,https://www.advich.com/linkedin-2/,DESKTOP,,0,1,0.0,80.0,page_device,2026-07-27 13:03:22
155640,2026-07-27,2025-12-29,,https://www.advich.com/llbwtkshdc/,DESKTOP,,0,1,0.0,107.0,page_device,2026-07-27 13:03:22
155641,2026-07-27,2025-12-29,,https://www.advich.com/mddyggggbp/,DESKTOP,,0,16,0.0,37.4375,page_device,2026-07-27 13:03:22
155642,2026-07-27,2025-12-29,,https://www.advich.com/mxcxzdtggc/,DESKTOP,,0,1,0.0,104.0,page_device,2026-07-27 13:03:22
155643,2026-07-27,2025-12-29,,https://www.advich.com/nbyxzlsl/,DESKTOP,,0,1,0.0,107.0,page_device,2026-07-27 13:03:22
155644,2026-07-27,2025-12-29,,https://www.advich.com/new-knowledge-of-overseas-social-media-drainage-come-on-up/,DESKTOP,,0,1,0.0,95.0,page_device,2026-07-27 13:03:22
155645,2026-07-27,2025-12-29,,https://www.advich.com/nxzttsfsyy/,DESKTOP,,0,2,0.0,69.0,page_device,2026-07-27 13:03:22
155646,2026-07-27,2025-12-29,,https://www.advich.com/nxzttsfsyy/,MOBILE,,0,1,0.0,8.0,page_device,2026-07-27 13:03:22
155647,2026-07-27,2025-12-29,,https://www.advich.com/nygsygggga/,DESKTOP,,0,13,0.0,4.3076923076923075,page_device,2026-07-27 13:03:22
155648,2026-07-27,2025-12-29,,https://www.advich.com/p6918/,DESKTOP,,0,3,0.0,106.66666666666667,page_device,2026-07-27 13:03:22
155649,2026-07-27,2025-12-29,,https://www.advich.com/pggdzjzngg/,DESKTOP,,0,1,0.0,8.0,page_device,2026-07-27 13:03:22
155650,2026-07-27,2025-12-29,,https://www.advich.com/phcxtgcgmj/,MOBILE,,0,2,0.0,46.5,page_device,2026-07-27 13:03:22
155651,2026-07-27,2025-12-29,,https://www.advich.com/pltfxdyhcl/,DESKTOP,,0,1,0.0,18.0,page_device,2026-07-27 13:03:22
155652,2026-07-27,2025-12-29,,https://www.advich.com/rggrmnxyzd/,DESKTOP,,0,1,0.0,44.0,page_device,2026-07-27 13:03:22
155653,2026-07-27,2025-12-29,,https://www.advich.com/rhfxmhgzdl/,DESKTOP,,0,1,0.0,34.0,page_device,2026-07-27 13:03:22
155654,2026-07-27,2025-12-29,,https://www.advich.com/rhfxmhgzdl/,MOBILE,,0,1,0.0,14.0,page_device,2026-07-27 13:03:22
155655,2026-07-27,2025-12-29,,https://www.advich.com/rhjcggsdgj/,DESKTOP,,0,2,0.0,104.5,page_device,2026-07-27 13:03:22
155656,2026-07-27,2025-12-29,,https://www.advich.com/rhjrbstcdg/,DESKTOP,,0,1,0.0,50.0,page_device,2026-07-27 13:03:22
155657,2026-07-27,2025-12-29,,https://www.advich.com/rhjsyxgsgg/,DESKTOP,,0,1,0.0,108.0,page_device,2026-07-27 13:03:22
155658,2026-07-27,2025-12-29,,https://www.advich.com/rhsbyxzdzj/,DESKTOP,,0,1,0.0,57.0,page_device,2026-07-27 13:03:22
155659,2026-07-27,2025-12-29,,https://www.advich.com/rhsysjkshf/,DESKTOP,,0,1,0.0,24.0,page_device,2026-07-27 13:03:22
155660,2026-07-27,2025-12-29,,https://www.advich.com/rhsyxysxsg/,DESKTOP,,0,3,0.0,89.66666666666667,page_device,2026-07-27 13:03:22
155661,2026-07-27,2025-12-29,,https://www.advich.com/rhszgbqglq/,DESKTOP,,0,2,0.0,108.5,page_device,2026-07-27 13:03:22
155662,2026-07-27,2025-12-29,,https://www.advich.com/rhszgggwgg/,DESKTOP,,0,1,0.0,84.0,page_device,2026-07-27 13:03:22
155663,2026-07-27,2025-12-29,,https://www.advich.com/rhwggggxzz/,DESKTOP,,0,16,0.0,89.125,page_device,2026-07-27 13:03:22
155664,2026-07-27,2025-12-29,,https://www.advich.com/rhwggggxzz/,MOBILE,,0,5,0.0,96.4,page_device,2026-07-27 13:03:22
155665,2026-07-27,2025-12-29,,https://www.advich.com/rhwkhyxggg/,DESKTOP,,0,13,0.0,8.846153846153847,page_device,2026-07-27 13:03:22
155666,2026-07-27,2025-12-29,,https://www.advich.com/rhxdyycjw/,DESKTOP,,0,1,0.0,95.0,page_device,2026-07-27 13:03:22
155667,2026-07-27,2025-12-29,,https://www.advich.com/rhzedzbgzc/,DESKTOP,,0,5,0.0,19.6,page_device,2026-07-27 13:03:22
155668,2026-07-27,2025-12-29,,https://www.advich.com/rhzezcjdjm/,DESKTOP,,0,1,0.0,109.0,page_device,2026-07-27 13:03:22
155669,2026-07-27,2025-12-29,,https://www.advich.com/rhzezzzbjt/,DESKTOP,,0,2,0.0,106.0,page_device,2026-07-27 13:03:22
155670,2026-07-27,2025-12-29,,https://www.advich.com/rhzezzzszt/,DESKTOP,,0,5,0.0,28.0,page_device,2026-07-27 13:03:22
155671,2026-07-27,2025-12-29,,https://www.advich.com/rhzgzcjzdy/,DESKTOP,,0,3,0.0,88.66666666666667,page_device,2026-07-27 13:03:22
155672,2026-07-27,2025-12-29,,https://www.advich.com/rhzgzhzpt/,DESKTOP,,0,3,0.0,37.333333333333336,page_device,2026-07-27 13:03:22
155673,2026-07-27,2025-12-29,,https://www.advich.com/rhzgzzzbjt/,DESKTOP,,0,3,0.0,93.0,page_device,2026-07-27 13:03:22
155674,2026-07-27,2025-12-29,,https://www.advich.com/rhzgzzzbjt/,MOBILE,,0,1,0.0,100.0,page_device,2026-07-27 13:03:22
155675,2026-07-27,2025-12-29,,https://www.advich.com/rhztswahis/,DESKTOP,,0,1,0.0,50.0,page_device,2026-07-27 13:03:22
155676,2026-07-27,2025-12-29,,https://www.advich.com/rhztswahis/,MOBILE,,0,1,0.0,20.0,page_device,2026-07-27 13:03:22
155677,2026-07-27,2025-12-29,,https://www.advich.com/rich-media/,DESKTOP,,0,6,0.0,30.0,page_device,2026-07-27 13:03:22
155678,2026-07-27,2025-12-29,,https://www.advich.com/sdtbyzdtbj/,DESKTOP,,0,1,0.0,106.0,page_device,2026-07-27 13:03:22
155679,2026-07-27,2025-12-29,,https://www.advich.com/shopify/,DESKTOP,,0,13,0.0,3.3076923076923075,page_device,2026-07-27 13:03:22
155680,2026-07-27,2025-12-29,,https://www.advich.com/sjfxsyywfx/,DESKTOP,,0,13,0.0,1.3076923076923077,page_device,2026-07-27 13:03:22
155681,2026-07-27,2025-12-29,,https://www.advich.com/smsggbqglq/,DESKTOP,,0,11,0.0,81.36363636363636,page_device,2026-07-27 13:03:22
155682,2026-07-27,2025-12-29,,https://www.advich.com/smsggzdcrh/,DESKTOP,,0,11,0.0,72.18181818181819,page_device,2026-07-27 13:03:22
155683,2026-07-27,2025-12-29,,https://www.advich.com/smsgjccjfx/,DESKTOP,,0,4,0.0,8.0,page_device,2026-07-27 13:03:22
155684,2026-07-27,2025-12-29,,https://www.advich.com/smshdccddy/,DESKTOP,,0,3,0.0,81.0,page_device,2026-07-27 13:03:22
155685,2026-07-27,2025-12-29,,https://www.advich.com/smsjztrhks/,DESKTOP,,0,7,0.0,94.0,page_device,2026-07-27 13:03:22
155686,2026-07-27,2025-12-29,,https://www.advich.com/smsjztrhks/,MOBILE,,0,1,0.0,100.0,page_device,2026-07-27 13:03:22
155687,2026-07-27,2025-12-29,,https://www.advich.com/smsssjjwsm/,DESKTOP,,0,1,0.0,92.0,page_device,2026-07-27 13:03:22
155688,2026-07-27,2025-12-29,,https://www.advich.com/smsszyxzda/,DESKTOP,,0,1,0.0,110.0,page_device,2026-07-27 13:03:22
155689,2026-07-27,2025-12-29,,https://www.advich.com/smstsxsjfx/,DESKTOP,,0,1,0.0,101.0,page_device,2026-07-27 13:03:22
155690,2026-07-27,2025-12-29,,https://www.advich.com/smszhcbgsh/,DESKTOP,,0,4,0.0,77.5,page_device,2026-07-27 13:03:22
155691,2026-07-27,2025-12-29,,https://www.advich.com/smszyxykld/,DESKTOP,,0,9,0.0,82.0,page_device,2026-07-27 13:03:22
155692,2026-07-27,2025-12-29,,https://www.advich.com/smszyxykld/,MOBILE,,0,3,0.0,87.33333333333333,page_device,2026-07-27 13:03:22
155693,2026-07-27,2025-12-29,,https://www.advich.com/ssggyggggs/,DESKTOP,,0,3,0.0,77.33333333333333,page_device,2026-07-27 13:03:22
155694,2026-07-27,2025-12-29,,https://www.advich.com/syfggkdzcx/,DESKTOP,,0,13,0.0,7.461538461538462,page_device,2026-07-27 13:03:22
155695,2026-07-27,2025-12-29,,https://www.advich.com/tgpxndgxzl/,DESKTOP,,0,49,0.0,6.795918367346939,page_device,2026-07-27 13:03:22
155696,2026-07-27,2025-12-29,,https://www.advich.com/tgpxndgxzl/,MOBILE,,0,38,0.0,6.894736842105263,page_device,2026-07-27 13:03:22
155697,2026-07-27,2025-12-29,,https://www.advich.com/the-difference-between-google-seo-and-google-adwords/,DESKTOP,,0,19,0.0,32.21052631578947,page_device,2026-07-27 13:03:22
155698,2026-07-27,2025-12-29,,https://www.advich.com/tiktok/,DESKTOP,,0,18,0.0,25.666666666666668,page_device,2026-07-27 13:03:22
155699,2026-07-27,2025-12-29,,https://www.advich.com/tiktok/,MOBILE,,0,1,0.0,13.0,page_device,2026-07-27 13:03:22
155700,2026-07-27,2025-12-29,,https://www.advich.com/tsyxylsyxc/,DESKTOP,,0,1,0.0,20.0,page_device,2026-07-27 13:03:22
155701,2026-07-27,2025-12-29,,https://www.advich.com/twsmtmznds/,DESKTOP,,0,7,0.0,91.85714285714286,page_device,2026-07-27 13:03:22
155702,2026-07-27,2025-12-29,,https://www.advich.com/wbggdsgbyb/,DESKTOP,,0,2,0.0,1.0,page_device,2026-07-27 13:03:22
155703,2026-07-27,2025-12-29,,https://www.advich.com/what-is-an-independent-station-why-stand-alone/,DESKTOP,,0,5,0.0,70.4,page_device,2026-07-27 13:03:22
155704,2026-07-27,2025-12-29,,https://www.advich.com/what-is-an-independent-station-why-stand-alone/,MOBILE,,0,2,0.0,78.5,page_device,2026-07-27 13:03:22
155705,2026-07-27,2025-12-29,,https://www.advich.com/wsmgjcyjds/,DESKTOP,,0,2,0.0,4.5,page_device,2026-07-27 13:03:22
155706,2026-07-27,2025-12-29,,https://www.advich.com/wsmyjjybty/,DESKTOP,,0,2,0.0,8.0,page_device,2026-07-27 13:03:22
155707,2026-07-27,2025-12-29,,https://www.advich.com/ycjcslzggt/,DESKTOP,,0,13,0.0,5.3076923076923075,page_device,2026-07-27 13:03:22
155708,2026-07-27,2025-12-29,,https://www.advich.com/ydhddggggh/,DESKTOP,,0,1,0.0,107.0,page_device,2026-07-27 13:03:22
155709,2026-07-27,2025-12-29,,https://www.advich.com/ykqsyhbhsp/,DESKTOP,,0,5,0.0,10.0,page_device,2026-07-27 13:03:22
155710,2026-07-27,2025-12-29,,https://www.advich.com/yxszhsmssz/,DESKTOP,,0,1,0.0,77.0,page_device,2026-07-27 13:03:22
149077,2026-07-27,2025-11-29,,https://www.advich.com/,DESKTOP,,8,69,0.11594202898550725,3.0144927536231885,page_device,2026-07-27 13:03:06
149078,2026-07-27,2025-11-29,,https://www.advich.com/home/,DESKTOP,,7,45,0.15555555555555556,4.555555555555555,page_device,2026-07-27 13:03:06
149079,2026-07-27,2025-11-29,,https://www.advich.com/,MOBILE,,4,44,0.09090909090909091,4.181818181818182,page_device,2026-07-27 13:03:06
149080,2026-07-27,2025-11-29,,https://www.advich.com/about-us/,MOBILE,,2,47,0.0425531914893617,5.170212765957447,page_device,2026-07-27 13:03:06
149081,2026-07-27,2025-11-29,,https://www.advich.com/akjyxdjfwz/,DESKTOP,,1,2,0.5,56.0,page_device,2026-07-27 13:03:06
149082,2026-07-27,2025-11-29,,https://www.advich.com/rhzedzbgzc/,DESKTOP,,1,12,0.08333333333333333,8.0,page_device,2026-07-27 13:03:06
149083,2026-07-27,2025-11-29,,https://www.advich.com/tiktok/,MOBILE,,1,3,0.3333333333333333,31.0,page_device,2026-07-27 13:03:06
149084,2026-07-27,2025-11-29,,https://www.advich.com/about-us/,DESKTOP,,0,33,0.0,7.818181818181818,page_device,2026-07-27 13:03:06
149085,2026-07-27,2025-11-29,,https://www.advich.com/advantages-of-foreign-trade-enterprises-choosing-digital-marketing/,DESKTOP,,0,1,0.0,64.0,page_device,2026-07-27 13:03:06
149086,2026-07-27,2025-11-29,,https://www.advich.com/author/advich/,DESKTOP,,0,1,0.0,16.0,page_device,2026-07-27 13:03:06
149087,2026-07-27,2025-11-29,,https://www.advich.com/bhbgtdhcss/,DESKTOP,,0,1,0.0,36.0,page_device,2026-07-27 13:03:06
149088,2026-07-27,2025-11-29,,https://www.advich.com/brand-marketing/oath/,DESKTOP,,0,3,0.0,12.333333333333334,page_device,2026-07-27 13:03:06
149089,2026-07-27,2025-11-29,,https://www.advich.com/cffhyfsjfn/,DESKTOP,,0,1,0.0,107.0,page_device,2026-07-27 13:03:06
149090,2026-07-27,2025-11-29,,https://www.advich.com/cgszgggghd/,DESKTOP,,0,3,0.0,57.333333333333336,page_device,2026-07-27 13:03:06
149091,2026-07-27,2025-11-29,,https://www.advich.com/dajzljywzz/,DESKTOP,,0,8,0.0,9.5,page_device,2026-07-27 13:03:06
149092,2026-07-27,2025-11-29,,https://www.advich.com/digital-precision-marketing/,DESKTOP,,0,5,0.0,82.2,page_device,2026-07-27 13:03:06
149093,2026-07-27,2025-11-29,,https://www.advich.com/digital-precision-marketing/,MOBILE,,0,4,0.0,79.5,page_device,2026-07-27 13:03:06
149094,2026-07-27,2025-11-29,,https://www.advich.com/dlktlbfxjs/,DESKTOP,,0,22,0.0,32.5,page_device,2026-07-27 13:03:06
149095,2026-07-27,2025-11-29,,https://www.advich.com/dlktlbfxjs/,MOBILE,,0,1,0.0,11.0,page_device,2026-07-27 13:03:06
149096,2026-07-27,2025-11-29,,https://www.advich.com/dtssggddzj/,DESKTOP,,0,7,0.0,82.14285714285714,page_device,2026-07-27 13:03:06
149097,2026-07-27,2025-11-29,,https://www.advich.com/dtssggsldt/,DESKTOP,,0,1,0.0,24.0,page_device,2026-07-27 13:03:06
149098,2026-07-27,2025-11-29,,https://www.advich.com/dysxqcpthg/,DESKTOP,,0,10,0.0,57.1,page_device,2026-07-27 13:03:06
149099,2026-07-27,2025-11-29,,https://www.advich.com/dysxqcpthg/,MOBILE,,0,6,0.0,81.5,page_device,2026-07-27 13:03:06
149100,2026-07-27,2025-11-29,,https://www.advich.com/dzgjhppxxl/,DESKTOP,,0,2,0.0,28.5,page_device,2026-07-27 13:03:06
149101,2026-07-27,2025-11-29,,https://www.advich.com/facebook-integrated-marketing/,DESKTOP,,0,1,0.0,14.0,page_device,2026-07-27 13:03:06
149102,2026-07-27,2025-11-29,,https://www.advich.com/fb/,DESKTOP,,0,4,0.0,52.0,page_device,2026-07-27 13:03:06
149103,2026-07-27,2025-11-29,,https://www.advich.com/fbmswglqwzzn/,DESKTOP,,0,2,0.0,89.0,page_device,2026-07-27 13:03:06
149104,2026-07-27,2025-11-29,,https://www.advich.com/ffsssggggg/,DESKTOP,,0,1,0.0,68.0,page_device,2026-07-27 13:03:06
149105,2026-07-27,2025-11-29,,https://www.advich.com/ffsssggggg/,MOBILE,,0,1,0.0,63.0,page_device,2026-07-27 13:03:06
149106,2026-07-27,2025-11-29,,https://www.advich.com/fqmcbhzzpx/,DESKTOP,,0,1,0.0,101.0,page_device,2026-07-27 13:03:06
149107,2026-07-27,2025-11-29,,https://www.advich.com/gads/,DESKTOP,,0,19,0.0,18.0,page_device,2026-07-27 13:03:06
149108,2026-07-27,2025-11-29,,https://www.advich.com/gads/,MOBILE,,0,1,0.0,9.0,page_device,2026-07-27 13:03:06
149109,2026-07-27,2025-11-29,,https://www.advich.com/gaehdxgnhd/,DESKTOP,,0,4,0.0,64.75,page_device,2026-07-27 13:03:06
149110,2026-07-27,2025-11-29,,https://www.advich.com/gaehdxgnhd/,MOBILE,,0,1,0.0,45.0,page_device,2026-07-27 13:03:06
149111,2026-07-27,2025-11-29,,https://www.advich.com/gggfzcsytg/,DESKTOP,,0,11,0.0,8.0,page_device,2026-07-27 13:03:06
149112,2026-07-27,2025-11-29,,https://www.advich.com/gggfzcsytg/,MOBILE,,0,34,0.0,20.705882352941178,page_device,2026-07-27 13:03:06
149113,2026-07-27,2025-11-29,,https://www.advich.com/ggggbjzjzn/,DESKTOP,,0,4,0.0,40.0,page_device,2026-07-27 13:03:06
149114,2026-07-27,2025-11-29,,https://www.advich.com/ggggcqsdsz/,DESKTOP,,0,3,0.0,97.33333333333333,page_device,2026-07-27 13:03:06
149115,2026-07-27,2025-11-29,,https://www.advich.com/ggggdlmyxr/,DESKTOP,,0,1,0.0,104.0,page_device,2026-07-27 13:03:06
149116,2026-07-27,2025-11-29,,https://www.advich.com/gggggjcyjd/,DESKTOP,,0,12,0.0,45.333333333333336,page_device,2026-07-27 13:03:06
149117,2026-07-27,2025-11-29,,https://www.advich.com/ggggmrszzh/,MOBILE,,0,2,0.0,63.0,page_device,2026-07-27 13:03:06
149118,2026-07-27,2025-11-29,,https://www.advich.com/ggggmzhrhz/,DESKTOP,,0,2,0.0,46.5,page_device,2026-07-27 13:03:06
149119,2026-07-27,2025-11-29,,https://www.advich.com/ggggwgwhdd/,DESKTOP,,0,1,0.0,49.0,page_device,2026-07-27 13:03:06
149120,2026-07-27,2025-11-29,,https://www.advich.com/ggggzcjjng/,DESKTOP,,0,4,0.0,70.25,page_device,2026-07-27 13:03:06
149121,2026-07-27,2025-11-29,,https://www.advich.com/ggggzcjjng/,MOBILE,,0,2,0.0,74.0,page_device,2026-07-27 13:03:06
149122,2026-07-27,2025-11-29,,https://www.advich.com/ggggzlfsgg/,DESKTOP,,0,3,0.0,42.0,page_device,2026-07-27 13:03:06
149123,2026-07-27,2025-11-29,,https://www.advich.com/ggggzyxzjs/,DESKTOP,,0,3,0.0,90.66666666666667,page_device,2026-07-27 13:03:06
149124,2026-07-27,2025-11-29,,https://www.advich.com/ggggzyxzjs/,MOBILE,,0,2,0.0,66.0,page_device,2026-07-27 13:03:06
149125,2026-07-27,2025-11-29,,https://www.advich.com/gggjcghqgx/,DESKTOP,,0,1,0.0,43.0,page_device,2026-07-27 13:03:06
149126,2026-07-27,2025-11-29,,https://www.advich.com/gggjcghqmf/,DESKTOP,,0,205,0.0,73.55121951219512,page_device,2026-07-27 13:03:06
149127,2026-07-27,2025-11-29,,https://www.advich.com/gggjcghqmf/,MOBILE,,0,180,0.0,83.23333333333333,page_device,2026-07-27 13:03:06
149128,2026-07-27,2025-11-29,,https://www.advich.com/gggwcxdm/,DESKTOP,,0,1,0.0,68.0,page_device,2026-07-27 13:03:06
149129,2026-07-27,2025-11-29,,https://www.advich.com/ggjjzrhz/,DESKTOP,,0,1,0.0,97.0,page_device,2026-07-27 13:03:06
149130,2026-07-27,2025-11-29,,https://www.advich.com/ggkdljrggd/,DESKTOP,,0,21,0.0,81.57142857142857,page_device,2026-07-27 13:03:06
149131,2026-07-27,2025-11-29,,https://www.advich.com/ggrnjydxgg/,MOBILE,,0,5,0.0,10.2,page_device,2026-07-27 13:03:06
149132,2026-07-27,2025-11-29,,https://www.advich.com/ggtgpdjqzr/,DESKTOP,,0,1,0.0,11.0,page_device,2026-07-27 13:03:06
149133,2026-07-27,2025-11-29,,https://www.advich.com/ggtgphdghd/,DESKTOP,,0,1,0.0,9.0,page_device,2026-07-27 13:03:06
149134,2026-07-27,2025-11-29,,https://www.advich.com/ggtgzgjqphggsyggstgcl/,DESKTOP,,0,14,0.0,82.92857142857143,page_device,2026-07-27 13:03:06
149135,2026-07-27,2025-11-29,,https://www.advich.com/ggxbwyyggz/,DESKTOP,,0,7,0.0,3.0,page_device,2026-07-27 13:03:06
149136,2026-07-27,2025-11-29,,https://www.advich.com/ggxsggbxsr/,DESKTOP,,0,3,0.0,46.333333333333336,page_device,2026-07-27 13:03:06
149137,2026-07-27,2025-11-29,,https://www.advich.com/ggxsggbxsr/,MOBILE,,0,2,0.0,40.5,page_device,2026-07-27 13:03:06
149138,2026-07-27,2025-11-29,,https://www.advich.com/ggyqggkhyz/,DESKTOP,,0,1,0.0,106.0,page_device,2026-07-27 13:03:06
149139,2026-07-27,2025-11-29,,https://www.advich.com/ggzshdzxyh/,DESKTOP,,0,1,0.0,110.0,page_device,2026-07-27 13:03:06
149140,2026-07-27,2025-11-29,,https://www.advich.com/ggzyxsrhyz/,DESKTOP,,0,5,0.0,64.2,page_device,2026-07-27 13:03:06
149141,2026-07-27,2025-11-29,,https://www.advich.com/ggzyxsrhyz/,MOBILE,,0,2,0.0,76.5,page_device,2026-07-27 13:03:06
149142,2026-07-27,2025-11-29,,https://www.advich.com/google-sem/,DESKTOP,,0,1,0.0,51.0,page_device,2026-07-27 13:03:06
149143,2026-07-27,2025-11-29,,https://www.advich.com/google-seo-keyword-layout/,DESKTOP,,0,8,0.0,84.875,page_device,2026-07-27 13:03:06
149144,2026-07-27,2025-11-29,,https://www.advich.com/google-seo-keyword-layout/,MOBILE,,0,4,0.0,82.75,page_device,2026-07-27 13:03:06
149145,2026-07-27,2025-11-29,,https://www.advich.com/gwggrmzn/,DESKTOP,,0,1,0.0,100.0,page_device,2026-07-27 13:03:06
149146,2026-07-27,2025-11-29,,https://www.advich.com/gycggdzyyx/,DESKTOP,,0,1,0.0,4.0,page_device,2026-07-27 13:03:06
149147,2026-07-27,2025-11-29,,https://www.advich.com/gyszfwfadn/,DESKTOP,,0,2,0.0,10.0,page_device,2026-07-27 13:03:06
149148,2026-07-27,2025-11-29,,https://www.advich.com/hjyxwmkycy/,DESKTOP,,0,1,0.0,77.0,page_device,2026-07-27 13:03:06
149149,2026-07-27,2025-11-29,,https://www.advich.com/hjyxwmkycy/,MOBILE,,0,1,0.0,74.0,page_device,2026-07-27 13:03:06
149150,2026-07-27,2025-11-29,,https://www.advich.com/home/,MOBILE,,0,18,0.0,4.555555555555555,page_device,2026-07-27 13:03:06
149151,2026-07-27,2025-11-29,,https://www.advich.com/hqggggrzdf/,DESKTOP,,0,8,0.0,58.0,page_device,2026-07-27 13:03:06
149152,2026-07-27,2025-11-29,,https://www.advich.com/increasing-fans-of-overseas-social-media/,MOBILE,,0,1,0.0,7.0,page_device,2026-07-27 13:03:06
149153,2026-07-27,2025-11-29,,https://www.advich.com/independent-station-external-chain/,DESKTOP,,0,2,0.0,40.5,page_device,2026-07-27 13:03:06
149154,2026-07-27,2025-11-29,,https://www.advich.com/independent-station-selling-goods/,DESKTOP,,0,1,0.0,21.0,page_device,2026-07-27 13:03:06
149155,2026-07-27,2025-11-29,,https://www.advich.com/integrated-marketing-platform/,DESKTOP,,0,3,0.0,21.333333333333332,page_device,2026-07-27 13:03:06
149156,2026-07-27,2025-11-29,,https://www.advich.com/khxfjsszjx/,DESKTOP,,0,3,0.0,29.0,page_device,2026-07-27 13:03:06
149157,2026-07-27,2025-11-29,,https://www.advich.com/khxfjsszjx/,MOBILE,,0,2,0.0,46.5,page_device,2026-07-27 13:03:06
149158,2026-07-27,2025-11-29,,https://www.advich.com/linkedin-2/,DESKTOP,,0,2,0.0,91.0,page_device,2026-07-27 13:03:06
149159,2026-07-27,2025-11-29,,https://www.advich.com/linkedin-2/,MOBILE,,0,1,0.0,96.0,page_device,2026-07-27 13:03:06
149160,2026-07-27,2025-11-29,,https://www.advich.com/linkedin-account-registration/,MOBILE,,0,1,0.0,2.0,page_device,2026-07-27 13:03:06
149161,2026-07-27,2025-11-29,,https://www.advich.com/lwyjryjstt/,DESKTOP,,0,1,0.0,33.0,page_device,2026-07-27 13:03:06
149162,2026-07-27,2025-11-29,,https://www.advich.com/mddyggggbp/,DESKTOP,,0,5,0.0,76.2,page_device,2026-07-27 13:03:06
149163,2026-07-27,2025-11-29,,https://www.advich.com/mddyggggbp/,MOBILE,,0,9,0.0,59.44444444444444,page_device,2026-07-27 13:03:06
149164,2026-07-27,2025-11-29,,https://www.advich.com/media-account-terms-of-service/,MOBILE,,0,1,0.0,1.0,page_device,2026-07-27 13:03:06
149165,2026-07-27,2025-11-29,,https://www.advich.com/mgggzydsgg/,DESKTOP,,0,2,0.0,59.0,page_device,2026-07-27 13:03:06
149166,2026-07-27,2025-11-29,,https://www.advich.com/myggggcxdm/,DESKTOP,,0,1,0.0,48.0,page_device,2026-07-27 13:03:06
149167,2026-07-27,2025-11-29,,https://www.advich.com/new-knowledge-of-overseas-social-media-drainage-come-on-up/,DESKTOP,,0,3,0.0,21.666666666666668,page_device,2026-07-27 13:03:06
149168,2026-07-27,2025-11-29,,https://www.advich.com/nsydsdzjjm/,MOBILE,,0,1,0.0,85.0,page_device,2026-07-27 13:03:06
149169,2026-07-27,2025-11-29,,https://www.advich.com/nxqyldljyx/,DESKTOP,,0,1,0.0,99.0,page_device,2026-07-27 13:03:06
149170,2026-07-27,2025-11-29,,https://www.advich.com/nxzddgyggg/,DESKTOP,,0,1,0.0,89.0,page_device,2026-07-27 13:03:06
149171,2026-07-27,2025-11-29,,https://www.advich.com/nxzddgyggg/,MOBILE,,0,1,0.0,95.0,page_device,2026-07-27 13:03:06
149172,2026-07-27,2025-11-29,,https://www.advich.com/nxzttsfsyy/,DESKTOP,,0,3,0.0,16.0,page_device,2026-07-27 13:03:06
149173,2026-07-27,2025-11-29,,https://www.advich.com/nxzttsfsyy/,MOBILE,,0,5,0.0,5.2,page_device,2026-07-27 13:03:06
149174,2026-07-27,2025-11-29,,https://www.advich.com/nxzttsfsyy/,TABLET,,0,1,0.0,2.0,page_device,2026-07-27 13:03:06
149175,2026-07-27,2025-11-29,,https://www.advich.com/nygsygggga/,DESKTOP,,0,2,0.0,84.0,page_device,2026-07-27 13:03:06
149176,2026-07-27,2025-11-29,,https://www.advich.com/paid-advertising/,DESKTOP,,0,1,0.0,108.0,page_device,2026-07-27 13:03:06
149177,2026-07-27,2025-11-29,,https://www.advich.com/pggdzjzngg/,DESKTOP,,0,9,0.0,10.555555555555555,page_device,2026-07-27 13:03:06
149178,2026-07-27,2025-11-29,,https://www.advich.com/pggdzjzngg/,MOBILE,,0,1,0.0,21.0,page_device,2026-07-27 13:03:06
149179,2026-07-27,2025-11-29,,https://www.advich.com/phcxtgcgmj/,MOBILE,,0,8,0.0,42.25,page_device,2026-07-27 13:03:06
149180,2026-07-27,2025-11-29,,https://www.advich.com/pjcypjcbrh/,DESKTOP,,0,4,0.0,34.25,page_device,2026-07-27 13:03:06
149181,2026-07-27,2025-11-29,,https://www.advich.com/rhcqtrdttl/,MOBILE,,0,2,0.0,6.5,page_device,2026-07-27 13:03:06
149182,2026-07-27,2025-11-29,,https://www.advich.com/rhfxmhgzdl/,DESKTOP,,0,1,0.0,14.0,page_device,2026-07-27 13:03:06
149183,2026-07-27,2025-11-29,,https://www.advich.com/rhjrbstcdg/,DESKTOP,,0,57,0.0,9.210526315789474,page_device,2026-07-27 13:03:06
149184,2026-07-27,2025-11-29,,https://www.advich.com/rhqdhlcggg/,DESKTOP,,0,4,0.0,77.0,page_device,2026-07-27 13:03:06
149185,2026-07-27,2025-11-29,,https://www.advich.com/rhsynlltst/,DESKTOP,,0,1,0.0,28.0,page_device,2026-07-27 13:03:06
149186,2026-07-27,2025-11-29,,https://www.advich.com/rhsypmdclb/,MOBILE,,0,3,0.0,1.0,page_device,2026-07-27 13:03:06
149187,2026-07-27,2025-11-29,,https://www.advich.com/rhsyscjst/,DESKTOP,,0,3,0.0,57.0,page_device,2026-07-27 13:03:06
149188,2026-07-27,2025-11-29,,https://www.advich.com/rhsysjkshf/,DESKTOP,,0,2,0.0,36.5,page_device,2026-07-27 13:03:06
149189,2026-07-27,2025-11-29,,https://www.advich.com/rhsysjkshf/,MOBILE,,0,9,0.0,31.444444444444443,page_device,2026-07-27 13:03:06
149190,2026-07-27,2025-11-29,,https://www.advich.com/rhsyxysxsg/,DESKTOP,,0,1,0.0,72.0,page_device,2026-07-27 13:03:06
149191,2026-07-27,2025-11-29,,https://www.advich.com/rhtgggggdz/,DESKTOP,,0,1,0.0,103.0,page_device,2026-07-27 13:03:06
149192,2026-07-27,2025-11-29,,https://www.advich.com/rhtgyggscl/,DESKTOP,,0,1,0.0,46.0,page_device,2026-07-27 13:03:06
149193,2026-07-27,2025-11-29,,https://www.advich.com/rhtjewjcxl/,DESKTOP,,0,7,0.0,4.0,page_device,2026-07-27 13:03:06
149194,2026-07-27,2025-11-29,,https://www.advich.com/rhwggggxzz/,DESKTOP,,0,1,0.0,39.0,page_device,2026-07-27 13:03:06
149195,2026-07-27,2025-11-29,,https://www.advich.com/rhxdyycjw/,DESKTOP,,0,6,0.0,21.833333333333332,page_device,2026-07-27 13:03:06
149196,2026-07-27,2025-11-29,,https://www.advich.com/rhzcggtgpg/,DESKTOP,,0,1,0.0,79.0,page_device,2026-07-27 13:03:06
149197,2026-07-27,2025-11-29,,https://www.advich.com/rhzedzbgzc/,MOBILE,,0,1,0.0,11.0,page_device,2026-07-27 13:03:06
149198,2026-07-27,2025-11-29,,https://www.advich.com/rhzezcjdjm/,DESKTOP,,0,2,0.0,36.0,page_device,2026-07-27 13:03:06
149199,2026-07-27,2025-11-29,,https://www.advich.com/rhzezzzbjt/,DESKTOP,,0,4,0.0,89.5,page_device,2026-07-27 13:03:06
149200,2026-07-27,2025-11-29,,https://www.advich.com/rhzezzzbjt/,MOBILE,,0,2,0.0,78.5,page_device,2026-07-27 13:03:06
149201,2026-07-27,2025-11-29,,https://www.advich.com/rhzezzzszt/,DESKTOP,,0,2,0.0,40.0,page_device,2026-07-27 13:03:06
149202,2026-07-27,2025-11-29,,https://www.advich.com/rhzgssyatx/,DESKTOP,,0,1,0.0,9.0,page_device,2026-07-27 13:03:06
149203,2026-07-27,2025-11-29,,https://www.advich.com/rhzgzcjzdy/,DESKTOP,,0,13,0.0,50.76923076923077,page_device,2026-07-27 13:03:06
149204,2026-07-27,2025-11-29,,https://www.advich.com/rhzgzhzpt/,DESKTOP,,0,5,0.0,85.4,page_device,2026-07-27 13:03:06
149205,2026-07-27,2025-11-29,,https://www.advich.com/rhzgzsydks/,DESKTOP,,0,1,0.0,100.0,page_device,2026-07-27 13:03:06
149206,2026-07-27,2025-11-29,,https://www.advich.com/rhzgzzzbjt/,DESKTOP,,0,2,0.0,28.0,page_device,2026-07-27 13:03:06
149207,2026-07-27,2025-11-29,,https://www.advich.com/rhzmsczmjh/,DESKTOP,,0,2,0.0,17.0,page_device,2026-07-27 13:03:06
149208,2026-07-27,2025-11-29,,https://www.advich.com/rhztswahis/,DESKTOP,,0,3,0.0,5.333333333333333,page_device,2026-07-27 13:03:06
149209,2026-07-27,2025-11-29,,https://www.advich.com/rhztswahis/,MOBILE,,0,35,0.0,2.942857142857143,page_device,2026-07-27 13:03:06
149210,2026-07-27,2025-11-29,,https://www.advich.com/rhztswahis/,TABLET,,0,2,0.0,9.0,page_device,2026-07-27 13:03:06
149211,2026-07-27,2025-11-29,,https://www.advich.com/rhzyfznzzs/,DESKTOP,,0,1,0.0,44.0,page_device,2026-07-27 13:03:06
149212,2026-07-27,2025-11-29,,https://www.advich.com/rhzyfznzzs/,MOBILE,,0,1,0.0,17.0,page_device,2026-07-27 13:03:06
149213,2026-07-27,2025-11-29,,https://www.advich.com/rich-media/,DESKTOP,,0,10,0.0,28.4,page_device,2026-07-27 13:03:06
149214,2026-07-27,2025-11-29,,https://www.advich.com/rich-media/,MOBILE,,0,2,0.0,78.5,page_device,2026-07-27 13:03:06
149215,2026-07-27,2025-11-29,,https://www.advich.com/ryrtgrhrdf/,DESKTOP,,0,4,0.0,52.75,page_device,2026-07-27 13:03:06
149216,2026-07-27,2025-11-29,,https://www.advich.com/ryrtgrhrdf/,MOBILE,,0,1,0.0,45.0,page_device,2026-07-27 13:03:06
149217,2026-07-27,2025-11-29,,https://www.advich.com/sdtbyzdtbj/,DESKTOP,,0,1,0.0,20.0,page_device,2026-07-27 13:03:06
149218,2026-07-27,2025-11-29,,https://www.advich.com/sdtyxtzn/,DESKTOP,,0,3,0.0,1.0,page_device,2026-07-27 13:03:06
149219,2026-07-27,2025-11-29,,https://www.advich.com/search-marketing/dynamic-search-advertisement/,DESKTOP,,0,1,0.0,23.0,page_device,2026-07-27 13:03:06
149220,2026-07-27,2025-11-29,,https://www.advich.com/search-marketing/google-display-ads/,DESKTOP,,0,2,0.0,83.5,page_device,2026-07-27 13:03:06
149221,2026-07-27,2025-11-29,,https://www.advich.com/search-marketing/google-display-ads/,MOBILE,,0,1,0.0,72.0,page_device,2026-07-27 13:03:06
149222,2026-07-27,2025-11-29,,https://www.advich.com/search-marketing/google-re-marketing/,DESKTOP,,0,1,0.0,56.0,page_device,2026-07-27 13:03:06
149223,2026-07-27,2025-11-29,,https://www.advich.com/seo/,DESKTOP,,0,1,0.0,102.0,page_device,2026-07-27 13:03:06
149224,2026-07-27,2025-11-29,,https://www.advich.com/shopify/,DESKTOP,,0,7,0.0,9.0,page_device,2026-07-27 13:03:06
149225,2026-07-27,2025-11-29,,https://www.advich.com/sjfxsyywfx/,DESKTOP,,0,7,0.0,5.0,page_device,2026-07-27 13:03:06
149226,2026-07-27,2025-11-29,,https://www.advich.com/smsdjlwsmc/,DESKTOP,,0,3,0.0,79.33333333333333,page_device,2026-07-27 13:03:06
149227,2026-07-27,2025-11-29,,https://www.advich.com/smsdtxsggy/,MOBILE,,0,1,0.0,44.0,page_device,2026-07-27 13:03:06
149228,2026-07-27,2025-11-29,,https://www.advich.com/smsggbqglq/,DESKTOP,,0,16,0.0,84.0,page_device,2026-07-27 13:03:06
149229,2026-07-27,2025-11-29,,https://www.advich.com/smsggdcljg/,DESKTOP,,0,5,0.0,64.2,page_device,2026-07-27 13:03:06
149230,2026-07-27,2025-11-29,,https://www.advich.com/smsggdcljg/,MOBILE,,0,1,0.0,49.0,page_device,2026-07-27 13:03:06
149231,2026-07-27,2025-11-29,,https://www.advich.com/smsggzdcrh/,DESKTOP,,0,9,0.0,73.11111111111111,page_device,2026-07-27 13:03:06
149232,2026-07-27,2025-11-29,,https://www.advich.com/smsggzdcrh/,MOBILE,,0,1,0.0,5.0,page_device,2026-07-27 13:03:06
149233,2026-07-27,2025-11-29,,https://www.advich.com/smsgjccjfx/,DESKTOP,,0,1,0.0,49.0,page_device,2026-07-27 13:03:06
149234,2026-07-27,2025-11-29,,https://www.advich.com/smshdccddy/,DESKTOP,,0,16,0.0,69.5625,page_device,2026-07-27 13:03:06
149235,2026-07-27,2025-11-29,,https://www.advich.com/smsjztrhks/,DESKTOP,,0,8,0.0,72.375,page_device,2026-07-27 13:03:06
149236,2026-07-27,2025-11-29,,https://www.advich.com/smsjztrhks/,MOBILE,,0,2,0.0,90.0,page_device,2026-07-27 13:03:06
149237,2026-07-27,2025-11-29,,https://www.advich.com/smslggtysm/,DESKTOP,,0,9,0.0,20.11111111111111,page_device,2026-07-27 13:03:06
149238,2026-07-27,2025-11-29,,https://www.advich.com/smspffssyx/,DESKTOP,,0,2,0.0,61.5,page_device,2026-07-27 13:03:06
149239,2026-07-27,2025-11-29,,https://www.advich.com/smspffssyx/,MOBILE,,0,2,0.0,65.5,page_device,2026-07-27 13:03:06
149240,2026-07-27,2025-11-29,,https://www.advich.com/smsryxlyrt/,DESKTOP,,0,1,0.0,89.0,page_device,2026-07-27 13:03:06
149241,2026-07-27,2025-11-29,,https://www.advich.com/smszhcbgsh/,DESKTOP,,0,11,0.0,43.0,page_device,2026-07-27 13:03:06
149242,2026-07-27,2025-11-29,,https://www.advich.com/smszhcbgsh/,MOBILE,,0,3,0.0,102.66666666666667,page_device,2026-07-27 13:03:06
149243,2026-07-27,2025-11-29,,https://www.advich.com/smszlfswsm/,DESKTOP,,0,1,0.0,26.0,page_device,2026-07-27 13:03:06
149244,2026-07-27,2025-11-29,,https://www.advich.com/smszyxykld/,DESKTOP,,0,11,0.0,77.45454545454545,page_device,2026-07-27 13:03:06
149245,2026-07-27,2025-11-29,,https://www.advich.com/smszyxykld/,MOBILE,,0,10,0.0,61.0,page_device,2026-07-27 13:03:06
149246,2026-07-27,2025-11-29,,https://www.advich.com/sns-promotion-of-independent-foreign-trade-station/,MOBILE,,0,2,0.0,12.5,page_device,2026-07-27 13:03:06
149247,2026-07-27,2025-11-29,,https://www.advich.com/ssggyggggs/,DESKTOP,,0,9,0.0,74.44444444444444,page_device,2026-07-27 13:03:06
149248,2026-07-27,2025-11-29,,https://www.advich.com/stbscqcjst/,DESKTOP,,0,2,0.0,36.5,page_device,2026-07-27 13:03:06
149249,2026-07-27,2025-11-29,,https://www.advich.com/sygggjcghg/,DESKTOP,,0,2,0.0,43.5,page_device,2026-07-27 13:03:06
149250,2026-07-27,2025-11-29,,https://www.advich.com/tgpdlymtyd/,DESKTOP,,0,1,0.0,109.0,page_device,2026-07-27 13:03:06
149251,2026-07-27,2025-11-29,,https://www.advich.com/tgpdlymtyd/,MOBILE,,0,2,0.0,41.5,page_device,2026-07-27 13:03:06
149252,2026-07-27,2025-11-29,,https://www.advich.com/tgpxndgxzl/,DESKTOP,,0,34,0.0,8.323529411764707,page_device,2026-07-27 13:03:06
149253,2026-07-27,2025-11-29,,https://www.advich.com/tgpxndgxzl/,MOBILE,,0,33,0.0,9.696969696969697,page_device,2026-07-27 13:03:06
149254,2026-07-27,2025-11-29,,https://www.advich.com/the-difference-between-google-seo-and-google-adwords/,DESKTOP,,0,2,0.0,9.0,page_device,2026-07-27 13:03:06
149255,2026-07-27,2025-11-29,,https://www.advich.com/tiktok/,DESKTOP,,0,22,0.0,23.318181818181817,page_device,2026-07-27 13:03:06
149256,2026-07-27,2025-11-29,,https://www.advich.com/trade/,DESKTOP,,0,2,0.0,89.0,page_device,2026-07-27 13:03:06
149257,2026-07-27,2025-11-29,,https://www.advich.com/tsyxylsyxc/,DESKTOP,,0,6,0.0,12.166666666666666,page_device,2026-07-27 13:03:06
149258,2026-07-27,2025-11-29,,https://www.advich.com/twsmtmznds/,DESKTOP,,0,11,0.0,79.9090909090909,page_device,2026-07-27 13:03:06
149259,2026-07-27,2025-11-29,,https://www.advich.com/wbggdsgbyb/,DESKTOP,,0,7,0.0,2.0,page_device,2026-07-27 13:03:06
149260,2026-07-27,2025-11-29,,https://www.advich.com/what-is-an-independent-station-why-stand-alone/,DESKTOP,,0,4,0.0,38.0,page_device,2026-07-27 13:03:06
149261,2026-07-27,2025-11-29,,https://www.advich.com/what-is-an-independent-station-why-stand-alone/,MOBILE,,0,2,0.0,70.0,page_device,2026-07-27 13:03:06
149262,2026-07-27,2025-11-29,,https://www.advich.com/wsmgjcyjds/,DESKTOP,,0,4,0.0,5.0,page_device,2026-07-27 13:03:06
149263,2026-07-27,2025-11-29,,https://www.advich.com/wsmkhlslhz/,DESKTOP,,0,1,0.0,32.0,page_device,2026-07-27 13:03:06
149264,2026-07-27,2025-11-29,,https://www.advich.com/xnsxpsqhgt/,DESKTOP,,0,7,0.0,7.0,page_device,2026-07-27 13:03:06
149265,2026-07-27,2025-11-29,,https://www.advich.com/xsssjbhqsd/,DESKTOP,,0,2,0.0,22.0,page_device,2026-07-27 13:03:06
149266,2026-07-27,2025-11-29,,https://www.advich.com/xxscstslyc/,DESKTOP,,0,8,0.0,8.25,page_device,2026-07-27 13:03:06
149267,2026-07-27,2025-11-29,,https://www.advich.com/xycdcdqgll/,DESKTOP,,0,10,0.0,25.3,page_device,2026-07-27 13:03:06
149268,2026-07-27,2025-11-29,,https://www.advich.com/yhpggygskh/,MOBILE,,0,1,0.0,48.0,page_device,2026-07-27 13:03:06
149269,2026-07-27,2025-11-29,,https://www.advich.com/ytb/,DESKTOP,,0,1,0.0,38.0,page_device,2026-07-27 13:03:06
149270,2026-07-27,2025-11-29,,https://www.advich.com/yxsdngbggg/,DESKTOP,,0,2,0.0,44.5,page_device,2026-07-27 13:03:06
149271,2026-07-27,2025-11-29,,https://www.advich.com/zggggzsysj/,DESKTOP,,0,3,0.0,17.0,page_device,2026-07-27 13:03:06
149272,2026-07-27,2025-11-29,,https://www.advich.com/zhjsrhjndg/,DESKTOP,,0,1,0.0,48.0,page_device,2026-07-27 13:03:06
149273,2026-07-27,2025-11-29,,https://www.advich.com/zjggxsggsl/,MOBILE,,0,1,0.0,88.0,page_device,2026-07-27 13:03:06
149274,2026-07-27,2025-11-29,,https://www.advich.com/zqhwsyggptjsyqdfyfx/,DESKTOP,,0,2,0.0,27.5,page_device,2026-07-27 13:03:06
149275,2026-07-27,2025-11-29,,https://www.advich.com/zztssclzyx/,DESKTOP,,0,1,0.0,37.0,page_device,2026-07-27 13:03:06
139146,2026-07-27,2025-10-30,,https://www.advich.com/home/,DESKTOP,,5,27,0.18518518518518517,3.7037037037037037,page_device,2026-07-27 13:02:51
139147,2026-07-27,2025-10-30,,https://www.advich.com/tiktok/,DESKTOP,,4,63,0.06349206349206349,20.03174603174603,page_device,2026-07-27 13:02:51
139148,2026-07-27,2025-10-30,,https://www.advich.com/,DESKTOP,,3,50,0.06,3.48,page_device,2026-07-27 13:02:51
139149,2026-07-27,2025-10-30,,https://www.advich.com/rhzedzbgzc/,DESKTOP,,2,40,0.05,6.8,page_device,2026-07-27 13:02:51
139150,2026-07-27,2025-10-30,,https://www.advich.com/about-us/,MOBILE,,1,20,0.05,4.3,page_device,2026-07-27 13:02:51
139151,2026-07-27,2025-10-30,,https://www.advich.com/dlktlbfxjs/,DESKTOP,,1,25,0.04,21.2,page_device,2026-07-27 13:02:51
139152,2026-07-27,2025-10-30,,https://www.advich.com/gads/,DESKTOP,,1,37,0.02702702702702703,20.243243243243242,page_device,2026-07-27 13:02:51
139153,2026-07-27,2025-10-30,,https://www.advich.com/home/,MOBILE,,1,17,0.058823529411764705,3.764705882352941,page_device,2026-07-27 13:02:51
139154,2026-07-27,2025-10-30,,https://www.advich.com/independent-station-external-chain/,DESKTOP,,1,1,1.0,33.0,page_device,2026-07-27 13:02:51
139155,2026-07-27,2025-10-30,,https://www.advich.com/rhzedzbgzc/,MOBILE,,1,11,0.09090909090909091,8.09090909090909,page_device,2026-07-27 13:02:51
139156,2026-07-27,2025-10-30,,https://www.advich.com/rhztswahis/,MOBILE,,1,145,0.006896551724137931,3.986206896551724,page_device,2026-07-27 13:02:51
139157,2026-07-27,2025-10-30,,https://www.advich.com/rhztswahis/,TABLET,,1,1,1.0,5.0,page_device,2026-07-27 13:02:51
139158,2026-07-27,2025-10-30,,https://www.advich.com/,MOBILE,,0,19,0.0,3.8421052631578947,page_device,2026-07-27 13:02:51
139159,2026-07-27,2025-10-30,,https://www.advich.com/,TABLET,,0,1,0.0,7.0,page_device,2026-07-27 13:02:51
139160,2026-07-27,2025-10-30,,https://www.advich.com/about-us/,DESKTOP,,0,40,0.0,5.55,page_device,2026-07-27 13:02:51
139161,2026-07-27,2025-10-30,,https://www.advich.com/about-us/,TABLET,,0,1,0.0,2.0,page_device,2026-07-27 13:02:51
139162,2026-07-27,2025-10-30,,https://www.advich.com/advantages-of-foreign-trade-enterprises-choosing-digital-marketing/,DESKTOP,,0,1,0.0,72.0,page_device,2026-07-27 13:02:51
139163,2026-07-27,2025-10-30,,https://www.advich.com/adweb-global-station/,DESKTOP,,0,1,0.0,74.0,page_device,2026-07-27 13:02:51
139164,2026-07-27,2025-10-30,,https://www.advich.com/aslrhzggtg/,DESKTOP,,0,2,0.0,19.5,page_device,2026-07-27 13:02:51
139165,2026-07-27,2025-10-30,,https://www.advich.com/b2b/,MOBILE,,0,1,0.0,1.0,page_device,2026-07-27 13:02:51
139166,2026-07-27,2025-10-30,,https://www.advich.com/bhbgtdhcss/,DESKTOP,,0,1,0.0,98.0,page_device,2026-07-27 13:02:51
139167,2026-07-27,2025-10-30,,https://www.advich.com/cffhyfsjfn-2/,DESKTOP,,0,1,0.0,11.0,page_device,2026-07-27 13:02:51
139168,2026-07-27,2025-10-30,,https://www.advich.com/cjyrrsdsjmtnrdzff/,MOBILE,,0,1,0.0,1.0,page_device,2026-07-27 13:02:51
139169,2026-07-27,2025-10-30,,https://www.advich.com/cost-per-click/,DESKTOP,,0,1,0.0,29.0,page_device,2026-07-27 13:02:51
139170,2026-07-27,2025-10-30,,https://www.advich.com/dajzljywzz/,DESKTOP,,0,49,0.0,14.510204081632653,page_device,2026-07-27 13:02:51
139171,2026-07-27,2025-10-30,,https://www.advich.com/data-insight/,DESKTOP,,0,2,0.0,20.5,page_device,2026-07-27 13:02:51
139172,2026-07-27,2025-10-30,,https://www.advich.com/djyljddgyy/,DESKTOP,,0,1,0.0,8.0,page_device,2026-07-27 13:02:51
139173,2026-07-27,2025-10-30,,https://www.advich.com/dlktlbfxjs/,MOBILE,,0,5,0.0,12.4,page_device,2026-07-27 13:02:51
139174,2026-07-27,2025-10-30,,https://www.advich.com/dtssggddzj/,DESKTOP,,0,7,0.0,30.428571428571427,page_device,2026-07-27 13:02:51
139175,2026-07-27,2025-10-30,,https://www.advich.com/dynamic-search-ads/,DESKTOP,,0,4,0.0,22.5,page_device,2026-07-27 13:02:51
139176,2026-07-27,2025-10-30,,https://www.advich.com/dynamic-search-ads/,MOBILE,,0,1,0.0,16.0,page_device,2026-07-27 13:02:51
139177,2026-07-27,2025-10-30,,https://www.advich.com/dysxqcpthg/,DESKTOP,,0,17,0.0,28.764705882352942,page_device,2026-07-27 13:02:51
139178,2026-07-27,2025-10-30,,https://www.advich.com/dzgjhppxxl/,DESKTOP,,0,25,0.0,11.0,page_device,2026-07-27 13:02:51
139179,2026-07-27,2025-10-30,,https://www.advich.com/e-commerce-drainage/,DESKTOP,,0,1,0.0,19.0,page_device,2026-07-27 13:02:51
139180,2026-07-27,2025-10-30,,https://www.advich.com/fb-account-blocked/,DESKTOP,,0,1,0.0,31.0,page_device,2026-07-27 13:02:51
139181,2026-07-27,2025-10-30,,https://www.advich.com/fb/,DESKTOP,,0,9,0.0,47.77777777777778,page_device,2026-07-27 13:02:51
139182,2026-07-27,2025-10-30,,https://www.advich.com/fb/,MOBILE,,0,8,0.0,56.25,page_device,2026-07-27 13:02:51
139183,2026-07-27,2025-10-30,,https://www.advich.com/ffsssggggg/,DESKTOP,,0,1,0.0,17.0,page_device,2026-07-27 13:02:51
139184,2026-07-27,2025-10-30,,https://www.advich.com/fqzkhscbdx/,DESKTOP,,0,1,0.0,45.0,page_device,2026-07-27 13:02:51
139185,2026-07-27,2025-10-30,,https://www.advich.com/gads/,MOBILE,,0,3,0.0,9.333333333333334,page_device,2026-07-27 13:02:51
139186,2026-07-27,2025-10-30,,https://www.advich.com/gaehdxgnhd/,DESKTOP,,0,10,0.0,46.3,page_device,2026-07-27 13:02:51
139187,2026-07-27,2025-10-30,,https://www.advich.com/gcjdggtgpy/,DESKTOP,,0,1,0.0,11.0,page_device,2026-07-27 13:02:51
139188,2026-07-27,2025-10-30,,https://www.advich.com/ggfxdmznlr/,DESKTOP,,0,9,0.0,26.77777777777778,page_device,2026-07-27 13:02:51
139189,2026-07-27,2025-10-30,,https://www.advich.com/ggfxzdttly/,DESKTOP,,0,1,0.0,97.0,page_device,2026-07-27 13:02:51
139190,2026-07-27,2025-10-30,,https://www.advich.com/ggfxzszyxz/,DESKTOP,,0,1,0.0,30.0,page_device,2026-07-27 13:02:51
139191,2026-07-27,2025-10-30,,https://www.advich.com/gggfzcsytg/,DESKTOP,,0,46,0.0,6.608695652173913,page_device,2026-07-27 13:02:51
139192,2026-07-27,2025-10-30,,https://www.advich.com/gggfzcsytg/,MOBILE,,0,49,0.0,9.73469387755102,page_device,2026-07-27 13:02:51
139193,2026-07-27,2025-10-30,,https://www.advich.com/ggggacyhdl/,DESKTOP,,0,1,0.0,5.0,page_device,2026-07-27 13:02:51
139194,2026-07-27,2025-10-30,,https://www.advich.com/ggggbjzjzn/,DESKTOP,,0,13,0.0,28.846153846153847,page_device,2026-07-27 13:02:51
139195,2026-07-27,2025-10-30,,https://www.advich.com/ggggbshndx/,DESKTOP,,0,4,0.0,63.25,page_device,2026-07-27 13:02:51
139196,2026-07-27,2025-10-30,,https://www.advich.com/ggggcqsdsz/,DESKTOP,,0,1,0.0,75.0,page_device,2026-07-27 13:02:51
139197,2026-07-27,2025-10-30,,https://www.advich.com/ggggdlmyxr/,DESKTOP,,0,7,0.0,51.0,page_device,2026-07-27 13:02:51
139198,2026-07-27,2025-10-30,,https://www.advich.com/ggggdwjbfx/,DESKTOP,,0,1,0.0,88.0,page_device,2026-07-27 13:02:51
139199,2026-07-27,2025-10-30,,https://www.advich.com/gggggjcyjd/,DESKTOP,,0,2,0.0,89.0,page_device,2026-07-27 13:02:51
139200,2026-07-27,2025-10-30,,https://www.advich.com/gggggslxyl/,DESKTOP,,0,1,0.0,10.0,page_device,2026-07-27 13:02:51
139201,2026-07-27,2025-10-30,,https://www.advich.com/ggggjfcjyy/,DESKTOP,,0,4,0.0,60.5,page_device,2026-07-27 13:02:51
139202,2026-07-27,2025-10-30,,https://www.advich.com/ggggkzcxxx/,DESKTOP,,0,1,0.0,89.0,page_device,2026-07-27 13:02:51
139203,2026-07-27,2025-10-30,,https://www.advich.com/ggggmzhrhz/,DESKTOP,,0,4,0.0,41.0,page_device,2026-07-27 13:02:51
139204,2026-07-27,2025-10-30,,https://www.advich.com/ggggshqdrh/,DESKTOP,,0,2,0.0,35.0,page_device,2026-07-27 13:02:51
139205,2026-07-27,2025-10-30,,https://www.advich.com/ggggszdwzh/,DESKTOP,,0,3,0.0,19.0,page_device,2026-07-27 13:02:51
139206,2026-07-27,2025-10-30,,https://www.advich.com/ggggxsxskz/,DESKTOP,,0,1,0.0,80.0,page_device,2026-07-27 13:02:51
139207,2026-07-27,2025-10-30,,https://www.advich.com/ggggzhztgb/,DESKTOP,,0,1,0.0,44.0,page_device,2026-07-27 13:02:51
139208,2026-07-27,2025-10-30,,https://www.advich.com/ggggzyxzjs/,DESKTOP,,0,19,0.0,73.6842105263158,page_device,2026-07-27 13:02:51
139209,2026-07-27,2025-10-30,,https://www.advich.com/ggggzyxzjs/,MOBILE,,0,2,0.0,84.5,page_device,2026-07-27 13:02:51
139210,2026-07-27,2025-10-30,,https://www.advich.com/gggjcghqgx/,DESKTOP,,0,2,0.0,63.0,page_device,2026-07-27 13:02:51
139211,2026-07-27,2025-10-30,,https://www.advich.com/gggjcghqmf/,DESKTOP,,0,10,0.0,27.1,page_device,2026-07-27 13:02:51
139212,2026-07-27,2025-10-30,,https://www.advich.com/gggjjcjjqrngtggsycl/,DESKTOP,,0,2,0.0,40.0,page_device,2026-07-27 13:02:51
139213,2026-07-27,2025-10-30,,https://www.advich.com/gggwcxdm/,DESKTOP,,0,1,0.0,49.0,page_device,2026-07-27 13:02:51
139214,2026-07-27,2025-10-30,,https://www.advich.com/gggyggrhly/,DESKTOP,,0,1,0.0,18.0,page_device,2026-07-27 13:02:51
139215,2026-07-27,2025-10-30,,https://www.advich.com/ggjjzrhz/,DESKTOP,,0,7,0.0,82.42857142857143,page_device,2026-07-27 13:02:51
139216,2026-07-27,2025-10-30,,https://www.advich.com/ggkdljrggd/,DESKTOP,,0,30,0.0,65.2,page_device,2026-07-27 13:02:51
139217,2026-07-27,2025-10-30,,https://www.advich.com/ggkzdzyhcz/,DESKTOP,,0,12,0.0,17.416666666666668,page_device,2026-07-27 13:02:51
139218,2026-07-27,2025-10-30,,https://www.advich.com/ggrnjydxgg/,DESKTOP,,0,1,0.0,6.0,page_device,2026-07-27 13:02:51
139219,2026-07-27,2025-10-30,,https://www.advich.com/ggrnjydxgg/,MOBILE,,0,12,0.0,10.0,page_device,2026-07-27 13:02:51
139220,2026-07-27,2025-10-30,,https://www.advich.com/ggsgggryyy/,DESKTOP,,0,7,0.0,10.0,page_device,2026-07-27 13:02:51
139221,2026-07-27,2025-10-30,,https://www.advich.com/ggsskztxzj/,DESKTOP,,0,1,0.0,102.0,page_device,2026-07-27 13:02:51
139222,2026-07-27,2025-10-30,,https://www.advich.com/ggtgclrhtgdldwyhndgggg/,DESKTOP,,0,3,0.0,62.0,page_device,2026-07-27 13:02:51
139223,2026-07-27,2025-10-30,,https://www.advich.com/ggtgpdjqzr/,DESKTOP,,0,42,0.0,12.5,page_device,2026-07-27 13:02:51
139224,2026-07-27,2025-10-30,,https://www.advich.com/ggtgzgjqphggsyggstgcl/,DESKTOP,,0,32,0.0,72.25,page_device,2026-07-27 13:02:51
139225,2026-07-27,2025-10-30,,https://www.advich.com/ggxsggbxsr/,DESKTOP,,0,4,0.0,30.5,page_device,2026-07-27 13:02:51
139226,2026-07-27,2025-10-30,,https://www.advich.com/ggzshdzxyh/,DESKTOP,,0,2,0.0,27.5,page_device,2026-07-27 13:02:51
139227,2026-07-27,2025-10-30,,https://www.advich.com/gjcghqbxfa/,DESKTOP,,0,3,0.0,27.333333333333332,page_device,2026-07-27 13:02:51
139228,2026-07-27,2025-10-30,,https://www.advich.com/gjcsssfrhj/,DESKTOP,,0,34,0.0,17.058823529411764,page_device,2026-07-27 13:02:51
139229,2026-07-27,2025-10-30,,https://www.advich.com/gjggggszdw/,DESKTOP,,0,4,0.0,89.0,page_device,2026-07-27 13:02:51
139230,2026-07-27,2025-10-30,,https://www.advich.com/gjggggszdw/,MOBILE,,0,2,0.0,84.5,page_device,2026-07-27 13:02:51
139231,2026-07-27,2025-10-30,,https://www.advich.com/gjwmrhzghd/,DESKTOP,,0,1,0.0,54.0,page_device,2026-07-27 13:02:51
139232,2026-07-27,2025-10-30,,https://www.advich.com/google-ads-account/,DESKTOP,,0,2,0.0,80.0,page_device,2026-07-27 13:02:51
139233,2026-07-27,2025-10-30,,https://www.advich.com/google-sem/,DESKTOP,,0,3,0.0,68.66666666666667,page_device,2026-07-27 13:02:51
139234,2026-07-27,2025-10-30,,https://www.advich.com/gtm-code/,DESKTOP,,0,1,0.0,94.0,page_device,2026-07-27 13:02:51
139235,2026-07-27,2025-10-30,,https://www.advich.com/gycggdzyyx/,DESKTOP,,0,1,0.0,3.0,page_device,2026-07-27 13:02:51
139236,2026-07-27,2025-10-30,,https://www.advich.com/gycggdzyyx/,MOBILE,,0,1,0.0,2.0,page_device,2026-07-27 13:02:51
139237,2026-07-27,2025-10-30,,https://www.advich.com/gyszfwfadn/,DESKTOP,,0,3,0.0,19.666666666666668,page_device,2026-07-27 13:02:51
139238,2026-07-27,2025-10-30,,https://www.advich.com/gzxsrhyxzd/,DESKTOP,,0,1,0.0,93.0,page_device,2026-07-27 13:02:51
139239,2026-07-27,2025-10-30,,https://www.advich.com/home/,TABLET,,0,1,0.0,1.0,page_device,2026-07-27 13:02:51
139240,2026-07-27,2025-10-30,,https://www.advich.com/how-to-choose-an-independent-station-to-collect-money/,DESKTOP,,0,2,0.0,59.5,page_device,2026-07-27 13:02:51
139241,2026-07-27,2025-10-30,,https://www.advich.com/how-to-do-shopify-standalone-station/,DESKTOP,,0,1,0.0,16.0,page_device,2026-07-27 13:02:51
139242,2026-07-27,2025-10-30,,https://www.advich.com/hqggggrzdf/,DESKTOP,,0,13,0.0,27.846153846153847,page_device,2026-07-27 13:02:51
139243,2026-07-27,2025-10-30,,https://www.advich.com/hqggggrzdf/,MOBILE,,0,1,0.0,16.0,page_device,2026-07-27 13:02:51
139244,2026-07-27,2025-10-30,,https://www.advich.com/increasing-fans-of-overseas-social-media/,DESKTOP,,0,2,0.0,30.5,page_device,2026-07-27 13:02:51
139245,2026-07-27,2025-10-30,,https://www.advich.com/independent-foreign-trade-station-building/,DESKTOP,,0,3,0.0,110.33333333333333,page_device,2026-07-27 13:02:51
139246,2026-07-27,2025-10-30,,https://www.advich.com/independent-station-operation/,DESKTOP,,0,1,0.0,57.0,page_device,2026-07-27 13:02:51
139247,2026-07-27,2025-10-30,,https://www.advich.com/independent-station-promotion/,DESKTOP,,0,1,0.0,65.0,page_device,2026-07-27 13:02:51
139248,2026-07-27,2025-10-30,,https://www.advich.com/independent-station-selling-goods/,DESKTOP,,0,2,0.0,6.0,page_device,2026-07-27 13:02:51
139249,2026-07-27,2025-10-30,,https://www.advich.com/integrated-marketing-platform/,DESKTOP,,0,3,0.0,21.0,page_device,2026-07-27 13:02:51
139250,2026-07-27,2025-10-30,,https://www.advich.com/jssymqbssm/,DESKTOP,,0,2,0.0,65.5,page_device,2026-07-27 13:02:51
139251,2026-07-27,2025-10-30,,https://www.advich.com/khxfjsszjx/,DESKTOP,,0,16,0.0,41.75,page_device,2026-07-27 13:02:51
139252,2026-07-27,2025-10-30,,https://www.advich.com/khxfjsszjx/,MOBILE,,0,7,0.0,54.857142857142854,page_device,2026-07-27 13:02:51
139253,2026-07-27,2025-10-30,,https://www.advich.com/ksdycpgghd/,DESKTOP,,0,3,0.0,37.333333333333336,page_device,2026-07-27 13:02:51
139254,2026-07-27,2025-10-30,,https://www.advich.com/linkedin-2/,DESKTOP,,0,2,0.0,61.0,page_device,2026-07-27 13:02:51
139255,2026-07-27,2025-10-30,,https://www.advich.com/linkedin-2/,MOBILE,,0,1,0.0,33.0,page_device,2026-07-27 13:02:51
139256,2026-07-27,2025-10-30,,https://www.advich.com/linkedin-account-registration/,DESKTOP,,0,4,0.0,21.0,page_device,2026-07-27 13:02:51
139257,2026-07-27,2025-10-30,,https://www.advich.com/ljrhzezcjx/,DESKTOP,,0,2,0.0,23.5,page_device,2026-07-27 13:02:51
139258,2026-07-27,2025-10-30,,https://www.advich.com/lwyjryjstt/,DESKTOP,,0,1,0.0,44.0,page_device,2026-07-27 13:02:51
139259,2026-07-27,2025-10-30,,https://www.advich.com/mddyggggbp/,DESKTOP,,0,6,0.0,61.166666666666664,page_device,2026-07-27 13:02:51
139260,2026-07-27,2025-10-30,,https://www.advich.com/mddyggggbp/,MOBILE,,0,22,0.0,40.81818181818182,page_device,2026-07-27 13:02:51
139261,2026-07-27,2025-10-30,,https://www.advich.com/media-account-privacy-policy/,DESKTOP,,0,1,0.0,91.0,page_device,2026-07-27 13:02:51
139262,2026-07-27,2025-10-30,,https://www.advich.com/mgggzydsgg/,DESKTOP,,0,14,0.0,13.714285714285714,page_device,2026-07-27 13:02:51
139263,2026-07-27,2025-10-30,,https://www.advich.com/must-google-promote-independent-stations/,DESKTOP,,0,1,0.0,38.0,page_device,2026-07-27 13:02:51
139264,2026-07-27,2025-10-30,,https://www.advich.com/mxcxzdtggc/,DESKTOP,,0,2,0.0,70.0,page_device,2026-07-27 13:02:51
139265,2026-07-27,2025-10-30,,https://www.advich.com/myggggcxdm/,DESKTOP,,0,4,0.0,16.75,page_device,2026-07-27 13:02:51
139266,2026-07-27,2025-10-30,,https://www.advich.com/nbxcsdqzsj/,DESKTOP,,0,1,0.0,47.0,page_device,2026-07-27 13:02:51
139267,2026-07-27,2025-10-30,,https://www.advich.com/nbyxzlsl/,DESKTOP,,0,1,0.0,103.0,page_device,2026-07-27 13:02:51
139268,2026-07-27,2025-10-30,,https://www.advich.com/new-knowledge-of-overseas-social-media-drainage-come-on-up/,DESKTOP,,0,17,0.0,17.11764705882353,page_device,2026-07-27 13:02:51
139269,2026-07-27,2025-10-30,,https://www.advich.com/new-knowledge-of-overseas-social-media-drainage-come-on-up/,MOBILE,,0,1,0.0,18.0,page_device,2026-07-27 13:02:51
139270,2026-07-27,2025-10-30,,https://www.advich.com/nnzddcdsxr/,DESKTOP,,0,2,0.0,7.0,page_device,2026-07-27 13:02:51
139271,2026-07-27,2025-10-30,,https://www.advich.com/nsydsdzjjm/,DESKTOP,,0,2,0.0,37.0,page_device,2026-07-27 13:02:51
139272,2026-07-27,2025-10-30,,https://www.advich.com/nxqyldljyx/,DESKTOP,,0,5,0.0,53.0,page_device,2026-07-27 13:02:51
139273,2026-07-27,2025-10-30,,https://www.advich.com/nxqyldljyx/,MOBILE,,0,2,0.0,61.5,page_device,2026-07-27 13:02:51
139274,2026-07-27,2025-10-30,,https://www.advich.com/nxzddgyggg/,DESKTOP,,0,1,0.0,23.0,page_device,2026-07-27 13:02:51
139275,2026-07-27,2025-10-30,,https://www.advich.com/nxzttsfsyy/,DESKTOP,,0,14,0.0,2.0,page_device,2026-07-27 13:02:51
139276,2026-07-27,2025-10-30,,https://www.advich.com/nxzttsfsyy/,MOBILE,,0,35,0.0,2.057142857142857,page_device,2026-07-27 13:02:51
139277,2026-07-27,2025-10-30,,https://www.advich.com/nygsygggga/,DESKTOP,,0,15,0.0,10.6,page_device,2026-07-27 13:02:51
139278,2026-07-27,2025-10-30,,https://www.advich.com/nzlxdzdjjc-2/,DESKTOP,,0,1,0.0,38.0,page_device,2026-07-27 13:02:51
139279,2026-07-27,2025-10-30,,https://www.advich.com/overseas-independent-station/,DESKTOP,,0,1,0.0,91.0,page_device,2026-07-27 13:02:51
139280,2026-07-27,2025-10-30,,https://www.advich.com/overseas-social-media-marketing/,DESKTOP,,0,1,0.0,86.0,page_device,2026-07-27 13:02:51
139281,2026-07-27,2025-10-30,,https://www.advich.com/p6918/,DESKTOP,,0,1,0.0,105.0,page_device,2026-07-27 13:02:51
139282,2026-07-27,2025-10-30,,https://www.advich.com/pggdzjzngg/,DESKTOP,,0,24,0.0,13.875,page_device,2026-07-27 13:02:51
139283,2026-07-27,2025-10-30,,https://www.advich.com/phcxtgcgmj/,MOBILE,,0,9,0.0,44.111111111111114,page_device,2026-07-27 13:02:51
139284,2026-07-27,2025-10-30,,https://www.advich.com/pjcypjcbrh/,DESKTOP,,0,1,0.0,56.0,page_device,2026-07-27 13:02:51
139285,2026-07-27,2025-10-30,,https://www.advich.com/pltfxdyhcl/,DESKTOP,,0,1,0.0,20.0,page_device,2026-07-27 13:02:51
139286,2026-07-27,2025-10-30,,https://www.advich.com/pmssmspyxm/,MOBILE,,0,1,0.0,1.0,page_device,2026-07-27 13:02:51
139287,2026-07-27,2025-10-30,,https://www.advich.com/ppc-managemen/,DESKTOP,,0,1,0.0,38.0,page_device,2026-07-27 13:02:51
139288,2026-07-27,2025-10-30,,https://www.advich.com/promotion-skills-of-fb-group/,DESKTOP,,0,1,0.0,29.0,page_device,2026-07-27 13:02:51
139289,2026-07-27,2025-10-30,,https://www.advich.com/qzkhkfggrh/,DESKTOP,,0,1,0.0,29.0,page_device,2026-07-27 13:02:51
139290,2026-07-27,2025-10-30,,https://www.advich.com/rggrmnxyzd/,DESKTOP,,0,6,0.0,41.5,page_device,2026-07-27 13:02:51
139291,2026-07-27,2025-10-30,,https://www.advich.com/rhcqtrdttl/,DESKTOP,,0,1,0.0,15.0,page_device,2026-07-27 13:02:51
139292,2026-07-27,2025-10-30,,https://www.advich.com/rhcqtrdttl/,MOBILE,,0,1,0.0,13.0,page_device,2026-07-27 13:02:51
139293,2026-07-27,2025-10-30,,https://www.advich.com/rhfxmhgzdl/,DESKTOP,,0,3,0.0,8.666666666666668,page_device,2026-07-27 13:02:51
139294,2026-07-27,2025-10-30,,https://www.advich.com/rhfxmhgzdl/,MOBILE,,0,1,0.0,11.0,page_device,2026-07-27 13:02:51
139295,2026-07-27,2025-10-30,,https://www.advich.com/rhhzsyztxy/,DESKTOP,,0,3,0.0,16.333333333333336,page_device,2026-07-27 13:02:51
139296,2026-07-27,2025-10-30,,https://www.advich.com/rhjcggsdgj/,DESKTOP,,0,3,0.0,47.0,page_device,2026-07-27 13:02:51
139297,2026-07-27,2025-10-30,,https://www.advich.com/rhjdcggggz/,DESKTOP,,0,1,0.0,79.0,page_device,2026-07-27 13:02:51
139298,2026-07-27,2025-10-30,,https://www.advich.com/rhjrbstcdg/,DESKTOP,,0,2,0.0,56.5,page_device,2026-07-27 13:02:51
139299,2026-07-27,2025-10-30,,https://www.advich.com/rhjsyxgsgg/,DESKTOP,,0,2,0.0,65.0,page_device,2026-07-27 13:02:51
139300,2026-07-27,2025-10-30,,https://www.advich.com/rhjxjmtfxj/,DESKTOP,,0,1,0.0,91.0,page_device,2026-07-27 13:02:51
139301,2026-07-27,2025-10-30,,https://www.advich.com/rhqdhlcggg/,DESKTOP,,0,6,0.0,91.0,page_device,2026-07-27 13:02:51
139302,2026-07-27,2025-10-30,,https://www.advich.com/rhsyfggkjx/,DESKTOP,,0,1,0.0,85.0,page_device,2026-07-27 13:02:51
139303,2026-07-27,2025-10-30,,https://www.advich.com/rhsyggbzkz/,DESKTOP,,0,5,0.0,11.8,page_device,2026-07-27 13:02:51
139304,2026-07-27,2025-10-30,,https://www.advich.com/rhsyggggtb/,DESKTOP,,0,1,0.0,99.0,page_device,2026-07-27 13:02:51
139305,2026-07-27,2025-10-30,,https://www.advich.com/rhsyggjzyc/,DESKTOP,,0,1,0.0,69.0,page_device,2026-07-27 13:02:51
139306,2026-07-27,2025-10-30,,https://www.advich.com/rhsypmdclb/,DESKTOP,,0,1,0.0,2.0,page_device,2026-07-27 13:02:51
139307,2026-07-27,2025-10-30,,https://www.advich.com/rhsyscjst/,DESKTOP,,0,2,0.0,79.5,page_device,2026-07-27 13:02:51
139308,2026-07-27,2025-10-30,,https://www.advich.com/rhszgbqglq/,DESKTOP,,0,2,0.0,65.0,page_device,2026-07-27 13:02:51
139309,2026-07-27,2025-10-30,,https://www.advich.com/rhtgggggtg/,DESKTOP,,0,8,0.0,56.875,page_device,2026-07-27 13:02:51
139310,2026-07-27,2025-10-30,,https://www.advich.com/rhtgyggscl/,DESKTOP,,0,5,0.0,37.0,page_device,2026-07-27 13:02:51
139311,2026-07-27,2025-10-30,,https://www.advich.com/rhwggggxzz/,DESKTOP,,0,4,0.0,78.25,page_device,2026-07-27 13:02:51
139312,2026-07-27,2025-10-30,,https://www.advich.com/rhwkhyxggg/,DESKTOP,,0,12,0.0,9.416666666666666,page_device,2026-07-27 13:02:51
139313,2026-07-27,2025-10-30,,https://www.advich.com/rhxdyycjw/,DESKTOP,,0,1,0.0,67.0,page_device,2026-07-27 13:02:51
139314,2026-07-27,2025-10-30,,https://www.advich.com/rhzedzbgzc/,TABLET,,0,2,0.0,10.0,page_device,2026-07-27 13:02:51
139315,2026-07-27,2025-10-30,,https://www.advich.com/rhzezcjdjm/,DESKTOP,,0,1,0.0,15.0,page_device,2026-07-27 13:02:51
139316,2026-07-27,2025-10-30,,https://www.advich.com/rhzezcjrct/,DESKTOP,,0,1,0.0,55.0,page_device,2026-07-27 13:02:51
139317,2026-07-27,2025-10-30,,https://www.advich.com/rhzezhzjyl/,DESKTOP,,0,1,0.0,47.0,page_device,2026-07-27 13:02:51
139318,2026-07-27,2025-10-30,,https://www.advich.com/rhzezzzbjt/,DESKTOP,,0,1,0.0,106.0,page_device,2026-07-27 13:02:51
139319,2026-07-27,2025-10-30,,https://www.advich.com/rhzezzzszt/,DESKTOP,,0,1,0.0,9.0,page_device,2026-07-27 13:02:51
139320,2026-07-27,2025-10-30,,https://www.advich.com/rhzezzzszt/,TABLET,,0,1,0.0,4.0,page_device,2026-07-27 13:02:51
139321,2026-07-27,2025-10-30,,https://www.advich.com/rhzgssyatx/,DESKTOP,,0,2,0.0,42.5,page_device,2026-07-27 13:02:51
139322,2026-07-27,2025-10-30,,https://www.advich.com/rhzgssyatx/,MOBILE,,0,3,0.0,27.0,page_device,2026-07-27 13:02:51
139323,2026-07-27,2025-10-30,,https://www.advich.com/rhzgzcjzdy/,DESKTOP,,0,11,0.0,66.45454545454545,page_device,2026-07-27 13:02:51
139324,2026-07-27,2025-10-30,,https://www.advich.com/rhzgzcjzdy/,MOBILE,,0,7,0.0,67.0,page_device,2026-07-27 13:02:51
139325,2026-07-27,2025-10-30,,https://www.advich.com/rhzgzhzpt/,DESKTOP,,0,1,0.0,20.0,page_device,2026-07-27 13:02:51
139326,2026-07-27,2025-10-30,,https://www.advich.com/rhzgzsydks/,DESKTOP,,0,1,0.0,73.0,page_device,2026-07-27 13:02:51
139327,2026-07-27,2025-10-30,,https://www.advich.com/rhzgzzzbjt/,DESKTOP,,0,1,0.0,34.0,page_device,2026-07-27 13:02:51
139328,2026-07-27,2025-10-30,,https://www.advich.com/rhztswahis/,DESKTOP,,0,45,0.0,6.644444444444445,page_device,2026-07-27 13:02:51
139329,2026-07-27,2025-10-30,,https://www.advich.com/rhzyfznzzs/,DESKTOP,,0,1,0.0,47.0,page_device,2026-07-27 13:02:51
139330,2026-07-27,2025-10-30,,https://www.advich.com/rhzyfznzzs/,MOBILE,,0,1,0.0,43.0,page_device,2026-07-27 13:02:51
139331,2026-07-27,2025-10-30,,https://www.advich.com/rich-media/,DESKTOP,,0,10,0.0,20.4,page_device,2026-07-27 13:02:51
139332,2026-07-27,2025-10-30,,https://www.advich.com/ryrtgrhrdf/,DESKTOP,,0,4,0.0,35.0,page_device,2026-07-27 13:02:51
139333,2026-07-27,2025-10-30,,https://www.advich.com/sdtbyzdtbj/,DESKTOP,,0,1,0.0,109.0,page_device,2026-07-27 13:02:51
139334,2026-07-27,2025-10-30,,https://www.advich.com/sdtbyzdtbj/,MOBILE,,0,1,0.0,50.0,page_device,2026-07-27 13:02:51
139335,2026-07-27,2025-10-30,,https://www.advich.com/search-engine-integrated-marketing/,DESKTOP,,0,4,0.0,72.25,page_device,2026-07-27 13:02:51
139336,2026-07-27,2025-10-30,,https://www.advich.com/search-marketing/google-display-ads/,DESKTOP,,0,21,0.0,85.85714285714286,page_device,2026-07-27 13:02:51
139337,2026-07-27,2025-10-30,,https://www.advich.com/search-marketing/search-advertising/,DESKTOP,,0,8,0.0,78.875,page_device,2026-07-27 13:02:51
139338,2026-07-27,2025-10-30,,https://www.advich.com/sem-search-engine-marketing/,DESKTOP,,0,3,0.0,68.33333333333333,page_device,2026-07-27 13:02:51
139339,2026-07-27,2025-10-30,,https://www.advich.com/seo-service/,DESKTOP,,0,14,0.0,85.21428571428571,page_device,2026-07-27 13:02:51
139340,2026-07-27,2025-10-30,,https://www.advich.com/seo/,DESKTOP,,0,4,0.0,76.0,page_device,2026-07-27 13:02:51
139341,2026-07-27,2025-10-30,,https://www.advich.com/seo/,MOBILE,,0,1,0.0,94.0,page_device,2026-07-27 13:02:51
139342,2026-07-27,2025-10-30,,https://www.advich.com/shopify/,DESKTOP,,0,19,0.0,8.894736842105264,page_device,2026-07-27 13:02:51
139343,2026-07-27,2025-10-30,,https://www.advich.com/sjccdqgfcs/,DESKTOP,,0,1,0.0,81.0,page_device,2026-07-27 13:02:51
139344,2026-07-27,2025-10-30,,https://www.advich.com/sjfxsyywfx/,DESKTOP,,0,14,0.0,1.0714285714285714,page_device,2026-07-27 13:02:51
139345,2026-07-27,2025-10-30,,https://www.advich.com/sjfxszsmnz/,DESKTOP,,0,1,0.0,30.0,page_device,2026-07-27 13:02:51
139346,2026-07-27,2025-10-30,,https://www.advich.com/smsdjlwsmc/,DESKTOP,,0,4,0.0,27.0,page_device,2026-07-27 13:02:51
139347,2026-07-27,2025-10-30,,https://www.advich.com/smsdjlwsmc/,MOBILE,,0,4,0.0,7.75,page_device,2026-07-27 13:02:51
139348,2026-07-27,2025-10-30,,https://www.advich.com/smsdtxsggy/,DESKTOP,,0,2,0.0,20.0,page_device,2026-07-27 13:02:51
139349,2026-07-27,2025-10-30,,https://www.advich.com/smsdtxsggy/,MOBILE,,0,2,0.0,41.5,page_device,2026-07-27 13:02:51
139350,2026-07-27,2025-10-30,,https://www.advich.com/smsggbqglq/,DESKTOP,,0,20,0.0,79.55,page_device,2026-07-27 13:02:51
139351,2026-07-27,2025-10-30,,https://www.advich.com/smsggdcljg/,DESKTOP,,0,9,0.0,58.666666666666664,page_device,2026-07-27 13:02:51
139352,2026-07-27,2025-10-30,,https://www.advich.com/smsggxswlr/,DESKTOP,,0,2,0.0,54.0,page_device,2026-07-27 13:02:51
139353,2026-07-27,2025-10-30,,https://www.advich.com/smsggzdcrh/,DESKTOP,,0,5,0.0,48.0,page_device,2026-07-27 13:02:51
139354,2026-07-27,2025-10-30,,https://www.advich.com/smsggzdcrh/,MOBILE,,0,1,0.0,8.0,page_device,2026-07-27 13:02:51
139355,2026-07-27,2025-10-30,,https://www.advich.com/smsgjccjfx/,DESKTOP,,0,9,0.0,13.555555555555555,page_device,2026-07-27 13:02:51
139356,2026-07-27,2025-10-30,,https://www.advich.com/smshdccddy/,DESKTOP,,0,19,0.0,44.31578947368421,page_device,2026-07-27 13:02:51
139357,2026-07-27,2025-10-30,,https://www.advich.com/smsjztrhks/,DESKTOP,,0,3,0.0,50.333333333333336,page_device,2026-07-27 13:02:51
139358,2026-07-27,2025-10-30,,https://www.advich.com/smsryxlyrt/,DESKTOP,,0,2,0.0,93.5,page_device,2026-07-27 13:02:51
139359,2026-07-27,2025-10-30,,https://www.advich.com/smstsxsjfx/,DESKTOP,,0,2,0.0,47.0,page_device,2026-07-27 13:02:51
139360,2026-07-27,2025-10-30,,https://www.advich.com/smszhcbgsh/,DESKTOP,,0,16,0.0,35.625,page_device,2026-07-27 13:02:51
139361,2026-07-27,2025-10-30,,https://www.advich.com/smszhcbgsh/,MOBILE,,0,2,0.0,9.5,page_device,2026-07-27 13:02:51
139362,2026-07-27,2025-10-30,,https://www.advich.com/smszlfswsm/,DESKTOP,,0,1,0.0,9.0,page_device,2026-07-27 13:02:51
139363,2026-07-27,2025-10-30,,https://www.advich.com/smszyxykld/,DESKTOP,,0,2,0.0,14.0,page_device,2026-07-27 13:02:51
139364,2026-07-27,2025-10-30,,https://www.advich.com/smtxzshbjs/,DESKTOP,,0,2,0.0,80.5,page_device,2026-07-27 13:02:51
139365,2026-07-27,2025-10-30,,https://www.advich.com/sscygjcggg/,DESKTOP,,0,3,0.0,19.333333333333332,page_device,2026-07-27 13:02:51
139366,2026-07-27,2025-10-30,,https://www.advich.com/ssggyggggs/,DESKTOP,,0,2,0.0,59.0,page_device,2026-07-27 13:02:51
139367,2026-07-27,2025-10-30,,https://www.advich.com/standalone-user/,DESKTOP,,0,1,0.0,68.0,page_device,2026-07-27 13:02:51
139368,2026-07-27,2025-10-30,,https://www.advich.com/syfggkdzcx/,DESKTOP,,0,15,0.0,11.6,page_device,2026-07-27 13:02:51
139369,2026-07-27,2025-10-30,,https://www.advich.com/syxmsrmznx/,DESKTOP,,0,1,0.0,50.0,page_device,2026-07-27 13:02:51
139370,2026-07-27,2025-10-30,,https://www.advich.com/szggdcymzq/,MOBILE,,0,1,0.0,32.0,page_device,2026-07-27 13:02:51
139371,2026-07-27,2025-10-30,,https://www.advich.com/szyxryprzk/,DESKTOP,,0,4,0.0,42.75,page_device,2026-07-27 13:02:51
139372,2026-07-27,2025-10-30,,https://www.advich.com/tgpxndgxzl/,DESKTOP,,0,51,0.0,5.705882352941177,page_device,2026-07-27 13:02:51
139373,2026-07-27,2025-10-30,,https://www.advich.com/tgpxndgxzl/,MOBILE,,0,59,0.0,7.491525423728813,page_device,2026-07-27 13:02:51
139374,2026-07-27,2025-10-30,,https://www.advich.com/the-difference-between-google-seo-and-google-adwords/,MOBILE,,0,1,0.0,4.0,page_device,2026-07-27 13:02:51
139375,2026-07-27,2025-10-30,,https://www.advich.com/tiktok-advertising-marketing/,DESKTOP,,0,1,0.0,16.0,page_device,2026-07-27 13:02:51
139376,2026-07-27,2025-10-30,,https://www.advich.com/tiktok/,MOBILE,,0,4,0.0,24.5,page_device,2026-07-27 13:02:51
139377,2026-07-27,2025-10-30,,https://www.advich.com/trade/,DESKTOP,,0,3,0.0,76.33333333333333,page_device,2026-07-27 13:02:51
139378,2026-07-27,2025-10-30,,https://www.advich.com/tsyxylsyxc/,DESKTOP,,0,2,0.0,2.0,page_device,2026-07-27 13:02:51
139379,2026-07-27,2025-10-30,,https://www.advich.com/twitter-integrated-marketing/,DESKTOP,,0,1,0.0,45.0,page_device,2026-07-27 13:02:51
139380,2026-07-27,2025-10-30,,https://www.advich.com/twitter-marketing-skills/,DESKTOP,,0,2,0.0,47.5,page_device,2026-07-27 13:02:51
139381,2026-07-27,2025-10-30,,https://www.advich.com/twsmtmznds/,DESKTOP,,0,15,0.0,75.2,page_device,2026-07-27 13:02:51
139382,2026-07-27,2025-10-30,,https://www.advich.com/txdzjysyyk/,DESKTOP,,0,12,0.0,16.833333333333336,page_device,2026-07-27 13:02:51
139383,2026-07-27,2025-10-30,,https://www.advich.com/ultimate-guide-to-googles-custom-intent-audiences/,DESKTOP,,0,1,0.0,85.0,page_device,2026-07-27 13:02:51
139384,2026-07-27,2025-10-30,,https://www.advich.com/wbggdsgbyb/,DESKTOP,,0,1,0.0,1.0,page_device,2026-07-27 13:02:51
139385,2026-07-27,2025-10-30,,https://www.advich.com/what-are-the-advantages-of-google-seo-and-google-sem-do-you-know/,DESKTOP,,0,5,0.0,52.6,page_device,2026-07-27 13:02:51
139386,2026-07-27,2025-10-30,,https://www.advich.com/what-is-an-independent-station-why-stand-alone/,DESKTOP,,0,12,0.0,50.25,page_device,2026-07-27 13:02:51
139387,2026-07-27,2025-10-30,,https://www.advich.com/what-is-an-independent-station-why-stand-alone/,MOBILE,,0,4,0.0,3.25,page_device,2026-07-27 13:02:51
139388,2026-07-27,2025-10-30,,https://www.advich.com/wsmgjcyjds/,DESKTOP,,0,11,0.0,11.363636363636363,page_device,2026-07-27 13:02:51
139389,2026-07-27,2025-10-30,,https://www.advich.com/wsmrjszggt/,DESKTOP,,0,2,0.0,19.5,page_device,2026-07-27 13:02:51
139390,2026-07-27,2025-10-30,,https://www.advich.com/xnsxpsqhgt/,DESKTOP,,0,14,0.0,2.142857142857143,page_device,2026-07-27 13:02:51
139391,2026-07-27,2025-10-30,,https://www.advich.com/xsssjbhqsd/,DESKTOP,,0,7,0.0,11.714285714285714,page_device,2026-07-27 13:02:51
139392,2026-07-27,2025-10-30,,https://www.advich.com/xxscstslyc/,DESKTOP,,0,1,0.0,2.0,page_device,2026-07-27 13:02:51
139393,2026-07-27,2025-10-30,,https://www.advich.com/xycdcdqgll/,DESKTOP,,0,1,0.0,7.0,page_device,2026-07-27 13:02:51
139394,2026-07-27,2025-10-30,,https://www.advich.com/xycdcdqgll/,MOBILE,,0,1,0.0,14.0,page_device,2026-07-27 13:02:51
139395,2026-07-27,2025-10-30,,https://www.advich.com/xysssggxzs/,DESKTOP,,0,1,0.0,54.0,page_device,2026-07-27 13:02:51
139396,2026-07-27,2025-10-30,,https://www.advich.com/ycjcslzggt/,DESKTOP,,0,14,0.0,6.142857142857143,page_device,2026-07-27 13:02:51
139397,2026-07-27,2025-10-30,,https://www.advich.com/yhfggcbhrd/,DESKTOP,,0,2,0.0,58.0,page_device,2026-07-27 13:02:51
139398,2026-07-27,2025-10-30,,https://www.advich.com/yhpggygskh/,DESKTOP,,0,1,0.0,10.0,page_device,2026-07-27 13:02:51
139399,2026-07-27,2025-10-30,,https://www.advich.com/youtube-advertising-operations/,DESKTOP,,0,1,0.0,66.0,page_device,2026-07-27 13:02:51
139400,2026-07-27,2025-10-30,,https://www.advich.com/youtube-channel/,DESKTOP,,0,2,0.0,73.0,page_device,2026-07-27 13:02:51
139401,2026-07-27,2025-10-30,,https://www.advich.com/ypddggggrh/,DESKTOP,,0,1,0.0,98.0,page_device,2026-07-27 13:02:51
139402,2026-07-27,2025-10-30,,https://www.advich.com/ytb/,MOBILE,,0,1,0.0,20.0,page_device,2026-07-27 13:02:51
139403,2026-07-27,2025-10-30,,https://www.advich.com/yxsdngbggg/,DESKTOP,,0,1,0.0,1.0,page_device,2026-07-27 13:02:51
139404,2026-07-27,2025-10-30,,https://www.advich.com/yyzxcjsdtd/,DESKTOP,,0,1,0.0,33.0,page_device,2026-07-27 13:02:51
139405,2026-07-27,2025-10-30,,https://www.advich.com/zdhhjqxxjg/,DESKTOP,,0,12,0.0,17.916666666666668,page_device,2026-07-27 13:02:51
139406,2026-07-27,2025-10-30,,https://www.advich.com/zggggzsysj/,DESKTOP,,0,1,0.0,18.0,page_device,2026-07-27 13:02:51
139407,2026-07-27,2025-10-30,,https://www.advich.com/zhyxcbdjtl/,DESKTOP,,0,3,0.0,51.0,page_device,2026-07-27 13:02:51
139408,2026-07-27,2025-10-30,,https://www.advich.com/zjdgggggxk/,DESKTOP,,0,2,0.0,64.0,page_device,2026-07-27 13:02:51
139409,2026-07-27,2025-10-30,,https://www.advich.com/zjggxsggsl/,DESKTOP,,0,1,0.0,8.0,page_device,2026-07-27 13:02:51
139410,2026-07-27,2025-10-30,,https://www.advich.com/zjggxsggsl/,MOBILE,,0,1,0.0,72.0,page_device,2026-07-27 13:02:51
139411,2026-07-27,2025-10-30,,https://www.advich.com/zlxdggggkz/,DESKTOP,,0,2,0.0,48.0,page_device,2026-07-27 13:02:51
139412,2026-07-27,2025-10-30,,https://www.advich.com/zngwhdybzh/,DESKTOP,,0,1,0.0,27.0,page_device,2026-07-27 13:02:51
139413,2026-07-27,2025-10-30,,https://www.advich.com/zqhwsyggptjsyqdfyfx/,DESKTOP,,0,4,0.0,25.0,page_device,2026-07-27 13:02:51
139414,2026-07-27,2025-10-30,,https://www.advich.com/zqhwsyggptjsyqdfyfx/,MOBILE,,0,1,0.0,8.0,page_device,2026-07-27 13:02:51
139415,2026-07-27,2025-10-30,,https://www.advich.com/zwggggzdtz/,DESKTOP,,0,2,0.0,42.0,page_device,2026-07-27 13:02:51
139416,2026-07-27,2025-10-30,,https://www.advich.com/zztssclzyx/,DESKTOP,,0,9,0.0,78.44444444444444,page_device,2026-07-27 13:02:51
139417,2026-07-27,2025-10-30,,https://www.advich.com/zztssclzyx/,MOBILE,,0,6,0.0,92.16666666666667,page_device,2026-07-27 13:02:51
130506,2026-07-27,2025-09-30,,https://www.advich.com/,DESKTOP,,9,61,0.14754098360655737,3.459016393442623,page_device,2026-07-27 13:02:36
130507,2026-07-27,2025-09-30,,https://www.advich.com/home/,DESKTOP,,7,31,0.22580645161290322,2.32258064516129,page_device,2026-07-27 13:02:36
130508,2026-07-27,2025-09-30,,https://www.advich.com/home/,MOBILE,,3,9,0.3333333333333333,4.555555555555555,page_device,2026-07-27 13:02:36
130509,2026-07-27,2025-09-30,,https://www.advich.com/rhztswahis/,MOBILE,,2,40,0.05,6.325,page_device,2026-07-27 13:02:36
130510,2026-07-27,2025-09-30,,https://www.advich.com/tiktok/,DESKTOP,,2,58,0.034482758620689655,8.327586206896552,page_device,2026-07-27 13:02:36
130511,2026-07-27,2025-09-30,,https://www.advich.com/,MOBILE,,1,18,0.05555555555555555,4.166666666666666,page_device,2026-07-27 13:02:36
130512,2026-07-27,2025-09-30,,https://www.advich.com/about-us/,DESKTOP,,1,43,0.023255813953488372,6.023255813953488,page_device,2026-07-27 13:02:36
130513,2026-07-27,2025-09-30,,https://www.advich.com/hqggggrzdf/,DESKTOP,,1,5,0.2,28.6,page_device,2026-07-27 13:02:36
130514,2026-07-27,2025-09-30,,https://www.advich.com/rhzedzbgzc/,MOBILE,,1,10,0.1,9.1,page_device,2026-07-27 13:02:36
130515,2026-07-27,2025-09-30,,https://www.advich.com/rhzezzzszt/,DESKTOP,,1,5,0.2,5.6,page_device,2026-07-27 13:02:36
130516,2026-07-27,2025-09-30,,https://www.advich.com/rhztswahis/,DESKTOP,,1,8,0.125,7.875,page_device,2026-07-27 13:02:36
130517,2026-07-27,2025-09-30,,https://www.advich.com/smsggzdcrh/,DESKTOP,,1,11,0.09090909090909091,46.45454545454545,page_device,2026-07-27 13:02:36
130518,2026-07-27,2025-09-30,,https://www.advich.com/tiktok/,MOBILE,,1,10,0.1,15.0,page_device,2026-07-27 13:02:36
130519,2026-07-27,2025-09-30,,https://www.advich.com/about-us/,MOBILE,,0,16,0.0,6.1875,page_device,2026-07-27 13:02:36
130520,2026-07-27,2025-09-30,,https://www.advich.com/adweb-global-station/,DESKTOP,,0,1,0.0,9.0,page_device,2026-07-27 13:02:36
130521,2026-07-27,2025-09-30,,https://www.advich.com/cost-per-click/,DESKTOP,,0,4,0.0,93.5,page_device,2026-07-27 13:02:36
130522,2026-07-27,2025-09-30,,https://www.advich.com/djlgdmyzhr/,DESKTOP,,0,5,0.0,92.0,page_device,2026-07-27 13:02:36
130523,2026-07-27,2025-09-30,,https://www.advich.com/dlktlbfxjs/,DESKTOP,,0,24,0.0,15.833333333333334,page_device,2026-07-27 13:02:36
130524,2026-07-27,2025-09-30,,https://www.advich.com/dlktlbfxjs/,MOBILE,,0,5,0.0,8.4,page_device,2026-07-27 13:02:36
130525,2026-07-27,2025-09-30,,https://www.advich.com/dlktlbfxjs/,TABLET,,0,1,0.0,9.0,page_device,2026-07-27 13:02:36
130526,2026-07-27,2025-09-30,,https://www.advich.com/drainage-channels-of-independent-foreign-trade-stations/,DESKTOP,,0,1,0.0,115.0,page_device,2026-07-27 13:02:36
130527,2026-07-27,2025-09-30,,https://www.advich.com/dtssggddzj/,DESKTOP,,0,22,0.0,62.31818181818182,page_device,2026-07-27 13:02:36
130528,2026-07-27,2025-09-30,,https://www.advich.com/dynamic-search-ads/,DESKTOP,,0,3,0.0,29.0,page_device,2026-07-27 13:02:36
130529,2026-07-27,2025-09-30,,https://www.advich.com/dynamic-search-ads/,MOBILE,,0,1,0.0,23.0,page_device,2026-07-27 13:02:36
130530,2026-07-27,2025-09-30,,https://www.advich.com/dysxqcpthg/,DESKTOP,,0,4,0.0,55.5,page_device,2026-07-27 13:02:36
130531,2026-07-27,2025-09-30,,https://www.advich.com/dzgjhppxxl/,DESKTOP,,0,4,0.0,7.5,page_device,2026-07-27 13:02:36
130532,2026-07-27,2025-09-30,,https://www.advich.com/fb/,DESKTOP,,0,62,0.0,51.806451612903224,page_device,2026-07-27 13:02:36
130533,2026-07-27,2025-09-30,,https://www.advich.com/fb/,MOBILE,,0,22,0.0,64.4090909090909,page_device,2026-07-27 13:02:36
130534,2026-07-27,2025-09-30,,https://www.advich.com/gads/,DESKTOP,,0,21,0.0,11.047619047619047,page_device,2026-07-27 13:02:36
130535,2026-07-27,2025-09-30,,https://www.advich.com/gads/,MOBILE,,0,4,0.0,8.25,page_device,2026-07-27 13:02:36
130536,2026-07-27,2025-09-30,,https://www.advich.com/gaehdxgnhd/,DESKTOP,,0,6,0.0,24.0,page_device,2026-07-27 13:02:36
130537,2026-07-27,2025-09-30,,https://www.advich.com/gaehdxgnhd/,MOBILE,,0,1,0.0,48.0,page_device,2026-07-27 13:02:36
130538,2026-07-27,2025-09-30,,https://www.advich.com/ggfxdmznlr/,DESKTOP,,0,2,0.0,24.0,page_device,2026-07-27 13:02:36
130539,2026-07-27,2025-09-30,,https://www.advich.com/gggfzcsytg/,DESKTOP,,0,22,0.0,9.454545454545455,page_device,2026-07-27 13:02:36
130540,2026-07-27,2025-09-30,,https://www.advich.com/gggfzcsytg/,MOBILE,,0,14,0.0,7.642857142857143,page_device,2026-07-27 13:02:36
130541,2026-07-27,2025-09-30,,https://www.advich.com/ggggbjzjzn/,DESKTOP,,0,4,0.0,9.75,page_device,2026-07-27 13:02:36
130542,2026-07-27,2025-09-30,,https://www.advich.com/ggggdwjbfx/,DESKTOP,,0,1,0.0,64.0,page_device,2026-07-27 13:02:36
130543,2026-07-27,2025-09-30,,https://www.advich.com/gggggslxyl/,DESKTOP,,0,5,0.0,7.4,page_device,2026-07-27 13:02:36
130544,2026-07-27,2025-09-30,,https://www.advich.com/ggggmyhfys/,DESKTOP,,0,4,0.0,91.25,page_device,2026-07-27 13:02:36
130545,2026-07-27,2025-09-30,,https://www.advich.com/ggggmzhrhz/,DESKTOP,,0,1,0.0,35.0,page_device,2026-07-27 13:02:36
130546,2026-07-27,2025-09-30,,https://www.advich.com/ggggtgkzcg/,DESKTOP,,0,1,0.0,12.0,page_device,2026-07-27 13:02:36
130547,2026-07-27,2025-09-30,,https://www.advich.com/ggggzyxbqr/,DESKTOP,,0,1,0.0,103.0,page_device,2026-07-27 13:02:36
130548,2026-07-27,2025-09-30,,https://www.advich.com/ggggzyxzjs/,DESKTOP,,0,4,0.0,81.5,page_device,2026-07-27 13:02:36
130549,2026-07-27,2025-09-30,,https://www.advich.com/ggggzyxzjs/,MOBILE,,0,1,0.0,67.0,page_device,2026-07-27 13:02:36
130550,2026-07-27,2025-09-30,,https://www.advich.com/gggjcghqmf/,DESKTOP,,0,4,0.0,37.75,page_device,2026-07-27 13:02:36
130551,2026-07-27,2025-09-30,,https://www.advich.com/gggjjcjjqrngtggsycl/,DESKTOP,,0,1,0.0,48.0,page_device,2026-07-27 13:02:36
130552,2026-07-27,2025-09-30,,https://www.advich.com/gggwcxdm/,DESKTOP,,0,1,0.0,7.0,page_device,2026-07-27 13:02:36
130553,2026-07-27,2025-09-30,,https://www.advich.com/ggjjzgfxdsjjclyd/,DESKTOP,,0,1,0.0,27.0,page_device,2026-07-27 13:02:36
130554,2026-07-27,2025-09-30,,https://www.advich.com/ggjjzrhz/,DESKTOP,,0,9,0.0,95.88888888888889,page_device,2026-07-27 13:02:36
130555,2026-07-27,2025-09-30,,https://www.advich.com/ggkdljrggd/,DESKTOP,,0,9,0.0,48.888888888888886,page_device,2026-07-27 13:02:36
130556,2026-07-27,2025-09-30,,https://www.advich.com/ggrnjydxgg/,MOBILE,,0,1,0.0,11.0,page_device,2026-07-27 13:02:36
130557,2026-07-27,2025-09-30,,https://www.advich.com/ggsskztxzj/,DESKTOP,,0,1,0.0,105.0,page_device,2026-07-27 13:02:36
130558,2026-07-27,2025-09-30,,https://www.advich.com/ggtgzgjqphggsyggstgcl/,DESKTOP,,0,22,0.0,72.0909090909091,page_device,2026-07-27 13:02:36
130559,2026-07-27,2025-09-30,,https://www.advich.com/ggxbwyyggz/,DESKTOP,,0,3,0.0,2.666666666666667,page_device,2026-07-27 13:02:36
130560,2026-07-27,2025-09-30,,https://www.advich.com/ggzshdzxyh/,DESKTOP,,0,1,0.0,20.0,page_device,2026-07-27 13:02:36
130561,2026-07-27,2025-09-30,,https://www.advich.com/ggzyxsrhyz/,DESKTOP,,0,7,0.0,43.142857142857146,page_device,2026-07-27 13:02:36
130562,2026-07-27,2025-09-30,,https://www.advich.com/gjggggszdw/,DESKTOP,,0,4,0.0,84.5,page_device,2026-07-27 13:02:36
130563,2026-07-27,2025-09-30,,https://www.advich.com/gjggggszdw/,MOBILE,,0,3,0.0,92.33333333333333,page_device,2026-07-27 13:02:36
130564,2026-07-27,2025-09-30,,https://www.advich.com/google-promotion-has-several-advertising-spaces/,DESKTOP,,0,2,0.0,75.0,page_device,2026-07-27 13:02:36
130565,2026-07-27,2025-09-30,,https://www.advich.com/google-sem/,DESKTOP,,0,2,0.0,74.5,page_device,2026-07-27 13:02:36
130566,2026-07-27,2025-09-30,,https://www.advich.com/gycggdzyyx/,DESKTOP,,0,1,0.0,3.0,page_device,2026-07-27 13:02:36
130567,2026-07-27,2025-09-30,,https://www.advich.com/gyszfwfadn/,DESKTOP,,0,3,0.0,27.333333333333332,page_device,2026-07-27 13:02:36
130568,2026-07-27,2025-09-30,,https://www.advich.com/independent-station-external-chain/,DESKTOP,,0,2,0.0,16.5,page_device,2026-07-27 13:02:36
130569,2026-07-27,2025-09-30,,https://www.advich.com/independent-station-selling-goods/,DESKTOP,,0,5,0.0,12.8,page_device,2026-07-27 13:02:36
130570,2026-07-27,2025-09-30,,https://www.advich.com/integrated-marketing-ecology/,DESKTOP,,0,1,0.0,18.0,page_device,2026-07-27 13:02:36
130571,2026-07-27,2025-09-30,,https://www.advich.com/integrated-marketing-platform/,DESKTOP,,0,6,0.0,18.5,page_device,2026-07-27 13:02:36
130572,2026-07-27,2025-09-30,,https://www.advich.com/khxfjsszjx/,DESKTOP,,0,11,0.0,44.54545454545455,page_device,2026-07-27 13:02:36
130573,2026-07-27,2025-09-30,,https://www.advich.com/khxfjsszjx/,MOBILE,,0,11,0.0,53.90909090909091,page_device,2026-07-27 13:02:36
130574,2026-07-27,2025-09-30,,https://www.advich.com/ksdycpgghd/,DESKTOP,,0,1,0.0,45.0,page_device,2026-07-27 13:02:36
130575,2026-07-27,2025-09-30,,https://www.advich.com/linkedin-account-registration/,DESKTOP,,0,2,0.0,32.0,page_device,2026-07-27 13:02:36
130576,2026-07-27,2025-09-30,,https://www.advich.com/ljrhzezcjx/,DESKTOP,,0,6,0.0,19.666666666666668,page_device,2026-07-27 13:02:36
130577,2026-07-27,2025-09-30,,https://www.advich.com/lziddjczzj/,DESKTOP,,0,1,0.0,10.0,page_device,2026-07-27 13:02:36
130578,2026-07-27,2025-09-30,,https://www.advich.com/mddyggggbp/,DESKTOP,,0,2,0.0,44.0,page_device,2026-07-27 13:02:36
130579,2026-07-27,2025-09-30,,https://www.advich.com/mddyggggbp/,MOBILE,,0,3,0.0,34.666666666666664,page_device,2026-07-27 13:02:36
130580,2026-07-27,2025-09-30,,https://www.advich.com/mxcxzdtggc/,DESKTOP,,0,1,0.0,109.0,page_device,2026-07-27 13:02:36
130581,2026-07-27,2025-09-30,,https://www.advich.com/nbyxzlsl/,DESKTOP,,0,1,0.0,106.0,page_device,2026-07-27 13:02:36
130582,2026-07-27,2025-09-30,,https://www.advich.com/new-knowledge-of-overseas-social-media-drainage-come-on-up/,DESKTOP,,0,3,0.0,53.333333333333336,page_device,2026-07-27 13:02:36
130583,2026-07-27,2025-09-30,,https://www.advich.com/nkylyszdwx/,MOBILE,,0,1,0.0,87.0,page_device,2026-07-27 13:02:36
130584,2026-07-27,2025-09-30,,https://www.advich.com/nsydsdzjjm/,MOBILE,,0,1,0.0,45.0,page_device,2026-07-27 13:02:36
130585,2026-07-27,2025-09-30,,https://www.advich.com/nxqyldljyx/,DESKTOP,,0,2,0.0,81.0,page_device,2026-07-27 13:02:36
130586,2026-07-27,2025-09-30,,https://www.advich.com/nxqyldljyx/,MOBILE,,0,1,0.0,79.0,page_device,2026-07-27 13:02:36
130587,2026-07-27,2025-09-30,,https://www.advich.com/nxzttsfsyy/,DESKTOP,,0,1,0.0,1.0,page_device,2026-07-27 13:02:36
130588,2026-07-27,2025-09-30,,https://www.advich.com/nxzttsfsyy/,MOBILE,,0,1,0.0,2.0,page_device,2026-07-27 13:02:36
130589,2026-07-27,2025-09-30,,https://www.advich.com/nygsygggga/,DESKTOP,,0,4,0.0,5.5,page_device,2026-07-27 13:02:36
130590,2026-07-27,2025-09-30,,https://www.advich.com/overseas-independent-station/,DESKTOP,,0,2,0.0,5.5,page_device,2026-07-27 13:02:36
130591,2026-07-27,2025-09-30,,https://www.advich.com/overseas-social-media-platform/,DESKTOP,,0,2,0.0,33.0,page_device,2026-07-27 13:02:36
130592,2026-07-27,2025-09-30,,https://www.advich.com/pggdzjzngg/,DESKTOP,,0,8,0.0,11.875,page_device,2026-07-27 13:02:36
130593,2026-07-27,2025-09-30,,https://www.advich.com/pggdzjzngg/,MOBILE,,0,1,0.0,20.0,page_device,2026-07-27 13:02:36
130594,2026-07-27,2025-09-30,,https://www.advich.com/pltfxdyhcl/,DESKTOP,,0,1,0.0,49.0,page_device,2026-07-27 13:02:36
130595,2026-07-27,2025-09-30,,https://www.advich.com/pmssmspyxm/,DESKTOP,,0,5,0.0,10.8,page_device,2026-07-27 13:02:36
130596,2026-07-27,2025-09-30,,https://www.advich.com/rggrmnxyzd/,DESKTOP,,0,6,0.0,39.166666666666664,page_device,2026-07-27 13:02:36
130597,2026-07-27,2025-09-30,,https://www.advich.com/rhcqtrdttl/,DESKTOP,,0,2,0.0,9.0,page_device,2026-07-27 13:02:36
130598,2026-07-27,2025-09-30,,https://www.advich.com/rhfxmhgzdl/,DESKTOP,,0,3,0.0,11.666666666666666,page_device,2026-07-27 13:02:36
130599,2026-07-27,2025-09-30,,https://www.advich.com/rhjcggsdgj/,DESKTOP,,0,4,0.0,45.25,page_device,2026-07-27 13:02:36
130600,2026-07-27,2025-09-30,,https://www.advich.com/rhjrbstcdg/,DESKTOP,,0,1,0.0,40.0,page_device,2026-07-27 13:02:36
130601,2026-07-27,2025-09-30,,https://www.advich.com/rhjrbstcdg/,MOBILE,,0,3,0.0,16.666666666666664,page_device,2026-07-27 13:02:36
130602,2026-07-27,2025-09-30,,https://www.advich.com/rhkshdwzll/,DESKTOP,,0,1,0.0,18.0,page_device,2026-07-27 13:02:36
130603,2026-07-27,2025-09-30,,https://www.advich.com/rhkssygzds/,DESKTOP,,0,1,0.0,9.0,page_device,2026-07-27 13:02:36
130604,2026-07-27,2025-09-30,,https://www.advich.com/rhqdhlcggg/,DESKTOP,,0,14,0.0,89.92857142857143,page_device,2026-07-27 13:02:36
130605,2026-07-27,2025-09-30,,https://www.advich.com/rhsyscjst/,DESKTOP,,0,1,0.0,39.0,page_device,2026-07-27 13:02:36
130606,2026-07-27,2025-09-30,,https://www.advich.com/rhsyxysxsg/,DESKTOP,,0,1,0.0,101.0,page_device,2026-07-27 13:02:36
130607,2026-07-27,2025-09-30,,https://www.advich.com/rhszgbqglq/,DESKTOP,,0,1,0.0,107.0,page_device,2026-07-27 13:02:36
130608,2026-07-27,2025-09-30,,https://www.advich.com/rhszgggwgg/,DESKTOP,,0,1,0.0,40.0,page_device,2026-07-27 13:02:36
130609,2026-07-27,2025-09-30,,https://www.advich.com/rhtgggggtg/,DESKTOP,,0,10,0.0,57.3,page_device,2026-07-27 13:02:36
130610,2026-07-27,2025-09-30,,https://www.advich.com/rhtgyggscl/,DESKTOP,,0,2,0.0,39.0,page_device,2026-07-27 13:02:36
130611,2026-07-27,2025-09-30,,https://www.advich.com/rhtjewjcxl/,DESKTOP,,0,2,0.0,4.0,page_device,2026-07-27 13:02:36
130612,2026-07-27,2025-09-30,,https://www.advich.com/rhwggggxzz/,DESKTOP,,0,3,0.0,24.666666666666668,page_device,2026-07-27 13:02:36
130613,2026-07-27,2025-09-30,,https://www.advich.com/rhwkhyxggg/,DESKTOP,,0,3,0.0,10.0,page_device,2026-07-27 13:02:36
130614,2026-07-27,2025-09-30,,https://www.advich.com/rhzdhggzng/,MOBILE,,0,1,0.0,73.0,page_device,2026-07-27 13:02:36
130615,2026-07-27,2025-09-30,,https://www.advich.com/rhzedzbgzc/,DESKTOP,,0,43,0.0,12.44186046511628,page_device,2026-07-27 13:02:36
130616,2026-07-27,2025-09-30,,https://www.advich.com/rhzezcjrct/,DESKTOP,,0,4,0.0,23.5,page_device,2026-07-27 13:02:36
130617,2026-07-27,2025-09-30,,https://www.advich.com/rhzezzzbjt/,DESKTOP,,0,2,0.0,60.0,page_device,2026-07-27 13:02:36
130618,2026-07-27,2025-09-30,,https://www.advich.com/rhzezzzszt/,MOBILE,,0,2,0.0,8.0,page_device,2026-07-27 13:02:36
130619,2026-07-27,2025-09-30,,https://www.advich.com/rhzgssyatx/,MOBILE,,0,5,0.0,50.6,page_device,2026-07-27 13:02:36
130620,2026-07-27,2025-09-30,,https://www.advich.com/rhzgzcjzdy/,DESKTOP,,0,13,0.0,52.07692307692308,page_device,2026-07-27 13:02:36
130621,2026-07-27,2025-09-30,,https://www.advich.com/rhzgzhzpt/,DESKTOP,,0,4,0.0,96.0,page_device,2026-07-27 13:02:36
130622,2026-07-27,2025-09-30,,https://www.advich.com/rhzgzhzpt/,MOBILE,,0,3,0.0,37.333333333333336,page_device,2026-07-27 13:02:36
130623,2026-07-27,2025-09-30,,https://www.advich.com/rhzgzsydks/,DESKTOP,,0,1,0.0,63.0,page_device,2026-07-27 13:02:36
130624,2026-07-27,2025-09-30,,https://www.advich.com/rhzjcdjzks/,DESKTOP,,0,1,0.0,102.0,page_device,2026-07-27 13:02:36
130625,2026-07-27,2025-09-30,,https://www.advich.com/rhztswahis/,TABLET,,0,2,0.0,4.0,page_device,2026-07-27 13:02:36
130626,2026-07-27,2025-09-30,,https://www.advich.com/rhzyfznzzs/,DESKTOP,,0,3,0.0,69.66666666666667,page_device,2026-07-27 13:02:36
130627,2026-07-27,2025-09-30,,https://www.advich.com/rich-media/,DESKTOP,,0,11,0.0,24.90909090909091,page_device,2026-07-27 13:02:36
130628,2026-07-27,2025-09-30,,https://www.advich.com/ryrtgrhrdf/,DESKTOP,,0,2,0.0,17.5,page_device,2026-07-27 13:02:36
130629,2026-07-27,2025-09-30,,https://www.advich.com/sdtyxtzn/,DESKTOP,,0,1,0.0,13.0,page_device,2026-07-27 13:02:36
130630,2026-07-27,2025-09-30,,https://www.advich.com/search-marketing/google-display-ads/,DESKTOP,,0,8,0.0,70.625,page_device,2026-07-27 13:02:36
130631,2026-07-27,2025-09-30,,https://www.advich.com/seo-service/,DESKTOP,,0,21,0.0,88.66666666666667,page_device,2026-07-27 13:02:36
130632,2026-07-27,2025-09-30,,https://www.advich.com/seo/,DESKTOP,,0,4,0.0,63.0,page_device,2026-07-27 13:02:36
130633,2026-07-27,2025-09-30,,https://www.advich.com/shopify/,DESKTOP,,0,8,0.0,8.75,page_device,2026-07-27 13:02:36
130634,2026-07-27,2025-09-30,,https://www.advich.com/sjfxsyywfx/,DESKTOP,,0,6,0.0,2.666666666666667,page_device,2026-07-27 13:02:36
130635,2026-07-27,2025-09-30,,https://www.advich.com/sjfxszsmnz/,DESKTOP,,0,1,0.0,25.0,page_device,2026-07-27 13:02:36
130636,2026-07-27,2025-09-30,,https://www.advich.com/smsdjlwsmc/,DESKTOP,,0,2,0.0,7.5,page_device,2026-07-27 13:02:36
130637,2026-07-27,2025-09-30,,https://www.advich.com/smsdjlwsmc/,MOBILE,,0,1,0.0,12.0,page_device,2026-07-27 13:02:36
130638,2026-07-27,2025-09-30,,https://www.advich.com/smsggbqglq/,DESKTOP,,0,26,0.0,66.46153846153847,page_device,2026-07-27 13:02:36
130639,2026-07-27,2025-09-30,,https://www.advich.com/smsggdcljg/,DESKTOP,,0,1,0.0,53.0,page_device,2026-07-27 13:02:36
130640,2026-07-27,2025-09-30,,https://www.advich.com/smsggxswlr/,DESKTOP,,0,5,0.0,13.6,page_device,2026-07-27 13:02:36
130641,2026-07-27,2025-09-30,,https://www.advich.com/smsggyxggt/,DESKTOP,,0,1,0.0,10.0,page_device,2026-07-27 13:02:36
130642,2026-07-27,2025-09-30,,https://www.advich.com/smsgjccjfx/,DESKTOP,,0,3,0.0,9.0,page_device,2026-07-27 13:02:36
130643,2026-07-27,2025-09-30,,https://www.advich.com/smshdccddy/,DESKTOP,,0,23,0.0,55.26086956521739,page_device,2026-07-27 13:02:36
130644,2026-07-27,2025-09-30,,https://www.advich.com/smsjztrhks/,DESKTOP,,0,2,0.0,50.5,page_device,2026-07-27 13:02:36
130645,2026-07-27,2025-09-30,,https://www.advich.com/smslggtysm/,DESKTOP,,0,2,0.0,10.0,page_device,2026-07-27 13:02:36
130646,2026-07-27,2025-09-30,,https://www.advich.com/smstsxsjfx/,DESKTOP,,0,2,0.0,66.5,page_device,2026-07-27 13:02:36
130647,2026-07-27,2025-09-30,,https://www.advich.com/smstsxsjfx/,MOBILE,,0,10,0.0,65.1,page_device,2026-07-27 13:02:36
130648,2026-07-27,2025-09-30,,https://www.advich.com/smszhcbgsh/,DESKTOP,,0,12,0.0,33.166666666666664,page_device,2026-07-27 13:02:36
130649,2026-07-27,2025-09-30,,https://www.advich.com/smszhcbgsh/,MOBILE,,0,1,0.0,10.0,page_device,2026-07-27 13:02:36
130650,2026-07-27,2025-09-30,,https://www.advich.com/smszlfswsm/,DESKTOP,,0,2,0.0,21.5,page_device,2026-07-27 13:02:36
130651,2026-07-27,2025-09-30,,https://www.advich.com/smszlfswsm/,MOBILE,,0,1,0.0,18.0,page_device,2026-07-27 13:02:36
130652,2026-07-27,2025-09-30,,https://www.advich.com/smszyxykld/,DESKTOP,,0,1,0.0,18.0,page_device,2026-07-27 13:02:36
130653,2026-07-27,2025-09-30,,https://www.advich.com/smszyxykld/,MOBILE,,0,2,0.0,68.5,page_device,2026-07-27 13:02:36
130654,2026-07-27,2025-09-30,,https://www.advich.com/smtxzshbjs/,DESKTOP,,0,1,0.0,79.0,page_device,2026-07-27 13:02:36
130655,2026-07-27,2025-09-30,,https://www.advich.com/social-media-operation-strategy/,DESKTOP,,0,2,0.0,39.0,page_device,2026-07-27 13:02:36
130656,2026-07-27,2025-09-30,,https://www.advich.com/sscygjcggg/,DESKTOP,,0,1,0.0,27.0,page_device,2026-07-27 13:02:36
130657,2026-07-27,2025-09-30,,https://www.advich.com/ssggyggggs/,DESKTOP,,0,6,0.0,59.666666666666664,page_device,2026-07-27 13:02:36
130658,2026-07-27,2025-09-30,,https://www.advich.com/stbscqcjst/,DESKTOP,,0,2,0.0,21.5,page_device,2026-07-27 13:02:36
130659,2026-07-27,2025-09-30,,https://www.advich.com/syfggkdzcx/,DESKTOP,,0,4,0.0,8.5,page_device,2026-07-27 13:02:36
130660,2026-07-27,2025-09-30,,https://www.advich.com/tgpxndgxzl/,DESKTOP,,0,73,0.0,5.328767123287672,page_device,2026-07-27 13:02:36
130661,2026-07-27,2025-09-30,,https://www.advich.com/tgpxndgxzl/,MOBILE,,0,41,0.0,5.2439024390243905,page_device,2026-07-27 13:02:36
130662,2026-07-27,2025-09-30,,https://www.advich.com/the-difference-between-google-seo-and-google-adwords/,MOBILE,,0,1,0.0,5.0,page_device,2026-07-27 13:02:36
130663,2026-07-27,2025-09-30,,https://www.advich.com/tiktok-advertising-marketing/,DESKTOP,,0,1,0.0,18.0,page_device,2026-07-27 13:02:36
130664,2026-07-27,2025-09-30,,https://www.advich.com/trade/,DESKTOP,,0,7,0.0,89.57142857142857,page_device,2026-07-27 13:02:36
130665,2026-07-27,2025-09-30,,https://www.advich.com/tsyxylsyxc/,DESKTOP,,0,4,0.0,3.0,page_device,2026-07-27 13:02:36
130666,2026-07-27,2025-09-30,,https://www.advich.com/wbggdsgbyb/,DESKTOP,,0,2,0.0,2.0,page_device,2026-07-27 13:02:36
130667,2026-07-27,2025-09-30,,https://www.advich.com/what-is-an-independent-station-why-stand-alone/,DESKTOP,,0,1,0.0,53.0,page_device,2026-07-27 13:02:36
130668,2026-07-27,2025-09-30,,https://www.advich.com/wsmrjszggt/,DESKTOP,,0,2,0.0,13.5,page_device,2026-07-27 13:02:36
130669,2026-07-27,2025-09-30,,https://www.advich.com/xnsxpsqhgt/,DESKTOP,,0,6,0.0,4.0,page_device,2026-07-27 13:02:36
130670,2026-07-27,2025-09-30,,https://www.advich.com/xsssjbhqsd/,DESKTOP,,0,2,0.0,7.0,page_device,2026-07-27 13:02:36
130671,2026-07-27,2025-09-30,,https://www.advich.com/xxscstslyc/,DESKTOP,,0,2,0.0,6.0,page_device,2026-07-27 13:02:36
130672,2026-07-27,2025-09-30,,https://www.advich.com/xysssggydt/,DESKTOP,,0,1,0.0,30.0,page_device,2026-07-27 13:02:36
130673,2026-07-27,2025-09-30,,https://www.advich.com/ycjcslzggt/,DESKTOP,,0,4,0.0,6.5,page_device,2026-07-27 13:02:36
130674,2026-07-27,2025-09-30,,https://www.advich.com/yhpggygskh/,DESKTOP,,0,1,0.0,9.0,page_device,2026-07-27 13:02:36
130675,2026-07-27,2025-09-30,,https://www.advich.com/ytb/,DESKTOP,,0,1,0.0,16.0,page_device,2026-07-27 13:02:36
130676,2026-07-27,2025-09-30,,https://www.advich.com/yxswmzictm/,DESKTOP,,0,2,0.0,11.5,page_device,2026-07-27 13:02:36
130677,2026-07-27,2025-09-30,,https://www.advich.com/zggszdsggc/,DESKTOP,,0,3,0.0,28.666666666666668,page_device,2026-07-27 13:02:36
130678,2026-07-27,2025-09-30,,https://www.advich.com/zggszdsggc/,MOBILE,,0,1,0.0,29.0,page_device,2026-07-27 13:02:36
130679,2026-07-27,2025-09-30,,https://www.advich.com/zjggxsggsl/,DESKTOP,,0,3,0.0,70.0,page_device,2026-07-27 13:02:36
130680,2026-07-27,2025-09-30,,https://www.advich.com/zjggxsggsl/,MOBILE,,0,1,0.0,94.0,page_device,2026-07-27 13:02:36
130681,2026-07-27,2025-09-30,,https://www.advich.com/zqhwsyggptjsyqdfyfx/,DESKTOP,,0,4,0.0,58.0,page_device,2026-07-27 13:02:36
130682,2026-07-27,2025-09-30,,https://www.advich.com/zqhwsyggptjsyqdfyfx/,MOBILE,,0,2,0.0,10.5,page_device,2026-07-27 13:02:36
130683,2026-07-27,2025-09-30,,https://www.advich.com/zztssclzyx/,DESKTOP,,0,1,0.0,80.0,page_device,2026-07-27 13:02:36
130684,2026-07-27,2025-09-30,,https://www.advich.com/zztssclzyx/,MOBILE,,0,1,0.0,85.0,page_device,2026-07-27 13:02:36
121008,2026-07-27,2025-08-31,,https://www.advich.com/,DESKTOP,,8,73,0.1095890410958904,3.1506849315068495,page_device,2026-07-27 13:02:21
121009,2026-07-27,2025-08-31,,https://www.advich.com/home/,DESKTOP,,5,33,0.15151515151515152,3.727272727272727,page_device,2026-07-27 13:02:21
121010,2026-07-27,2025-08-31,,https://www.advich.com/rhzedzbgzc/,DESKTOP,,3,35,0.08571428571428572,11.8,page_device,2026-07-27 13:02:21
121011,2026-07-27,2025-08-31,,https://www.advich.com/rhztswahis/,MOBILE,,2,29,0.06896551724137931,7.172413793103448,page_device,2026-07-27 13:02:21
121012,2026-07-27,2025-08-31,,https://www.advich.com/stbscqcjst/,DESKTOP,,2,3,0.6666666666666666,50.333333333333336,page_device,2026-07-27 13:02:21
121013,2026-07-27,2025-08-31,,https://www.advich.com/,MOBILE,,1,45,0.022222222222222223,5.2,page_device,2026-07-27 13:02:21
121014,2026-07-27,2025-08-31,,https://www.advich.com/about-us/,DESKTOP,,1,29,0.034482758620689655,5.413793103448276,page_device,2026-07-27 13:02:21
121015,2026-07-27,2025-08-31,,https://www.advich.com/about-us/,MOBILE,,1,31,0.03225806451612903,4.870967741935484,page_device,2026-07-27 13:02:21
121016,2026-07-27,2025-08-31,,https://www.advich.com/fb/,DESKTOP,,1,105,0.009523809523809525,61.06666666666667,page_device,2026-07-27 13:02:21
121017,2026-07-27,2025-08-31,,https://www.advich.com/overseas-social-media-platform/,DESKTOP,,1,2,0.5,65.5,page_device,2026-07-27 13:02:21
121018,2026-07-27,2025-08-31,,https://www.advich.com/rhcqtrdttl/,MOBILE,,1,2,0.5,12.0,page_device,2026-07-27 13:02:21
121019,2026-07-27,2025-08-31,,https://www.advich.com/rhzezzzszt/,DESKTOP,,1,5,0.2,67.2,page_device,2026-07-27 13:02:21
121020,2026-07-27,2025-08-31,,https://www.advich.com/rhzyfznzzs/,DESKTOP,,1,2,0.5,67.0,page_device,2026-07-27 13:02:21
121021,2026-07-27,2025-08-31,,https://www.advich.com/tiktok/,DESKTOP,,1,87,0.011494252873563218,40.58620689655172,page_device,2026-07-27 13:02:21
121022,2026-07-27,2025-08-31,,https://www.advich.com/tiktok/,MOBILE,,1,9,0.1111111111111111,22.666666666666668,page_device,2026-07-27 13:02:21
121023,2026-07-27,2025-08-31,,https://www.advich.com/zqhwsyggptjsyqdfyfx/,DESKTOP,,1,18,0.05555555555555555,71.33333333333333,page_device,2026-07-27 13:02:21
121024,2026-07-27,2025-08-31,,https://www.advich.com/a-must-see-for-social-media-overseas-marketing/,DESKTOP,,0,1,0.0,63.0,page_device,2026-07-27 13:02:21
121025,2026-07-27,2025-08-31,,https://www.advich.com/advertising-skills/,DESKTOP,,0,2,0.0,81.5,page_device,2026-07-27 13:02:21
121026,2026-07-27,2025-08-31,,https://www.advich.com/adweb-global-station/,DESKTOP,,0,2,0.0,67.5,page_device,2026-07-27 13:02:21
121027,2026-07-27,2025-08-31,,https://www.advich.com/akjyxdjfwz/,DESKTOP,,0,3,0.0,71.66666666666667,page_device,2026-07-27 13:02:21
121028,2026-07-27,2025-08-31,,https://www.advich.com/akjyxdjfwz/,MOBILE,,0,2,0.0,69.5,page_device,2026-07-27 13:02:21
121029,2026-07-27,2025-08-31,,https://www.advich.com/aslrhzggtg/,DESKTOP,,0,2,0.0,126.0,page_device,2026-07-27 13:02:21
121030,2026-07-27,2025-08-31,,https://www.advich.com/b2b/,DESKTOP,,0,1,0.0,132.0,page_device,2026-07-27 13:02:21
121031,2026-07-27,2025-08-31,,https://www.advich.com/bhbgtdhcss/,DESKTOP,,0,2,0.0,47.0,page_device,2026-07-27 13:02:21
121032,2026-07-27,2025-08-31,,https://www.advich.com/bingads/,DESKTOP,,0,3,0.0,47.333333333333336,page_device,2026-07-27 13:02:21
121033,2026-07-27,2025-08-31,,https://www.advich.com/bingads/,MOBILE,,0,2,0.0,49.0,page_device,2026-07-27 13:02:21
121034,2026-07-27,2025-08-31,,https://www.advich.com/brand-marketing/oath/,DESKTOP,,0,1,0.0,46.0,page_device,2026-07-27 13:02:21
121035,2026-07-27,2025-08-31,,https://www.advich.com/ccgywzsm/,DESKTOP,,0,2,0.0,75.0,page_device,2026-07-27 13:02:21
121036,2026-07-27,2025-08-31,,https://www.advich.com/cffhyfsjfn-2/,DESKTOP,,0,8,0.0,8.25,page_device,2026-07-27 13:02:21
121037,2026-07-27,2025-08-31,,https://www.advich.com/cffhyfsjfn/,DESKTOP,,0,1,0.0,102.0,page_device,2026-07-27 13:02:21
121038,2026-07-27,2025-08-31,,https://www.advich.com/cggggghdds/,DESKTOP,,0,1,0.0,122.0,page_device,2026-07-27 13:02:21
121039,2026-07-27,2025-08-31,,https://www.advich.com/cggtsyxxg/,DESKTOP,,0,3,0.0,79.33333333333333,page_device,2026-07-27 13:02:21
121040,2026-07-27,2025-08-31,,https://www.advich.com/cgszgggghd/,DESKTOP,,0,2,0.0,83.0,page_device,2026-07-27 13:02:21
121041,2026-07-27,2025-08-31,,https://www.advich.com/come-in-and-have-a-look-overseas-digital-marketing-methods/,DESKTOP,,0,3,0.0,40.333333333333336,page_device,2026-07-27 13:02:21
121042,2026-07-27,2025-08-31,,https://www.advich.com/cost-per-click/,DESKTOP,,0,19,0.0,77.73684210526316,page_device,2026-07-27 13:02:21
121043,2026-07-27,2025-08-31,,https://www.advich.com/cost-per-click/,MOBILE,,0,1,0.0,41.0,page_device,2026-07-27 13:02:21
121044,2026-07-27,2025-08-31,,https://www.advich.com/cscpclybhh/,DESKTOP,,0,1,0.0,193.0,page_device,2026-07-27 13:02:21
121045,2026-07-27,2025-08-31,,https://www.advich.com/cylysmqb/,DESKTOP,,0,2,0.0,101.5,page_device,2026-07-27 13:02:21
121046,2026-07-27,2025-08-31,,https://www.advich.com/cyzqdfxffz/,DESKTOP,,0,2,0.0,32.0,page_device,2026-07-27 13:02:21
121047,2026-07-27,2025-08-31,,https://www.advich.com/dcfxbgslrh/,DESKTOP,,0,2,0.0,39.0,page_device,2026-07-27 13:02:21
121048,2026-07-27,2025-08-31,,https://www.advich.com/djyljddgyy/,DESKTOP,,0,3,0.0,43.0,page_device,2026-07-27 13:02:21
121049,2026-07-27,2025-08-31,,https://www.advich.com/dlktlbfxjs/,DESKTOP,,0,22,0.0,29.363636363636363,page_device,2026-07-27 13:02:21
121050,2026-07-27,2025-08-31,,https://www.advich.com/dlktlbfxjs/,MOBILE,,0,4,0.0,15.0,page_device,2026-07-27 13:02:21
121051,2026-07-27,2025-08-31,,https://www.advich.com/do-we-have-to-find-a-proxy-operating-company-to-promote-google/,DESKTOP,,0,16,0.0,68.125,page_device,2026-07-27 13:02:21
121052,2026-07-27,2025-08-31,,https://www.advich.com/do-we-have-to-find-a-proxy-operating-company-to-promote-google/,MOBILE,,0,1,0.0,71.0,page_device,2026-07-27 13:02:21
121053,2026-07-27,2025-08-31,,https://www.advich.com/drainage-channels-of-independent-foreign-trade-stations/,MOBILE,,0,1,0.0,84.0,page_device,2026-07-27 13:02:21
121054,2026-07-27,2025-08-31,,https://www.advich.com/dtssggddzj/,DESKTOP,,0,35,0.0,48.8,page_device,2026-07-27 13:02:21
121055,2026-07-27,2025-08-31,,https://www.advich.com/dtssggddzj/,MOBILE,,0,2,0.0,66.5,page_device,2026-07-27 13:02:21
121056,2026-07-27,2025-08-31,,https://www.advich.com/dynamic-search-ads/,DESKTOP,,0,27,0.0,42.44444444444444,page_device,2026-07-27 13:02:21
121057,2026-07-27,2025-08-31,,https://www.advich.com/dynamic-search-ads/,MOBILE,,0,14,0.0,45.5,page_device,2026-07-27 13:02:21
121058,2026-07-27,2025-08-31,,https://www.advich.com/dysxqcpthg/,DESKTOP,,0,18,0.0,61.27777777777778,page_device,2026-07-27 13:02:21
121059,2026-07-27,2025-08-31,,https://www.advich.com/dysxqcpthg/,MOBILE,,0,6,0.0,49.666666666666664,page_device,2026-07-27 13:02:21
121060,2026-07-27,2025-08-31,,https://www.advich.com/dzgjhppxxl/,DESKTOP,,0,3,0.0,44.0,page_device,2026-07-27 13:02:21
121061,2026-07-27,2025-08-31,,https://www.advich.com/dzxdiysbqs/,DESKTOP,,0,2,0.0,82.0,page_device,2026-07-27 13:02:21
121062,2026-07-27,2025-08-31,,https://www.advich.com/ezdqgzjtby/,DESKTOP,,0,1,0.0,10.0,page_device,2026-07-27 13:02:21
121063,2026-07-27,2025-08-31,,https://www.advich.com/fb/,MOBILE,,0,34,0.0,68.73529411764706,page_device,2026-07-27 13:02:21
121064,2026-07-27,2025-08-31,,https://www.advich.com/fbmswglqwzzn/,DESKTOP,,0,1,0.0,92.0,page_device,2026-07-27 13:02:21
121065,2026-07-27,2025-08-31,,https://www.advich.com/fdcpyhgggg/,DESKTOP,,0,2,0.0,62.0,page_device,2026-07-27 13:02:21
121066,2026-07-27,2025-08-31,,https://www.advich.com/ffsjmtsjgg/,DESKTOP,,0,2,0.0,30.0,page_device,2026-07-27 13:02:21
121067,2026-07-27,2025-08-31,,https://www.advich.com/ffsssggggg/,DESKTOP,,0,1,0.0,115.0,page_device,2026-07-27 13:02:21
121068,2026-07-27,2025-08-31,,https://www.advich.com/fqmcbhzzpx/,DESKTOP,,0,2,0.0,95.0,page_device,2026-07-27 13:02:21
121069,2026-07-27,2025-08-31,,https://www.advich.com/fqzkhscbdx/,DESKTOP,,0,2,0.0,82.0,page_device,2026-07-27 13:02:21
121070,2026-07-27,2025-08-31,,https://www.advich.com/fqzkhscbdx/,MOBILE,,0,2,0.0,75.0,page_device,2026-07-27 13:02:21
121071,2026-07-27,2025-08-31,,https://www.advich.com/fxrhgjgggg/,DESKTOP,,0,2,0.0,93.0,page_device,2026-07-27 13:02:21
121072,2026-07-27,2025-08-31,,https://www.advich.com/gads/,DESKTOP,,0,65,0.0,15.215384615384615,page_device,2026-07-27 13:02:21
121073,2026-07-27,2025-08-31,,https://www.advich.com/gads/,MOBILE,,0,16,0.0,16.375,page_device,2026-07-27 13:02:21
121074,2026-07-27,2025-08-31,,https://www.advich.com/gaehdxgnhd/,DESKTOP,,0,27,0.0,43.2962962962963,page_device,2026-07-27 13:02:21
121075,2026-07-27,2025-08-31,,https://www.advich.com/gaehdxgnhd/,MOBILE,,0,21,0.0,43.23809523809524,page_device,2026-07-27 13:02:21
121076,2026-07-27,2025-08-31,,https://www.advich.com/gcjdggtgpy/,DESKTOP,,0,12,0.0,60.75,page_device,2026-07-27 13:02:21
121077,2026-07-27,2025-08-31,,https://www.advich.com/gdbggcjgjg/,DESKTOP,,0,3,0.0,50.333333333333336,page_device,2026-07-27 13:02:21
121078,2026-07-27,2025-08-31,,https://www.advich.com/gffsssltsn/,DESKTOP,,0,2,0.0,57.5,page_device,2026-07-27 13:02:21
121079,2026-07-27,2025-08-31,,https://www.advich.com/ggcfzjzn/,MOBILE,,0,14,0.0,56.07142857142857,page_device,2026-07-27 13:02:21
121080,2026-07-27,2025-08-31,,https://www.advich.com/ggdtyxzljb/,MOBILE,,0,3,0.0,93.66666666666667,page_device,2026-07-27 13:02:21
121081,2026-07-27,2025-08-31,,https://www.advich.com/ggdyppnxyz/,DESKTOP,,0,2,0.0,70.0,page_device,2026-07-27 13:02:21
121082,2026-07-27,2025-08-31,,https://www.advich.com/ggfxcydzbh/,DESKTOP,,0,1,0.0,107.0,page_device,2026-07-27 13:02:21
121083,2026-07-27,2025-08-31,,https://www.advich.com/ggfxdmznlr/,DESKTOP,,0,1,0.0,165.0,page_device,2026-07-27 13:02:21
121084,2026-07-27,2025-08-31,,https://www.advich.com/ggfxggslrh/,DESKTOP,,0,2,0.0,70.0,page_device,2026-07-27 13:02:21
121085,2026-07-27,2025-08-31,,https://www.advich.com/ggfxsscbgr/,DESKTOP,,0,3,0.0,72.0,page_device,2026-07-27 13:02:21
121086,2026-07-27,2025-08-31,,https://www.advich.com/ggfxysshzx/,DESKTOP,,0,2,0.0,42.0,page_device,2026-07-27 13:02:21
121087,2026-07-27,2025-08-31,,https://www.advich.com/ggfxzdttly/,DESKTOP,,0,6,0.0,88.16666666666667,page_device,2026-07-27 13:02:21
121088,2026-07-27,2025-08-31,,https://www.advich.com/ggfxzdttly/,MOBILE,,0,1,0.0,101.0,page_device,2026-07-27 13:02:21
121089,2026-07-27,2025-08-31,,https://www.advich.com/gggfzcsytg/,DESKTOP,,0,74,0.0,11.445945945945946,page_device,2026-07-27 13:02:21
121090,2026-07-27,2025-08-31,,https://www.advich.com/gggfzcsytg/,MOBILE,,0,42,0.0,10.261904761904763,page_device,2026-07-27 13:02:21
121091,2026-07-27,2025-08-31,,https://www.advich.com/ggggacyhdl/,DESKTOP,,0,2,0.0,93.5,page_device,2026-07-27 13:02:21
121092,2026-07-27,2025-08-31,,https://www.advich.com/ggggaqbgey/,DESKTOP,,0,3,0.0,50.0,page_device,2026-07-27 13:02:21
121093,2026-07-27,2025-08-31,,https://www.advich.com/ggggbjzjzn/,DESKTOP,,0,8,0.0,11.375,page_device,2026-07-27 13:02:21
121094,2026-07-27,2025-08-31,,https://www.advich.com/ggggcbrhgl/,DESKTOP,,0,1,0.0,8.0,page_device,2026-07-27 13:02:21
121095,2026-07-27,2025-08-31,,https://www.advich.com/ggggdlmyxr/,DESKTOP,,0,23,0.0,82.34782608695652,page_device,2026-07-27 13:02:21
121096,2026-07-27,2025-08-31,,https://www.advich.com/ggggdyhdfx/,DESKTOP,,0,2,0.0,29.0,page_device,2026-07-27 13:02:21
121097,2026-07-27,2025-08-31,,https://www.advich.com/gggggjcyjd/,DESKTOP,,0,10,0.0,73.8,page_device,2026-07-27 13:02:21
121098,2026-07-27,2025-08-31,,https://www.advich.com/gggggslxyl/,DESKTOP,,0,3,0.0,88.33333333333333,page_device,2026-07-27 13:02:21
121099,2026-07-27,2025-08-31,,https://www.advich.com/gggggzmbrh/,DESKTOP,,0,2,0.0,58.0,page_device,2026-07-27 13:02:21
121100,2026-07-27,2025-08-31,,https://www.advich.com/ggggjfcjyy/,DESKTOP,,0,11,0.0,78.0,page_device,2026-07-27 13:02:21
121101,2026-07-27,2025-08-31,,https://www.advich.com/ggggkzcxxx/,DESKTOP,,0,2,0.0,92.5,page_device,2026-07-27 13:02:21
121102,2026-07-27,2025-08-31,,https://www.advich.com/ggggkzcxxx/,MOBILE,,0,1,0.0,88.0,page_device,2026-07-27 13:02:21
121103,2026-07-27,2025-08-31,,https://www.advich.com/ggggmrszzh/,DESKTOP,,0,1,0.0,169.0,page_device,2026-07-27 13:02:21
121104,2026-07-27,2025-08-31,,https://www.advich.com/ggggmyhfys/,DESKTOP,,0,10,0.0,80.3,page_device,2026-07-27 13:02:21
121105,2026-07-27,2025-08-31,,https://www.advich.com/ggggmzhrhz/,DESKTOP,,0,6,0.0,50.5,page_device,2026-07-27 13:02:21
121106,2026-07-27,2025-08-31,,https://www.advich.com/ggggmzhrhz/,MOBILE,,0,1,0.0,44.0,page_device,2026-07-27 13:02:21
121107,2026-07-27,2025-08-31,,https://www.advich.com/ggggrhscxy/,DESKTOP,,0,1,0.0,9.0,page_device,2026-07-27 13:02:21
121108,2026-07-27,2025-08-31,,https://www.advich.com/ggggrhzmyh/,DESKTOP,,0,1,0.0,192.0,page_device,2026-07-27 13:02:21
121109,2026-07-27,2025-08-31,,https://www.advich.com/ggggshqdrh/,DESKTOP,,0,1,0.0,180.0,page_device,2026-07-27 13:02:21
121110,2026-07-27,2025-08-31,,https://www.advich.com/ggggtgkzcg/,DESKTOP,,0,2,0.0,59.0,page_device,2026-07-27 13:02:21
121111,2026-07-27,2025-08-31,,https://www.advich.com/ggggxsxskz/,DESKTOP,,0,2,0.0,91.0,page_device,2026-07-27 13:02:21
121112,2026-07-27,2025-08-31,,https://www.advich.com/ggggyxkczp/,DESKTOP,,0,1,0.0,92.0,page_device,2026-07-27 13:02:21
121113,2026-07-27,2025-08-31,,https://www.advich.com/ggggzcjjng/,DESKTOP,,0,3,0.0,99.66666666666667,page_device,2026-07-27 13:02:21
121114,2026-07-27,2025-08-31,,https://www.advich.com/ggggzcjjng/,MOBILE,,0,1,0.0,59.0,page_device,2026-07-27 13:02:21
121115,2026-07-27,2025-08-31,,https://www.advich.com/ggggzdjbdh/,DESKTOP,,0,1,0.0,197.0,page_device,2026-07-27 13:02:21
121116,2026-07-27,2025-08-31,,https://www.advich.com/ggggzhgxsz/,DESKTOP,,0,3,0.0,47.0,page_device,2026-07-27 13:02:21
121117,2026-07-27,2025-08-31,,https://www.advich.com/ggggzhztgb/,DESKTOP,,0,3,0.0,40.666666666666664,page_device,2026-07-27 13:02:21
121118,2026-07-27,2025-08-31,,https://www.advich.com/ggggznjjxz/,DESKTOP,,0,2,0.0,37.0,page_device,2026-07-27 13:02:21
121119,2026-07-27,2025-08-31,,https://www.advich.com/ggggzxssgg/,DESKTOP,,0,7,0.0,89.14285714285714,page_device,2026-07-27 13:02:21
121120,2026-07-27,2025-08-31,,https://www.advich.com/ggggzyxzjs/,DESKTOP,,0,3,0.0,85.0,page_device,2026-07-27 13:02:21
121121,2026-07-27,2025-08-31,,https://www.advich.com/gggjcghqmf/,DESKTOP,,0,257,0.0,45.63035019455253,page_device,2026-07-27 13:02:21
121122,2026-07-27,2025-08-31,,https://www.advich.com/gggjcghqmf/,MOBILE,,0,143,0.0,52.98601398601399,page_device,2026-07-27 13:02:21
121123,2026-07-27,2025-08-31,,https://www.advich.com/gggjcghqmf/,TABLET,,0,1,0.0,38.0,page_device,2026-07-27 13:02:21
121124,2026-07-27,2025-08-31,,https://www.advich.com/gggjjcjjqrngtggsycl/,DESKTOP,,0,16,0.0,37.125,page_device,2026-07-27 13:02:21
121125,2026-07-27,2025-08-31,,https://www.advich.com/gggjjcjjqrngtggsycl/,MOBILE,,0,1,0.0,38.0,page_device,2026-07-27 13:02:21
121126,2026-07-27,2025-08-31,,https://www.advich.com/gggwcxdm/,DESKTOP,,0,1,0.0,66.0,page_device,2026-07-27 13:02:21
121127,2026-07-27,2025-08-31,,https://www.advich.com/gggwggslrh/,DESKTOP,,0,2,0.0,91.5,page_device,2026-07-27 13:02:21
121128,2026-07-27,2025-08-31,,https://www.advich.com/gggyggrhly/,DESKTOP,,0,2,0.0,22.0,page_device,2026-07-27 13:02:21
121129,2026-07-27,2025-08-31,,https://www.advich.com/gghgggyhzg/,DESKTOP,,0,1,0.0,68.0,page_device,2026-07-27 13:02:21
121130,2026-07-27,2025-08-31,,https://www.advich.com/ggjgszyjcg/,DESKTOP,,0,2,0.0,85.0,page_device,2026-07-27 13:02:21
121131,2026-07-27,2025-08-31,,https://www.advich.com/ggjjalyjwmr/,DESKTOP,,0,2,0.0,55.0,page_device,2026-07-27 13:02:21
121132,2026-07-27,2025-08-31,,https://www.advich.com/ggjjzgfxdsjjclyd/,DESKTOP,,0,6,0.0,92.83333333333333,page_device,2026-07-27 13:02:21
121133,2026-07-27,2025-08-31,,https://www.advich.com/ggjjzrhz/,DESKTOP,,0,1,0.0,79.0,page_device,2026-07-27 13:02:21
121134,2026-07-27,2025-08-31,,https://www.advich.com/ggjzyggtzd/,DESKTOP,,0,2,0.0,49.0,page_device,2026-07-27 13:02:21
121135,2026-07-27,2025-08-31,,https://www.advich.com/ggkdljrggd/,DESKTOP,,0,15,0.0,42.93333333333333,page_device,2026-07-27 13:02:21
121136,2026-07-27,2025-08-31,,https://www.advich.com/ggrcjspggb/,DESKTOP,,0,1,0.0,174.0,page_device,2026-07-27 13:02:21
121137,2026-07-27,2025-08-31,,https://www.advich.com/ggrnjydxgg/,DESKTOP,,0,1,0.0,133.0,page_device,2026-07-27 13:02:21
121138,2026-07-27,2025-08-31,,https://www.advich.com/ggscxlxwzz/,DESKTOP,,0,66,0.0,27.424242424242426,page_device,2026-07-27 13:02:21
121139,2026-07-27,2025-08-31,,https://www.advich.com/ggsgggryyy/,DESKTOP,,0,2,0.0,23.0,page_device,2026-07-27 13:02:21
121140,2026-07-27,2025-08-31,,https://www.advich.com/ggsyhrhrrsrzdh/,DESKTOP,,0,1,0.0,191.0,page_device,2026-07-27 13:02:21
121141,2026-07-27,2025-08-31,,https://www.advich.com/ggtgclrhtgdldwyhndgggg/,DESKTOP,,0,2,0.0,41.0,page_device,2026-07-27 13:02:21
121142,2026-07-27,2025-08-31,,https://www.advich.com/ggtgpjjclg/,DESKTOP,,0,1,0.0,19.0,page_device,2026-07-27 13:02:21
121143,2026-07-27,2025-08-31,,https://www.advich.com/ggtgprhtgb/,DESKTOP,,0,2,0.0,77.0,page_device,2026-07-27 13:02:21
121144,2026-07-27,2025-08-31,,https://www.advich.com/ggtgzgcwrn/,DESKTOP,,0,1,0.0,125.0,page_device,2026-07-27 13:02:21
121145,2026-07-27,2025-08-31,,https://www.advich.com/ggtgzgjqphggsyggstgcl/,DESKTOP,,0,34,0.0,51.11764705882353,page_device,2026-07-27 13:02:21
121146,2026-07-27,2025-08-31,,https://www.advich.com/ggtyfcggjs/,DESKTOP,,0,1,0.0,156.0,page_device,2026-07-27 13:02:21
121147,2026-07-27,2025-08-31,,https://www.advich.com/ggwdgggggg/,DESKTOP,,0,2,0.0,27.0,page_device,2026-07-27 13:02:21
121148,2026-07-27,2025-08-31,,https://www.advich.com/ggwsyysdyy/,DESKTOP,,0,2,0.0,88.0,page_device,2026-07-27 13:02:21
121149,2026-07-27,2025-08-31,,https://www.advich.com/ggxbtcxdgg/,DESKTOP,,0,6,0.0,68.83333333333333,page_device,2026-07-27 13:02:21
121150,2026-07-27,2025-08-31,,https://www.advich.com/ggxbwyyggz/,DESKTOP,,0,15,0.0,3.0,page_device,2026-07-27 13:02:21
121151,2026-07-27,2025-08-31,,https://www.advich.com/ggxsggbxsr/,DESKTOP,,0,4,0.0,21.0,page_device,2026-07-27 13:02:21
121152,2026-07-27,2025-08-31,,https://www.advich.com/ggxsggbxsr/,MOBILE,,0,3,0.0,17.333333333333332,page_device,2026-07-27 13:02:21
121153,2026-07-27,2025-08-31,,https://www.advich.com/ggyycxazgg/,DESKTOP,,0,1,0.0,98.0,page_device,2026-07-27 13:02:21
121154,2026-07-27,2025-08-31,,https://www.advich.com/ggzshdzxyh/,DESKTOP,,0,1,0.0,103.0,page_device,2026-07-27 13:02:21
121155,2026-07-27,2025-08-31,,https://www.advich.com/ggzyxsrhyz/,DESKTOP,,0,1,0.0,53.0,page_device,2026-07-27 13:02:21
121156,2026-07-27,2025-08-31,,https://www.advich.com/ggzyxsrhyz/,MOBILE,,0,3,0.0,50.333333333333336,page_device,2026-07-27 13:02:21
121157,2026-07-27,2025-08-31,,https://www.advich.com/gjcghqbxfa/,DESKTOP,,0,2,0.0,78.0,page_device,2026-07-27 13:02:21
121158,2026-07-27,2025-08-31,,https://www.advich.com/gjggggszdw/,DESKTOP,,0,1,0.0,12.0,page_device,2026-07-27 13:02:21
121159,2026-07-27,2025-08-31,,https://www.advich.com/gjggggszdw/,MOBILE,,0,1,0.0,92.0,page_device,2026-07-27 13:02:21
121160,2026-07-27,2025-08-31,,https://www.advich.com/glyxcljqgzyl/,DESKTOP,,0,2,0.0,123.0,page_device,2026-07-27 13:02:21
121161,2026-07-27,2025-08-31,,https://www.advich.com/google-ads-tips/,DESKTOP,,0,3,0.0,40.0,page_device,2026-07-27 13:02:21
121162,2026-07-27,2025-08-31,,https://www.advich.com/google-ads-tips/,MOBILE,,0,1,0.0,43.0,page_device,2026-07-27 13:02:21
121163,2026-07-27,2025-08-31,,https://www.advich.com/google-remarketing/,DESKTOP,,0,1,0.0,63.0,page_device,2026-07-27 13:02:21
121164,2026-07-27,2025-08-31,,https://www.advich.com/google-sem/,DESKTOP,,0,4,0.0,68.5,page_device,2026-07-27 13:02:21
121165,2026-07-27,2025-08-31,,https://www.advich.com/google-sem/,MOBILE,,0,3,0.0,51.333333333333336,page_device,2026-07-27 13:02:21
121166,2026-07-27,2025-08-31,,https://www.advich.com/google-seo-keyword-layout/,DESKTOP,,0,2,0.0,25.0,page_device,2026-07-27 13:02:21
121167,2026-07-27,2025-08-31,,https://www.advich.com/google-shopping-ads/,DESKTOP,,0,49,0.0,52.6530612244898,page_device,2026-07-27 13:02:21
121168,2026-07-27,2025-08-31,,https://www.advich.com/gqdzngwhbd/,DESKTOP,,0,2,0.0,103.0,page_device,2026-07-27 13:02:21
121169,2026-07-27,2025-08-31,,https://www.advich.com/gsdtslbznk/,DESKTOP,,0,1,0.0,182.0,page_device,2026-07-27 13:02:21
121170,2026-07-27,2025-08-31,,https://www.advich.com/gsssjxltsl/,DESKTOP,,0,1,0.0,9.0,page_device,2026-07-27 13:02:21
121171,2026-07-27,2025-08-31,,https://www.advich.com/gtm-code/,DESKTOP,,0,20,0.0,69.35,page_device,2026-07-27 13:02:21
121172,2026-07-27,2025-08-31,,https://www.advich.com/gwggrmzn/,DESKTOP,,0,1,0.0,198.0,page_device,2026-07-27 13:02:21
121173,2026-07-27,2025-08-31,,https://www.advich.com/gwxnzdhddl/,DESKTOP,,0,9,0.0,71.77777777777777,page_device,2026-07-27 13:02:21
121174,2026-07-27,2025-08-31,,https://www.advich.com/gxgnhzjsj/,DESKTOP,,0,4,0.0,92.0,page_device,2026-07-27 13:02:21
121175,2026-07-27,2025-08-31,,https://www.advich.com/gxzsgdybf/,DESKTOP,,0,2,0.0,31.0,page_device,2026-07-27 13:02:21
121176,2026-07-27,2025-08-31,,https://www.advich.com/gycggdzyyx/,MOBILE,,0,1,0.0,66.0,page_device,2026-07-27 13:02:21
121177,2026-07-27,2025-08-31,,https://www.advich.com/hjyxwmkycy/,DESKTOP,,0,1,0.0,68.0,page_device,2026-07-27 13:02:21
121178,2026-07-27,2025-08-31,,https://www.advich.com/hjyxwmkycy/,MOBILE,,0,1,0.0,66.0,page_device,2026-07-27 13:02:21
121179,2026-07-27,2025-08-31,,https://www.advich.com/home/,MOBILE,,0,14,0.0,6.571428571428571,page_device,2026-07-27 13:02:21
121180,2026-07-27,2025-08-31,,https://www.advich.com/home/,TABLET,,0,1,0.0,10.0,page_device,2026-07-27 13:02:21
121181,2026-07-27,2025-08-31,,https://www.advich.com/how-to-promote-facebook/,DESKTOP,,0,4,0.0,81.75,page_device,2026-07-27 13:02:21
121182,2026-07-27,2025-08-31,,https://www.advich.com/hqggggrzdf/,DESKTOP,,0,18,0.0,63.27777777777778,page_device,2026-07-27 13:02:21
121183,2026-07-27,2025-08-31,,https://www.advich.com/hqggggrzdf/,MOBILE,,0,4,0.0,71.5,page_device,2026-07-27 13:02:21
121184,2026-07-27,2025-08-31,,https://www.advich.com/independent-foreign-trade-station-building/,DESKTOP,,0,1,0.0,100.0,page_device,2026-07-27 13:02:21
121185,2026-07-27,2025-08-31,,https://www.advich.com/independent-station-external-chain/,DESKTOP,,0,1,0.0,38.0,page_device,2026-07-27 13:02:21
121186,2026-07-27,2025-08-31,,https://www.advich.com/independent-station-external-chain/,MOBILE,,0,1,0.0,20.0,page_device,2026-07-27 13:02:21
121187,2026-07-27,2025-08-31,,https://www.advich.com/independent-station-operation/,DESKTOP,,0,1,0.0,100.0,page_device,2026-07-27 13:02:21
121188,2026-07-27,2025-08-31,,https://www.advich.com/integrated-marketing-ecology/,DESKTOP,,0,3,0.0,16.0,page_device,2026-07-27 13:02:21
121189,2026-07-27,2025-08-31,,https://www.advich.com/integrated-marketing-era-what-can-overseas-digital-marketing-bring-us/,DESKTOP,,0,4,0.0,16.0,page_device,2026-07-27 13:02:21
121190,2026-07-27,2025-08-31,,https://www.advich.com/integrated-marketing-platform/,DESKTOP,,0,5,0.0,23.6,page_device,2026-07-27 13:02:21
121191,2026-07-27,2025-08-31,,https://www.advich.com/jlygcsdggg/,DESKTOP,,0,2,0.0,28.0,page_device,2026-07-27 13:02:21
121192,2026-07-27,2025-08-31,,https://www.advich.com/jssymqbssm/,DESKTOP,,0,4,0.0,97.5,page_device,2026-07-27 13:02:21
121193,2026-07-27,2025-08-31,,https://www.advich.com/jxggsljxgg/,DESKTOP,,0,1,0.0,116.0,page_device,2026-07-27 13:02:21
121194,2026-07-27,2025-08-31,,https://www.advich.com/jycynzggxs/,DESKTOP,,0,2,0.0,69.0,page_device,2026-07-27 13:02:21
121195,2026-07-27,2025-08-31,,https://www.advich.com/jyyxdyxhdd/,DESKTOP,,0,2,0.0,61.0,page_device,2026-07-27 13:02:21
121196,2026-07-27,2025-08-31,,https://www.advich.com/khxfjsszjx/,DESKTOP,,0,10,0.0,63.5,page_device,2026-07-27 13:02:21
121197,2026-07-27,2025-08-31,,https://www.advich.com/khxfjsszjx/,MOBILE,,0,11,0.0,60.81818181818182,page_device,2026-07-27 13:02:21
121198,2026-07-27,2025-08-31,,https://www.advich.com/ksdycpgghd/,DESKTOP,,0,3,0.0,20.666666666666668,page_device,2026-07-27 13:02:21
121199,2026-07-27,2025-08-31,,https://www.advich.com/kygjcdqqkq/,DESKTOP,,0,1,0.0,183.0,page_device,2026-07-27 13:02:21
121200,2026-07-27,2025-08-31,,https://www.advich.com/linkedin-2/,DESKTOP,,0,1,0.0,73.0,page_device,2026-07-27 13:02:21
121201,2026-07-27,2025-08-31,,https://www.advich.com/linkedin-2/,MOBILE,,0,2,0.0,82.0,page_device,2026-07-27 13:02:21
121202,2026-07-27,2025-08-31,,https://www.advich.com/linkedin-account-registration/,DESKTOP,,0,4,0.0,20.0,page_device,2026-07-27 13:02:21
121203,2026-07-27,2025-08-31,,https://www.advich.com/linkedin-account-registration/,MOBILE,,0,1,0.0,20.0,page_device,2026-07-27 13:02:21
121204,2026-07-27,2025-08-31,,https://www.advich.com/ljpkytjsms/,DESKTOP,,0,1,0.0,14.0,page_device,2026-07-27 13:02:21
121205,2026-07-27,2025-08-31,,https://www.advich.com/ljrhzezcjx/,DESKTOP,,0,5,0.0,38.4,page_device,2026-07-27 13:02:21
121206,2026-07-27,2025-08-31,,https://www.advich.com/llqzzggfwc/,DESKTOP,,0,8,0.0,53.375,page_device,2026-07-27 13:02:21
121207,2026-07-27,2025-08-31,,https://www.advich.com/lqrzzkflsj/,DESKTOP,,0,1,0.0,131.0,page_device,2026-07-27 13:02:21
121208,2026-07-27,2025-08-31,,https://www.advich.com/lyfxggkdnd/,DESKTOP,,0,2,0.0,65.0,page_device,2026-07-27 13:02:21
121209,2026-07-27,2025-08-31,,https://www.advich.com/mcdjdlrtss/,DESKTOP,,0,2,0.0,38.0,page_device,2026-07-27 13:02:21
121210,2026-07-27,2025-08-31,,https://www.advich.com/mddyggggbp/,DESKTOP,,0,8,0.0,44.75,page_device,2026-07-27 13:02:21
121211,2026-07-27,2025-08-31,,https://www.advich.com/mddyggggbp/,MOBILE,,0,4,0.0,53.75,page_device,2026-07-27 13:02:21
121212,2026-07-27,2025-08-31,,https://www.advich.com/mgggzydsgg/,DESKTOP,,0,2,0.0,100.0,page_device,2026-07-27 13:02:21
121213,2026-07-27,2025-08-31,,https://www.advich.com/mggzdhggsz/,DESKTOP,,0,21,0.0,56.95238095238095,page_device,2026-07-27 13:02:21
121214,2026-07-27,2025-08-31,,https://www.advich.com/mggzdhggsz/,MOBILE,,0,2,0.0,53.0,page_device,2026-07-27 13:02:21
121215,2026-07-27,2025-08-31,,https://www.advich.com/mjjslxmjjs/,DESKTOP,,0,2,0.0,66.0,page_device,2026-07-27 13:02:21
121216,2026-07-27,2025-08-31,,https://www.advich.com/mxcxzdfggc/,DESKTOP,,0,1,0.0,139.0,page_device,2026-07-27 13:02:21
121217,2026-07-27,2025-08-31,,https://www.advich.com/mxcxzdtggc/,DESKTOP,,0,6,0.0,81.66666666666667,page_device,2026-07-27 13:02:21
121218,2026-07-27,2025-08-31,,https://www.advich.com/myggggcxdm/,DESKTOP,,0,2,0.0,27.5,page_device,2026-07-27 13:02:21
121219,2026-07-27,2025-08-31,,https://www.advich.com/ndsjgsdqzg/,DESKTOP,,0,5,0.0,12.2,page_device,2026-07-27 13:02:21
121220,2026-07-27,2025-08-31,,https://www.advich.com/new-knowledge-of-overseas-social-media-drainage-come-on-up/,DESKTOP,,0,2,0.0,29.5,page_device,2026-07-27 13:02:21
121221,2026-07-27,2025-08-31,,https://www.advich.com/new-knowledge-of-overseas-social-media-drainage-come-on-up/,MOBILE,,0,2,0.0,26.0,page_device,2026-07-27 13:02:21
121222,2026-07-27,2025-08-31,,https://www.advich.com/nggggdgcwk/,DESKTOP,,0,1,0.0,144.0,page_device,2026-07-27 13:02:21
121223,2026-07-27,2025-08-31,,https://www.advich.com/nkylyszdwx/,DESKTOP,,0,5,0.0,89.8,page_device,2026-07-27 13:02:21
121224,2026-07-27,2025-08-31,,https://www.advich.com/nkylyszdwx/,MOBILE,,0,1,0.0,85.0,page_device,2026-07-27 13:02:21
121225,2026-07-27,2025-08-31,,https://www.advich.com/nsmshdgggg/,DESKTOP,,0,2,0.0,34.0,page_device,2026-07-27 13:02:21
121226,2026-07-27,2025-08-31,,https://www.advich.com/nsydsdzjjm/,MOBILE,,0,11,0.0,83.36363636363636,page_device,2026-07-27 13:02:21
121227,2026-07-27,2025-08-31,,https://www.advich.com/nwfycnsfzx/,DESKTOP,,0,1,0.0,199.0,page_device,2026-07-27 13:02:21
121228,2026-07-27,2025-08-31,,https://www.advich.com/nxzddgyggg/,DESKTOP,,0,1,0.0,40.0,page_device,2026-07-27 13:02:21
121229,2026-07-27,2025-08-31,,https://www.advich.com/nxzttsfsyy/,MOBILE,,0,1,0.0,2.0,page_device,2026-07-27 13:02:21
121230,2026-07-27,2025-08-31,,https://www.advich.com/nygsygggga/,DESKTOP,,0,3,0.0,41.0,page_device,2026-07-27 13:02:21
121231,2026-07-27,2025-08-31,,https://www.advich.com/nzkdsjkshc/,DESKTOP,,0,1,0.0,190.0,page_device,2026-07-27 13:02:21
121232,2026-07-27,2025-08-31,,https://www.advich.com/oyktmssmws/,DESKTOP,,0,1,0.0,166.0,page_device,2026-07-27 13:02:21
121233,2026-07-27,2025-08-31,,https://www.advich.com/p6972/,DESKTOP,,0,1,0.0,117.0,page_device,2026-07-27 13:02:21
121234,2026-07-27,2025-08-31,,https://www.advich.com/p7659/,DESKTOP,,0,2,0.0,57.5,page_device,2026-07-27 13:02:21
121235,2026-07-27,2025-08-31,,https://www.advich.com/pggdzjzngg/,DESKTOP,,0,21,0.0,48.0,page_device,2026-07-27 13:02:21
121236,2026-07-27,2025-08-31,,https://www.advich.com/phcxtgcgmj/,DESKTOP,,0,9,0.0,87.11111111111111,page_device,2026-07-27 13:02:21
121237,2026-07-27,2025-08-31,,https://www.advich.com/pjcypjcbrh/,DESKTOP,,0,27,0.0,42.925925925925924,page_device,2026-07-27 13:02:21
121238,2026-07-27,2025-08-31,,https://www.advich.com/pmssmspyxm/,DESKTOP,,0,2,0.0,7.5,page_device,2026-07-27 13:02:21
121239,2026-07-27,2025-08-31,,https://www.advich.com/promotion-skills-of-fb-group/,DESKTOP,,0,17,0.0,76.6470588235294,page_device,2026-07-27 13:02:21
121240,2026-07-27,2025-08-31,,https://www.advich.com/pszclmbdwy/,DESKTOP,,0,1,0.0,129.0,page_device,2026-07-27 13:02:21
121241,2026-07-27,2025-08-31,,https://www.advich.com/qggjetbjqc/,DESKTOP,,0,1,0.0,138.0,page_device,2026-07-27 13:02:21
121242,2026-07-27,2025-08-31,,https://www.advich.com/qzkhkfggrh/,DESKTOP,,0,1,0.0,124.0,page_device,2026-07-27 13:02:21
121243,2026-07-27,2025-08-31,,https://www.advich.com/qzkhkfyqzk/,DESKTOP,,0,4,0.0,59.75,page_device,2026-07-27 13:02:21
121244,2026-07-27,2025-08-31,,https://www.advich.com/rggrmnxyzd/,DESKTOP,,0,7,0.0,40.857142857142854,page_device,2026-07-27 13:02:21
121245,2026-07-27,2025-08-31,,https://www.advich.com/rhcjggtgph/,DESKTOP,,0,1,0.0,167.0,page_device,2026-07-27 13:02:21
121246,2026-07-27,2025-08-31,,https://www.advich.com/rhcjzjgggw/,DESKTOP,,0,7,0.0,71.14285714285714,page_device,2026-07-27 13:02:21
121247,2026-07-27,2025-08-31,,https://www.advich.com/rhcndggggz/,DESKTOP,,0,1,0.0,130.0,page_device,2026-07-27 13:02:21
121248,2026-07-27,2025-08-31,,https://www.advich.com/rhcqtrdttl/,DESKTOP,,0,3,0.0,12.666666666666666,page_device,2026-07-27 13:02:21
121249,2026-07-27,2025-08-31,,https://www.advich.com/rhfxmhgzdl/,DESKTOP,,0,6,0.0,29.833333333333332,page_device,2026-07-27 13:02:21
121250,2026-07-27,2025-08-31,,https://www.advich.com/rhfxmhgzdl/,MOBILE,,0,2,0.0,1.0,page_device,2026-07-27 13:02:21
121251,2026-07-27,2025-08-31,,https://www.advich.com/rhgbggggzd/,DESKTOP,,0,2,0.0,25.0,page_device,2026-07-27 13:02:21
121252,2026-07-27,2025-08-31,,https://www.advich.com/rhhzsyztxy/,DESKTOP,,0,5,0.0,58.6,page_device,2026-07-27 13:02:21
121253,2026-07-27,2025-08-31,,https://www.advich.com/rhjcggsdgj/,DESKTOP,,0,12,0.0,80.16666666666667,page_device,2026-07-27 13:02:21
121254,2026-07-27,2025-08-31,,https://www.advich.com/rhjcggsdgj/,MOBILE,,0,11,0.0,82.9090909090909,page_device,2026-07-27 13:02:21
121255,2026-07-27,2025-08-31,,https://www.advich.com/rhjdmcdjdp/,DESKTOP,,0,2,0.0,33.0,page_device,2026-07-27 13:02:21
121256,2026-07-27,2025-08-31,,https://www.advich.com/rhjrbstcdg/,DESKTOP,,0,5,0.0,53.0,page_device,2026-07-27 13:02:21
121257,2026-07-27,2025-08-31,,https://www.advich.com/rhjrbstcdg/,MOBILE,,0,1,0.0,30.0,page_device,2026-07-27 13:02:21
121258,2026-07-27,2025-08-31,,https://www.advich.com/rhjscbhjqb/,DESKTOP,,0,2,0.0,44.0,page_device,2026-07-27 13:02:21
121259,2026-07-27,2025-08-31,,https://www.advich.com/rhkshdwzll/,DESKTOP,,0,2,0.0,60.0,page_device,2026-07-27 13:02:21
121260,2026-07-27,2025-08-31,,https://www.advich.com/rhkssygzds/,DESKTOP,,0,3,0.0,64.0,page_device,2026-07-27 13:02:21
121261,2026-07-27,2025-08-31,,https://www.advich.com/rhlydyfsjb/,DESKTOP,,0,1,0.0,173.0,page_device,2026-07-27 13:02:21
121262,2026-07-27,2025-08-31,,https://www.advich.com/rhlyggqzkh/,DESKTOP,,0,2,0.0,51.0,page_device,2026-07-27 13:02:21
121263,2026-07-27,2025-08-31,,https://www.advich.com/rhlyggsysg/,DESKTOP,,0,2,0.0,50.0,page_device,2026-07-27 13:02:21
121264,2026-07-27,2025-08-31,,https://www.advich.com/rhlyxsgdjd/,DESKTOP,,0,1,0.0,2.0,page_device,2026-07-27 13:02:21
121265,2026-07-27,2025-08-31,,https://www.advich.com/rhqdhlcggg/,DESKTOP,,0,2,0.0,73.0,page_device,2026-07-27 13:02:21
121266,2026-07-27,2025-08-31,,https://www.advich.com/rhrdljgfwg/,DESKTOP,,0,2,0.0,74.0,page_device,2026-07-27 13:02:21
121267,2026-07-27,2025-08-31,,https://www.advich.com/rhrndqycxz/,DESKTOP,,0,1,0.0,143.0,page_device,2026-07-27 13:02:21
121268,2026-07-27,2025-08-31,,https://www.advich.com/rhsxsjkshg/,DESKTOP,,0,1,0.0,119.0,page_device,2026-07-27 13:02:21
121269,2026-07-27,2025-08-31,,https://www.advich.com/rhsyggbzkz/,DESKTOP,,0,1,0.0,126.0,page_device,2026-07-27 13:02:21
121270,2026-07-27,2025-08-31,,https://www.advich.com/rhsyggggdw/,DESKTOP,,0,2,0.0,83.0,page_device,2026-07-27 13:02:21
121271,2026-07-27,2025-08-31,,https://www.advich.com/rhsyggggdw/,MOBILE,,0,1,0.0,86.0,page_device,2026-07-27 13:02:21
121272,2026-07-27,2025-08-31,,https://www.advich.com/rhsyggggtb/,DESKTOP,,0,1,0.0,159.0,page_device,2026-07-27 13:02:21
121273,2026-07-27,2025-08-31,,https://www.advich.com/rhsyggjzyc/,DESKTOP,,0,2,0.0,41.5,page_device,2026-07-27 13:02:21
121274,2026-07-27,2025-08-31,,https://www.advich.com/rhsynlltst/,DESKTOP,,0,1,0.0,128.0,page_device,2026-07-27 13:02:21
121275,2026-07-27,2025-08-31,,https://www.advich.com/rhsypmdclb/,DESKTOP,,0,1,0.0,158.0,page_device,2026-07-27 13:02:21
121276,2026-07-27,2025-08-31,,https://www.advich.com/rhsyspxdhd/,DESKTOP,,0,2,0.0,77.0,page_device,2026-07-27 13:02:21
121277,2026-07-27,2025-08-31,,https://www.advich.com/rhsyyspscq/,DESKTOP,,0,1,0.0,105.0,page_device,2026-07-27 13:02:21
121278,2026-07-27,2025-08-31,,https://www.advich.com/rhszgggwgg/,DESKTOP,,0,107,0.0,67.34579439252336,page_device,2026-07-27 13:02:21
121279,2026-07-27,2025-08-31,,https://www.advich.com/rhszgggwgg/,MOBILE,,0,4,0.0,57.75,page_device,2026-07-27 13:02:21
121280,2026-07-27,2025-08-31,,https://www.advich.com/rhszhyhggf/,DESKTOP,,0,2,0.0,79.0,page_device,2026-07-27 13:02:21
121281,2026-07-27,2025-08-31,,https://www.advich.com/rhtgggggdz/,DESKTOP,,0,2,0.0,97.0,page_device,2026-07-27 13:02:21
121282,2026-07-27,2025-08-31,,https://www.advich.com/rhtgggggtg/,DESKTOP,,0,1,0.0,99.0,page_device,2026-07-27 13:02:21
121283,2026-07-27,2025-08-31,,https://www.advich.com/rhtgljsmxl/,DESKTOP,,0,3,0.0,85.66666666666667,page_device,2026-07-27 13:02:21
121284,2026-07-27,2025-08-31,,https://www.advich.com/rhtgxsxszl/,DESKTOP,,0,1,0.0,142.0,page_device,2026-07-27 13:02:21
121285,2026-07-27,2025-08-31,,https://www.advich.com/rhtgyggscl/,DESKTOP,,0,3,0.0,30.666666666666668,page_device,2026-07-27 13:02:21
121286,2026-07-27,2025-08-31,,https://www.advich.com/rhtgyxfxl/,DESKTOP,,0,1,0.0,157.0,page_device,2026-07-27 13:02:21
121287,2026-07-27,2025-08-31,,https://www.advich.com/rhtjewjcxl/,DESKTOP,,0,15,0.0,4.0,page_device,2026-07-27 13:02:21
121288,2026-07-27,2025-08-31,,https://www.advich.com/rhtzggggsb/,DESKTOP,,0,1,0.0,151.0,page_device,2026-07-27 13:02:21
121289,2026-07-27,2025-08-31,,https://www.advich.com/rhwggggxzz/,DESKTOP,,0,64,0.0,47.234375,page_device,2026-07-27 13:02:21
121290,2026-07-27,2025-08-31,,https://www.advich.com/rhwggggxzz/,MOBILE,,0,14,0.0,80.57142857142857,page_device,2026-07-27 13:02:21
121291,2026-07-27,2025-08-31,,https://www.advich.com/rhwkhyxggg/,DESKTOP,,0,2,0.0,21.0,page_device,2026-07-27 13:02:21
121292,2026-07-27,2025-08-31,,https://www.advich.com/rhxdyycjw/,DESKTOP,,0,1,0.0,188.0,page_device,2026-07-27 13:02:21
121293,2026-07-27,2025-08-31,,https://www.advich.com/rhzcggtgpg/,DESKTOP,,0,1,0.0,170.0,page_device,2026-07-27 13:02:21
121294,2026-07-27,2025-08-31,,https://www.advich.com/rhzdhggggd/,DESKTOP,,0,1,0.0,177.0,page_device,2026-07-27 13:02:21
121295,2026-07-27,2025-08-31,,https://www.advich.com/rhzdhggzng/,DESKTOP,,0,10,0.0,41.7,page_device,2026-07-27 13:02:21
121296,2026-07-27,2025-08-31,,https://www.advich.com/rhzdhggzng/,MOBILE,,0,2,0.0,82.0,page_device,2026-07-27 13:02:21
121297,2026-07-27,2025-08-31,,https://www.advich.com/rhzedzbgzc/,MOBILE,,0,8,0.0,9.5,page_device,2026-07-27 13:02:21
121298,2026-07-27,2025-08-31,,https://www.advich.com/rhzezcjrct/,DESKTOP,,0,5,0.0,60.2,page_device,2026-07-27 13:02:21
121299,2026-07-27,2025-08-31,,https://www.advich.com/rhzezcjxsl/,DESKTOP,,0,2,0.0,36.0,page_device,2026-07-27 13:02:21
121300,2026-07-27,2025-08-31,,https://www.advich.com/rhzezfxsjk/,DESKTOP,,0,1,0.0,147.0,page_device,2026-07-27 13:02:21
121301,2026-07-27,2025-08-31,,https://www.advich.com/rhzezhzjyl/,DESKTOP,,0,3,0.0,42.0,page_device,2026-07-27 13:02:21
121302,2026-07-27,2025-08-31,,https://www.advich.com/rhzezhzjyl/,MOBILE,,0,1,0.0,16.0,page_device,2026-07-27 13:02:21
121303,2026-07-27,2025-08-31,,https://www.advich.com/rhzezzzbjt/,DESKTOP,,0,6,0.0,35.666666666666664,page_device,2026-07-27 13:02:21
121304,2026-07-27,2025-08-31,,https://www.advich.com/rhzezzzbjt/,MOBILE,,0,4,0.0,31.75,page_device,2026-07-27 13:02:21
121305,2026-07-27,2025-08-31,,https://www.advich.com/rhzezzzszt/,MOBILE,,0,7,0.0,30.571428571428573,page_device,2026-07-27 13:02:21
121306,2026-07-27,2025-08-31,,https://www.advich.com/rhzghgzgzs/,DESKTOP,,0,1,0.0,162.0,page_device,2026-07-27 13:02:21
121307,2026-07-27,2025-08-31,,https://www.advich.com/rhzgzcjptf/,DESKTOP,,0,1,0.0,92.0,page_device,2026-07-27 13:02:21
121308,2026-07-27,2025-08-31,,https://www.advich.com/rhzgzcjzdy/,DESKTOP,,0,16,0.0,48.6875,page_device,2026-07-27 13:02:21
121309,2026-07-27,2025-08-31,,https://www.advich.com/rhzgzcjzdy/,MOBILE,,0,3,0.0,49.0,page_device,2026-07-27 13:02:21
121310,2026-07-27,2025-08-31,,https://www.advich.com/rhzgzgjfgg/,DESKTOP,,0,2,0.0,76.5,page_device,2026-07-27 13:02:21
121311,2026-07-27,2025-08-31,,https://www.advich.com/rhzgzhzpt/,DESKTOP,,0,11,0.0,75.27272727272727,page_device,2026-07-27 13:02:21
121312,2026-07-27,2025-08-31,,https://www.advich.com/rhzgzsydks/,DESKTOP,,0,2,0.0,51.5,page_device,2026-07-27 13:02:21
121313,2026-07-27,2025-08-31,,https://www.advich.com/rhzgzzzbjt/,DESKTOP,,0,1,0.0,26.0,page_device,2026-07-27 13:02:21
121314,2026-07-27,2025-08-31,,https://www.advich.com/rhzmsczmjh/,DESKTOP,,0,1,0.0,121.0,page_device,2026-07-27 13:02:21
121315,2026-07-27,2025-08-31,,https://www.advich.com/rhztswahis/,DESKTOP,,0,2,0.0,5.0,page_device,2026-07-27 13:02:21
121316,2026-07-27,2025-08-31,,https://www.advich.com/rhzyfznzzs/,MOBILE,,0,1,0.0,83.0,page_device,2026-07-27 13:02:21
121317,2026-07-27,2025-08-31,,https://www.advich.com/rich-media/,DESKTOP,,0,18,0.0,43.611111111111114,page_device,2026-07-27 13:02:21
121318,2026-07-27,2025-08-31,,https://www.advich.com/rich-media/,MOBILE,,0,4,0.0,73.0,page_device,2026-07-27 13:02:21
121319,2026-07-27,2025-08-31,,https://www.advich.com/ryrtgrhrdf/,DESKTOP,,0,9,0.0,48.55555555555556,page_device,2026-07-27 13:02:21
121320,2026-07-27,2025-08-31,,https://www.advich.com/ryrtgrhrdf/,MOBILE,,0,4,0.0,61.75,page_device,2026-07-27 13:02:21
121321,2026-07-27,2025-08-31,,https://www.advich.com/sdtyxtzn/,DESKTOP,,0,1,0.0,145.0,page_device,2026-07-27 13:02:21
121322,2026-07-27,2025-08-31,,https://www.advich.com/search-engine-integrated-marketing/,DESKTOP,,0,1,0.0,82.0,page_device,2026-07-27 13:02:21
121323,2026-07-27,2025-08-31,,https://www.advich.com/search-marketing/dynamic-search-advertisement/,DESKTOP,,0,1,0.0,44.0,page_device,2026-07-27 13:02:21
121324,2026-07-27,2025-08-31,,https://www.advich.com/search-marketing/google-display-ads/,DESKTOP,,0,49,0.0,80.81632653061224,page_device,2026-07-27 13:02:21
121325,2026-07-27,2025-08-31,,https://www.advich.com/search-marketing/google-display-ads/,MOBILE,,0,29,0.0,75.3103448275862,page_device,2026-07-27 13:02:21
121326,2026-07-27,2025-08-31,,https://www.advich.com/search-marketing/yandex-display-ads/,MOBILE,,0,1,0.0,94.0,page_device,2026-07-27 13:02:21
121327,2026-07-27,2025-08-31,,https://www.advich.com/search-marketing/yandex/,DESKTOP,,0,1,0.0,28.0,page_device,2026-07-27 13:02:21
121328,2026-07-27,2025-08-31,,https://www.advich.com/sem-search-engine-marketing/,DESKTOP,,0,6,0.0,76.16666666666667,page_device,2026-07-27 13:02:21
121329,2026-07-27,2025-08-31,,https://www.advich.com/seo-service/,DESKTOP,,0,36,0.0,81.44444444444444,page_device,2026-07-27 13:02:21
121330,2026-07-27,2025-08-31,,https://www.advich.com/seo/,DESKTOP,,0,29,0.0,65.3103448275862,page_device,2026-07-27 13:02:21
121331,2026-07-27,2025-08-31,,https://www.advich.com/shopify/,DESKTOP,,0,15,0.0,9.0,page_device,2026-07-27 13:02:21
121332,2026-07-27,2025-08-31,,https://www.advich.com/sjfxsyywfx/,DESKTOP,,0,15,0.0,5.0,page_device,2026-07-27 13:02:21
121333,2026-07-27,2025-08-31,,https://www.advich.com/sjfxszsmnz/,DESKTOP,,0,1,0.0,9.0,page_device,2026-07-27 13:02:21
121334,2026-07-27,2025-08-31,,https://www.advich.com/smsbjyxwsm/,DESKTOP,,0,1,0.0,137.0,page_device,2026-07-27 13:02:21
121335,2026-07-27,2025-08-31,,https://www.advich.com/smsdjlwsmc/,DESKTOP,,0,15,0.0,73.46666666666667,page_device,2026-07-27 13:02:21
121336,2026-07-27,2025-08-31,,https://www.advich.com/smsdjlwsmc/,MOBILE,,0,5,0.0,83.0,page_device,2026-07-27 13:02:21
121337,2026-07-27,2025-08-31,,https://www.advich.com/smsdtxsggy/,DESKTOP,,0,31,0.0,38.516129032258064,page_device,2026-07-27 13:02:21
121338,2026-07-27,2025-08-31,,https://www.advich.com/smsdtxsggy/,MOBILE,,0,21,0.0,35.857142857142854,page_device,2026-07-27 13:02:21
121339,2026-07-27,2025-08-31,,https://www.advich.com/smsfysyxpp/,DESKTOP,,0,2,0.0,80.0,page_device,2026-07-27 13:02:21
121340,2026-07-27,2025-08-31,,https://www.advich.com/smsggbqglq/,DESKTOP,,0,71,0.0,74.30985915492958,page_device,2026-07-27 13:02:21
121341,2026-07-27,2025-08-31,,https://www.advich.com/smsggbqglq/,MOBILE,,0,34,0.0,81.88235294117646,page_device,2026-07-27 13:02:21
121342,2026-07-27,2025-08-31,,https://www.advich.com/smsggggdyh/,DESKTOP,,0,13,0.0,83.23076923076923,page_device,2026-07-27 13:02:21
121343,2026-07-27,2025-08-31,,https://www.advich.com/smsggggdyh/,MOBILE,,0,11,0.0,90.0909090909091,page_device,2026-07-27 13:02:21
121344,2026-07-27,2025-08-31,,https://www.advich.com/smsggyxggt/,DESKTOP,,0,17,0.0,11.235294117647058,page_device,2026-07-27 13:02:21
121345,2026-07-27,2025-08-31,,https://www.advich.com/smsggzdcrh/,MOBILE,,0,1,0.0,1.0,page_device,2026-07-27 13:02:21
121346,2026-07-27,2025-08-31,,https://www.advich.com/smsgjccjfx/,DESKTOP,,0,3,0.0,48.0,page_device,2026-07-27 13:02:21
121347,2026-07-27,2025-08-31,,https://www.advich.com/smshdccddy/,DESKTOP,,0,11,0.0,76.81818181818181,page_device,2026-07-27 13:02:21
121348,2026-07-27,2025-08-31,,https://www.advich.com/smshdccddy/,MOBILE,,0,2,0.0,78.0,page_device,2026-07-27 13:02:21
121349,2026-07-27,2025-08-31,,https://www.advich.com/smsjhsp/,DESKTOP,,0,1,0.0,108.0,page_device,2026-07-27 13:02:21
121350,2026-07-27,2025-08-31,,https://www.advich.com/smsjztrhks/,DESKTOP,,0,7,0.0,52.142857142857146,page_device,2026-07-27 13:02:21
121351,2026-07-27,2025-08-31,,https://www.advich.com/smskczdjjw/,DESKTOP,,0,1,0.0,71.0,page_device,2026-07-27 13:02:21
121352,2026-07-27,2025-08-31,,https://www.advich.com/smslggtysm/,DESKTOP,,0,15,0.0,10.0,page_device,2026-07-27 13:02:21
121353,2026-07-27,2025-08-31,,https://www.advich.com/smspltyzhg/,MOBILE,,0,1,0.0,52.0,page_device,2026-07-27 13:02:21
121354,2026-07-27,2025-08-31,,https://www.advich.com/smsryxlyrt/,DESKTOP,,0,13,0.0,91.53846153846153,page_device,2026-07-27 13:02:21
121355,2026-07-27,2025-08-31,,https://www.advich.com/smsryxlyrt/,MOBILE,,0,13,0.0,92.6923076923077,page_device,2026-07-27 13:02:21
121356,2026-07-27,2025-08-31,,https://www.advich.com/smssjkshgg/,DESKTOP,,0,2,0.0,63.0,page_device,2026-07-27 13:02:21
121357,2026-07-27,2025-08-31,,https://www.advich.com/smsssjjwsm/,DESKTOP,,0,19,0.0,84.63157894736842,page_device,2026-07-27 13:02:21
121358,2026-07-27,2025-08-31,,https://www.advich.com/smsssjjwsm/,MOBILE,,0,1,0.0,84.0,page_device,2026-07-27 13:02:21
121359,2026-07-27,2025-08-31,,https://www.advich.com/smstsxsjfx/,DESKTOP,,0,30,0.0,70.83333333333333,page_device,2026-07-27 13:02:21
121360,2026-07-27,2025-08-31,,https://www.advich.com/smstsxsjfx/,MOBILE,,0,16,0.0,67.5625,page_device,2026-07-27 13:02:21
121361,2026-07-27,2025-08-31,,https://www.advich.com/smszhcbgsh/,DESKTOP,,0,40,0.0,59.075,page_device,2026-07-27 13:02:21
121362,2026-07-27,2025-08-31,,https://www.advich.com/smszhcbgsh/,MOBILE,,0,24,0.0,67.20833333333333,page_device,2026-07-27 13:02:21
121363,2026-07-27,2025-08-31,,https://www.advich.com/smszlfswsm/,DESKTOP,,0,1,0.0,76.0,page_device,2026-07-27 13:02:21
121364,2026-07-27,2025-08-31,,https://www.advich.com/smszyxykld/,DESKTOP,,0,4,0.0,84.75,page_device,2026-07-27 13:02:21
121365,2026-07-27,2025-08-31,,https://www.advich.com/smszyxykld/,MOBILE,,0,3,0.0,83.33333333333333,page_device,2026-07-27 13:02:21
121366,2026-07-27,2025-08-31,,https://www.advich.com/smtxzshbjs/,DESKTOP,,0,7,0.0,67.28571428571429,page_device,2026-07-27 13:02:21
121367,2026-07-27,2025-08-31,,https://www.advich.com/smtxzshbjs/,MOBILE,,0,2,0.0,62.5,page_device,2026-07-27 13:02:21
121368,2026-07-27,2025-08-31,,https://www.advich.com/social-media-operation-strategy/,DESKTOP,,0,3,0.0,65.66666666666667,page_device,2026-07-27 13:02:21
121369,2026-07-27,2025-08-31,,https://www.advich.com/ssggyggggs/,DESKTOP,,0,23,0.0,73.04347826086956,page_device,2026-07-27 13:02:21
121370,2026-07-27,2025-08-31,,https://www.advich.com/ssggyggggs/,MOBILE,,0,2,0.0,67.5,page_device,2026-07-27 13:02:21
121371,2026-07-27,2025-08-31,,https://www.advich.com/ssyxryyglj/,DESKTOP,,0,2,0.0,99.5,page_device,2026-07-27 13:02:21
121372,2026-07-27,2025-08-31,,https://www.advich.com/ssyxryyglj/,MOBILE,,0,1,0.0,75.0,page_device,2026-07-27 13:02:21
121373,2026-07-27,2025-08-31,,https://www.advich.com/sydyhyxcly/,DESKTOP,,0,1,0.0,154.0,page_device,2026-07-27 13:02:21
121374,2026-07-27,2025-08-31,,https://www.advich.com/syfggkdzcx/,DESKTOP,,0,3,0.0,46.0,page_device,2026-07-27 13:02:21
121375,2026-07-27,2025-08-31,,https://www.advich.com/syggtgpysm/,DESKTOP,,0,13,0.0,35.23076923076923,page_device,2026-07-27 13:02:21
121376,2026-07-27,2025-08-31,,https://www.advich.com/syxmsrmznx/,DESKTOP,,0,1,0.0,118.0,page_device,2026-07-27 13:02:21
121377,2026-07-27,2025-08-31,,https://www.advich.com/syxslrhxyx/,DESKTOP,,0,1,0.0,163.0,page_device,2026-07-27 13:02:21
121378,2026-07-27,2025-08-31,,https://www.advich.com/szdjzdsjjc/,DESKTOP,,0,1,0.0,160.0,page_device,2026-07-27 13:02:21
121379,2026-07-27,2025-08-31,,https://www.advich.com/szyxryprzk/,DESKTOP,,0,1,0.0,37.0,page_device,2026-07-27 13:02:21
121380,2026-07-27,2025-08-31,,https://www.advich.com/tgggggxgxd/,DESKTOP,,0,2,0.0,87.0,page_device,2026-07-27 13:02:21
121381,2026-07-27,2025-08-31,,https://www.advich.com/tggggzdgzj/,DESKTOP,,0,8,0.0,99.375,page_device,2026-07-27 13:02:21
121382,2026-07-27,2025-08-31,,https://www.advich.com/tgpdlymtyd/,DESKTOP,,0,1,0.0,101.0,page_device,2026-07-27 13:02:21
121383,2026-07-27,2025-08-31,,https://www.advich.com/tgpxndgxzl/,DESKTOP,,0,96,0.0,4.4375,page_device,2026-07-27 13:02:21
121384,2026-07-27,2025-08-31,,https://www.advich.com/tgpxndgxzl/,MOBILE,,0,47,0.0,4.0,page_device,2026-07-27 13:02:21
121385,2026-07-27,2025-08-31,,https://www.advich.com/the-difference-between-google-seo-and-google-adwords/,DESKTOP,,0,4,0.0,42.0,page_device,2026-07-27 13:02:21
121386,2026-07-27,2025-08-31,,https://www.advich.com/trade/,DESKTOP,,0,9,0.0,96.11111111111111,page_device,2026-07-27 13:02:21
121387,2026-07-27,2025-08-31,,https://www.advich.com/trade/3/,DESKTOP,,0,1,0.0,89.0,page_device,2026-07-27 13:02:21
121388,2026-07-27,2025-08-31,,https://www.advich.com/tsyxylsyxc/,DESKTOP,,0,2,0.0,53.5,page_device,2026-07-27 13:02:21
121389,2026-07-27,2025-08-31,,https://www.advich.com/ttywztttmf/,DESKTOP,,0,2,0.0,89.0,page_device,2026-07-27 13:02:21
121390,2026-07-27,2025-08-31,,https://www.advich.com/twitter-integrated-marketing/,DESKTOP,,0,24,0.0,82.75,page_device,2026-07-27 13:02:21
121391,2026-07-27,2025-08-31,,https://www.advich.com/twitter-marketing-skills/,DESKTOP,,0,1,0.0,26.0,page_device,2026-07-27 13:02:21
121392,2026-07-27,2025-08-31,,https://www.advich.com/twitter-marketing-strategy/,DESKTOP,,0,3,0.0,97.0,page_device,2026-07-27 13:02:21
121393,2026-07-27,2025-08-31,,https://www.advich.com/twsmtmznds/,DESKTOP,,0,22,0.0,79.18181818181819,page_device,2026-07-27 13:02:21
121394,2026-07-27,2025-08-31,,https://www.advich.com/twsmtmznds/,MOBILE,,0,3,0.0,88.33333333333333,page_device,2026-07-27 13:02:21
121395,2026-07-27,2025-08-31,,https://www.advich.com/wbggdsgbyb/,DESKTOP,,0,17,0.0,9.764705882352942,page_device,2026-07-27 13:02:21
121396,2026-07-27,2025-08-31,,https://www.advich.com/wbggdsgbyb/,MOBILE,,0,6,0.0,85.0,page_device,2026-07-27 13:02:21
121397,2026-07-27,2025-08-31,,https://www.advich.com/what-are-the-advantages-of-google-seo-and-google-sem-do-you-know/,DESKTOP,,0,1,0.0,18.0,page_device,2026-07-27 13:02:21
121398,2026-07-27,2025-08-31,,https://www.advich.com/what-are-the-advantages-of-google-seo-and-google-sem-do-you-know/,MOBILE,,0,1,0.0,100.0,page_device,2026-07-27 13:02:21
121399,2026-07-27,2025-08-31,,https://www.advich.com/what-are-the-requirements-for-google-to-promote-online-marketing/,DESKTOP,,0,4,0.0,56.75,page_device,2026-07-27 13:02:21
121400,2026-07-27,2025-08-31,,https://www.advich.com/what-is-an-independent-station-why-stand-alone/,DESKTOP,,0,4,0.0,30.5,page_device,2026-07-27 13:02:21
121401,2026-07-27,2025-08-31,,https://www.advich.com/wjdgmjkhlw/,DESKTOP,,0,1,0.0,175.0,page_device,2026-07-27 13:02:21
121402,2026-07-27,2025-08-31,,https://www.advich.com/wrggtclyxl/,DESKTOP,,0,1,0.0,179.0,page_device,2026-07-27 13:02:21
121403,2026-07-27,2025-08-31,,https://www.advich.com/wrggtgggjh/,DESKTOP,,0,2,0.0,84.5,page_device,2026-07-27 13:02:21
121404,2026-07-27,2025-08-31,,https://www.advich.com/wrggzlndhg/,DESKTOP,,0,1,0.0,113.0,page_device,2026-07-27 13:02:21
121405,2026-07-27,2025-08-31,,https://www.advich.com/wsmggfxdsz/,DESKTOP,,0,2,0.0,57.0,page_device,2026-07-27 13:02:21
121406,2026-07-27,2025-08-31,,https://www.advich.com/wsmgjcyjds/,DESKTOP,,0,1,0.0,73.0,page_device,2026-07-27 13:02:21
121407,2026-07-27,2025-08-31,,https://www.advich.com/wsmkhlslhz/,DESKTOP,,0,1,0.0,95.0,page_device,2026-07-27 13:02:21
121408,2026-07-27,2025-08-31,,https://www.advich.com/wsmkhzsjzd/,DESKTOP,,0,1,0.0,135.0,page_device,2026-07-27 13:02:21
121409,2026-07-27,2025-08-31,,https://www.advich.com/wsmrjszggt/,DESKTOP,,0,6,0.0,62.5,page_device,2026-07-27 13:02:21
121410,2026-07-27,2025-08-31,,https://www.advich.com/wsmsjqdjch/,DESKTOP,,0,2,0.0,48.0,page_device,2026-07-27 13:02:21
121411,2026-07-27,2025-08-31,,https://www.advich.com/wsmyjjybty/,DESKTOP,,0,3,0.0,45.0,page_device,2026-07-27 13:02:21
121412,2026-07-27,2025-08-31,,https://www.advich.com/xnsxpsqhgt/,DESKTOP,,0,15,0.0,7.0,page_device,2026-07-27 13:02:21
121413,2026-07-27,2025-08-31,,https://www.advich.com/xsssjbhqsd/,DESKTOP,,0,6,0.0,10.166666666666666,page_device,2026-07-27 13:02:21
121414,2026-07-27,2025-08-31,,https://www.advich.com/xsxy/,MOBILE,,0,1,0.0,10.0,page_device,2026-07-27 13:02:21
121415,2026-07-27,2025-08-31,,https://www.advich.com/xxscstslyc/,DESKTOP,,0,15,0.0,6.0,page_device,2026-07-27 13:02:21
121416,2026-07-27,2025-08-31,,https://www.advich.com/xysssggggg/,DESKTOP,,0,1,0.0,140.0,page_device,2026-07-27 13:02:21
121417,2026-07-27,2025-08-31,,https://www.advich.com/xysssggxzs/,DESKTOP,,0,5,0.0,76.6,page_device,2026-07-27 13:02:21
121418,2026-07-27,2025-08-31,,https://www.advich.com/xysssggydt/,DESKTOP,,0,2,0.0,52.0,page_device,2026-07-27 13:02:21
121419,2026-07-27,2025-08-31,,https://www.advich.com/ycjcslzggt/,DESKTOP,,0,3,0.0,42.0,page_device,2026-07-27 13:02:21
121420,2026-07-27,2025-08-31,,https://www.advich.com/yhpggygskh/,DESKTOP,,0,1,0.0,10.0,page_device,2026-07-27 13:02:21
121421,2026-07-27,2025-08-31,,https://www.advich.com/yjzhhssjgz/,DESKTOP,,0,1,0.0,63.0,page_device,2026-07-27 13:02:21
121422,2026-07-27,2025-08-31,,https://www.advich.com/ykqsyhbhsp/,DESKTOP,,0,2,0.0,24.0,page_device,2026-07-27 13:02:21
121423,2026-07-27,2025-08-31,,https://www.advich.com/ypddggggrh/,DESKTOP,,0,3,0.0,97.0,page_device,2026-07-27 13:02:21
121424,2026-07-27,2025-08-31,,https://www.advich.com/ypddggggrh/,MOBILE,,0,4,0.0,92.0,page_device,2026-07-27 13:02:21
121425,2026-07-27,2025-08-31,,https://www.advich.com/ytb/,DESKTOP,,0,4,0.0,58.5,page_device,2026-07-27 13:02:21
121426,2026-07-27,2025-08-31,,https://www.advich.com/ytb/,MOBILE,,0,2,0.0,30.0,page_device,2026-07-27 13:02:21
121427,2026-07-27,2025-08-31,,https://www.advich.com/yxfxhzsdcj/,DESKTOP,,0,2,0.0,43.0,page_device,2026-07-27 13:02:21
121428,2026-07-27,2025-08-31,,https://www.advich.com/yxpljyxzhd/,DESKTOP,,0,11,0.0,76.54545454545455,page_device,2026-07-27 13:02:21
121429,2026-07-27,2025-08-31,,https://www.advich.com/yxszhsmssz/,DESKTOP,,0,38,0.0,88.84210526315789,page_device,2026-07-27 13:02:21
121430,2026-07-27,2025-08-31,,https://www.advich.com/yxszhsmssz/,MOBILE,,0,3,0.0,95.0,page_device,2026-07-27 13:02:21
121431,2026-07-27,2025-08-31,,https://www.advich.com/zbdpzhsdgj/,DESKTOP,,0,2,0.0,40.0,page_device,2026-07-27 13:02:21
121432,2026-07-27,2025-08-31,,https://www.advich.com/zggszdsggc/,MOBILE,,0,1,0.0,89.0,page_device,2026-07-27 13:02:21
121433,2026-07-27,2025-08-31,,https://www.advich.com/zhjsrhjndg/,DESKTOP,,0,1,0.0,186.0,page_device,2026-07-27 13:02:21
121434,2026-07-27,2025-08-31,,https://www.advich.com/zhyxcbdjtl/,DESKTOP,,0,2,0.0,78.0,page_device,2026-07-27 13:02:21
121435,2026-07-27,2025-08-31,,https://www.advich.com/zjggxsggsl/,DESKTOP,,0,57,0.0,70.6842105263158,page_device,2026-07-27 13:02:21
121436,2026-07-27,2025-08-31,,https://www.advich.com/zjggxsggsl/,MOBILE,,0,30,0.0,63.1,page_device,2026-07-27 13:02:21
121437,2026-07-27,2025-08-31,,https://www.advich.com/zjsjkshgjn/,DESKTOP,,0,1,0.0,106.0,page_device,2026-07-27 13:02:21
121438,2026-07-27,2025-08-31,,https://www.advich.com/zlxdggggkz/,DESKTOP,,0,2,0.0,89.0,page_device,2026-07-27 13:02:21
121439,2026-07-27,2025-08-31,,https://www.advich.com/zlxdggggkz/,MOBILE,,0,2,0.0,89.0,page_device,2026-07-27 13:02:21
121440,2026-07-27,2025-08-31,,https://www.advich.com/zmggzszspk/,DESKTOP,,0,1,0.0,187.0,page_device,2026-07-27 13:02:21
121441,2026-07-27,2025-08-31,,https://www.advich.com/zngwhdybzh/,DESKTOP,,0,10,0.0,81.5,page_device,2026-07-27 13:02:21
121442,2026-07-27,2025-08-31,,https://www.advich.com/zwggggzdtz/,DESKTOP,,0,3,0.0,54.333333333333336,page_device,2026-07-27 13:02:21
121443,2026-07-27,2025-08-31,,https://www.advich.com/zwggggzdtz/,MOBILE,,0,1,0.0,94.0,page_device,2026-07-27 13:02:21
121444,2026-07-27,2025-08-31,,https://www.advich.com/zxggdhcssm/,DESKTOP,,0,1,0.0,176.0,page_device,2026-07-27 13:02:21
121445,2026-07-27,2025-08-31,,https://www.advich.com/zxyxgczdcx/,DESKTOP,,0,1,0.0,152.0,page_device,2026-07-27 13:02:21
121446,2026-07-27,2025-08-31,,https://www.advich.com/zyxgtbclzj/,DESKTOP,,0,18,0.0,75.33333333333333,page_device,2026-07-27 13:02:21
121447,2026-07-27,2025-08-31,,https://www.advich.com/zyxgtbclzj/,MOBILE,,0,17,0.0,69.0,page_device,2026-07-27 13:02:21
105973,2026-07-27,2025-08-01,,https://www.advich.com/about-us/,MOBILE,,22,250,0.088,2.908,page_device,2026-07-27 13:02:07
105974,2026-07-27,2025-08-01,,https://www.advich.com/,MOBILE,,7,265,0.026415094339622643,4.049056603773585,page_device,2026-07-27 13:02:07
105975,2026-07-27,2025-08-01,,https://www.advich.com/,DESKTOP,,6,93,0.06451612903225806,3.6021505376344085,page_device,2026-07-27 13:02:07
105976,2026-07-27,2025-08-01,,https://www.advich.com/about-us/,DESKTOP,,5,48,0.10416666666666667,4.604166666666666,page_device,2026-07-27 13:02:07
105977,2026-07-27,2025-08-01,,https://www.advich.com/home/,DESKTOP,,5,29,0.1724137931034483,3.0,page_device,2026-07-27 13:02:07
105978,2026-07-27,2025-08-01,,https://www.advich.com/rhztswahis/,MOBILE,,3,25,0.12,10.12,page_device,2026-07-27 13:02:07
105979,2026-07-27,2025-08-01,,https://www.advich.com/tiktok/,DESKTOP,,3,101,0.0297029702970297,34.56435643564357,page_device,2026-07-27 13:02:07
105980,2026-07-27,2025-08-01,,https://www.advich.com/what-is-an-independent-station-why-stand-alone/,DESKTOP,,2,13,0.15384615384615385,42.61538461538461,page_device,2026-07-27 13:02:07
105981,2026-07-27,2025-08-01,,https://www.advich.com/fb/,DESKTOP,,1,191,0.005235602094240838,57.16230366492147,page_device,2026-07-27 13:02:07
105982,2026-07-27,2025-08-01,,https://www.advich.com/how-to-open-an-account-for-google-promotion/,DESKTOP,,1,1,1.0,31.0,page_device,2026-07-27 13:02:07
105983,2026-07-27,2025-08-01,,https://www.advich.com/rhzedzbgzc/,DESKTOP,,1,35,0.02857142857142857,23.0,page_device,2026-07-27 13:02:07
105984,2026-07-27,2025-08-01,,https://www.advich.com/,TABLET,,0,2,0.0,4.0,page_device,2026-07-27 13:02:07
105985,2026-07-27,2025-08-01,,https://www.advich.com/15-advertising-trends/,DESKTOP,,0,4,0.0,86.25,page_device,2026-07-27 13:02:07
105986,2026-07-27,2025-08-01,,https://www.advich.com/a-must-see-for-social-media-overseas-marketing/,DESKTOP,,0,5,0.0,57.0,page_device,2026-07-27 13:02:07
105987,2026-07-27,2025-08-01,,https://www.advich.com/about-us/,TABLET,,0,2,0.0,5.0,page_device,2026-07-27 13:02:07
105988,2026-07-27,2025-08-01,,https://www.advich.com/advertising-skills/,DESKTOP,,0,3,0.0,86.66666666666667,page_device,2026-07-27 13:02:07
105989,2026-07-27,2025-08-01,,https://www.advich.com/adweb-global-station/,DESKTOP,,0,2,0.0,84.5,page_device,2026-07-27 13:02:07
105990,2026-07-27,2025-08-01,,https://www.advich.com/akjyxdjfwz/,DESKTOP,,0,10,0.0,68.7,page_device,2026-07-27 13:02:07
105991,2026-07-27,2025-08-01,,https://www.advich.com/akjyxdjfwz/,MOBILE,,0,7,0.0,70.0,page_device,2026-07-27 13:02:07
105992,2026-07-27,2025-08-01,,https://www.advich.com/aslrhzggtg/,DESKTOP,,0,20,0.0,110.1,page_device,2026-07-27 13:02:07
105993,2026-07-27,2025-08-01,,https://www.advich.com/b2b/,DESKTOP,,0,9,0.0,133.22222222222223,page_device,2026-07-27 13:02:07
105994,2026-07-27,2025-08-01,,https://www.advich.com/bhbgtdhcss/,DESKTOP,,0,11,0.0,48.18181818181818,page_device,2026-07-27 13:02:07
105995,2026-07-27,2025-08-01,,https://www.advich.com/bingads/,DESKTOP,,0,28,0.0,66.39285714285714,page_device,2026-07-27 13:02:07
105996,2026-07-27,2025-08-01,,https://www.advich.com/bingads/,MOBILE,,0,12,0.0,54.75,page_device,2026-07-27 13:02:07
105997,2026-07-27,2025-08-01,,https://www.advich.com/bqzkhyxhdp/,DESKTOP,,0,1,0.0,97.0,page_device,2026-07-27 13:02:07
105998,2026-07-27,2025-08-01,,https://www.advich.com/brand-marketing/oath/,DESKTOP,,0,3,0.0,49.0,page_device,2026-07-27 13:02:07
105999,2026-07-27,2025-08-01,,https://www.advich.com/brand-marketing/tiktok-ads/,MOBILE,,0,3,0.0,38.666666666666664,page_device,2026-07-27 13:02:07
106000,2026-07-27,2025-08-01,,https://www.advich.com/ccgywzsm/,DESKTOP,,0,10,0.0,76.5,page_device,2026-07-27 13:02:07
106001,2026-07-27,2025-08-01,,https://www.advich.com/cffhyfsjfn-2/,DESKTOP,,0,3,0.0,10.0,page_device,2026-07-27 13:02:07
106002,2026-07-27,2025-08-01,,https://www.advich.com/cffhyfsjfn/,DESKTOP,,0,10,0.0,100.5,page_device,2026-07-27 13:02:07
106003,2026-07-27,2025-08-01,,https://www.advich.com/cggggghdds/,DESKTOP,,0,9,0.0,123.22222222222223,page_device,2026-07-27 13:02:07
106004,2026-07-27,2025-08-01,,https://www.advich.com/cggtsyxxg/,DESKTOP,,0,10,0.0,92.4,page_device,2026-07-27 13:02:07
106005,2026-07-27,2025-08-01,,https://www.advich.com/cgszgggghd/,DESKTOP,,0,12,0.0,85.5,page_device,2026-07-27 13:02:07
106006,2026-07-27,2025-08-01,,https://www.advich.com/cgszgggghd/,MOBILE,,0,1,0.0,54.0,page_device,2026-07-27 13:02:07
106007,2026-07-27,2025-08-01,,https://www.advich.com/cjyrrsdsjmtnrdzff/,DESKTOP,,0,3,0.0,30.0,page_device,2026-07-27 13:02:07
106008,2026-07-27,2025-08-01,,https://www.advich.com/come-in-and-have-a-look-overseas-digital-marketing-methods/,DESKTOP,,0,7,0.0,47.714285714285715,page_device,2026-07-27 13:02:07
106009,2026-07-27,2025-08-01,,https://www.advich.com/cost-per-click/,DESKTOP,,0,70,0.0,58.67142857142857,page_device,2026-07-27 13:02:07
106010,2026-07-27,2025-08-01,,https://www.advich.com/cost-per-click/,MOBILE,,0,18,0.0,48.44444444444444,page_device,2026-07-27 13:02:07
106011,2026-07-27,2025-08-01,,https://www.advich.com/cost-per-click/,TABLET,,0,1,0.0,9.0,page_device,2026-07-27 13:02:07
106012,2026-07-27,2025-08-01,,https://www.advich.com/cscpclybhh/,DESKTOP,,0,9,0.0,195.66666666666666,page_device,2026-07-27 13:02:07
106013,2026-07-27,2025-08-01,,https://www.advich.com/cylysmqb/,DESKTOP,,0,11,0.0,135.9090909090909,page_device,2026-07-27 13:02:07
106014,2026-07-27,2025-08-01,,https://www.advich.com/cylysmqb/,MOBILE,,0,1,0.0,1.0,page_device,2026-07-27 13:02:07
106015,2026-07-27,2025-08-01,,https://www.advich.com/cyzqdfxffz/,DESKTOP,,0,11,0.0,33.18181818181818,page_device,2026-07-27 13:02:07
106016,2026-07-27,2025-08-01,,https://www.advich.com/dcfxbgslrh/,DESKTOP,,0,11,0.0,40.18181818181818,page_device,2026-07-27 13:02:07
106017,2026-07-27,2025-08-01,,https://www.advich.com/djyljddgyy/,DESKTOP,,0,12,0.0,21.166666666666668,page_device,2026-07-27 13:02:07
106018,2026-07-27,2025-08-01,,https://www.advich.com/dlktlbfxjs/,DESKTOP,,0,44,0.0,53.5,page_device,2026-07-27 13:02:07
106019,2026-07-27,2025-08-01,,https://www.advich.com/dlktlbfxjs/,MOBILE,,0,1,0.0,16.0,page_device,2026-07-27 13:02:07
106020,2026-07-27,2025-08-01,,https://www.advich.com/do-we-have-to-find-a-proxy-operating-company-to-promote-google/,DESKTOP,,0,24,0.0,83.04166666666667,page_device,2026-07-27 13:02:07
106021,2026-07-27,2025-08-01,,https://www.advich.com/do-we-have-to-find-a-proxy-operating-company-to-promote-google/,MOBILE,,0,3,0.0,72.0,page_device,2026-07-27 13:02:07
106022,2026-07-27,2025-08-01,,https://www.advich.com/dtssggddzj/,DESKTOP,,0,69,0.0,54.26086956521739,page_device,2026-07-27 13:02:07
106023,2026-07-27,2025-08-01,,https://www.advich.com/dtssggddzj/,MOBILE,,0,6,0.0,64.0,page_device,2026-07-27 13:02:07
106024,2026-07-27,2025-08-01,,https://www.advich.com/dynamic-search-ads/,DESKTOP,,0,59,0.0,50.74576271186441,page_device,2026-07-27 13:02:07
106025,2026-07-27,2025-08-01,,https://www.advich.com/dynamic-search-ads/,MOBILE,,0,16,0.0,56.75,page_device,2026-07-27 13:02:07
106026,2026-07-27,2025-08-01,,https://www.advich.com/dysxqcpthg/,DESKTOP,,0,27,0.0,102.77777777777777,page_device,2026-07-27 13:02:07
106027,2026-07-27,2025-08-01,,https://www.advich.com/dysxqcpthg/,MOBILE,,0,21,0.0,55.04761904761905,page_device,2026-07-27 13:02:07
106028,2026-07-27,2025-08-01,,https://www.advich.com/dzgjhppxxl/,DESKTOP,,0,12,0.0,22.166666666666668,page_device,2026-07-27 13:02:07
106029,2026-07-27,2025-08-01,,https://www.advich.com/dzxdiysbqs/,DESKTOP,,0,10,0.0,85.4,page_device,2026-07-27 13:02:07
106030,2026-07-27,2025-08-01,,https://www.advich.com/e-commerce-drainage/,DESKTOP,,0,4,0.0,66.5,page_device,2026-07-27 13:02:07
106031,2026-07-27,2025-08-01,,https://www.advich.com/e-commerce-drainage/,MOBILE,,0,3,0.0,72.66666666666667,page_device,2026-07-27 13:02:07
106032,2026-07-27,2025-08-01,,https://www.advich.com/fb/,MOBILE,,0,77,0.0,64.18181818181819,page_device,2026-07-27 13:02:07
106033,2026-07-27,2025-08-01,,https://www.advich.com/fbmswglqwzzn/,DESKTOP,,0,3,0.0,78.66666666666667,page_device,2026-07-27 13:02:07
106034,2026-07-27,2025-08-01,,https://www.advich.com/fdcpyhgggg/,DESKTOP,,0,10,0.0,63.5,page_device,2026-07-27 13:02:07
106035,2026-07-27,2025-08-01,,https://www.advich.com/ffsjmtsjgg/,DESKTOP,,0,11,0.0,31.181818181818183,page_device,2026-07-27 13:02:07
106036,2026-07-27,2025-08-01,,https://www.advich.com/ffsssggggg/,DESKTOP,,0,10,0.0,114.8,page_device,2026-07-27 13:02:07
106037,2026-07-27,2025-08-01,,https://www.advich.com/foreign-trade-integrated-marketing/,DESKTOP,,0,2,0.0,80.0,page_device,2026-07-27 13:02:07
106038,2026-07-27,2025-08-01,,https://www.advich.com/fqmcbhzzpx/,DESKTOP,,0,10,0.0,85.7,page_device,2026-07-27 13:02:07
106039,2026-07-27,2025-08-01,,https://www.advich.com/fqzkhscbdx/,DESKTOP,,0,4,0.0,74.75,page_device,2026-07-27 13:02:07
106040,2026-07-27,2025-08-01,,https://www.advich.com/fqzkhscbdx/,MOBILE,,0,2,0.0,77.0,page_device,2026-07-27 13:02:07
106041,2026-07-27,2025-08-01,,https://www.advich.com/fxrhgjgggg/,DESKTOP,,0,10,0.0,95.4,page_device,2026-07-27 13:02:07
106042,2026-07-27,2025-08-01,,https://www.advich.com/gads/,DESKTOP,,0,34,0.0,43.794117647058826,page_device,2026-07-27 13:02:07
106043,2026-07-27,2025-08-01,,https://www.advich.com/gads/,MOBILE,,0,17,0.0,18.058823529411764,page_device,2026-07-27 13:02:07
106044,2026-07-27,2025-08-01,,https://www.advich.com/gaehdxgnhd/,DESKTOP,,0,44,0.0,40.27272727272727,page_device,2026-07-27 13:02:07
106045,2026-07-27,2025-08-01,,https://www.advich.com/gaehdxgnhd/,MOBILE,,0,17,0.0,39.88235294117647,page_device,2026-07-27 13:02:07
106046,2026-07-27,2025-08-01,,https://www.advich.com/gcjdggtgpy/,DESKTOP,,0,25,0.0,63.68,page_device,2026-07-27 13:02:07
106047,2026-07-27,2025-08-01,,https://www.advich.com/gcjhagdgggcwyjrhbmtm/,DESKTOP,,0,1,0.0,28.0,page_device,2026-07-27 13:02:07
106048,2026-07-27,2025-08-01,,https://www.advich.com/gdbggcjgjg/,DESKTOP,,0,12,0.0,48.416666666666664,page_device,2026-07-27 13:02:07
106049,2026-07-27,2025-08-01,,https://www.advich.com/gffsssltsn/,DESKTOP,,0,3,0.0,69.0,page_device,2026-07-27 13:02:07
106050,2026-07-27,2025-08-01,,https://www.advich.com/ggcfzjzn/,MOBILE,,0,49,0.0,68.12244897959184,page_device,2026-07-27 13:02:07
106051,2026-07-27,2025-08-01,,https://www.advich.com/ggdtyxzljb/,DESKTOP,,0,6,0.0,92.66666666666667,page_device,2026-07-27 13:02:07
106052,2026-07-27,2025-08-01,,https://www.advich.com/ggdtyxzljb/,MOBILE,,0,9,0.0,91.11111111111111,page_device,2026-07-27 13:02:07
106053,2026-07-27,2025-08-01,,https://www.advich.com/ggdyppnxyz/,DESKTOP,,0,10,0.0,103.4,page_device,2026-07-27 13:02:07
106054,2026-07-27,2025-08-01,,https://www.advich.com/ggfxcydzbh/,DESKTOP,,0,9,0.0,108.22222222222223,page_device,2026-07-27 13:02:07
106055,2026-07-27,2025-08-01,,https://www.advich.com/ggfxdmznlr/,DESKTOP,,0,9,0.0,167.22222222222223,page_device,2026-07-27 13:02:07
106056,2026-07-27,2025-08-01,,https://www.advich.com/ggfxggslrh/,DESKTOP,,0,13,0.0,65.61538461538461,page_device,2026-07-27 13:02:07
106057,2026-07-27,2025-08-01,,https://www.advich.com/ggfxggslrh/,MOBILE,,0,1,0.0,71.0,page_device,2026-07-27 13:02:07
106058,2026-07-27,2025-08-01,,https://www.advich.com/ggfxysshzx/,DESKTOP,,0,11,0.0,43.18181818181818,page_device,2026-07-27 13:02:07
106059,2026-07-27,2025-08-01,,https://www.advich.com/ggfxzdttly/,DESKTOP,,0,5,0.0,89.8,page_device,2026-07-27 13:02:07
106060,2026-07-27,2025-08-01,,https://www.advich.com/gggdsqfzpc/,DESKTOP,,0,7,0.0,86.14285714285714,page_device,2026-07-27 13:02:07
106061,2026-07-27,2025-08-01,,https://www.advich.com/gggdsqfzpc/,MOBILE,,0,6,0.0,84.0,page_device,2026-07-27 13:02:07
106062,2026-07-27,2025-08-01,,https://www.advich.com/gggfzcsytg/,DESKTOP,,0,88,0.0,12.454545454545455,page_device,2026-07-27 13:02:07
106063,2026-07-27,2025-08-01,,https://www.advich.com/gggfzcsytg/,MOBILE,,0,37,0.0,12.864864864864865,page_device,2026-07-27 13:02:07
106064,2026-07-27,2025-08-01,,https://www.advich.com/ggggacyhdl/,DESKTOP,,0,9,0.0,148.22222222222223,page_device,2026-07-27 13:02:07
106065,2026-07-27,2025-08-01,,https://www.advich.com/ggggaqbgey/,DESKTOP,,0,11,0.0,20.636363636363637,page_device,2026-07-27 13:02:07
106066,2026-07-27,2025-08-01,,https://www.advich.com/ggggbgxzkyybgxsxz-ydhqd/,MOBILE,,0,2,0.0,71.0,page_device,2026-07-27 13:02:07
106067,2026-07-27,2025-08-01,,https://www.advich.com/ggggbjzjzn/,DESKTOP,,0,4,0.0,31.25,page_device,2026-07-27 13:02:07
106068,2026-07-27,2025-08-01,,https://www.advich.com/ggggbjzjzn/,MOBILE,,0,1,0.0,13.0,page_device,2026-07-27 13:02:07
106069,2026-07-27,2025-08-01,,https://www.advich.com/ggggcbrhgl/,DESKTOP,,0,5,0.0,9.4,page_device,2026-07-27 13:02:07
106070,2026-07-27,2025-08-01,,https://www.advich.com/ggggdlmyxr/,DESKTOP,,0,32,0.0,89.96875,page_device,2026-07-27 13:02:07
106071,2026-07-27,2025-08-01,,https://www.advich.com/ggggdyhdfx/,DESKTOP,,0,11,0.0,30.181818181818183,page_device,2026-07-27 13:02:07
106072,2026-07-27,2025-08-01,,https://www.advich.com/gggggjcyjd/,DESKTOP,,0,26,0.0,110.76923076923077,page_device,2026-07-27 13:02:07
106073,2026-07-27,2025-08-01,,https://www.advich.com/gggggkjfsr/,MOBILE,,0,1,0.0,70.0,page_device,2026-07-27 13:02:07
106074,2026-07-27,2025-08-01,,https://www.advich.com/gggggslxyl/,DESKTOP,,0,17,0.0,121.52941176470588,page_device,2026-07-27 13:02:07
106075,2026-07-27,2025-08-01,,https://www.advich.com/gggggslxyl/,MOBILE,,0,3,0.0,98.33333333333333,page_device,2026-07-27 13:02:07
106076,2026-07-27,2025-08-01,,https://www.advich.com/gggggzmbrh/,DESKTOP,,0,10,0.0,59.5,page_device,2026-07-27 13:02:07
106077,2026-07-27,2025-08-01,,https://www.advich.com/ggggjfcjyy/,DESKTOP,,0,32,0.0,91.1875,page_device,2026-07-27 13:02:07
106078,2026-07-27,2025-08-01,,https://www.advich.com/ggggkzcxxx/,DESKTOP,,0,2,0.0,88.5,page_device,2026-07-27 13:02:07
106079,2026-07-27,2025-08-01,,https://www.advich.com/ggggmrszzh/,DESKTOP,,0,12,0.0,151.91666666666666,page_device,2026-07-27 13:02:07
106080,2026-07-27,2025-08-01,,https://www.advich.com/ggggmrszzh/,MOBILE,,0,2,0.0,87.5,page_device,2026-07-27 13:02:07
106081,2026-07-27,2025-08-01,,https://www.advich.com/ggggmzhrhz/,DESKTOP,,0,13,0.0,64.23076923076923,page_device,2026-07-27 13:02:07
106082,2026-07-27,2025-08-01,,https://www.advich.com/ggggrhzmyh/,DESKTOP,,0,9,0.0,194.66666666666666,page_device,2026-07-27 13:02:07
106083,2026-07-27,2025-08-01,,https://www.advich.com/ggggshqdrh/,DESKTOP,,0,10,0.0,170.8,page_device,2026-07-27 13:02:07
106084,2026-07-27,2025-08-01,,https://www.advich.com/ggggtgkzcg/,DESKTOP,,0,10,0.0,60.5,page_device,2026-07-27 13:02:07
106085,2026-07-27,2025-08-01,,https://www.advich.com/ggggxsxskz/,DESKTOP,,0,10,0.0,93.4,page_device,2026-07-27 13:02:07
106086,2026-07-27,2025-08-01,,https://www.advich.com/ggggyxkczp/,DESKTOP,,0,3,0.0,86.33333333333333,page_device,2026-07-27 13:02:07
106087,2026-07-27,2025-08-01,,https://www.advich.com/ggggzcjjng/,DESKTOP,,0,23,0.0,116.0,page_device,2026-07-27 13:02:07
106088,2026-07-27,2025-08-01,,https://www.advich.com/ggggzcjjng/,MOBILE,,0,8,0.0,61.875,page_device,2026-07-27 13:02:07
106089,2026-07-27,2025-08-01,,https://www.advich.com/ggggzdjbdh/,DESKTOP,,0,5,0.0,198.2,page_device,2026-07-27 13:02:07
106090,2026-07-27,2025-08-01,,https://www.advich.com/ggggzhgxsz/,DESKTOP,,0,12,0.0,25.166666666666668,page_device,2026-07-27 13:02:07
106091,2026-07-27,2025-08-01,,https://www.advich.com/ggggzhztgb/,DESKTOP,,0,12,0.0,49.916666666666664,page_device,2026-07-27 13:02:07
106092,2026-07-27,2025-08-01,,https://www.advich.com/ggggzhztgb/,MOBILE,,0,1,0.0,88.0,page_device,2026-07-27 13:02:07
106093,2026-07-27,2025-08-01,,https://www.advich.com/ggggznjjxz/,DESKTOP,,0,11,0.0,38.18181818181818,page_device,2026-07-27 13:02:07
106094,2026-07-27,2025-08-01,,https://www.advich.com/ggggzucsdj/,DESKTOP,,0,1,0.0,85.0,page_device,2026-07-27 13:02:07
106095,2026-07-27,2025-08-01,,https://www.advich.com/ggggzxssgg/,DESKTOP,,0,2,0.0,79.5,page_device,2026-07-27 13:02:07
106096,2026-07-27,2025-08-01,,https://www.advich.com/ggggzyxbqr/,DESKTOP,,0,1,0.0,46.0,page_device,2026-07-27 13:02:07
106097,2026-07-27,2025-08-01,,https://www.advich.com/ggggzyxzjs/,DESKTOP,,0,2,0.0,96.5,page_device,2026-07-27 13:02:07
106098,2026-07-27,2025-08-01,,https://www.advich.com/ggggzyxzjs/,MOBILE,,0,1,0.0,100.0,page_device,2026-07-27 13:02:07
106099,2026-07-27,2025-08-01,,https://www.advich.com/gggjcghqgx/,DESKTOP,,0,3,0.0,84.66666666666667,page_device,2026-07-27 13:02:07
106100,2026-07-27,2025-08-01,,https://www.advich.com/gggjcghqgx/,MOBILE,,0,1,0.0,84.0,page_device,2026-07-27 13:02:07
106101,2026-07-27,2025-08-01,,https://www.advich.com/gggjcghqmf/,DESKTOP,,0,264,0.0,49.16287878787879,page_device,2026-07-27 13:02:07
106102,2026-07-27,2025-08-01,,https://www.advich.com/gggjcghqmf/,MOBILE,,0,179,0.0,52.33519553072626,page_device,2026-07-27 13:02:07
106103,2026-07-27,2025-08-01,,https://www.advich.com/gggjcghqmf/,TABLET,,0,1,0.0,97.0,page_device,2026-07-27 13:02:07
106104,2026-07-27,2025-08-01,,https://www.advich.com/gggjjcjjqrngtggsycl/,DESKTOP,,0,37,0.0,48.13513513513514,page_device,2026-07-27 13:02:07
106105,2026-07-27,2025-08-01,,https://www.advich.com/gggjjcjjqrngtggsycl/,MOBILE,,0,2,0.0,43.0,page_device,2026-07-27 13:02:07
106106,2026-07-27,2025-08-01,,https://www.advich.com/gggwcxdm/,MOBILE,,0,1,0.0,9.0,page_device,2026-07-27 13:02:07
106107,2026-07-27,2025-08-01,,https://www.advich.com/gggwggrhsz/,DESKTOP,,0,10,0.0,73.7,page_device,2026-07-27 13:02:07
106108,2026-07-27,2025-08-01,,https://www.advich.com/gggwggslrh/,DESKTOP,,0,13,0.0,118.15384615384616,page_device,2026-07-27 13:02:07
106109,2026-07-27,2025-08-01,,https://www.advich.com/gggwmblxt/,DESKTOP,,0,5,0.0,169.2,page_device,2026-07-27 13:02:07
106110,2026-07-27,2025-08-01,,https://www.advich.com/gggyggrhly/,DESKTOP,,0,11,0.0,22.636363636363637,page_device,2026-07-27 13:02:07
106111,2026-07-27,2025-08-01,,https://www.advich.com/gghgggyhzg/,DESKTOP,,0,1,0.0,81.0,page_device,2026-07-27 13:02:07
106112,2026-07-27,2025-08-01,,https://www.advich.com/gghgggyhzg/,MOBILE,,0,2,0.0,64.0,page_device,2026-07-27 13:02:07
106113,2026-07-27,2025-08-01,,https://www.advich.com/ggjgszyjcg/,DESKTOP,,0,11,0.0,82.9090909090909,page_device,2026-07-27 13:02:07
106114,2026-07-27,2025-08-01,,https://www.advich.com/ggjgwggkzd/,DESKTOP,,0,1,0.0,41.0,page_device,2026-07-27 13:02:07
106115,2026-07-27,2025-08-01,,https://www.advich.com/ggjjalyjwmr/,DESKTOP,,0,10,0.0,56.5,page_device,2026-07-27 13:02:07
106116,2026-07-27,2025-08-01,,https://www.advich.com/ggjjzgfxdsjjclyd/,DESKTOP,,0,13,0.0,87.76923076923077,page_device,2026-07-27 13:02:07
106117,2026-07-27,2025-08-01,,https://www.advich.com/ggjjzrhz/,DESKTOP,,0,1,0.0,68.0,page_device,2026-07-27 13:02:07
106118,2026-07-27,2025-08-01,,https://www.advich.com/ggjtcxdspg/,DESKTOP,,0,1,0.0,71.0,page_device,2026-07-27 13:02:07
106119,2026-07-27,2025-08-01,,https://www.advich.com/ggjzyggtzd/,DESKTOP,,0,10,0.0,50.5,page_device,2026-07-27 13:02:07
106120,2026-07-27,2025-08-01,,https://www.advich.com/ggkdljrggd/,DESKTOP,,0,9,0.0,49.888888888888886,page_device,2026-07-27 13:02:07
106121,2026-07-27,2025-08-01,,https://www.advich.com/ggrcjspggb/,DESKTOP,,0,9,0.0,176.0,page_device,2026-07-27 13:02:07
106122,2026-07-27,2025-08-01,,https://www.advich.com/ggrcjspggb/,MOBILE,,0,1,0.0,93.0,page_device,2026-07-27 13:02:07
106123,2026-07-27,2025-08-01,,https://www.advich.com/ggrnjydxgg/,DESKTOP,,0,9,0.0,134.22222222222223,page_device,2026-07-27 13:02:07
106124,2026-07-27,2025-08-01,,https://www.advich.com/ggscxlxwzz/,DESKTOP,,0,111,0.0,54.729729729729726,page_device,2026-07-27 13:02:07
106125,2026-07-27,2025-08-01,,https://www.advich.com/ggsgggryyy/,DESKTOP,,0,11,0.0,23.636363636363637,page_device,2026-07-27 13:02:07
106126,2026-07-27,2025-08-01,,https://www.advich.com/ggsyhrhrrsrzdh/,DESKTOP,,0,9,0.0,193.66666666666666,page_device,2026-07-27 13:02:07
106127,2026-07-27,2025-08-01,,https://www.advich.com/ggtccpggdb/,DESKTOP,,0,1,0.0,82.0,page_device,2026-07-27 13:02:07
106128,2026-07-27,2025-08-01,,https://www.advich.com/ggtgclrhtgdldwyhndgggg/,DESKTOP,,0,11,0.0,42.18181818181818,page_device,2026-07-27 13:02:07
106129,2026-07-27,2025-08-01,,https://www.advich.com/ggtgpggsrm/,DESKTOP,,0,2,0.0,98.5,page_device,2026-07-27 13:02:07
106130,2026-07-27,2025-08-01,,https://www.advich.com/ggtgprhtgb/,DESKTOP,,0,10,0.0,79.5,page_device,2026-07-27 13:02:07
106131,2026-07-27,2025-08-01,,https://www.advich.com/ggtgpyhgjn/,DESKTOP,,0,1,0.0,17.0,page_device,2026-07-27 13:02:07
106132,2026-07-27,2025-08-01,,https://www.advich.com/ggtgzgcwrn/,DESKTOP,,0,9,0.0,126.22222222222223,page_device,2026-07-27 13:02:07
106133,2026-07-27,2025-08-01,,https://www.advich.com/ggtgzgjqphggsyggstgcl/,DESKTOP,,0,48,0.0,56.333333333333336,page_device,2026-07-27 13:02:07
106134,2026-07-27,2025-08-01,,https://www.advich.com/ggtgzgjqphggsyggstgcl/,MOBILE,,0,3,0.0,56.0,page_device,2026-07-27 13:02:07
106135,2026-07-27,2025-08-01,,https://www.advich.com/ggtyfcggjs/,DESKTOP,,0,9,0.0,147.22222222222223,page_device,2026-07-27 13:02:07
106136,2026-07-27,2025-08-01,,https://www.advich.com/ggwdgggggg/,DESKTOP,,0,11,0.0,28.181818181818183,page_device,2026-07-27 13:02:07
106137,2026-07-27,2025-08-01,,https://www.advich.com/ggwsyysdyy/,DESKTOP,,0,10,0.0,91.4,page_device,2026-07-27 13:02:07
106138,2026-07-27,2025-08-01,,https://www.advich.com/ggxbtcxdgg/,DESKTOP,,0,19,0.0,99.84210526315789,page_device,2026-07-27 13:02:07
106139,2026-07-27,2025-08-01,,https://www.advich.com/ggxbwyyggz/,DESKTOP,,0,20,0.0,6.15,page_device,2026-07-27 13:02:07
106140,2026-07-27,2025-08-01,,https://www.advich.com/ggxsggbxsr/,DESKTOP,,0,2,0.0,12.0,page_device,2026-07-27 13:02:07
106141,2026-07-27,2025-08-01,,https://www.advich.com/ggxsggbxsr/,MOBILE,,0,2,0.0,14.5,page_device,2026-07-27 13:02:07
106142,2026-07-27,2025-08-01,,https://www.advich.com/ggxswldfws/,DESKTOP,,0,1,0.0,10.0,page_device,2026-07-27 13:02:07
106143,2026-07-27,2025-08-01,,https://www.advich.com/ggzsgghdzk/,DESKTOP,,0,2,0.0,8.0,page_device,2026-07-27 13:02:07
106144,2026-07-27,2025-08-01,,https://www.advich.com/ggzshdzxyh/,DESKTOP,,0,9,0.0,104.22222222222223,page_device,2026-07-27 13:02:07
106145,2026-07-27,2025-08-01,,https://www.advich.com/ggzyxsrhyz/,DESKTOP,,0,19,0.0,53.473684210526315,page_device,2026-07-27 13:02:07
106146,2026-07-27,2025-08-01,,https://www.advich.com/ggzyxsrhyz/,MOBILE,,0,7,0.0,53.142857142857146,page_device,2026-07-27 13:02:07
106147,2026-07-27,2025-08-01,,https://www.advich.com/gjcghqbxfa/,DESKTOP,,0,16,0.0,85.3125,page_device,2026-07-27 13:02:07
106148,2026-07-27,2025-08-01,,https://www.advich.com/gjggggszdw/,DESKTOP,,0,2,0.0,39.5,page_device,2026-07-27 13:02:07
106149,2026-07-27,2025-08-01,,https://www.advich.com/glyxcljqgzyl/,DESKTOP,,0,10,0.0,143.9,page_device,2026-07-27 13:02:07
106150,2026-07-27,2025-08-01,,https://www.advich.com/glyxcljqgzyl/,MOBILE,,0,3,0.0,78.0,page_device,2026-07-27 13:02:07
106151,2026-07-27,2025-08-01,,https://www.advich.com/google-promotion-has-several-advertising-spaces/,DESKTOP,,0,16,0.0,83.6875,page_device,2026-07-27 13:02:07
106152,2026-07-27,2025-08-01,,https://www.advich.com/google-promotion-rejected/,DESKTOP,,0,3,0.0,94.0,page_device,2026-07-27 13:02:07
106153,2026-07-27,2025-08-01,,https://www.advich.com/google-promotion-rejected/,MOBILE,,0,2,0.0,69.5,page_device,2026-07-27 13:02:07
106154,2026-07-27,2025-08-01,,https://www.advich.com/google-remarketing/,DESKTOP,,0,5,0.0,94.2,page_device,2026-07-27 13:02:07
106155,2026-07-27,2025-08-01,,https://www.advich.com/google-remarketing/,MOBILE,,0,3,0.0,95.66666666666667,page_device,2026-07-27 13:02:07
106156,2026-07-27,2025-08-01,,https://www.advich.com/google-sem/,DESKTOP,,0,25,0.0,88.16,page_device,2026-07-27 13:02:07
106157,2026-07-27,2025-08-01,,https://www.advich.com/google-sem/,MOBILE,,0,2,0.0,61.0,page_device,2026-07-27 13:02:07
106158,2026-07-27,2025-08-01,,https://www.advich.com/google-seo-keyword-layout/,DESKTOP,,0,3,0.0,21.333333333333332,page_device,2026-07-27 13:02:07
106159,2026-07-27,2025-08-01,,https://www.advich.com/google-shopping-ads/,DESKTOP,,0,127,0.0,53.881889763779526,page_device,2026-07-27 13:02:07
106160,2026-07-27,2025-08-01,,https://www.advich.com/google-shopping-ads/,MOBILE,,0,4,0.0,74.5,page_device,2026-07-27 13:02:07
106161,2026-07-27,2025-08-01,,https://www.advich.com/googles-seo-ads-are-easy-to-use/,DESKTOP,,0,2,0.0,86.5,page_device,2026-07-27 13:02:07
106162,2026-07-27,2025-08-01,,https://www.advich.com/gqdzngwhbd/,DESKTOP,,0,9,0.0,173.88888888888889,page_device,2026-07-27 13:02:07
106163,2026-07-27,2025-08-01,,https://www.advich.com/gsdtslbznk/,DESKTOP,,0,12,0.0,159.33333333333334,page_device,2026-07-27 13:02:07
106164,2026-07-27,2025-08-01,,https://www.advich.com/gtm-code/,DESKTOP,,0,20,0.0,84.85,page_device,2026-07-27 13:02:07
106165,2026-07-27,2025-08-01,,https://www.advich.com/gwggrmzn/,DESKTOP,,0,4,0.0,198.75,page_device,2026-07-27 13:02:07
106166,2026-07-27,2025-08-01,,https://www.advich.com/gwxnzdhddl/,DESKTOP,,0,22,0.0,74.81818181818181,page_device,2026-07-27 13:02:07
106167,2026-07-27,2025-08-01,,https://www.advich.com/gxgnhzjsj/,DESKTOP,,0,23,0.0,76.34782608695652,page_device,2026-07-27 13:02:07
106168,2026-07-27,2025-08-01,,https://www.advich.com/gxzsgdybf/,DESKTOP,,0,12,0.0,33.083333333333336,page_device,2026-07-27 13:02:07
106169,2026-07-27,2025-08-01,,https://www.advich.com/gycggdzyyx/,DESKTOP,,0,9,0.0,39.666666666666664,page_device,2026-07-27 13:02:07
106170,2026-07-27,2025-08-01,,https://www.advich.com/gycggdzyyx/,MOBILE,,0,4,0.0,40.5,page_device,2026-07-27 13:02:07
106171,2026-07-27,2025-08-01,,https://www.advich.com/gyszfwfadn/,DESKTOP,,0,1,0.0,101.0,page_device,2026-07-27 13:02:07
106172,2026-07-27,2025-08-01,,https://www.advich.com/hjyxwmkycy/,DESKTOP,,0,2,0.0,71.0,page_device,2026-07-27 13:02:07
106173,2026-07-27,2025-08-01,,https://www.advich.com/hjyxwmkycy/,MOBILE,,0,2,0.0,67.0,page_device,2026-07-27 13:02:07
106174,2026-07-27,2025-08-01,,https://www.advich.com/home/,MOBILE,,0,21,0.0,6.714285714285714,page_device,2026-07-27 13:02:07
106175,2026-07-27,2025-08-01,,https://www.advich.com/how-much-is-a-google-promotion/,DESKTOP,,0,3,0.0,85.0,page_device,2026-07-27 13:02:07
106176,2026-07-27,2025-08-01,,https://www.advich.com/how-to-convert-facebooks-overseas-social-media-traffic/,DESKTOP,,0,1,0.0,96.0,page_device,2026-07-27 13:02:07
106177,2026-07-27,2025-08-01,,https://www.advich.com/how-to-promote-facebook/,MOBILE,,0,1,0.0,86.0,page_device,2026-07-27 13:02:07
106178,2026-07-27,2025-08-01,,https://www.advich.com/how-to-promote-independent-stations-in-google/,DESKTOP,,0,4,0.0,78.0,page_device,2026-07-27 13:02:07
106179,2026-07-27,2025-08-01,,https://www.advich.com/hqggggrzdf/,DESKTOP,,0,31,0.0,63.935483870967744,page_device,2026-07-27 13:02:07
106180,2026-07-27,2025-08-01,,https://www.advich.com/hqggggrzdf/,MOBILE,,0,1,0.0,59.0,page_device,2026-07-27 13:02:07
106181,2026-07-27,2025-08-01,,https://www.advich.com/increasing-fans-of-overseas-social-media/,DESKTOP,,0,4,0.0,74.0,page_device,2026-07-27 13:02:07
106182,2026-07-27,2025-08-01,,https://www.advich.com/independent-foreign-trade-station-building/,DESKTOP,,0,3,0.0,94.33333333333333,page_device,2026-07-27 13:02:07
106183,2026-07-27,2025-08-01,,https://www.advich.com/independent-foreign-trade-station-building/,MOBILE,,0,1,0.0,99.0,page_device,2026-07-27 13:02:07
106184,2026-07-27,2025-08-01,,https://www.advich.com/independent-station-external-chain/,DESKTOP,,0,3,0.0,21.333333333333332,page_device,2026-07-27 13:02:07
106185,2026-07-27,2025-08-01,,https://www.advich.com/independent-station-external-chain/,MOBILE,,0,1,0.0,99.0,page_device,2026-07-27 13:02:07
106186,2026-07-27,2025-08-01,,https://www.advich.com/integrated-marketing-ecology/,DESKTOP,,0,2,0.0,42.0,page_device,2026-07-27 13:02:07
106187,2026-07-27,2025-08-01,,https://www.advich.com/integrated-marketing-era-what-can-overseas-digital-marketing-bring-us/,DESKTOP,,0,7,0.0,22.428571428571427,page_device,2026-07-27 13:02:07
106188,2026-07-27,2025-08-01,,https://www.advich.com/integrated-marketing-platform/,DESKTOP,,0,3,0.0,28.666666666666668,page_device,2026-07-27 13:02:07
106189,2026-07-27,2025-08-01,,https://www.advich.com/jdggzldsgz/,DESKTOP,,0,6,0.0,7.0,page_device,2026-07-27 13:02:07
106190,2026-07-27,2025-08-01,,https://www.advich.com/jlygcsdggg/,DESKTOP,,0,11,0.0,29.181818181818183,page_device,2026-07-27 13:02:07
106191,2026-07-27,2025-08-01,,https://www.advich.com/jssymqbssm/,DESKTOP,,0,5,0.0,69.4,page_device,2026-07-27 13:02:07
106192,2026-07-27,2025-08-01,,https://www.advich.com/jssymqbssm/,MOBILE,,0,2,0.0,58.5,page_device,2026-07-27 13:02:07
106193,2026-07-27,2025-08-01,,https://www.advich.com/jxggsljxgg/,DESKTOP,,0,9,0.0,118.22222222222223,page_device,2026-07-27 13:02:07
106194,2026-07-27,2025-08-01,,https://www.advich.com/jycynzggxs/,DESKTOP,,0,10,0.0,70.5,page_device,2026-07-27 13:02:07
106195,2026-07-27,2025-08-01,,https://www.advich.com/jyyxdyxhdd/,DESKTOP,,0,10,0.0,62.5,page_device,2026-07-27 13:02:07
106196,2026-07-27,2025-08-01,,https://www.advich.com/khxfjsszjx/,DESKTOP,,0,8,0.0,55.25,page_device,2026-07-27 13:02:07
106197,2026-07-27,2025-08-01,,https://www.advich.com/khxfjsszjx/,MOBILE,,0,5,0.0,44.4,page_device,2026-07-27 13:02:07
106198,2026-07-27,2025-08-01,,https://www.advich.com/ksdycpgghd/,DESKTOP,,0,3,0.0,31.333333333333332,page_device,2026-07-27 13:02:07
106199,2026-07-27,2025-08-01,,https://www.advich.com/ksdycpgghd/,MOBILE,,0,2,0.0,59.0,page_device,2026-07-27 13:02:07
106200,2026-07-27,2025-08-01,,https://www.advich.com/kygjcdqqkq/,DESKTOP,,0,9,0.0,183.44444444444446,page_device,2026-07-27 13:02:07
106201,2026-07-27,2025-08-01,,https://www.advich.com/linkedin-2/,DESKTOP,,0,3,0.0,63.333333333333336,page_device,2026-07-27 13:02:07
106202,2026-07-27,2025-08-01,,https://www.advich.com/linkedin-2/,MOBILE,,0,1,0.0,96.0,page_device,2026-07-27 13:02:07
106203,2026-07-27,2025-08-01,,https://www.advich.com/linkedin-account-registration/,DESKTOP,,0,9,0.0,24.88888888888889,page_device,2026-07-27 13:02:07
106204,2026-07-27,2025-08-01,,https://www.advich.com/linkedin-account-registration/,MOBILE,,0,1,0.0,47.0,page_device,2026-07-27 13:02:07
106205,2026-07-27,2025-08-01,,https://www.advich.com/ljpkytjsms/,DESKTOP,,0,1,0.0,58.0,page_device,2026-07-27 13:02:07
106206,2026-07-27,2025-08-01,,https://www.advich.com/ljpkytjsms/,MOBILE,,0,1,0.0,67.0,page_device,2026-07-27 13:02:07
106207,2026-07-27,2025-08-01,,https://www.advich.com/ljrhzezcjx/,DESKTOP,,0,15,0.0,77.93333333333334,page_device,2026-07-27 13:02:07
106208,2026-07-27,2025-08-01,,https://www.advich.com/llqzzggfwc/,DESKTOP,,0,31,0.0,65.3225806451613,page_device,2026-07-27 13:02:07
106209,2026-07-27,2025-08-01,,https://www.advich.com/lqrzzkflsj/,DESKTOP,,0,11,0.0,117.9090909090909,page_device,2026-07-27 13:02:07
106210,2026-07-27,2025-08-01,,https://www.advich.com/lyfxggkdnd/,DESKTOP,,0,10,0.0,66.5,page_device,2026-07-27 13:02:07
106211,2026-07-27,2025-08-01,,https://www.advich.com/mcdjdlrtss/,DESKTOP,,0,11,0.0,39.18181818181818,page_device,2026-07-27 13:02:07
106212,2026-07-27,2025-08-01,,https://www.advich.com/mddyggggbp/,DESKTOP,,0,10,0.0,64.8,page_device,2026-07-27 13:02:07
106213,2026-07-27,2025-08-01,,https://www.advich.com/mddyggggbp/,MOBILE,,0,7,0.0,72.14285714285714,page_device,2026-07-27 13:02:07
106214,2026-07-27,2025-08-01,,https://www.advich.com/mgggzydsgg/,DESKTOP,,0,9,0.0,101.77777777777777,page_device,2026-07-27 13:02:07
106215,2026-07-27,2025-08-01,,https://www.advich.com/mggzdhggsz/,DESKTOP,,0,64,0.0,61.9375,page_device,2026-07-27 13:02:07
106216,2026-07-27,2025-08-01,,https://www.advich.com/mggzdhggsz/,MOBILE,,0,4,0.0,68.75,page_device,2026-07-27 13:02:07
106217,2026-07-27,2025-08-01,,https://www.advich.com/mjjslxmjjs/,DESKTOP,,0,10,0.0,67.5,page_device,2026-07-27 13:02:07
106218,2026-07-27,2025-08-01,,https://www.advich.com/mxcxzdfggc/,DESKTOP,,0,10,0.0,129.8,page_device,2026-07-27 13:02:07
106219,2026-07-27,2025-08-01,,https://www.advich.com/mxcxzdtggc/,DESKTOP,,0,54,0.0,70.66666666666667,page_device,2026-07-27 13:02:07
106220,2026-07-27,2025-08-01,,https://www.advich.com/myggggcxdm/,DESKTOP,,0,4,0.0,19.25,page_device,2026-07-27 13:02:07
106221,2026-07-27,2025-08-01,,https://www.advich.com/nbxcsdqzyw/,DESKTOP,,0,2,0.0,54.5,page_device,2026-07-27 13:02:07
106222,2026-07-27,2025-08-01,,https://www.advich.com/ndsjgsdqzg/,DESKTOP,,0,16,0.0,45.5,page_device,2026-07-27 13:02:07
106223,2026-07-27,2025-08-01,,https://www.advich.com/new-knowledge-of-overseas-social-media-drainage-come-on-up/,DESKTOP,,0,9,0.0,31.11111111111111,page_device,2026-07-27 13:02:07
106224,2026-07-27,2025-08-01,,https://www.advich.com/new-model-of-integrated-marketing/,DESKTOP,,0,2,0.0,1.0,page_device,2026-07-27 13:02:07
106225,2026-07-27,2025-08-01,,https://www.advich.com/nggggdgcwk/,DESKTOP,,0,9,0.0,145.22222222222223,page_device,2026-07-27 13:02:07
106226,2026-07-27,2025-08-01,,https://www.advich.com/nkylyszdwx/,DESKTOP,,0,14,0.0,78.07142857142857,page_device,2026-07-27 13:02:07
106227,2026-07-27,2025-08-01,,https://www.advich.com/nkylyszdwx/,MOBILE,,0,3,0.0,70.66666666666667,page_device,2026-07-27 13:02:07
106228,2026-07-27,2025-08-01,,https://www.advich.com/nnzddcdsxr/,DESKTOP,,0,18,0.0,74.5,page_device,2026-07-27 13:02:07
106229,2026-07-27,2025-08-01,,https://www.advich.com/nrhcjhhfgg/,DESKTOP,,0,1,0.0,33.0,page_device,2026-07-27 13:02:07
106230,2026-07-27,2025-08-01,,https://www.advich.com/nsmshdgggg/,DESKTOP,,0,12,0.0,40.416666666666664,page_device,2026-07-27 13:02:07
106231,2026-07-27,2025-08-01,,https://www.advich.com/nsydsdzjjm/,DESKTOP,,0,1,0.0,79.0,page_device,2026-07-27 13:02:07
106232,2026-07-27,2025-08-01,,https://www.advich.com/nsydsdzjjm/,MOBILE,,0,49,0.0,86.22448979591837,page_device,2026-07-27 13:02:07
106233,2026-07-27,2025-08-01,,https://www.advich.com/nwfycnsfzx/,DESKTOP,,0,4,0.0,199.75,page_device,2026-07-27 13:02:07
106234,2026-07-27,2025-08-01,,https://www.advich.com/nxzddgyggg/,DESKTOP,,0,6,0.0,66.66666666666667,page_device,2026-07-27 13:02:07
106235,2026-07-27,2025-08-01,,https://www.advich.com/nxzddgyggg/,MOBILE,,0,2,0.0,80.0,page_device,2026-07-27 13:02:07
106236,2026-07-27,2025-08-01,,https://www.advich.com/nygsygggga/,DESKTOP,,0,12,0.0,18.5,page_device,2026-07-27 13:02:07
106237,2026-07-27,2025-08-01,,https://www.advich.com/nzjggggjzk/,DESKTOP,,0,3,0.0,66.0,page_device,2026-07-27 13:02:07
106238,2026-07-27,2025-08-01,,https://www.advich.com/nzkdsjkshc/,DESKTOP,,0,9,0.0,192.66666666666666,page_device,2026-07-27 13:02:07
106239,2026-07-27,2025-08-01,,https://www.advich.com/nzlxdzdjjc-2/,DESKTOP,,0,2,0.0,6.0,page_device,2026-07-27 13:02:07
106240,2026-07-27,2025-08-01,,https://www.advich.com/online-advertising/,DESKTOP,,0,1,0.0,90.0,page_device,2026-07-27 13:02:07
106241,2026-07-27,2025-08-01,,https://www.advich.com/overseas-integrated-marketing/,DESKTOP,,0,1,0.0,47.0,page_device,2026-07-27 13:02:07
106242,2026-07-27,2025-08-01,,https://www.advich.com/overseas-social-media-platform/,DESKTOP,,0,11,0.0,49.45454545454545,page_device,2026-07-27 13:02:07
106243,2026-07-27,2025-08-01,,https://www.advich.com/overseas-social-media-platform/,MOBILE,,0,1,0.0,80.0,page_device,2026-07-27 13:02:07
106244,2026-07-27,2025-08-01,,https://www.advich.com/oyktmssmws/,DESKTOP,,0,9,0.0,168.77777777777777,page_device,2026-07-27 13:02:07
106245,2026-07-27,2025-08-01,,https://www.advich.com/p6972/,DESKTOP,,0,9,0.0,111.88888888888889,page_device,2026-07-27 13:02:07
106246,2026-07-27,2025-08-01,,https://www.advich.com/p7659/,DESKTOP,,0,5,0.0,57.6,page_device,2026-07-27 13:02:07
106247,2026-07-27,2025-08-01,,https://www.advich.com/paid-traffic/,DESKTOP,,0,1,0.0,88.0,page_device,2026-07-27 13:02:07
106248,2026-07-27,2025-08-01,,https://www.advich.com/pggdzjzngg/,DESKTOP,,0,40,0.0,55.4,page_device,2026-07-27 13:02:07
106249,2026-07-27,2025-08-01,,https://www.advich.com/pggdzjzngg/,MOBILE,,0,2,0.0,47.5,page_device,2026-07-27 13:02:07
106250,2026-07-27,2025-08-01,,https://www.advich.com/phcxtgcgmj/,DESKTOP,,0,27,0.0,83.44444444444444,page_device,2026-07-27 13:02:07
106251,2026-07-27,2025-08-01,,https://www.advich.com/phcxtgcgmj/,MOBILE,,0,1,0.0,89.0,page_device,2026-07-27 13:02:07
106252,2026-07-27,2025-08-01,,https://www.advich.com/pjcypjcbrh/,DESKTOP,,0,19,0.0,48.21052631578947,page_device,2026-07-27 13:02:07
106253,2026-07-27,2025-08-01,,https://www.advich.com/ppzmdkggtg/,DESKTOP,,0,1,0.0,34.0,page_device,2026-07-27 13:02:07
106254,2026-07-27,2025-08-01,,https://www.advich.com/product-promotion/,DESKTOP,,0,4,0.0,45.5,page_device,2026-07-27 13:02:07
106255,2026-07-27,2025-08-01,,https://www.advich.com/pszclmbdwy/,DESKTOP,,0,9,0.0,130.22222222222223,page_device,2026-07-27 13:02:07
106256,2026-07-27,2025-08-01,,https://www.advich.com/qggjetbjqc/,DESKTOP,,0,9,0.0,139.22222222222223,page_device,2026-07-27 13:02:07
106257,2026-07-27,2025-08-01,,https://www.advich.com/qzkhkfggrh/,DESKTOP,,0,9,0.0,125.22222222222223,page_device,2026-07-27 13:02:07
106258,2026-07-27,2025-08-01,,https://www.advich.com/qzkhkfyqzk/,DESKTOP,,0,10,0.0,55.5,page_device,2026-07-27 13:02:07
106259,2026-07-27,2025-08-01,,https://www.advich.com/rggrmnxyzd/,DESKTOP,,0,15,0.0,103.13333333333334,page_device,2026-07-27 13:02:07
106260,2026-07-27,2025-08-01,,https://www.advich.com/rggrmnxyzd/,MOBILE,,0,4,0.0,47.25,page_device,2026-07-27 13:02:07
106261,2026-07-27,2025-08-01,,https://www.advich.com/rhcjggtgph/,DESKTOP,,0,9,0.0,169.77777777777777,page_device,2026-07-27 13:02:07
106262,2026-07-27,2025-08-01,,https://www.advich.com/rhcjgzhtzb/,DESKTOP,,0,1,0.0,47.0,page_device,2026-07-27 13:02:07
106263,2026-07-27,2025-08-01,,https://www.advich.com/rhcjzjgggw/,DESKTOP,,0,29,0.0,70.58620689655173,page_device,2026-07-27 13:02:07
106264,2026-07-27,2025-08-01,,https://www.advich.com/rhcndggggz/,DESKTOP,,0,9,0.0,131.22222222222223,page_device,2026-07-27 13:02:07
106265,2026-07-27,2025-08-01,,https://www.advich.com/rhcqtrdttl/,DESKTOP,,0,3,0.0,11.666666666666666,page_device,2026-07-27 13:02:07
106266,2026-07-27,2025-08-01,,https://www.advich.com/rhcqtrdttl/,MOBILE,,0,4,0.0,8.0,page_device,2026-07-27 13:02:07
106267,2026-07-27,2025-08-01,,https://www.advich.com/rhfxmhgzdl/,DESKTOP,,0,14,0.0,24.0,page_device,2026-07-27 13:02:07
106268,2026-07-27,2025-08-01,,https://www.advich.com/rhfxmhgzdl/,MOBILE,,0,1,0.0,11.0,page_device,2026-07-27 13:02:07
106269,2026-07-27,2025-08-01,,https://www.advich.com/rhgbggggzd/,DESKTOP,,0,11,0.0,26.181818181818183,page_device,2026-07-27 13:02:07
106270,2026-07-27,2025-08-01,,https://www.advich.com/rhhlzxywdk/,DESKTOP,,0,1,0.0,91.0,page_device,2026-07-27 13:02:07
106271,2026-07-27,2025-08-01,,https://www.advich.com/rhhzsyztxy/,DESKTOP,,0,2,0.0,119.5,page_device,2026-07-27 13:02:07
106272,2026-07-27,2025-08-01,,https://www.advich.com/rhjcggsdgj/,DESKTOP,,0,38,0.0,78.55263157894737,page_device,2026-07-27 13:02:07
106273,2026-07-27,2025-08-01,,https://www.advich.com/rhjcggsdgj/,MOBILE,,0,17,0.0,76.58823529411765,page_device,2026-07-27 13:02:07
106274,2026-07-27,2025-08-01,,https://www.advich.com/rhjdcggggz/,DESKTOP,,0,4,0.0,76.25,page_device,2026-07-27 13:02:07
106275,2026-07-27,2025-08-01,,https://www.advich.com/rhjdmcdjdp/,DESKTOP,,0,11,0.0,34.18181818181818,page_device,2026-07-27 13:02:07
106276,2026-07-27,2025-08-01,,https://www.advich.com/rhjrbstcdg/,DESKTOP,,0,11,0.0,87.9090909090909,page_device,2026-07-27 13:02:07
106277,2026-07-27,2025-08-01,,https://www.advich.com/rhjrbstcdg/,MOBILE,,0,2,0.0,18.5,page_device,2026-07-27 13:02:07
106278,2026-07-27,2025-08-01,,https://www.advich.com/rhjscbhjqb/,DESKTOP,,0,11,0.0,45.18181818181818,page_device,2026-07-27 13:02:07
106279,2026-07-27,2025-08-01,,https://www.advich.com/rhkshdwzll/,DESKTOP,,0,10,0.0,61.5,page_device,2026-07-27 13:02:07
106280,2026-07-27,2025-08-01,,https://www.advich.com/rhkssygzds/,DESKTOP,,0,12,0.0,62.583333333333336,page_device,2026-07-27 13:02:07
106281,2026-07-27,2025-08-01,,https://www.advich.com/rhlydyfsjb/,DESKTOP,,0,9,0.0,175.0,page_device,2026-07-27 13:02:07
106282,2026-07-27,2025-08-01,,https://www.advich.com/rhlyggqzkh/,DESKTOP,,0,10,0.0,52.5,page_device,2026-07-27 13:02:07
106283,2026-07-27,2025-08-01,,https://www.advich.com/rhlyggsysg/,DESKTOP,,0,10,0.0,51.5,page_device,2026-07-27 13:02:07
106284,2026-07-27,2025-08-01,,https://www.advich.com/rhqdhlcggg/,DESKTOP,,0,10,0.0,74.5,page_device,2026-07-27 13:02:07
106285,2026-07-27,2025-08-01,,https://www.advich.com/rhrdljgfwg/,DESKTOP,,0,10,0.0,75.5,page_device,2026-07-27 13:02:07
106286,2026-07-27,2025-08-01,,https://www.advich.com/rhrndqycxz/,DESKTOP,,0,9,0.0,144.22222222222223,page_device,2026-07-27 13:02:07
106287,2026-07-27,2025-08-01,,https://www.advich.com/rhsxsjkshg/,DESKTOP,,0,9,0.0,120.22222222222223,page_device,2026-07-27 13:02:07
106288,2026-07-27,2025-08-01,,https://www.advich.com/rhsycyscqj/,DESKTOP,,0,4,0.0,51.0,page_device,2026-07-27 13:02:07
106289,2026-07-27,2025-08-01,,https://www.advich.com/rhsyggbzkz/,DESKTOP,,0,9,0.0,127.22222222222223,page_device,2026-07-27 13:02:07
106290,2026-07-27,2025-08-01,,https://www.advich.com/rhsyggggdw/,DESKTOP,,0,3,0.0,79.33333333333333,page_device,2026-07-27 13:02:07
106291,2026-07-27,2025-08-01,,https://www.advich.com/rhsyggggdw/,MOBILE,,0,5,0.0,78.2,page_device,2026-07-27 13:02:07
106292,2026-07-27,2025-08-01,,https://www.advich.com/rhsyggggtb/,DESKTOP,,0,10,0.0,147.0,page_device,2026-07-27 13:02:07
106293,2026-07-27,2025-08-01,,https://www.advich.com/rhsyggjzyc/,DESKTOP,,0,1,0.0,39.0,page_device,2026-07-27 13:02:07
106294,2026-07-27,2025-08-01,,https://www.advich.com/rhsyggjzyc/,MOBILE,,0,1,0.0,39.0,page_device,2026-07-27 13:02:07
106295,2026-07-27,2025-08-01,,https://www.advich.com/rhsyggsskz/,DESKTOP,,0,6,0.0,64.66666666666666,page_device,2026-07-27 13:02:07
106296,2026-07-27,2025-08-01,,https://www.advich.com/rhsynlltst/,DESKTOP,,0,9,0.0,129.22222222222223,page_device,2026-07-27 13:02:07
106297,2026-07-27,2025-08-01,,https://www.advich.com/rhsypmdclb/,DESKTOP,,0,10,0.0,153.3,page_device,2026-07-27 13:02:07
106298,2026-07-27,2025-08-01,,https://www.advich.com/rhsypmdclb/,MOBILE,,0,1,0.0,88.0,page_device,2026-07-27 13:02:07
106299,2026-07-27,2025-08-01,,https://www.advich.com/rhsyspxdhd/,DESKTOP,,0,2,0.0,7.0,page_device,2026-07-27 13:02:07
106300,2026-07-27,2025-08-01,,https://www.advich.com/rhsyyspscq/,DESKTOP,,0,9,0.0,106.22222222222223,page_device,2026-07-27 13:02:07
106301,2026-07-27,2025-08-01,,https://www.advich.com/rhszgggwgg/,DESKTOP,,0,207,0.0,63.468599033816425,page_device,2026-07-27 13:02:07
106302,2026-07-27,2025-08-01,,https://www.advich.com/rhszgggwgg/,MOBILE,,0,18,0.0,60.72222222222222,page_device,2026-07-27 13:02:07
106303,2026-07-27,2025-08-01,,https://www.advich.com/rhszhyhggf/,DESKTOP,,0,11,0.0,74.9090909090909,page_device,2026-07-27 13:02:07
106304,2026-07-27,2025-08-01,,https://www.advich.com/rhtgggggdz/,DESKTOP,,0,8,0.0,98.625,page_device,2026-07-27 13:02:07
106305,2026-07-27,2025-08-01,,https://www.advich.com/rhtgljsmxl/,DESKTOP,,0,10,0.0,87.4,page_device,2026-07-27 13:02:07
106306,2026-07-27,2025-08-01,,https://www.advich.com/rhtgxsxszl/,DESKTOP,,0,9,0.0,143.22222222222223,page_device,2026-07-27 13:02:07
106307,2026-07-27,2025-08-01,,https://www.advich.com/rhtgyggscl/,DESKTOP,,0,7,0.0,66.0,page_device,2026-07-27 13:02:07
106308,2026-07-27,2025-08-01,,https://www.advich.com/rhtgyxfxl/,DESKTOP,,0,9,0.0,158.44444444444446,page_device,2026-07-27 13:02:07
106309,2026-07-27,2025-08-01,,https://www.advich.com/rhtjewjcxl/,DESKTOP,,0,19,0.0,4.0,page_device,2026-07-27 13:02:07
106310,2026-07-27,2025-08-01,,https://www.advich.com/rhtzggggsb/,DESKTOP,,0,9,0.0,153.22222222222223,page_device,2026-07-27 13:02:07
106311,2026-07-27,2025-08-01,,https://www.advich.com/rhwggggxzz/,DESKTOP,,0,163,0.0,53.306748466257666,page_device,2026-07-27 13:02:07
106312,2026-07-27,2025-08-01,,https://www.advich.com/rhwggggxzz/,MOBILE,,0,25,0.0,87.0,page_device,2026-07-27 13:02:07
106313,2026-07-27,2025-08-01,,https://www.advich.com/rhwkhyxggg/,DESKTOP,,0,11,0.0,21.636363636363637,page_device,2026-07-27 13:02:07
106314,2026-07-27,2025-08-01,,https://www.advich.com/rhxdyycjw/,DESKTOP,,0,9,0.0,190.66666666666666,page_device,2026-07-27 13:02:07
106315,2026-07-27,2025-08-01,,https://www.advich.com/rhxdyycjw/,MOBILE,,0,8,0.0,48.25,page_device,2026-07-27 13:02:07
106316,2026-07-27,2025-08-01,,https://www.advich.com/rhxfggfxgc/,DESKTOP,,0,8,0.0,188.0,page_device,2026-07-27 13:02:07
106317,2026-07-27,2025-08-01,,https://www.advich.com/rhyhggtgph/,DESKTOP,,0,6,0.0,25.5,page_device,2026-07-27 13:02:07
106318,2026-07-27,2025-08-01,,https://www.advich.com/rhyhggxyss/,DESKTOP,,0,1,0.0,98.0,page_device,2026-07-27 13:02:07
106319,2026-07-27,2025-08-01,,https://www.advich.com/rhyjddbzze/,DESKTOP,,0,1,0.0,46.0,page_device,2026-07-27 13:02:07
106320,2026-07-27,2025-08-01,,https://www.advich.com/rhzcggtgpg/,DESKTOP,,0,9,0.0,172.77777777777777,page_device,2026-07-27 13:02:07
106321,2026-07-27,2025-08-01,,https://www.advich.com/rhzdhggggd/,DESKTOP,,0,9,0.0,179.0,page_device,2026-07-27 13:02:07
106322,2026-07-27,2025-08-01,,https://www.advich.com/rhzdhggzng/,DESKTOP,,0,32,0.0,47.6875,page_device,2026-07-27 13:02:07
106323,2026-07-27,2025-08-01,,https://www.advich.com/rhzdhggzng/,MOBILE,,0,3,0.0,51.333333333333336,page_device,2026-07-27 13:02:07
106324,2026-07-27,2025-08-01,,https://www.advich.com/rhzedzbgzc/,MOBILE,,0,7,0.0,9.428571428571429,page_device,2026-07-27 13:02:07
106325,2026-07-27,2025-08-01,,https://www.advich.com/rhzedzbgzc/,TABLET,,0,1,0.0,4.0,page_device,2026-07-27 13:02:07
106326,2026-07-27,2025-08-01,,https://www.advich.com/rhzezcjrct/,DESKTOP,,0,32,0.0,82.9375,page_device,2026-07-27 13:02:07
106327,2026-07-27,2025-08-01,,https://www.advich.com/rhzezcjxsl/,DESKTOP,,0,11,0.0,37.18181818181818,page_device,2026-07-27 13:02:07
106328,2026-07-27,2025-08-01,,https://www.advich.com/rhzezfxsjk/,DESKTOP,,0,10,0.0,140.1,page_device,2026-07-27 13:02:07
106329,2026-07-27,2025-08-01,,https://www.advich.com/rhzezhzjyl/,DESKTOP,,0,4,0.0,42.5,page_device,2026-07-27 13:02:07
106330,2026-07-27,2025-08-01,,https://www.advich.com/rhzezhzjyl/,MOBILE,,0,1,0.0,39.0,page_device,2026-07-27 13:02:07
106331,2026-07-27,2025-08-01,,https://www.advich.com/rhzezzzbjt/,DESKTOP,,0,10,0.0,24.8,page_device,2026-07-27 13:02:07
106332,2026-07-27,2025-08-01,,https://www.advich.com/rhzezzzbjt/,MOBILE,,0,5,0.0,25.8,page_device,2026-07-27 13:02:07
106333,2026-07-27,2025-08-01,,https://www.advich.com/rhzezzzszt/,DESKTOP,,0,79,0.0,67.12658227848101,page_device,2026-07-27 13:02:07
106334,2026-07-27,2025-08-01,,https://www.advich.com/rhzezzzszt/,MOBILE,,0,30,0.0,69.3,page_device,2026-07-27 13:02:07
106335,2026-07-27,2025-08-01,,https://www.advich.com/rhzghgzgzs/,DESKTOP,,0,9,0.0,164.22222222222223,page_device,2026-07-27 13:02:07
106336,2026-07-27,2025-08-01,,https://www.advich.com/rhzgssyatx/,DESKTOP,,0,1,0.0,28.0,page_device,2026-07-27 13:02:07
106337,2026-07-27,2025-08-01,,https://www.advich.com/rhzgzcjldt/,DESKTOP,,0,6,0.0,57.833333333333336,page_device,2026-07-27 13:02:07
106338,2026-07-27,2025-08-01,,https://www.advich.com/rhzgzcjldt/,MOBILE,,0,1,0.0,54.0,page_device,2026-07-27 13:02:07
106339,2026-07-27,2025-08-01,,https://www.advich.com/rhzgzcjzdy/,DESKTOP,,0,53,0.0,51.283018867924525,page_device,2026-07-27 13:02:07
106340,2026-07-27,2025-08-01,,https://www.advich.com/rhzgzcjzdy/,MOBILE,,0,4,0.0,51.25,page_device,2026-07-27 13:02:07
106341,2026-07-27,2025-08-01,,https://www.advich.com/rhzgzgjfgg/,DESKTOP,,0,11,0.0,107.0909090909091,page_device,2026-07-27 13:02:07
106342,2026-07-27,2025-08-01,,https://www.advich.com/rhzgzhzpt/,DESKTOP,,0,33,0.0,64.96969696969697,page_device,2026-07-27 13:02:07
106343,2026-07-27,2025-08-01,,https://www.advich.com/rhzgzssxxk/,DESKTOP,,0,1,0.0,75.0,page_device,2026-07-27 13:02:07
106344,2026-07-27,2025-08-01,,https://www.advich.com/rhzgzsydks/,DESKTOP,,0,22,0.0,69.45454545454545,page_device,2026-07-27 13:02:07
106345,2026-07-27,2025-08-01,,https://www.advich.com/rhzgzzzbjt/,DESKTOP,,0,2,0.0,38.0,page_device,2026-07-27 13:02:07
106346,2026-07-27,2025-08-01,,https://www.advich.com/rhzgzzzbjt/,MOBILE,,0,1,0.0,18.0,page_device,2026-07-27 13:02:07
106347,2026-07-27,2025-08-01,,https://www.advich.com/rhzmsczmjh/,DESKTOP,,0,9,0.0,122.22222222222223,page_device,2026-07-27 13:02:07
106348,2026-07-27,2025-08-01,,https://www.advich.com/rhztswahis/,DESKTOP,,0,15,0.0,39.333333333333336,page_device,2026-07-27 13:02:07
106349,2026-07-27,2025-08-01,,https://www.advich.com/rhztswahis/,TABLET,,0,1,0.0,8.0,page_device,2026-07-27 13:02:07
106350,2026-07-27,2025-08-01,,https://www.advich.com/rhzyfznzzs/,DESKTOP,,0,6,0.0,87.16666666666667,page_device,2026-07-27 13:02:07
106351,2026-07-27,2025-08-01,,https://www.advich.com/rhzyfznzzs/,MOBILE,,0,2,0.0,89.5,page_device,2026-07-27 13:02:07
106352,2026-07-27,2025-08-01,,https://www.advich.com/rich-media/,DESKTOP,,0,13,0.0,43.46153846153846,page_device,2026-07-27 13:02:07
106353,2026-07-27,2025-08-01,,https://www.advich.com/rich-media/,MOBILE,,0,3,0.0,92.66666666666667,page_device,2026-07-27 13:02:07
106354,2026-07-27,2025-08-01,,https://www.advich.com/ryrtgrhrdf/,DESKTOP,,0,26,0.0,34.61538461538461,page_device,2026-07-27 13:02:07
106355,2026-07-27,2025-08-01,,https://www.advich.com/ryrtgrhrdf/,MOBILE,,0,4,0.0,46.5,page_device,2026-07-27 13:02:07
106356,2026-07-27,2025-08-01,,https://www.advich.com/sdsjkshzjs/,DESKTOP,,0,1,0.0,18.0,page_device,2026-07-27 13:02:07
106357,2026-07-27,2025-08-01,,https://www.advich.com/sdtyxtzn/,DESKTOP,,0,9,0.0,146.22222222222223,page_device,2026-07-27 13:02:07
106358,2026-07-27,2025-08-01,,https://www.advich.com/search-marketing/bing-re-marketing/,DESKTOP,,0,1,0.0,49.0,page_device,2026-07-27 13:02:07
106359,2026-07-27,2025-08-01,,https://www.advich.com/search-marketing/bing-re-marketing/,MOBILE,,0,1,0.0,51.0,page_device,2026-07-27 13:02:07
106360,2026-07-27,2025-08-01,,https://www.advich.com/search-marketing/dynamic-search-advertisement/,DESKTOP,,0,1,0.0,57.0,page_device,2026-07-27 13:02:07
106361,2026-07-27,2025-08-01,,https://www.advich.com/search-marketing/google-display-ads/,DESKTOP,,0,109,0.0,77.44036697247707,page_device,2026-07-27 13:02:07
106362,2026-07-27,2025-08-01,,https://www.advich.com/search-marketing/google-display-ads/,MOBILE,,0,63,0.0,72.80952380952381,page_device,2026-07-27 13:02:07
106363,2026-07-27,2025-08-01,,https://www.advich.com/sem-search-engine-marketing/,DESKTOP,,0,36,0.0,79.63888888888889,page_device,2026-07-27 13:02:07
106364,2026-07-27,2025-08-01,,https://www.advich.com/sem-search-engine-marketing/,MOBILE,,0,21,0.0,77.76190476190476,page_device,2026-07-27 13:02:07
106365,2026-07-27,2025-08-01,,https://www.advich.com/seo-service/,DESKTOP,,0,3,0.0,82.33333333333333,page_device,2026-07-27 13:02:07
106366,2026-07-27,2025-08-01,,https://www.advich.com/seo/,DESKTOP,,0,29,0.0,74.82758620689656,page_device,2026-07-27 13:02:07
106367,2026-07-27,2025-08-01,,https://www.advich.com/shopify/,DESKTOP,,0,21,0.0,13.952380952380953,page_device,2026-07-27 13:02:07
106368,2026-07-27,2025-08-01,,https://www.advich.com/shopify/,MOBILE,,0,5,0.0,74.6,page_device,2026-07-27 13:02:07
106369,2026-07-27,2025-08-01,,https://www.advich.com/sjfxsyywfx/,DESKTOP,,0,19,0.0,5.0,page_device,2026-07-27 13:02:07
106370,2026-07-27,2025-08-01,,https://www.advich.com/smsbjyxwsm/,DESKTOP,,0,9,0.0,138.22222222222223,page_device,2026-07-27 13:02:07
106371,2026-07-27,2025-08-01,,https://www.advich.com/smsdjlwsmc/,DESKTOP,,0,41,0.0,97.5609756097561,page_device,2026-07-27 13:02:07
106372,2026-07-27,2025-08-01,,https://www.advich.com/smsdjlwsmc/,MOBILE,,0,10,0.0,76.1,page_device,2026-07-27 13:02:07
106373,2026-07-27,2025-08-01,,https://www.advich.com/smsdtxsggy/,DESKTOP,,0,45,0.0,38.55555555555556,page_device,2026-07-27 13:02:07
106374,2026-07-27,2025-08-01,,https://www.advich.com/smsdtxsggy/,MOBILE,,0,27,0.0,36.7037037037037,page_device,2026-07-27 13:02:07
106375,2026-07-27,2025-08-01,,https://www.advich.com/smsffssggg/,DESKTOP,,0,1,0.0,13.0,page_device,2026-07-27 13:02:07
106376,2026-07-27,2025-08-01,,https://www.advich.com/smsfmgjczg/,DESKTOP,,0,22,0.0,69.81818181818181,page_device,2026-07-27 13:02:07
106377,2026-07-27,2025-08-01,,https://www.advich.com/smsfysyxpp/,DESKTOP,,0,10,0.0,82.5,page_device,2026-07-27 13:02:07
106378,2026-07-27,2025-08-01,,https://www.advich.com/smsggbqglq/,DESKTOP,,0,126,0.0,72.64285714285714,page_device,2026-07-27 13:02:07
106379,2026-07-27,2025-08-01,,https://www.advich.com/smsggbqglq/,MOBILE,,0,50,0.0,75.88,page_device,2026-07-27 13:02:07
106380,2026-07-27,2025-08-01,,https://www.advich.com/smsggggdyh/,DESKTOP,,0,158,0.0,81.9493670886076,page_device,2026-07-27 13:02:07
106381,2026-07-27,2025-08-01,,https://www.advich.com/smsggggdyh/,MOBILE,,0,94,0.0,78.6063829787234,page_device,2026-07-27 13:02:07
106382,2026-07-27,2025-08-01,,https://www.advich.com/smsggxswlr/,DESKTOP,,0,6,0.0,39.833333333333336,page_device,2026-07-27 13:02:07
106383,2026-07-27,2025-08-01,,https://www.advich.com/smsggxswlr/,MOBILE,,0,2,0.0,61.5,page_device,2026-07-27 13:02:07
106384,2026-07-27,2025-08-01,,https://www.advich.com/smsggyxggt/,DESKTOP,,0,24,0.0,11.458333333333334,page_device,2026-07-27 13:02:07
106385,2026-07-27,2025-08-01,,https://www.advich.com/smsggzdcrh/,DESKTOP,,0,2,0.0,55.0,page_device,2026-07-27 13:02:07
106386,2026-07-27,2025-08-01,,https://www.advich.com/smsggzdcrh/,MOBILE,,0,1,0.0,53.0,page_device,2026-07-27 13:02:07
106387,2026-07-27,2025-08-01,,https://www.advich.com/smsgjccjfx/,DESKTOP,,0,12,0.0,26.166666666666668,page_device,2026-07-27 13:02:07
106388,2026-07-27,2025-08-01,,https://www.advich.com/smshdccddy/,DESKTOP,,0,16,0.0,71.75,page_device,2026-07-27 13:02:07
106389,2026-07-27,2025-08-01,,https://www.advich.com/smshdccddy/,MOBILE,,0,3,0.0,82.0,page_device,2026-07-27 13:02:07
106390,2026-07-27,2025-08-01,,https://www.advich.com/smsjhsp/,DESKTOP,,0,9,0.0,109.77777777777777,page_device,2026-07-27 13:02:07
106391,2026-07-27,2025-08-01,,https://www.advich.com/smsjztrhks/,DESKTOP,,0,2,0.0,44.0,page_device,2026-07-27 13:02:07
106392,2026-07-27,2025-08-01,,https://www.advich.com/smskczdjjw/,DESKTOP,,0,1,0.0,86.0,page_device,2026-07-27 13:02:07
106393,2026-07-27,2025-08-01,,https://www.advich.com/smslggtysm/,DESKTOP,,0,31,0.0,37.32258064516129,page_device,2026-07-27 13:02:07
106394,2026-07-27,2025-08-01,,https://www.advich.com/smslggtysm/,MOBILE,,0,3,0.0,91.33333333333333,page_device,2026-07-27 13:02:07
106395,2026-07-27,2025-08-01,,https://www.advich.com/smspltyzhg/,DESKTOP,,0,9,0.0,58.22222222222222,page_device,2026-07-27 13:02:07
106396,2026-07-27,2025-08-01,,https://www.advich.com/smspltyzhg/,MOBILE,,0,3,0.0,49.0,page_device,2026-07-27 13:02:07
106397,2026-07-27,2025-08-01,,https://www.advich.com/smsryxlyrt/,DESKTOP,,0,43,0.0,87.69767441860465,page_device,2026-07-27 13:02:07
106398,2026-07-27,2025-08-01,,https://www.advich.com/smsryxlyrt/,MOBILE,,0,33,0.0,87.87878787878788,page_device,2026-07-27 13:02:07
106399,2026-07-27,2025-08-01,,https://www.advich.com/smssjkshgg/,DESKTOP,,0,10,0.0,64.5,page_device,2026-07-27 13:02:07
106400,2026-07-27,2025-08-01,,https://www.advich.com/smsssjjwsm/,DESKTOP,,0,27,0.0,79.85185185185185,page_device,2026-07-27 13:02:07
106401,2026-07-27,2025-08-01,,https://www.advich.com/smsssjjwsm/,MOBILE,,0,32,0.0,79.625,page_device,2026-07-27 13:02:07
106402,2026-07-27,2025-08-01,,https://www.advich.com/smstsxsjfx/,DESKTOP,,0,46,0.0,102.78260869565217,page_device,2026-07-27 13:02:07
106403,2026-07-27,2025-08-01,,https://www.advich.com/smstsxsjfx/,MOBILE,,0,26,0.0,87.53846153846153,page_device,2026-07-27 13:02:07
106404,2026-07-27,2025-08-01,,https://www.advich.com/smszhcbgsh/,DESKTOP,,0,56,0.0,67.0,page_device,2026-07-27 13:02:07
106405,2026-07-27,2025-08-01,,https://www.advich.com/smszhcbgsh/,MOBILE,,0,33,0.0,73.72727272727273,page_device,2026-07-27 13:02:07
106406,2026-07-27,2025-08-01,,https://www.advich.com/smszlfswsm/,DESKTOP,,0,7,0.0,63.714285714285715,page_device,2026-07-27 13:02:07
106407,2026-07-27,2025-08-01,,https://www.advich.com/smszyxykld/,DESKTOP,,0,15,0.0,74.2,page_device,2026-07-27 13:02:07
106408,2026-07-27,2025-08-01,,https://www.advich.com/smszyxykld/,MOBILE,,0,5,0.0,68.4,page_device,2026-07-27 13:02:07
106409,2026-07-27,2025-08-01,,https://www.advich.com/smtxzshbjs/,DESKTOP,,0,4,0.0,62.75,page_device,2026-07-27 13:02:07
106410,2026-07-27,2025-08-01,,https://www.advich.com/smtxzshbjs/,MOBILE,,0,2,0.0,60.5,page_device,2026-07-27 13:02:07
106411,2026-07-27,2025-08-01,,https://www.advich.com/sns-promotion-of-independent-foreign-trade-station/,DESKTOP,,0,2,0.0,56.5,page_device,2026-07-27 13:02:07
106412,2026-07-27,2025-08-01,,https://www.advich.com/social-media-operation-strategy/,DESKTOP,,0,15,0.0,71.06666666666666,page_device,2026-07-27 13:02:07
106413,2026-07-27,2025-08-01,,https://www.advich.com/social-media-operation-strategy/,MOBILE,,0,2,0.0,59.5,page_device,2026-07-27 13:02:07
106414,2026-07-27,2025-08-01,,https://www.advich.com/ssggyggggs/,DESKTOP,,0,29,0.0,61.58620689655172,page_device,2026-07-27 13:02:07
106415,2026-07-27,2025-08-01,,https://www.advich.com/ssggyggggs/,MOBILE,,0,2,0.0,73.5,page_device,2026-07-27 13:02:07
106416,2026-07-27,2025-08-01,,https://www.advich.com/ssyxryyglj/,DESKTOP,,0,9,0.0,121.22222222222223,page_device,2026-07-27 13:02:07
106417,2026-07-27,2025-08-01,,https://www.advich.com/stbscqcjst/,DESKTOP,,0,1,0.0,87.0,page_device,2026-07-27 13:02:07
106418,2026-07-27,2025-08-01,,https://www.advich.com/stbscqcjst/,MOBILE,,0,1,0.0,94.0,page_device,2026-07-27 13:02:07
106419,2026-07-27,2025-08-01,,https://www.advich.com/sydyhyxcly/,DESKTOP,,0,9,0.0,156.22222222222223,page_device,2026-07-27 13:02:07
106420,2026-07-27,2025-08-01,,https://www.advich.com/syfggkdzcx/,DESKTOP,,0,12,0.0,24.166666666666668,page_device,2026-07-27 13:02:07
106421,2026-07-27,2025-08-01,,https://www.advich.com/syggtgpysm/,DESKTOP,,0,26,0.0,27.5,page_device,2026-07-27 13:02:07
106422,2026-07-27,2025-08-01,,https://www.advich.com/syxmsrmznx/,DESKTOP,,0,16,0.0,107.5,page_device,2026-07-27 13:02:07
106423,2026-07-27,2025-08-01,,https://www.advich.com/syxmsrmznx/,MOBILE,,0,1,0.0,92.0,page_device,2026-07-27 13:02:07
106424,2026-07-27,2025-08-01,,https://www.advich.com/syxslrhxyx/,DESKTOP,,0,9,0.0,165.22222222222223,page_device,2026-07-27 13:02:07
106425,2026-07-27,2025-08-01,,https://www.advich.com/szdjzdsjjc/,DESKTOP,,0,9,0.0,162.22222222222223,page_device,2026-07-27 13:02:07
106426,2026-07-27,2025-08-01,,https://www.advich.com/szggdcymzq/,DESKTOP,,0,8,0.0,24.25,page_device,2026-07-27 13:02:07
106427,2026-07-27,2025-08-01,,https://www.advich.com/tgggggxgxd/,DESKTOP,,0,10,0.0,90.4,page_device,2026-07-27 13:02:07
106428,2026-07-27,2025-08-01,,https://www.advich.com/tggggzdgzj/,DESKTOP,,0,18,0.0,131.27777777777777,page_device,2026-07-27 13:02:07
106429,2026-07-27,2025-08-01,,https://www.advich.com/tgpdlymtyd/,DESKTOP,,0,9,0.0,102.77777777777777,page_device,2026-07-27 13:02:07
106430,2026-07-27,2025-08-01,,https://www.advich.com/tgpxndgxzl/,DESKTOP,,0,91,0.0,6.593406593406593,page_device,2026-07-27 13:02:07
106431,2026-07-27,2025-08-01,,https://www.advich.com/tgpxndgxzl/,MOBILE,,0,39,0.0,7.487179487179487,page_device,2026-07-27 13:02:07
106432,2026-07-27,2025-08-01,,https://www.advich.com/the-difference-between-google-seo-and-google-adwords/,DESKTOP,,0,2,0.0,54.5,page_device,2026-07-27 13:02:07
106433,2026-07-27,2025-08-01,,https://www.advich.com/tiktok/,MOBILE,,0,5,0.0,11.8,page_device,2026-07-27 13:02:07
106434,2026-07-27,2025-08-01,,https://www.advich.com/trade/,DESKTOP,,0,34,0.0,114.67647058823529,page_device,2026-07-27 13:02:07
106435,2026-07-27,2025-08-01,,https://www.advich.com/tsyxylsyxc/,DESKTOP,,0,13,0.0,73.6923076923077,page_device,2026-07-27 13:02:07
106436,2026-07-27,2025-08-01,,https://www.advich.com/ttywztttmf/,DESKTOP,,0,10,0.0,77.5,page_device,2026-07-27 13:02:07
106437,2026-07-27,2025-08-01,,https://www.advich.com/twitter-integrated-marketing/,DESKTOP,,0,44,0.0,81.29545454545455,page_device,2026-07-27 13:02:07
106438,2026-07-27,2025-08-01,,https://www.advich.com/twitter-integrated-marketing/,MOBILE,,0,1,0.0,77.0,page_device,2026-07-27 13:02:07
106439,2026-07-27,2025-08-01,,https://www.advich.com/twitter-marketing-strategy/,DESKTOP,,0,5,0.0,67.6,page_device,2026-07-27 13:02:07
106440,2026-07-27,2025-08-01,,https://www.advich.com/twsmtmznds/,DESKTOP,,0,35,0.0,75.0,page_device,2026-07-27 13:02:07
106441,2026-07-27,2025-08-01,,https://www.advich.com/twsmtmznds/,MOBILE,,0,2,0.0,88.5,page_device,2026-07-27 13:02:07
106442,2026-07-27,2025-08-01,,https://www.advich.com/tyxyhzgxkj/,DESKTOP,,0,1,0.0,22.0,page_device,2026-07-27 13:02:07
106443,2026-07-27,2025-08-01,,https://www.advich.com/ultimate-guide-to-googles-custom-intent-audiences/,DESKTOP,,0,1,0.0,72.0,page_device,2026-07-27 13:02:07
106444,2026-07-27,2025-08-01,,https://www.advich.com/wbggdsgbyb/,DESKTOP,,0,19,0.0,2.0,page_device,2026-07-27 13:02:07
106445,2026-07-27,2025-08-01,,https://www.advich.com/wfsssmtsrh/,DESKTOP,,0,1,0.0,61.0,page_device,2026-07-27 13:02:07
106446,2026-07-27,2025-08-01,,https://www.advich.com/what-are-the-advantages-of-google-seo-and-google-sem-do-you-know/,MOBILE,,0,1,0.0,88.0,page_device,2026-07-27 13:02:07
106447,2026-07-27,2025-08-01,,https://www.advich.com/what-are-the-costs-of-google-bidding-promotion/,DESKTOP,,0,4,0.0,75.75,page_device,2026-07-27 13:02:07
106448,2026-07-27,2025-08-01,,https://www.advich.com/what-are-the-requirements-for-google-to-promote-online-marketing/,DESKTOP,,0,6,0.0,49.833333333333336,page_device,2026-07-27 13:02:07
106449,2026-07-27,2025-08-01,,https://www.advich.com/what-is-an-independent-station-why-stand-alone/,MOBILE,,0,1,0.0,11.0,page_device,2026-07-27 13:02:07
106450,2026-07-27,2025-08-01,,https://www.advich.com/what-products-are-suitable-for-promotion-in-google/,DESKTOP,,0,1,0.0,86.0,page_device,2026-07-27 13:02:07
106451,2026-07-27,2025-08-01,,https://www.advich.com/wjdgmjkhlw/,DESKTOP,,0,10,0.0,168.2,page_device,2026-07-27 13:02:07
106452,2026-07-27,2025-08-01,,https://www.advich.com/wrggtclyxl/,DESKTOP,,0,9,0.0,181.0,page_device,2026-07-27 13:02:07
106453,2026-07-27,2025-08-01,,https://www.advich.com/wrggtgggjh/,DESKTOP,,0,9,0.0,135.22222222222223,page_device,2026-07-27 13:02:07
106454,2026-07-27,2025-08-01,,https://www.advich.com/wrggtgggjh/,MOBILE,,0,1,0.0,51.0,page_device,2026-07-27 13:02:07
106455,2026-07-27,2025-08-01,,https://www.advich.com/wrggzlndhg/,DESKTOP,,0,9,0.0,114.77777777777777,page_device,2026-07-27 13:02:07
106456,2026-07-27,2025-08-01,,https://www.advich.com/wsmggfxdsz/,DESKTOP,,0,10,0.0,58.5,page_device,2026-07-27 13:02:07
106457,2026-07-27,2025-08-01,,https://www.advich.com/wsmkhlslhz/,DESKTOP,,0,1,0.0,81.0,page_device,2026-07-27 13:02:07
106458,2026-07-27,2025-08-01,,https://www.advich.com/wsmkhzsjzd/,DESKTOP,,0,9,0.0,136.22222222222223,page_device,2026-07-27 13:02:07
106459,2026-07-27,2025-08-01,,https://www.advich.com/wsmrjszggt/,DESKTOP,,0,2,0.0,84.0,page_device,2026-07-27 13:02:07
106460,2026-07-27,2025-08-01,,https://www.advich.com/wsmsjqdjch/,DESKTOP,,0,12,0.0,52.5,page_device,2026-07-27 13:02:07
106461,2026-07-27,2025-08-01,,https://www.advich.com/wsmyjjybty/,DESKTOP,,0,14,0.0,20.714285714285715,page_device,2026-07-27 13:02:07
106462,2026-07-27,2025-08-01,,https://www.advich.com/xdnggcjywf/,DESKTOP,,0,1,0.0,81.0,page_device,2026-07-27 13:02:07
106463,2026-07-27,2025-08-01,,https://www.advich.com/xnsxpsqhgt/,DESKTOP,,0,19,0.0,7.0,page_device,2026-07-27 13:02:07
106464,2026-07-27,2025-08-01,,https://www.advich.com/xnzdhdtdgg/,DESKTOP,,0,1,0.0,95.0,page_device,2026-07-27 13:02:07
106465,2026-07-27,2025-08-01,,https://www.advich.com/xsssjbhqsd/,DESKTOP,,0,3,0.0,17.0,page_device,2026-07-27 13:02:07
106466,2026-07-27,2025-08-01,,https://www.advich.com/xsxy/,MOBILE,,0,2,0.0,10.0,page_device,2026-07-27 13:02:07
106467,2026-07-27,2025-08-01,,https://www.advich.com/xxscstslyc/,DESKTOP,,0,19,0.0,6.0,page_device,2026-07-27 13:02:07
106468,2026-07-27,2025-08-01,,https://www.advich.com/xycdcdqgll/,DESKTOP,,0,4,0.0,54.75,page_device,2026-07-27 13:02:07
106469,2026-07-27,2025-08-01,,https://www.advich.com/xysssggggg/,DESKTOP,,0,10,0.0,136.6,page_device,2026-07-27 13:02:07
106470,2026-07-27,2025-08-01,,https://www.advich.com/xysssggxzs/,DESKTOP,,0,14,0.0,72.07142857142857,page_device,2026-07-27 13:02:07
106471,2026-07-27,2025-08-01,,https://www.advich.com/xysssggydt/,DESKTOP,,0,10,0.0,53.5,page_device,2026-07-27 13:02:07
106472,2026-07-27,2025-08-01,,https://www.advich.com/ycjcslzggt/,DESKTOP,,0,12,0.0,19.5,page_device,2026-07-27 13:02:07
106473,2026-07-27,2025-08-01,,https://www.advich.com/ykqsyhbhsp/,DESKTOP,,0,11,0.0,24.636363636363637,page_device,2026-07-27 13:02:07
106474,2026-07-27,2025-08-01,,https://www.advich.com/youtube-advertising-type/,DESKTOP,,0,6,0.0,93.16666666666667,page_device,2026-07-27 13:02:07
106475,2026-07-27,2025-08-01,,https://www.advich.com/youtube-advertising-type/,MOBILE,,0,1,0.0,100.0,page_device,2026-07-27 13:02:07
106476,2026-07-27,2025-08-01,,https://www.advich.com/youtube-video-optimization-tips-for-running-overseas-social-media/,DESKTOP,,0,2,0.0,21.5,page_device,2026-07-27 13:02:07
106477,2026-07-27,2025-08-01,,https://www.advich.com/ypddggggrh/,DESKTOP,,0,6,0.0,79.33333333333333,page_device,2026-07-27 13:02:07
106478,2026-07-27,2025-08-01,,https://www.advich.com/ypddggggrh/,MOBILE,,0,8,0.0,86.75,page_device,2026-07-27 13:02:07
106479,2026-07-27,2025-08-01,,https://www.advich.com/ytb/,DESKTOP,,0,19,0.0,88.15789473684211,page_device,2026-07-27 13:02:07
106480,2026-07-27,2025-08-01,,https://www.advich.com/ytb/,MOBILE,,0,7,0.0,41.57142857142857,page_device,2026-07-27 13:02:07
106481,2026-07-27,2025-08-01,,https://www.advich.com/yxdsjkshsl/,DESKTOP,,0,6,0.0,26.0,page_device,2026-07-27 13:02:07
106482,2026-07-27,2025-08-01,,https://www.advich.com/yxfxhzsdcj/,DESKTOP,,0,11,0.0,44.18181818181818,page_device,2026-07-27 13:02:07
106483,2026-07-27,2025-08-01,,https://www.advich.com/yxgymxzhzn/,DESKTOP,,0,1,0.0,70.0,page_device,2026-07-27 13:02:07
106484,2026-07-27,2025-08-01,,https://www.advich.com/yxpljyxzhd/,DESKTOP,,0,21,0.0,67.42857142857143,page_device,2026-07-27 13:02:07
106485,2026-07-27,2025-08-01,,https://www.advich.com/yxsdngbggg/,DESKTOP,,0,3,0.0,11.666666666666666,page_device,2026-07-27 13:02:07
106486,2026-07-27,2025-08-01,,https://www.advich.com/yxszhsmssz/,DESKTOP,,0,44,0.0,85.88636363636364,page_device,2026-07-27 13:02:07
106487,2026-07-27,2025-08-01,,https://www.advich.com/yxszhsmssz/,MOBILE,,0,28,0.0,94.92857142857143,page_device,2026-07-27 13:02:07
106488,2026-07-27,2025-08-01,,https://www.advich.com/yyzxcjsdtd/,DESKTOP,,0,2,0.0,54.0,page_device,2026-07-27 13:02:07
106489,2026-07-27,2025-08-01,,https://www.advich.com/yyzxcjsdtd/,MOBILE,,0,1,0.0,53.0,page_device,2026-07-27 13:02:07
106490,2026-07-27,2025-08-01,,https://www.advich.com/zbdpzhsdgj/,DESKTOP,,0,11,0.0,41.18181818181818,page_device,2026-07-27 13:02:07
106491,2026-07-27,2025-08-01,,https://www.advich.com/zhjsrhjndg/,DESKTOP,,0,9,0.0,188.66666666666666,page_device,2026-07-27 13:02:07
106492,2026-07-27,2025-08-01,,https://www.advich.com/zhyxcbdjtl/,DESKTOP,,0,3,0.0,67.33333333333333,page_device,2026-07-27 13:02:07
106493,2026-07-27,2025-08-01,,https://www.advich.com/zhyxcbdjtl/,MOBILE,,0,1,0.0,92.0,page_device,2026-07-27 13:02:07
106494,2026-07-27,2025-08-01,,https://www.advich.com/zjdgggggxk/,DESKTOP,,0,7,0.0,36.142857142857146,page_device,2026-07-27 13:02:07
106495,2026-07-27,2025-08-01,,https://www.advich.com/zjdgggggxk/,MOBILE,,0,2,0.0,75.0,page_device,2026-07-27 13:02:07
106496,2026-07-27,2025-08-01,,https://www.advich.com/zjggxsggsl/,DESKTOP,,0,137,0.0,69.47445255474453,page_device,2026-07-27 13:02:07
106497,2026-07-27,2025-08-01,,https://www.advich.com/zjggxsggsl/,MOBILE,,0,69,0.0,57.79710144927536,page_device,2026-07-27 13:02:07
106498,2026-07-27,2025-08-01,,https://www.advich.com/zjsjkshgjn/,DESKTOP,,0,9,0.0,107.22222222222223,page_device,2026-07-27 13:02:07
106499,2026-07-27,2025-08-01,,https://www.advich.com/zlxdggggkz/,DESKTOP,,0,2,0.0,87.0,page_device,2026-07-27 13:02:07
106500,2026-07-27,2025-08-01,,https://www.advich.com/zlxdggggkz/,MOBILE,,0,2,0.0,85.5,page_device,2026-07-27 13:02:07
106501,2026-07-27,2025-08-01,,https://www.advich.com/zmggzszspk/,DESKTOP,,0,9,0.0,189.66666666666666,page_device,2026-07-27 13:02:07
106502,2026-07-27,2025-08-01,,https://www.advich.com/zngwhdybzh/,DESKTOP,,0,27,0.0,89.29629629629629,page_device,2026-07-27 13:02:07
106503,2026-07-27,2025-08-01,,https://www.advich.com/zngwhdybzh/,MOBILE,,0,2,0.0,95.5,page_device,2026-07-27 13:02:07
106504,2026-07-27,2025-08-01,,https://www.advich.com/zqhwsyggptjsyqdfyfx/,DESKTOP,,0,40,0.0,67.175,page_device,2026-07-27 13:02:07
106505,2026-07-27,2025-08-01,,https://www.advich.com/zqhwsyggptjsyqdfyfx/,MOBILE,,0,3,0.0,42.666666666666664,page_device,2026-07-27 13:02:07
106506,2026-07-27,2025-08-01,,https://www.advich.com/zwggggzdtz/,DESKTOP,,0,12,0.0,39.5,page_device,2026-07-27 13:02:07
106507,2026-07-27,2025-08-01,,https://www.advich.com/zxggdhcssm/,DESKTOP,,0,9,0.0,177.77777777777777,page_device,2026-07-27 13:02:07
106508,2026-07-27,2025-08-01,,https://www.advich.com/zxyxgczdcx/,DESKTOP,,0,9,0.0,154.22222222222223,page_device,2026-07-27 13:02:07
106509,2026-07-27,2025-08-01,,https://www.advich.com/zyxgtbclzj/,DESKTOP,,0,33,0.0,104.66666666666667,page_device,2026-07-27 13:02:07
106510,2026-07-27,2025-08-01,,https://www.advich.com/zyxgtbclzj/,MOBILE,,0,17,0.0,73.41176470588235,page_device,2026-07-27 13:02:07
87727,2026-07-27,2025-07-02,,https://www.advich.com/,DESKTOP,,11,179,0.061452513966480445,1.888268156424581,page_device,2026-07-27 13:01:50
87728,2026-07-27,2025-07-02,,https://www.advich.com/home/,DESKTOP,,7,40,0.175,2.875,page_device,2026-07-27 13:01:50
87729,2026-07-27,2025-07-02,,https://www.advich.com/about-us/,DESKTOP,,5,36,0.1388888888888889,5.083333333333333,page_device,2026-07-27 13:01:50
87730,2026-07-27,2025-07-02,,https://www.advich.com/tiktok/,DESKTOP,,3,196,0.015306122448979591,20.836734693877553,page_device,2026-07-27 13:01:50
87731,2026-07-27,2025-07-02,,https://www.advich.com/home/,MOBILE,,2,13,0.15384615384615385,6.923076923076923,page_device,2026-07-27 13:01:50
87732,2026-07-27,2025-07-02,,https://www.advich.com/rhzedzbgzc/,DESKTOP,,2,44,0.045454545454545456,16.295454545454547,page_device,2026-07-27 13:01:50
87733,2026-07-27,2025-07-02,,https://www.advich.com/about-us/,MOBILE,,1,8,0.125,4.875,page_device,2026-07-27 13:01:50
87734,2026-07-27,2025-07-02,,https://www.advich.com/gads/,DESKTOP,,1,108,0.009259259259259259,27.074074074074073,page_device,2026-07-27 13:01:50
87735,2026-07-27,2025-07-02,,https://www.advich.com/ggggbjzjzn/,DESKTOP,,1,14,0.07142857142857142,18.428571428571427,page_device,2026-07-27 13:01:50
87736,2026-07-27,2025-07-02,,https://www.advich.com/ggxsggbxsr/,DESKTOP,,1,5,0.2,21.6,page_device,2026-07-27 13:01:50
87737,2026-07-27,2025-07-02,,https://www.advich.com/mxcxzdtggc/,DESKTOP,,1,36,0.027777777777777776,73.44444444444444,page_device,2026-07-27 13:01:50
87738,2026-07-27,2025-07-02,,https://www.advich.com/rhztswahis/,DESKTOP,,1,11,0.09090909090909091,69.36363636363636,page_device,2026-07-27 13:01:50
87739,2026-07-27,2025-07-02,,https://www.advich.com/,MOBILE,,0,11,0.0,5.090909090909091,page_device,2026-07-27 13:01:50
87740,2026-07-27,2025-07-02,,https://www.advich.com/15-advertising-trends/,DESKTOP,,0,18,0.0,81.61111111111111,page_device,2026-07-27 13:01:50
87741,2026-07-27,2025-07-02,,https://www.advich.com/15-advertising-trends/,MOBILE,,0,2,0.0,97.0,page_device,2026-07-27 13:01:50
87742,2026-07-27,2025-07-02,,https://www.advich.com/a-must-see-for-social-media-overseas-marketing/,DESKTOP,,0,9,0.0,58.22222222222222,page_device,2026-07-27 13:01:50
87743,2026-07-27,2025-07-02,,https://www.advich.com/advertising-skills/,DESKTOP,,0,12,0.0,85.41666666666667,page_device,2026-07-27 13:01:50
87744,2026-07-27,2025-07-02,,https://www.advich.com/adweb-global-station/,DESKTOP,,0,4,0.0,72.5,page_device,2026-07-27 13:01:50
87745,2026-07-27,2025-07-02,,https://www.advich.com/akjyxdjfwz/,DESKTOP,,0,9,0.0,56.55555555555556,page_device,2026-07-27 13:01:50
87746,2026-07-27,2025-07-02,,https://www.advich.com/akjyxdjfwz/,MOBILE,,0,3,0.0,68.33333333333333,page_device,2026-07-27 13:01:50
87747,2026-07-27,2025-07-02,,https://www.advich.com/aslrhzggtg/,DESKTOP,,0,10,0.0,95.7,page_device,2026-07-27 13:01:50
87748,2026-07-27,2025-07-02,,https://www.advich.com/aslrhzggtg/,MOBILE,,0,1,0.0,78.0,page_device,2026-07-27 13:01:50
87749,2026-07-27,2025-07-02,,https://www.advich.com/author/advich/,DESKTOP,,0,1,0.0,9.0,page_device,2026-07-27 13:01:50
87750,2026-07-27,2025-07-02,,https://www.advich.com/b2b-independent-foreign-trade-station-promotion-skills/,DESKTOP,,0,1,0.0,60.0,page_device,2026-07-27 13:01:50
87751,2026-07-27,2025-07-02,,https://www.advich.com/b2b-independent-foreign-trade-station-promotion-skills/,MOBILE,,0,1,0.0,79.0,page_device,2026-07-27 13:01:50
87752,2026-07-27,2025-07-02,,https://www.advich.com/b2b/,DESKTOP,,0,2,0.0,134.5,page_device,2026-07-27 13:01:50
87753,2026-07-27,2025-07-02,,https://www.advich.com/bhbgtdhcss/,DESKTOP,,0,5,0.0,50.6,page_device,2026-07-27 13:01:50
87754,2026-07-27,2025-07-02,,https://www.advich.com/bingads/,DESKTOP,,0,24,0.0,55.583333333333336,page_device,2026-07-27 13:01:50
87755,2026-07-27,2025-07-02,,https://www.advich.com/bingads/,MOBILE,,0,12,0.0,42.833333333333336,page_device,2026-07-27 13:01:50
87756,2026-07-27,2025-07-02,,https://www.advich.com/bqzkhyxhdp/,DESKTOP,,0,7,0.0,67.57142857142857,page_device,2026-07-27 13:01:50
87757,2026-07-27,2025-07-02,,https://www.advich.com/brand-marketing/tiktok-ads/,MOBILE,,0,4,0.0,65.25,page_device,2026-07-27 13:01:50
87758,2026-07-27,2025-07-02,,https://www.advich.com/can-google-open-its-own-promotion-account/,DESKTOP,,0,2,0.0,63.0,page_device,2026-07-27 13:01:50
87759,2026-07-27,2025-07-02,,https://www.advich.com/ccgywzsm/,DESKTOP,,0,6,0.0,71.5,page_device,2026-07-27 13:01:50
87760,2026-07-27,2025-07-02,,https://www.advich.com/cffhyfsjfn-2/,DESKTOP,,0,3,0.0,9.333333333333334,page_device,2026-07-27 13:01:50
87761,2026-07-27,2025-07-02,,https://www.advich.com/cffhyfsjfn/,DESKTOP,,0,5,0.0,97.6,page_device,2026-07-27 13:01:50
87762,2026-07-27,2025-07-02,,https://www.advich.com/cffhyfsjfn/,MOBILE,,0,1,0.0,11.0,page_device,2026-07-27 13:01:50
87763,2026-07-27,2025-07-02,,https://www.advich.com/cggggghdds/,DESKTOP,,0,2,0.0,125.5,page_device,2026-07-27 13:01:50
87764,2026-07-27,2025-07-02,,https://www.advich.com/cgghggtgph/,DESKTOP,,0,4,0.0,40.25,page_device,2026-07-27 13:01:50
87765,2026-07-27,2025-07-02,,https://www.advich.com/cggtsyxxg/,DESKTOP,,0,7,0.0,79.85714285714286,page_device,2026-07-27 13:01:50
87766,2026-07-27,2025-07-02,,https://www.advich.com/cgszgggghd/,DESKTOP,,0,7,0.0,83.42857142857143,page_device,2026-07-27 13:01:50
87767,2026-07-27,2025-07-02,,https://www.advich.com/cgszgggghd/,MOBILE,,0,1,0.0,80.0,page_device,2026-07-27 13:01:50
87768,2026-07-27,2025-07-02,,https://www.advich.com/cjyrrsdsjmtnrdzff/,DESKTOP,,0,4,0.0,7.0,page_device,2026-07-27 13:01:50
87769,2026-07-27,2025-07-02,,https://www.advich.com/cnryxdsjhd/,DESKTOP,,0,1,0.0,94.0,page_device,2026-07-27 13:01:50
87770,2026-07-27,2025-07-02,,https://www.advich.com/come-in-and-have-a-look-overseas-digital-marketing-methods/,DESKTOP,,0,27,0.0,38.7037037037037,page_device,2026-07-27 13:01:50
87771,2026-07-27,2025-07-02,,https://www.advich.com/cost-per-click/,DESKTOP,,0,84,0.0,56.95238095238095,page_device,2026-07-27 13:01:50
87772,2026-07-27,2025-07-02,,https://www.advich.com/cost-per-click/,MOBILE,,0,20,0.0,60.45,page_device,2026-07-27 13:01:50
87773,2026-07-27,2025-07-02,,https://www.advich.com/cscpclybhh/,DESKTOP,,0,2,0.0,197.0,page_device,2026-07-27 13:01:50
87774,2026-07-27,2025-07-02,,https://www.advich.com/cylysmqb/,DESKTOP,,0,5,0.0,90.4,page_device,2026-07-27 13:01:50
87775,2026-07-27,2025-07-02,,https://www.advich.com/cylysmqb/,MOBILE,,0,1,0.0,55.0,page_device,2026-07-27 13:01:50
87776,2026-07-27,2025-07-02,,https://www.advich.com/cyzqdfxffz/,DESKTOP,,0,5,0.0,35.6,page_device,2026-07-27 13:01:50
87777,2026-07-27,2025-07-02,,https://www.advich.com/dcfxbgslrh/,DESKTOP,,0,5,0.0,42.6,page_device,2026-07-27 13:01:50
87778,2026-07-27,2025-07-02,,https://www.advich.com/djyljddgyy/,DESKTOP,,0,5,0.0,14.0,page_device,2026-07-27 13:01:50
87779,2026-07-27,2025-07-02,,https://www.advich.com/dlktlbfxjs/,DESKTOP,,0,42,0.0,38.04761904761905,page_device,2026-07-27 13:01:50
87780,2026-07-27,2025-07-02,,https://www.advich.com/dlktlbfxjs/,MOBILE,,0,1,0.0,53.0,page_device,2026-07-27 13:01:50
87781,2026-07-27,2025-07-02,,https://www.advich.com/do-we-have-to-find-a-proxy-operating-company-to-promote-google/,DESKTOP,,0,4,0.0,83.5,page_device,2026-07-27 13:01:50
87782,2026-07-27,2025-07-02,,https://www.advich.com/dtssggddzj/,DESKTOP,,0,83,0.0,49.93975903614458,page_device,2026-07-27 13:01:50
87783,2026-07-27,2025-07-02,,https://www.advich.com/dtssggddzj/,MOBILE,,0,15,0.0,49.4,page_device,2026-07-27 13:01:50
87784,2026-07-27,2025-07-02,,https://www.advich.com/dydzzggzct/,DESKTOP,,0,1,0.0,97.0,page_device,2026-07-27 13:01:50
87785,2026-07-27,2025-07-02,,https://www.advich.com/dynamic-search-ads/,DESKTOP,,0,49,0.0,43.857142857142854,page_device,2026-07-27 13:01:50
87786,2026-07-27,2025-07-02,,https://www.advich.com/dynamic-search-ads/,MOBILE,,0,10,0.0,48.7,page_device,2026-07-27 13:01:50
87787,2026-07-27,2025-07-02,,https://www.advich.com/dyppygfppz/,DESKTOP,,0,5,0.0,5.4,page_device,2026-07-27 13:01:50
87788,2026-07-27,2025-07-02,,https://www.advich.com/dysxqcpthg/,DESKTOP,,0,28,0.0,65.21428571428571,page_device,2026-07-27 13:01:50
87789,2026-07-27,2025-07-02,,https://www.advich.com/dysxqcpthg/,MOBILE,,0,27,0.0,48.2962962962963,page_device,2026-07-27 13:01:50
87790,2026-07-27,2025-07-02,,https://www.advich.com/dzgjhppxxl/,DESKTOP,,0,5,0.0,15.6,page_device,2026-07-27 13:01:50
87791,2026-07-27,2025-07-02,,https://www.advich.com/dzxdiysbqs/,DESKTOP,,0,5,0.0,87.0,page_device,2026-07-27 13:01:50
87792,2026-07-27,2025-07-02,,https://www.advich.com/e-commerce-drainage/,DESKTOP,,0,6,0.0,63.0,page_device,2026-07-27 13:01:50
87793,2026-07-27,2025-07-02,,https://www.advich.com/e-commerce-drainage/,MOBILE,,0,4,0.0,73.5,page_device,2026-07-27 13:01:50
87794,2026-07-27,2025-07-02,,https://www.advich.com/ezdqgzjtby/,DESKTOP,,0,3,0.0,44.333333333333336,page_device,2026-07-27 13:01:50
87795,2026-07-27,2025-07-02,,https://www.advich.com/faq/,DESKTOP,,0,3,0.0,94.33333333333333,page_device,2026-07-27 13:01:50
87796,2026-07-27,2025-07-02,,https://www.advich.com/fb/,DESKTOP,,0,69,0.0,47.56521739130435,page_device,2026-07-27 13:01:50
87797,2026-07-27,2025-07-02,,https://www.advich.com/fb/,MOBILE,,0,29,0.0,57.96551724137931,page_device,2026-07-27 13:01:50
87798,2026-07-27,2025-07-02,,https://www.advich.com/fbmswglqwzzn/,DESKTOP,,0,32,0.0,49.0,page_device,2026-07-27 13:01:50
87799,2026-07-27,2025-07-02,,https://www.advich.com/fbmswglqwzzn/,MOBILE,,0,4,0.0,57.25,page_device,2026-07-27 13:01:50
87800,2026-07-27,2025-07-02,,https://www.advich.com/fdcpyhgggg/,DESKTOP,,0,5,0.0,66.6,page_device,2026-07-27 13:01:50
87801,2026-07-27,2025-07-02,,https://www.advich.com/ffsjmtsjgg/,DESKTOP,,0,5,0.0,33.6,page_device,2026-07-27 13:01:50
87802,2026-07-27,2025-07-02,,https://www.advich.com/ffsssggggg/,DESKTOP,,0,2,0.0,119.5,page_device,2026-07-27 13:01:50
87803,2026-07-27,2025-07-02,,https://www.advich.com/ffssyhybmg/,DESKTOP,,0,2,0.0,12.5,page_device,2026-07-27 13:01:50
87804,2026-07-27,2025-07-02,,https://www.advich.com/foreign-trade-independent-station-drainage/,DESKTOP,,0,1,0.0,109.0,page_device,2026-07-27 13:01:50
87805,2026-07-27,2025-07-02,,https://www.advich.com/foreign-trade-integrated-marketing/,DESKTOP,,0,1,0.0,32.0,page_device,2026-07-27 13:01:50
87806,2026-07-27,2025-07-02,,https://www.advich.com/fqmcbhzzpx/,DESKTOP,,0,5,0.0,91.4,page_device,2026-07-27 13:01:50
87807,2026-07-27,2025-07-02,,https://www.advich.com/fqzkhscbdx/,DESKTOP,,0,5,0.0,44.8,page_device,2026-07-27 13:01:50
87808,2026-07-27,2025-07-02,,https://www.advich.com/fxrhgjgggg/,DESKTOP,,0,6,0.0,94.5,page_device,2026-07-27 13:01:50
87809,2026-07-27,2025-07-02,,https://www.advich.com/fxrhgjgggg/,MOBILE,,0,2,0.0,75.0,page_device,2026-07-27 13:01:50
87810,2026-07-27,2025-07-02,,https://www.advich.com/fzdjhsjdln/,DESKTOP,,0,5,0.0,50.4,page_device,2026-07-27 13:01:50
87811,2026-07-27,2025-07-02,,https://www.advich.com/fzdjhsjdln/,MOBILE,,0,1,0.0,74.0,page_device,2026-07-27 13:01:50
87812,2026-07-27,2025-07-02,,https://www.advich.com/gads/,MOBILE,,0,16,0.0,21.5625,page_device,2026-07-27 13:01:50
87813,2026-07-27,2025-07-02,,https://www.advich.com/gaehdxgnhd/,DESKTOP,,0,8,0.0,31.75,page_device,2026-07-27 13:01:50
87814,2026-07-27,2025-07-02,,https://www.advich.com/gatckxysss/,DESKTOP,,0,3,0.0,35.666666666666664,page_device,2026-07-27 13:01:50
87815,2026-07-27,2025-07-02,,https://www.advich.com/gcjdggtgpy/,DESKTOP,,0,24,0.0,38.166666666666664,page_device,2026-07-27 13:01:50
87816,2026-07-27,2025-07-02,,https://www.advich.com/gdbggcjgjg/,DESKTOP,,0,5,0.0,49.6,page_device,2026-07-27 13:01:50
87817,2026-07-27,2025-07-02,,https://www.advich.com/gffsssltsn/,DESKTOP,,0,1,0.0,36.0,page_device,2026-07-27 13:01:50
87818,2026-07-27,2025-07-02,,https://www.advich.com/ggcfzjzn/,DESKTOP,,0,1,0.0,84.0,page_device,2026-07-27 13:01:50
87819,2026-07-27,2025-07-02,,https://www.advich.com/ggcfzjzn/,MOBILE,,0,56,0.0,64.67857142857143,page_device,2026-07-27 13:01:50
87820,2026-07-27,2025-07-02,,https://www.advich.com/ggdtyxzljb/,DESKTOP,,0,10,0.0,87.4,page_device,2026-07-27 13:01:50
87821,2026-07-27,2025-07-02,,https://www.advich.com/ggdtyxzljb/,MOBILE,,0,8,0.0,75.875,page_device,2026-07-27 13:01:50
87822,2026-07-27,2025-07-02,,https://www.advich.com/ggdyppnxyz/,DESKTOP,,0,3,0.0,86.66666666666667,page_device,2026-07-27 13:01:50
87823,2026-07-27,2025-07-02,,https://www.advich.com/ggfblgggga/,DESKTOP,,0,1,0.0,43.0,page_device,2026-07-27 13:01:50
87824,2026-07-27,2025-07-02,,https://www.advich.com/ggfdcjjrbd/,DESKTOP,,0,62,0.0,40.66129032258065,page_device,2026-07-27 13:01:50
87825,2026-07-27,2025-07-02,,https://www.advich.com/ggfdcjjrbd/,MOBILE,,0,51,0.0,39.627450980392155,page_device,2026-07-27 13:01:50
87826,2026-07-27,2025-07-02,,https://www.advich.com/ggfxcydzbh/,DESKTOP,,0,2,0.0,110.5,page_device,2026-07-27 13:01:50
87827,2026-07-27,2025-07-02,,https://www.advich.com/ggfxdmznlr/,DESKTOP,,0,4,0.0,108.0,page_device,2026-07-27 13:01:50
87828,2026-07-27,2025-07-02,,https://www.advich.com/ggfxggslrh/,DESKTOP,,0,53,0.0,62.905660377358494,page_device,2026-07-27 13:01:50
87829,2026-07-27,2025-07-02,,https://www.advich.com/ggfxggslrh/,MOBILE,,0,24,0.0,54.833333333333336,page_device,2026-07-27 13:01:50
87830,2026-07-27,2025-07-02,,https://www.advich.com/ggfxysshzx/,DESKTOP,,0,5,0.0,45.6,page_device,2026-07-27 13:01:50
87831,2026-07-27,2025-07-02,,https://www.advich.com/ggfxzdttly/,DESKTOP,,0,5,0.0,97.4,page_device,2026-07-27 13:01:50
87832,2026-07-27,2025-07-02,,https://www.advich.com/gggdsqfzpc/,DESKTOP,,0,1,0.0,92.0,page_device,2026-07-27 13:01:50
87833,2026-07-27,2025-07-02,,https://www.advich.com/gggfzcsytg/,DESKTOP,,0,61,0.0,7.885245901639344,page_device,2026-07-27 13:01:50
87834,2026-07-27,2025-07-02,,https://www.advich.com/gggfzcsytg/,MOBILE,,0,31,0.0,8.774193548387096,page_device,2026-07-27 13:01:50
87835,2026-07-27,2025-07-02,,https://www.advich.com/ggggacyhdl/,DESKTOP,,0,2,0.0,149.5,page_device,2026-07-27 13:01:50
87836,2026-07-27,2025-07-02,,https://www.advich.com/ggggacyhdl/,MOBILE,,0,1,0.0,69.0,page_device,2026-07-27 13:01:50
87837,2026-07-27,2025-07-02,,https://www.advich.com/ggggaqbgey/,DESKTOP,,0,5,0.0,22.6,page_device,2026-07-27 13:01:50
87838,2026-07-27,2025-07-02,,https://www.advich.com/ggggbjzjzn/,MOBILE,,0,3,0.0,21.0,page_device,2026-07-27 13:01:50
87839,2026-07-27,2025-07-02,,https://www.advich.com/ggggdlmyxr/,DESKTOP,,0,24,0.0,84.125,page_device,2026-07-27 13:01:50
87840,2026-07-27,2025-07-02,,https://www.advich.com/ggggdwjbfx/,DESKTOP,,0,2,0.0,88.5,page_device,2026-07-27 13:01:50
87841,2026-07-27,2025-07-02,,https://www.advich.com/ggggdyhdfx/,DESKTOP,,0,8,0.0,39.875,page_device,2026-07-27 13:01:50
87842,2026-07-27,2025-07-02,,https://www.advich.com/ggggdyhdfx/,MOBILE,,0,1,0.0,44.0,page_device,2026-07-27 13:01:50
87843,2026-07-27,2025-07-02,,https://www.advich.com/ggggfxgggg/,DESKTOP,,0,1,0.0,87.0,page_device,2026-07-27 13:01:50
87844,2026-07-27,2025-07-02,,https://www.advich.com/gggggjcyjd/,DESKTOP,,0,4,0.0,123.0,page_device,2026-07-27 13:01:50
87845,2026-07-27,2025-07-02,,https://www.advich.com/gggggkjfsr/,DESKTOP,,0,1,0.0,10.0,page_device,2026-07-27 13:01:50
87846,2026-07-27,2025-07-02,,https://www.advich.com/gggggslxyl/,DESKTOP,,0,21,0.0,63.0,page_device,2026-07-27 13:01:50
87847,2026-07-27,2025-07-02,,https://www.advich.com/gggggslxyl/,MOBILE,,0,4,0.0,85.75,page_device,2026-07-27 13:01:50
87848,2026-07-27,2025-07-02,,https://www.advich.com/gggggzmbrh/,DESKTOP,,0,5,0.0,62.6,page_device,2026-07-27 13:01:50
87849,2026-07-27,2025-07-02,,https://www.advich.com/ggggjfcjyy/,DESKTOP,,0,32,0.0,57.9375,page_device,2026-07-27 13:01:50
87850,2026-07-27,2025-07-02,,https://www.advich.com/ggggjjtzrh/,DESKTOP,,0,3,0.0,24.333333333333332,page_device,2026-07-27 13:01:50
87851,2026-07-27,2025-07-02,,https://www.advich.com/ggggmrszzh/,DESKTOP,,0,3,0.0,146.33333333333334,page_device,2026-07-27 13:01:50
87852,2026-07-27,2025-07-02,,https://www.advich.com/ggggmrszzh/,MOBILE,,0,1,0.0,92.0,page_device,2026-07-27 13:01:50
87853,2026-07-27,2025-07-02,,https://www.advich.com/ggggmyhfys/,DESKTOP,,0,2,0.0,89.5,page_device,2026-07-27 13:01:50
87854,2026-07-27,2025-07-02,,https://www.advich.com/ggggmyhfys/,MOBILE,,0,1,0.0,86.0,page_device,2026-07-27 13:01:50
87855,2026-07-27,2025-07-02,,https://www.advich.com/ggggmzhrhz/,DESKTOP,,0,7,0.0,70.28571428571429,page_device,2026-07-27 13:01:50
87856,2026-07-27,2025-07-02,,https://www.advich.com/ggggrhzmyh/,DESKTOP,,0,5,0.0,95.2,page_device,2026-07-27 13:01:50
87857,2026-07-27,2025-07-02,,https://www.advich.com/ggggrhzysy/,DESKTOP,,0,1,0.0,60.0,page_device,2026-07-27 13:01:50
87858,2026-07-27,2025-07-02,,https://www.advich.com/ggggshqdrh/,DESKTOP,,0,2,0.0,184.0,page_device,2026-07-27 13:01:50
87859,2026-07-27,2025-07-02,,https://www.advich.com/ggggszdwzh/,DESKTOP,,0,4,0.0,7.25,page_device,2026-07-27 13:01:50
87860,2026-07-27,2025-07-02,,https://www.advich.com/ggggtgkzcg/,DESKTOP,,0,5,0.0,63.6,page_device,2026-07-27 13:01:50
87861,2026-07-27,2025-07-02,,https://www.advich.com/ggggxsxskz/,DESKTOP,,0,7,0.0,83.42857142857143,page_device,2026-07-27 13:01:50
87862,2026-07-27,2025-07-02,,https://www.advich.com/ggggzcjjng/,DESKTOP,,0,6,0.0,88.16666666666667,page_device,2026-07-27 13:01:50
87863,2026-07-27,2025-07-02,,https://www.advich.com/ggggzcjjng/,MOBILE,,0,9,0.0,74.44444444444444,page_device,2026-07-27 13:01:50
87864,2026-07-27,2025-07-02,,https://www.advich.com/ggggzdhdjb/,DESKTOP,,0,1,0.0,39.0,page_device,2026-07-27 13:01:50
87865,2026-07-27,2025-07-02,,https://www.advich.com/ggggzdjbdh/,DESKTOP,,0,1,0.0,199.0,page_device,2026-07-27 13:01:50
87866,2026-07-27,2025-07-02,,https://www.advich.com/ggggzhgxsz/,DESKTOP,,0,5,0.0,19.6,page_device,2026-07-27 13:01:50
87867,2026-07-27,2025-07-02,,https://www.advich.com/ggggzhztgb/,DESKTOP,,0,5,0.0,48.6,page_device,2026-07-27 13:01:50
87868,2026-07-27,2025-07-02,,https://www.advich.com/ggggznjjxz/,DESKTOP,,0,5,0.0,40.6,page_device,2026-07-27 13:01:50
87869,2026-07-27,2025-07-02,,https://www.advich.com/ggggzyxbqr/,DESKTOP,,0,1,0.0,22.0,page_device,2026-07-27 13:01:50
87870,2026-07-27,2025-07-02,,https://www.advich.com/ggggzyxzjs/,DESKTOP,,0,1,0.0,45.0,page_device,2026-07-27 13:01:50
87871,2026-07-27,2025-07-02,,https://www.advich.com/ggggzyxzjs/,MOBILE,,0,2,0.0,71.5,page_device,2026-07-27 13:01:50
87872,2026-07-27,2025-07-02,,https://www.advich.com/gggjcghqmf/,DESKTOP,,0,254,0.0,69.61023622047244,page_device,2026-07-27 13:01:50
87873,2026-07-27,2025-07-02,,https://www.advich.com/gggjcghqmf/,MOBILE,,0,232,0.0,70.80603448275862,page_device,2026-07-27 13:01:50
87874,2026-07-27,2025-07-02,,https://www.advich.com/gggjjcjjqrngtggsycl/,DESKTOP,,0,8,0.0,46.625,page_device,2026-07-27 13:01:50
87875,2026-07-27,2025-07-02,,https://www.advich.com/gggwcxdm/,DESKTOP,,0,2,0.0,56.0,page_device,2026-07-27 13:01:50
87876,2026-07-27,2025-07-02,,https://www.advich.com/gggwggrhsz/,DESKTOP,,0,68,0.0,54.01470588235294,page_device,2026-07-27 13:01:50
87877,2026-07-27,2025-07-02,,https://www.advich.com/gggwggslrh/,DESKTOP,,0,25,0.0,66.28,page_device,2026-07-27 13:01:50
87878,2026-07-27,2025-07-02,,https://www.advich.com/gggwggslrh/,MOBILE,,0,1,0.0,56.0,page_device,2026-07-27 13:01:50
87879,2026-07-27,2025-07-02,,https://www.advich.com/gggwmblxt/,DESKTOP,,0,2,0.0,169.0,page_device,2026-07-27 13:01:50
87880,2026-07-27,2025-07-02,,https://www.advich.com/gggyggrhly/,DESKTOP,,0,6,0.0,29.833333333333332,page_device,2026-07-27 13:01:50
87881,2026-07-27,2025-07-02,,https://www.advich.com/gghgggyhzg/,DESKTOP,,0,2,0.0,34.0,page_device,2026-07-27 13:01:50
87882,2026-07-27,2025-07-02,,https://www.advich.com/gghgggyhzg/,MOBILE,,0,2,0.0,35.0,page_device,2026-07-27 13:01:50
87883,2026-07-27,2025-07-02,,https://www.advich.com/ggjgszyjcg/,DESKTOP,,0,5,0.0,90.0,page_device,2026-07-27 13:01:50
87884,2026-07-27,2025-07-02,,https://www.advich.com/ggjjalyjwmr/,DESKTOP,,0,5,0.0,59.6,page_device,2026-07-27 13:01:50
87885,2026-07-27,2025-07-02,,https://www.advich.com/ggjjzgfxdsjjclyd/,DESKTOP,,0,39,0.0,80.33333333333333,page_device,2026-07-27 13:01:50
87886,2026-07-27,2025-07-02,,https://www.advich.com/ggjjzgfxdsjjclyd/,MOBILE,,0,1,0.0,116.0,page_device,2026-07-27 13:01:50
87887,2026-07-27,2025-07-02,,https://www.advich.com/ggjzyggtzd/,DESKTOP,,0,5,0.0,53.6,page_device,2026-07-27 13:01:50
87888,2026-07-27,2025-07-02,,https://www.advich.com/ggkdljrggd/,DESKTOP,,0,1,0.0,78.0,page_device,2026-07-27 13:01:50
87889,2026-07-27,2025-07-02,,https://www.advich.com/ggpyjbclgb/,DESKTOP,,0,3,0.0,15.0,page_device,2026-07-27 13:01:50
87890,2026-07-27,2025-07-02,,https://www.advich.com/ggrcjspggb/,DESKTOP,,0,3,0.0,123.66666666666667,page_device,2026-07-27 13:01:50
87891,2026-07-27,2025-07-02,,https://www.advich.com/ggrcjspggb/,MOBILE,,0,1,0.0,98.0,page_device,2026-07-27 13:01:50
87892,2026-07-27,2025-07-02,,https://www.advich.com/ggrnjydxgg/,DESKTOP,,0,2,0.0,135.5,page_device,2026-07-27 13:01:50
87893,2026-07-27,2025-07-02,,https://www.advich.com/ggscxlxwzz/,DESKTOP,,0,146,0.0,39.21917808219178,page_device,2026-07-27 13:01:50
87894,2026-07-27,2025-07-02,,https://www.advich.com/ggsgggryyy/,DESKTOP,,0,6,0.0,34.5,page_device,2026-07-27 13:01:50
87895,2026-07-27,2025-07-02,,https://www.advich.com/ggssgggxzl/,DESKTOP,,0,1,0.0,99.0,page_device,2026-07-27 13:01:50
87896,2026-07-27,2025-07-02,,https://www.advich.com/ggsskztxzj/,DESKTOP,,0,1,0.0,90.0,page_device,2026-07-27 13:01:50
87897,2026-07-27,2025-07-02,,https://www.advich.com/ggsyhrhrrsrzdh/,DESKTOP,,0,2,0.0,195.0,page_device,2026-07-27 13:01:50
87898,2026-07-27,2025-07-02,,https://www.advich.com/ggszjdyxgg/,DESKTOP,,0,2,0.0,5.5,page_device,2026-07-27 13:01:50
87899,2026-07-27,2025-07-02,,https://www.advich.com/ggtclzxffl/,DESKTOP,,0,1,0.0,57.0,page_device,2026-07-27 13:01:50
87900,2026-07-27,2025-07-02,,https://www.advich.com/ggtcyggdxk/,DESKTOP,,0,2,0.0,89.0,page_device,2026-07-27 13:01:50
87901,2026-07-27,2025-07-02,,https://www.advich.com/ggtgclrhtgdldwyhndgggg/,DESKTOP,,0,7,0.0,59.0,page_device,2026-07-27 13:01:50
87902,2026-07-27,2025-07-02,,https://www.advich.com/ggtgclrhtgdldwyhndgggg/,MOBILE,,0,2,0.0,94.0,page_device,2026-07-27 13:01:50
87903,2026-07-27,2025-07-02,,https://www.advich.com/ggtgprhtgb/,DESKTOP,,0,7,0.0,80.85714285714286,page_device,2026-07-27 13:01:50
87904,2026-07-27,2025-07-02,,https://www.advich.com/ggtgpyhgjn/,DESKTOP,,0,8,0.0,16.5,page_device,2026-07-27 13:01:50
87905,2026-07-27,2025-07-02,,https://www.advich.com/ggtgpyhqdj/,DESKTOP,,0,12,0.0,5.833333333333333,page_device,2026-07-27 13:01:50
87906,2026-07-27,2025-07-02,,https://www.advich.com/ggtgzgcwrn/,DESKTOP,,0,2,0.0,128.5,page_device,2026-07-27 13:01:50
87907,2026-07-27,2025-07-02,,https://www.advich.com/ggtgzgjqphggsyggstgcl/,DESKTOP,,0,21,0.0,64.28571428571428,page_device,2026-07-27 13:01:50
87908,2026-07-27,2025-07-02,,https://www.advich.com/ggtgzgjqphggsyggstgcl/,MOBILE,,0,4,0.0,58.0,page_device,2026-07-27 13:01:50
87909,2026-07-27,2025-07-02,,https://www.advich.com/ggtyfcggjs/,DESKTOP,,0,2,0.0,148.5,page_device,2026-07-27 13:01:50
87910,2026-07-27,2025-07-02,,https://www.advich.com/ggwdgggggg/,DESKTOP,,0,5,0.0,30.8,page_device,2026-07-27 13:01:50
87911,2026-07-27,2025-07-02,,https://www.advich.com/ggwsyysdyy/,DESKTOP,,0,4,0.0,93.0,page_device,2026-07-27 13:01:50
87912,2026-07-27,2025-07-02,,https://www.advich.com/ggxbtcxdgg/,DESKTOP,,0,33,0.0,31.636363636363637,page_device,2026-07-27 13:01:50
87913,2026-07-27,2025-07-02,,https://www.advich.com/ggxbtcxdgg/,MOBILE,,0,1,0.0,76.0,page_device,2026-07-27 13:01:50
87914,2026-07-27,2025-07-02,,https://www.advich.com/ggxbwyyggz/,DESKTOP,,0,114,0.0,3.0,page_device,2026-07-27 13:01:50
87915,2026-07-27,2025-07-02,,https://www.advich.com/ggxswldfws/,DESKTOP,,0,2,0.0,11.0,page_device,2026-07-27 13:01:50
87916,2026-07-27,2025-07-02,,https://www.advich.com/ggyycxazgg/,DESKTOP,,0,2,0.0,57.0,page_device,2026-07-27 13:01:50
87917,2026-07-27,2025-07-02,,https://www.advich.com/ggyycxazgg/,MOBILE,,0,2,0.0,98.0,page_device,2026-07-27 13:01:50
87918,2026-07-27,2025-07-02,,https://www.advich.com/ggzsgghdzk/,DESKTOP,,0,20,0.0,7.95,page_device,2026-07-27 13:01:50
87919,2026-07-27,2025-07-02,,https://www.advich.com/ggzsgghdzk/,MOBILE,,0,1,0.0,19.0,page_device,2026-07-27 13:01:50
87920,2026-07-27,2025-07-02,,https://www.advich.com/ggzsggkysy/,DESKTOP,,0,4,0.0,3.25,page_device,2026-07-27 13:01:50
87921,2026-07-27,2025-07-02,,https://www.advich.com/ggzsggkysy/,MOBILE,,0,1,0.0,101.0,page_device,2026-07-27 13:01:50
87922,2026-07-27,2025-07-02,,https://www.advich.com/ggzshdzxyh/,DESKTOP,,0,2,0.0,106.5,page_device,2026-07-27 13:01:50
87923,2026-07-27,2025-07-02,,https://www.advich.com/gjcghqbxfa/,DESKTOP,,0,6,0.0,82.83333333333333,page_device,2026-07-27 13:01:50
87924,2026-07-27,2025-07-02,,https://www.advich.com/gjcsssfrhj/,DESKTOP,,0,4,0.0,58.5,page_device,2026-07-27 13:01:50
87925,2026-07-27,2025-07-02,,https://www.advich.com/gjggggszdw/,DESKTOP,,0,2,0.0,46.0,page_device,2026-07-27 13:01:50
87926,2026-07-27,2025-07-02,,https://www.advich.com/gjggggszdw/,MOBILE,,0,2,0.0,52.5,page_device,2026-07-27 13:01:50
87927,2026-07-27,2025-07-02,,https://www.advich.com/glyxcljqgzyl/,DESKTOP,,0,10,0.0,96.3,page_device,2026-07-27 13:01:50
87928,2026-07-27,2025-07-02,,https://www.advich.com/gmfgjbzdch/,DESKTOP,,0,1,0.0,31.0,page_device,2026-07-27 13:01:50
87929,2026-07-27,2025-07-02,,https://www.advich.com/google-ads-account/,DESKTOP,,0,1,0.0,97.0,page_device,2026-07-27 13:01:50
87930,2026-07-27,2025-07-02,,https://www.advich.com/google-ads-tips/,MOBILE,,0,1,0.0,43.0,page_device,2026-07-27 13:01:50
87931,2026-07-27,2025-07-02,,https://www.advich.com/google-promotion-has-several-advertising-spaces/,DESKTOP,,0,44,0.0,77.68181818181819,page_device,2026-07-27 13:01:50
87932,2026-07-27,2025-07-02,,https://www.advich.com/google-promotion-rejected/,DESKTOP,,0,2,0.0,84.5,page_device,2026-07-27 13:01:50
87933,2026-07-27,2025-07-02,,https://www.advich.com/google-promotion-rejected/,MOBILE,,0,1,0.0,72.0,page_device,2026-07-27 13:01:50
87934,2026-07-27,2025-07-02,,https://www.advich.com/google-remarketing/,DESKTOP,,0,4,0.0,89.5,page_device,2026-07-27 13:01:50
87935,2026-07-27,2025-07-02,,https://www.advich.com/google-remarketing/,MOBILE,,0,3,0.0,83.66666666666667,page_device,2026-07-27 13:01:50
87936,2026-07-27,2025-07-02,,https://www.advich.com/google-sem/,DESKTOP,,0,4,0.0,80.75,page_device,2026-07-27 13:01:50
87937,2026-07-27,2025-07-02,,https://www.advich.com/google-seo-keyword-layout/,DESKTOP,,0,1,0.0,26.0,page_device,2026-07-27 13:01:50
87938,2026-07-27,2025-07-02,,https://www.advich.com/google-shopping-ads/,DESKTOP,,0,139,0.0,49.16546762589928,page_device,2026-07-27 13:01:50
87939,2026-07-27,2025-07-02,,https://www.advich.com/google-shopping-ads/,MOBILE,,0,6,0.0,76.33333333333333,page_device,2026-07-27 13:01:50
87940,2026-07-27,2025-07-02,,https://www.advich.com/gqdzngwhbd/,DESKTOP,,0,6,0.0,100.16666666666667,page_device,2026-07-27 13:01:50
87941,2026-07-27,2025-07-02,,https://www.advich.com/gsdtslbznk/,DESKTOP,,0,12,0.0,100.33333333333333,page_device,2026-07-27 13:01:50
87942,2026-07-27,2025-07-02,,https://www.advich.com/gsdtslbznk/,MOBILE,,0,2,0.0,92.0,page_device,2026-07-27 13:01:50
87943,2026-07-27,2025-07-02,,https://www.advich.com/gtcxdzdyjb/,DESKTOP,,0,1,0.0,93.0,page_device,2026-07-27 13:01:50
87944,2026-07-27,2025-07-02,,https://www.advich.com/gtm-code/,DESKTOP,,0,3,0.0,90.0,page_device,2026-07-27 13:01:50
87945,2026-07-27,2025-07-02,,https://www.advich.com/gwggrmzn/,DESKTOP,,0,2,0.0,148.5,page_device,2026-07-27 13:01:50
87946,2026-07-27,2025-07-02,,https://www.advich.com/gwxnzdhddl/,DESKTOP,,0,5,0.0,68.4,page_device,2026-07-27 13:01:50
87947,2026-07-27,2025-07-02,,https://www.advich.com/gxgnhzjsj/,DESKTOP,,0,8,0.0,81.5,page_device,2026-07-27 13:01:50
87948,2026-07-27,2025-07-02,,https://www.advich.com/gxzsgdybf/,DESKTOP,,0,12,0.0,68.41666666666667,page_device,2026-07-27 13:01:50
87949,2026-07-27,2025-07-02,,https://www.advich.com/gxzsgdybf/,MOBILE,,0,1,0.0,4.0,page_device,2026-07-27 13:01:50
87950,2026-07-27,2025-07-02,,https://www.advich.com/gycggdzyyx/,DESKTOP,,0,4,0.0,58.5,page_device,2026-07-27 13:01:50
87951,2026-07-27,2025-07-02,,https://www.advich.com/gycggdzyyx/,MOBILE,,0,1,0.0,75.0,page_device,2026-07-27 13:01:50
87952,2026-07-27,2025-07-02,,https://www.advich.com/gyxjrgwzdn/,DESKTOP,,0,7,0.0,9.857142857142858,page_device,2026-07-27 13:01:50
87953,2026-07-27,2025-07-02,,https://www.advich.com/hjyxwmkycy/,DESKTOP,,0,2,0.0,43.5,page_device,2026-07-27 13:01:50
87954,2026-07-27,2025-07-02,,https://www.advich.com/hjyxwmkycy/,MOBILE,,0,1,0.0,55.0,page_device,2026-07-27 13:01:50
87955,2026-07-27,2025-07-02,,https://www.advich.com/how-much-is-a-google-promotion/,DESKTOP,,0,6,0.0,73.16666666666667,page_device,2026-07-27 13:01:50
87956,2026-07-27,2025-07-02,,https://www.advich.com/how-much-is-a-google-promotion/,MOBILE,,0,1,0.0,86.0,page_device,2026-07-27 13:01:50
87957,2026-07-27,2025-07-02,,https://www.advich.com/how-to-choose-an-independent-station-to-collect-money/,DESKTOP,,0,14,0.0,74.57142857142857,page_device,2026-07-27 13:01:50
87958,2026-07-27,2025-07-02,,https://www.advich.com/how-to-do-shopify-standalone-station/,DESKTOP,,0,1,0.0,92.0,page_device,2026-07-27 13:01:50
87959,2026-07-27,2025-07-02,,https://www.advich.com/how-to-promote-facebook/,DESKTOP,,0,4,0.0,70.25,page_device,2026-07-27 13:01:50
87960,2026-07-27,2025-07-02,,https://www.advich.com/how-to-promote-facebook/,MOBILE,,0,3,0.0,53.0,page_device,2026-07-27 13:01:50
87961,2026-07-27,2025-07-02,,https://www.advich.com/how-to-promote-independent-stations-in-google/,DESKTOP,,0,9,0.0,80.0,page_device,2026-07-27 13:01:50
87962,2026-07-27,2025-07-02,,https://www.advich.com/how-to-promote-independent-stations-in-google/,MOBILE,,0,5,0.0,76.2,page_device,2026-07-27 13:01:50
87963,2026-07-27,2025-07-02,,https://www.advich.com/hqggggrzdf/,DESKTOP,,0,24,0.0,58.416666666666664,page_device,2026-07-27 13:01:50
87964,2026-07-27,2025-07-02,,https://www.advich.com/hqggggrzdf/,MOBILE,,0,1,0.0,54.0,page_device,2026-07-27 13:01:50
87965,2026-07-27,2025-07-02,,https://www.advich.com/increasing-fans-of-overseas-social-media/,DESKTOP,,0,7,0.0,48.714285714285715,page_device,2026-07-27 13:01:50
87966,2026-07-27,2025-07-02,,https://www.advich.com/increasing-fans-of-overseas-social-media/,MOBILE,,0,1,0.0,53.0,page_device,2026-07-27 13:01:50
87967,2026-07-27,2025-07-02,,https://www.advich.com/independent-foreign-trade-station-building/,DESKTOP,,0,1,0.0,90.0,page_device,2026-07-27 13:01:50
87968,2026-07-27,2025-07-02,,https://www.advich.com/independent-station-external-chain/,DESKTOP,,0,6,0.0,49.5,page_device,2026-07-27 13:01:50
87969,2026-07-27,2025-07-02,,https://www.advich.com/independent-station-operation/,DESKTOP,,0,9,0.0,91.44444444444444,page_device,2026-07-27 13:01:50
87970,2026-07-27,2025-07-02,,https://www.advich.com/independent-station-selection/,DESKTOP,,0,4,0.0,52.75,page_device,2026-07-27 13:01:50
87971,2026-07-27,2025-07-02,,https://www.advich.com/integrated-marketing-ecology/,DESKTOP,,0,3,0.0,25.666666666666668,page_device,2026-07-27 13:01:50
87972,2026-07-27,2025-07-02,,https://www.advich.com/integrated-marketing-ecology/,MOBILE,,0,1,0.0,87.0,page_device,2026-07-27 13:01:50
87973,2026-07-27,2025-07-02,,https://www.advich.com/integrated-marketing-era-what-can-overseas-digital-marketing-bring-us/,DESKTOP,,0,29,0.0,14.379310344827585,page_device,2026-07-27 13:01:50
87974,2026-07-27,2025-07-02,,https://www.advich.com/integrated-marketing-platform/,DESKTOP,,0,4,0.0,27.0,page_device,2026-07-27 13:01:50
87975,2026-07-27,2025-07-02,,https://www.advich.com/jdggzldsgz/,DESKTOP,,0,9,0.0,7.555555555555555,page_device,2026-07-27 13:01:50
87976,2026-07-27,2025-07-02,,https://www.advich.com/jiangsu-google-seo-optimization/,DESKTOP,,0,6,0.0,77.33333333333333,page_device,2026-07-27 13:01:50
87977,2026-07-27,2025-07-02,,https://www.advich.com/jlygcsdggg/,DESKTOP,,0,5,0.0,31.8,page_device,2026-07-27 13:01:50
87978,2026-07-27,2025-07-02,,https://www.advich.com/jssymqbssm/,DESKTOP,,0,6,0.0,47.666666666666664,page_device,2026-07-27 13:01:50
87979,2026-07-27,2025-07-02,,https://www.advich.com/jxggsljxgg/,DESKTOP,,0,2,0.0,120.5,page_device,2026-07-27 13:01:50
87980,2026-07-27,2025-07-02,,https://www.advich.com/jycynzggxs/,DESKTOP,,0,5,0.0,73.6,page_device,2026-07-27 13:01:50
87981,2026-07-27,2025-07-02,,https://www.advich.com/jyyxdyxhdd/,DESKTOP,,0,5,0.0,65.6,page_device,2026-07-27 13:01:50
87982,2026-07-27,2025-07-02,,https://www.advich.com/khxfjsszjx/,DESKTOP,,0,11,0.0,57.54545454545455,page_device,2026-07-27 13:01:50
87983,2026-07-27,2025-07-02,,https://www.advich.com/khxfjsszjx/,MOBILE,,0,4,0.0,43.75,page_device,2026-07-27 13:01:50
87984,2026-07-27,2025-07-02,,https://www.advich.com/ksdycpgghd/,DESKTOP,,0,6,0.0,40.666666666666664,page_device,2026-07-27 13:01:50
87985,2026-07-27,2025-07-02,,https://www.advich.com/ksdycpgghd/,MOBILE,,0,3,0.0,35.666666666666664,page_device,2026-07-27 13:01:50
87986,2026-07-27,2025-07-02,,https://www.advich.com/kygjcdqqkq/,DESKTOP,,0,4,0.0,95.75,page_device,2026-07-27 13:01:50
87987,2026-07-27,2025-07-02,,https://www.advich.com/linkedin-2/,DESKTOP,,0,1,0.0,62.0,page_device,2026-07-27 13:01:50
87988,2026-07-27,2025-07-02,,https://www.advich.com/linkedin-2/,MOBILE,,0,2,0.0,84.0,page_device,2026-07-27 13:01:50
87989,2026-07-27,2025-07-02,,https://www.advich.com/linkedin-account-registration/,DESKTOP,,0,13,0.0,22.846153846153847,page_device,2026-07-27 13:01:50
87990,2026-07-27,2025-07-02,,https://www.advich.com/linkedin-account-registration/,MOBILE,,0,1,0.0,30.0,page_device,2026-07-27 13:01:50
87991,2026-07-27,2025-07-02,,https://www.advich.com/linkedin-promotion/,DESKTOP,,0,1,0.0,69.0,page_device,2026-07-27 13:01:50
87992,2026-07-27,2025-07-02,,https://www.advich.com/linkedin-promotion/,MOBILE,,0,1,0.0,68.0,page_device,2026-07-27 13:01:50
87993,2026-07-27,2025-07-02,,https://www.advich.com/ljcpsmzqgl/,DESKTOP,,0,3,0.0,44.0,page_device,2026-07-27 13:01:50
87994,2026-07-27,2025-07-02,,https://www.advich.com/ljrhzezcjx/,DESKTOP,,0,7,0.0,51.142857142857146,page_device,2026-07-27 13:01:50
87995,2026-07-27,2025-07-02,,https://www.advich.com/llqzzggfwc/,DESKTOP,,0,7,0.0,75.28571428571429,page_device,2026-07-27 13:01:50
87996,2026-07-27,2025-07-02,,https://www.advich.com/lqrzzkflsj/,DESKTOP,,0,1,0.0,135.0,page_device,2026-07-27 13:01:50
87997,2026-07-27,2025-07-02,,https://www.advich.com/lsggyggggn/,DESKTOP,,0,1,0.0,18.0,page_device,2026-07-27 13:01:50
87998,2026-07-27,2025-07-02,,https://www.advich.com/lyfxggkdnd/,DESKTOP,,0,5,0.0,69.6,page_device,2026-07-27 13:01:50
87999,2026-07-27,2025-07-02,,https://www.advich.com/mcdjdlrtss/,DESKTOP,,0,5,0.0,41.6,page_device,2026-07-27 13:01:50
88000,2026-07-27,2025-07-02,,https://www.advich.com/mddyggggbp/,DESKTOP,,0,13,0.0,48.84615384615385,page_device,2026-07-27 13:01:50
88001,2026-07-27,2025-07-02,,https://www.advich.com/mddyggggbp/,MOBILE,,0,6,0.0,77.5,page_device,2026-07-27 13:01:50
88002,2026-07-27,2025-07-02,,https://www.advich.com/mdszhldwzz/,DESKTOP,,0,4,0.0,46.0,page_device,2026-07-27 13:01:50
88003,2026-07-27,2025-07-02,,https://www.advich.com/mgggzydsgg/,DESKTOP,,0,2,0.0,104.5,page_device,2026-07-27 13:01:50
88004,2026-07-27,2025-07-02,,https://www.advich.com/mggzdhggsz/,DESKTOP,,0,38,0.0,66.1842105263158,page_device,2026-07-27 13:01:50
88005,2026-07-27,2025-07-02,,https://www.advich.com/mggzdhggsz/,MOBILE,,0,4,0.0,65.0,page_device,2026-07-27 13:01:50
88006,2026-07-27,2025-07-02,,https://www.advich.com/mjjslxmjjs/,DESKTOP,,0,5,0.0,70.6,page_device,2026-07-27 13:01:50
88007,2026-07-27,2025-07-02,,https://www.advich.com/must-google-promote-independent-stations/,DESKTOP,,0,5,0.0,79.8,page_device,2026-07-27 13:01:50
88008,2026-07-27,2025-07-02,,https://www.advich.com/mxbycpfbhg/,MOBILE,,0,1,0.0,49.0,page_device,2026-07-27 13:01:50
88009,2026-07-27,2025-07-02,,https://www.advich.com/mxcxzdfggc/,DESKTOP,,0,2,0.0,141.5,page_device,2026-07-27 13:01:50
88010,2026-07-27,2025-07-02,,https://www.advich.com/myggggcxdm/,DESKTOP,,0,6,0.0,17.666666666666668,page_device,2026-07-27 13:01:50
88011,2026-07-27,2025-07-02,,https://www.advich.com/nbxcsdqzyw/,DESKTOP,,0,1,0.0,69.0,page_device,2026-07-27 13:01:50
88012,2026-07-27,2025-07-02,,https://www.advich.com/ndsjgsdqzg/,DESKTOP,,0,79,0.0,49.139240506329116,page_device,2026-07-27 13:01:50
88013,2026-07-27,2025-07-02,,https://www.advich.com/ndsjgsdqzg/,MOBILE,,0,9,0.0,56.666666666666664,page_device,2026-07-27 13:01:50
88014,2026-07-27,2025-07-02,,https://www.advich.com/new-knowledge-of-overseas-social-media-drainage-come-on-up/,DESKTOP,,0,2,0.0,47.5,page_device,2026-07-27 13:01:50
88015,2026-07-27,2025-07-02,,https://www.advich.com/new-model-of-integrated-marketing/,DESKTOP,,0,2,0.0,7.0,page_device,2026-07-27 13:01:50
88016,2026-07-27,2025-07-02,,https://www.advich.com/news/,DESKTOP,,0,2,0.0,76.5,page_device,2026-07-27 13:01:50
88017,2026-07-27,2025-07-02,,https://www.advich.com/nggggdgcwk/,DESKTOP,,0,2,0.0,146.5,page_device,2026-07-27 13:01:50
88018,2026-07-27,2025-07-02,,https://www.advich.com/nkylyszdwx/,DESKTOP,,0,8,0.0,74.625,page_device,2026-07-27 13:01:50
88019,2026-07-27,2025-07-02,,https://www.advich.com/nkylyszdwx/,MOBILE,,0,3,0.0,65.0,page_device,2026-07-27 13:01:50
88020,2026-07-27,2025-07-02,,https://www.advich.com/nnzddcdsxr/,DESKTOP,,0,43,0.0,73.30232558139535,page_device,2026-07-27 13:01:50
88021,2026-07-27,2025-07-02,,https://www.advich.com/nrhcjhhfgg/,DESKTOP,,0,6,0.0,36.333333333333336,page_device,2026-07-27 13:01:50
88022,2026-07-27,2025-07-02,,https://www.advich.com/nrhcjhhfgg/,MOBILE,,0,1,0.0,50.0,page_device,2026-07-27 13:01:50
88023,2026-07-27,2025-07-02,,https://www.advich.com/nsmshdgggg/,DESKTOP,,0,8,0.0,42.5,page_device,2026-07-27 13:01:50
88024,2026-07-27,2025-07-02,,https://www.advich.com/nsydsdzjjm/,DESKTOP,,0,6,0.0,84.83333333333333,page_device,2026-07-27 13:01:50
88025,2026-07-27,2025-07-02,,https://www.advich.com/nsydsdzjjm/,MOBILE,,0,75,0.0,85.34666666666666,page_device,2026-07-27 13:01:50
88026,2026-07-27,2025-07-02,,https://www.advich.com/nszyxzsjmt/,DESKTOP,,0,10,0.0,89.4,page_device,2026-07-27 13:01:50
88027,2026-07-27,2025-07-02,,https://www.advich.com/nxzddgyggg/,DESKTOP,,0,35,0.0,77.11428571428571,page_device,2026-07-27 13:01:50
88028,2026-07-27,2025-07-02,,https://www.advich.com/nygsygggga/,DESKTOP,,0,6,0.0,10.833333333333334,page_device,2026-07-27 13:01:50
88029,2026-07-27,2025-07-02,,https://www.advich.com/nzjggggjzk/,DESKTOP,,0,1,0.0,30.0,page_device,2026-07-27 13:01:50
88030,2026-07-27,2025-07-02,,https://www.advich.com/nzkdsjkshc/,DESKTOP,,0,2,0.0,194.0,page_device,2026-07-27 13:01:50
88031,2026-07-27,2025-07-02,,https://www.advich.com/nzlxdzdjjc-2/,DESKTOP,,0,2,0.0,10.0,page_device,2026-07-27 13:01:50
88032,2026-07-27,2025-07-02,,https://www.advich.com/online-advertising/,DESKTOP,,0,2,0.0,79.0,page_device,2026-07-27 13:01:50
88033,2026-07-27,2025-07-02,,https://www.advich.com/overseas-integrated-marketing/,DESKTOP,,0,1,0.0,34.0,page_device,2026-07-27 13:01:50
88034,2026-07-27,2025-07-02,,https://www.advich.com/overseas-social-media-platform/,DESKTOP,,0,5,0.0,47.8,page_device,2026-07-27 13:01:50
88035,2026-07-27,2025-07-02,,https://www.advich.com/overseas-social-media-platform/,MOBILE,,0,1,0.0,52.0,page_device,2026-07-27 13:01:50
88036,2026-07-27,2025-07-02,,https://www.advich.com/oyktmssmws/,DESKTOP,,0,2,0.0,170.0,page_device,2026-07-27 13:01:50
88037,2026-07-27,2025-07-02,,https://www.advich.com/p6972/,DESKTOP,,0,2,0.0,111.5,page_device,2026-07-27 13:01:50
88038,2026-07-27,2025-07-02,,https://www.advich.com/p7659/,DESKTOP,,0,27,0.0,52.03703703703704,page_device,2026-07-27 13:01:50
88039,2026-07-27,2025-07-02,,https://www.advich.com/paid-advertising/,DESKTOP,,0,7,0.0,65.85714285714286,page_device,2026-07-27 13:01:50
88040,2026-07-27,2025-07-02,,https://www.advich.com/pggdzjzngg/,DESKTOP,,0,68,0.0,32.970588235294116,page_device,2026-07-27 13:01:50
88041,2026-07-27,2025-07-02,,https://www.advich.com/pggdzjzngg/,MOBILE,,0,3,0.0,22.0,page_device,2026-07-27 13:01:50
88042,2026-07-27,2025-07-02,,https://www.advich.com/phcxtgcgmj/,DESKTOP,,0,13,0.0,87.15384615384616,page_device,2026-07-27 13:01:50
88043,2026-07-27,2025-07-02,,https://www.advich.com/pjcypjcbrh/,DESKTOP,,0,28,0.0,27.464285714285715,page_device,2026-07-27 13:01:50
88044,2026-07-27,2025-07-02,,https://www.advich.com/pltfxdyhcl/,DESKTOP,,0,3,0.0,69.33333333333333,page_device,2026-07-27 13:01:50
88045,2026-07-27,2025-07-02,,https://www.advich.com/pltrhzzplt/,DESKTOP,,0,1,0.0,80.0,page_device,2026-07-27 13:01:50
88046,2026-07-27,2025-07-02,,https://www.advich.com/pmssmspyxm/,DESKTOP,,0,5,0.0,6.4,page_device,2026-07-27 13:01:50
88047,2026-07-27,2025-07-02,,https://www.advich.com/ppzmdkggtg/,DESKTOP,,0,1,0.0,89.0,page_device,2026-07-27 13:01:50
88048,2026-07-27,2025-07-02,,https://www.advich.com/promotion-of-independent-foreign-trade-stations/,DESKTOP,,0,15,0.0,75.2,page_device,2026-07-27 13:01:50
88049,2026-07-27,2025-07-02,,https://www.advich.com/promotion-skills-of-fb-group/,DESKTOP,,0,3,0.0,88.0,page_device,2026-07-27 13:01:50
88050,2026-07-27,2025-07-02,,https://www.advich.com/pszclmbdwy/,DESKTOP,,0,2,0.0,132.0,page_device,2026-07-27 13:01:50
88051,2026-07-27,2025-07-02,,https://www.advich.com/qggjetbjqc/,DESKTOP,,0,3,0.0,101.0,page_device,2026-07-27 13:01:50
88052,2026-07-27,2025-07-02,,https://www.advich.com/qzkhkfggrh/,DESKTOP,,0,2,0.0,127.5,page_device,2026-07-27 13:01:50
88053,2026-07-27,2025-07-02,,https://www.advich.com/qzkhkfyqzk/,DESKTOP,,0,5,0.0,58.6,page_device,2026-07-27 13:01:50
88054,2026-07-27,2025-07-02,,https://www.advich.com/rggrmnxyzd/,DESKTOP,,0,9,0.0,58.888888888888886,page_device,2026-07-27 13:01:50
88055,2026-07-27,2025-07-02,,https://www.advich.com/rhcjggtgph/,DESKTOP,,0,2,0.0,171.0,page_device,2026-07-27 13:01:50
88056,2026-07-27,2025-07-02,,https://www.advich.com/rhcjgzhtzb/,DESKTOP,,0,2,0.0,83.5,page_device,2026-07-27 13:01:50
88057,2026-07-27,2025-07-02,,https://www.advich.com/rhcjzjgggw/,DESKTOP,,0,44,0.0,41.31818181818182,page_device,2026-07-27 13:01:50
88058,2026-07-27,2025-07-02,,https://www.advich.com/rhcjzjgggw/,MOBILE,,0,1,0.0,52.0,page_device,2026-07-27 13:01:50
88059,2026-07-27,2025-07-02,,https://www.advich.com/rhcndggggz/,DESKTOP,,0,3,0.0,101.33333333333333,page_device,2026-07-27 13:01:50
88060,2026-07-27,2025-07-02,,https://www.advich.com/rhcqtrdttl/,DESKTOP,,0,2,0.0,57.0,page_device,2026-07-27 13:01:50
88061,2026-07-27,2025-07-02,,https://www.advich.com/rhcqtrdttl/,MOBILE,,0,5,0.0,14.8,page_device,2026-07-27 13:01:50
88062,2026-07-27,2025-07-02,,https://www.advich.com/rhfxmhgzdl/,DESKTOP,,0,7,0.0,23.571428571428573,page_device,2026-07-27 13:01:50
88063,2026-07-27,2025-07-02,,https://www.advich.com/rhfxmhgzdl/,MOBILE,,0,1,0.0,7.0,page_device,2026-07-27 13:01:50
88064,2026-07-27,2025-07-02,,https://www.advich.com/rhgbggggzd/,DESKTOP,,0,10,0.0,21.9,page_device,2026-07-27 13:01:50
88065,2026-07-27,2025-07-02,,https://www.advich.com/rhgzggctgg/,DESKTOP,,0,5,0.0,16.6,page_device,2026-07-27 13:01:50
88066,2026-07-27,2025-07-02,,https://www.advich.com/rhhzsyztxy/,DESKTOP,,0,4,0.0,46.0,page_device,2026-07-27 13:01:50
88067,2026-07-27,2025-07-02,,https://www.advich.com/rhjcggsdgj/,DESKTOP,,0,125,0.0,73.432,page_device,2026-07-27 13:01:50
88068,2026-07-27,2025-07-02,,https://www.advich.com/rhjcggsdgj/,MOBILE,,0,56,0.0,72.32142857142857,page_device,2026-07-27 13:01:50
88069,2026-07-27,2025-07-02,,https://www.advich.com/rhjdcggggz/,DESKTOP,,0,1,0.0,85.0,page_device,2026-07-27 13:01:50
88070,2026-07-27,2025-07-02,,https://www.advich.com/rhjdmcdjdp/,DESKTOP,,0,5,0.0,36.6,page_device,2026-07-27 13:01:50
88071,2026-07-27,2025-07-02,,https://www.advich.com/rhjrbstcdg/,DESKTOP,,0,3,0.0,79.33333333333333,page_device,2026-07-27 13:01:50
88072,2026-07-27,2025-07-02,,https://www.advich.com/rhjrbstcdg/,MOBILE,,0,1,0.0,19.0,page_device,2026-07-27 13:01:50
88073,2026-07-27,2025-07-02,,https://www.advich.com/rhjscbhjqb/,DESKTOP,,0,6,0.0,41.5,page_device,2026-07-27 13:01:50
88074,2026-07-27,2025-07-02,,https://www.advich.com/rhjsyxgsgg/,DESKTOP,,0,1,0.0,81.0,page_device,2026-07-27 13:01:50
88075,2026-07-27,2025-07-02,,https://www.advich.com/rhjxkhjzfx/,DESKTOP,,0,9,0.0,92.22222222222223,page_device,2026-07-27 13:01:50
88076,2026-07-27,2025-07-02,,https://www.advich.com/rhkshdwzll/,DESKTOP,,0,5,0.0,64.6,page_device,2026-07-27 13:01:50
88077,2026-07-27,2025-07-02,,https://www.advich.com/rhkssygzds/,DESKTOP,,0,6,0.0,66.0,page_device,2026-07-27 13:01:50
88078,2026-07-27,2025-07-02,,https://www.advich.com/rhlydyfsjb/,DESKTOP,,0,2,0.0,177.0,page_device,2026-07-27 13:01:50
88079,2026-07-27,2025-07-02,,https://www.advich.com/rhlyggqzkh/,DESKTOP,,0,5,0.0,55.6,page_device,2026-07-27 13:01:50
88080,2026-07-27,2025-07-02,,https://www.advich.com/rhlyggsysg/,DESKTOP,,0,7,0.0,62.42857142857143,page_device,2026-07-27 13:01:50
88081,2026-07-27,2025-07-02,,https://www.advich.com/rhqdhlcggg/,DESKTOP,,0,6,0.0,80.16666666666667,page_device,2026-07-27 13:01:50
88082,2026-07-27,2025-07-02,,https://www.advich.com/rhqdnddygg/,DESKTOP,,0,1,0.0,66.0,page_device,2026-07-27 13:01:50
88083,2026-07-27,2025-07-02,,https://www.advich.com/rhqsgzkhmy/,DESKTOP,,0,32,0.0,22.375,page_device,2026-07-27 13:01:50
88084,2026-07-27,2025-07-02,,https://www.advich.com/rhrdljgfwg/,DESKTOP,,0,5,0.0,78.6,page_device,2026-07-27 13:01:50
88085,2026-07-27,2025-07-02,,https://www.advich.com/rhrndqycxz/,DESKTOP,,0,2,0.0,145.5,page_device,2026-07-27 13:01:50
88086,2026-07-27,2025-07-02,,https://www.advich.com/rhsxsjkshg/,DESKTOP,,0,2,0.0,122.5,page_device,2026-07-27 13:01:50
88087,2026-07-27,2025-07-02,,https://www.advich.com/rhsycjsghd/,DESKTOP,,0,1,0.0,92.0,page_device,2026-07-27 13:01:50
88088,2026-07-27,2025-07-02,,https://www.advich.com/rhsycyscqj/,DESKTOP,,0,7,0.0,44.285714285714285,page_device,2026-07-27 13:01:50
88089,2026-07-27,2025-07-02,,https://www.advich.com/rhsycyscqj/,MOBILE,,0,13,0.0,43.69230769230769,page_device,2026-07-27 13:01:50
88090,2026-07-27,2025-07-02,,https://www.advich.com/rhsyggbzkz/,DESKTOP,,0,2,0.0,129.5,page_device,2026-07-27 13:01:50
88091,2026-07-27,2025-07-02,,https://www.advich.com/rhsyggggtb/,DESKTOP,,0,2,0.0,162.0,page_device,2026-07-27 13:01:50
88092,2026-07-27,2025-07-02,,https://www.advich.com/rhsyggjzyc/,DESKTOP,,0,28,0.0,67.67857142857143,page_device,2026-07-27 13:01:50
88093,2026-07-27,2025-07-02,,https://www.advich.com/rhsyggjzyc/,MOBILE,,0,3,0.0,68.0,page_device,2026-07-27 13:01:50
88094,2026-07-27,2025-07-02,,https://www.advich.com/rhsyggsskz/,DESKTOP,,0,32,0.0,40.34375,page_device,2026-07-27 13:01:50
88095,2026-07-27,2025-07-02,,https://www.advich.com/rhsykczdjj/,DESKTOP,,0,1,0.0,44.0,page_device,2026-07-27 13:01:50
88096,2026-07-27,2025-07-02,,https://www.advich.com/rhsynlltst/,DESKTOP,,0,1,0.0,132.0,page_device,2026-07-27 13:01:50
88097,2026-07-27,2025-07-02,,https://www.advich.com/rhsypmdclb/,DESKTOP,,0,3,0.0,116.66666666666667,page_device,2026-07-27 13:01:50
88098,2026-07-27,2025-07-02,,https://www.advich.com/rhsysjkshf/,DESKTOP,,0,7,0.0,77.28571428571429,page_device,2026-07-27 13:01:50
88099,2026-07-27,2025-07-02,,https://www.advich.com/rhsyspxdhd/,DESKTOP,,0,1,0.0,80.0,page_device,2026-07-27 13:01:50
88100,2026-07-27,2025-07-02,,https://www.advich.com/rhsyxysxsg/,DESKTOP,,0,1,0.0,13.0,page_device,2026-07-27 13:01:50
88101,2026-07-27,2025-07-02,,https://www.advich.com/rhsyyspscq/,DESKTOP,,0,2,0.0,108.5,page_device,2026-07-27 13:01:50
88102,2026-07-27,2025-07-02,,https://www.advich.com/rhszgggwgg/,DESKTOP,,0,165,0.0,50.63636363636363,page_device,2026-07-27 13:01:50
88103,2026-07-27,2025-07-02,,https://www.advich.com/rhszgggwgg/,MOBILE,,0,6,0.0,64.0,page_device,2026-07-27 13:01:50
88104,2026-07-27,2025-07-02,,https://www.advich.com/rhszhyhggf/,DESKTOP,,0,14,0.0,84.35714285714286,page_device,2026-07-27 13:01:50
88105,2026-07-27,2025-07-02,,https://www.advich.com/rhszhyhggf/,MOBILE,,0,5,0.0,94.2,page_device,2026-07-27 13:01:50
88106,2026-07-27,2025-07-02,,https://www.advich.com/rhtgggggdz/,DESKTOP,,0,3,0.0,101.0,page_device,2026-07-27 13:01:50
88107,2026-07-27,2025-07-02,,https://www.advich.com/rhtgggggtg/,DESKTOP,,0,4,0.0,78.25,page_device,2026-07-27 13:01:50
88108,2026-07-27,2025-07-02,,https://www.advich.com/rhtgljsmxl/,DESKTOP,,0,5,0.0,89.0,page_device,2026-07-27 13:01:50
88109,2026-07-27,2025-07-02,,https://www.advich.com/rhtgsdxfzj/,DESKTOP,,0,1,0.0,78.0,page_device,2026-07-27 13:01:50
88110,2026-07-27,2025-07-02,,https://www.advich.com/rhtgxsxszl/,DESKTOP,,0,2,0.0,144.5,page_device,2026-07-27 13:01:50
88111,2026-07-27,2025-07-02,,https://www.advich.com/rhtgyggscl/,DESKTOP,,0,1,0.0,28.0,page_device,2026-07-27 13:01:50
88112,2026-07-27,2025-07-02,,https://www.advich.com/rhtgyxfxl/,DESKTOP,,0,2,0.0,160.0,page_device,2026-07-27 13:01:50
88113,2026-07-27,2025-07-02,,https://www.advich.com/rhtjewjcxl/,DESKTOP,,0,114,0.0,4.0,page_device,2026-07-27 13:01:50
88114,2026-07-27,2025-07-02,,https://www.advich.com/rhtzggggsb/,DESKTOP,,0,3,0.0,104.0,page_device,2026-07-27 13:01:50
88115,2026-07-27,2025-07-02,,https://www.advich.com/rhwggggxzz/,DESKTOP,,0,147,0.0,48.142857142857146,page_device,2026-07-27 13:01:50
88116,2026-07-27,2025-07-02,,https://www.advich.com/rhwggggxzz/,MOBILE,,0,27,0.0,70.62962962962963,page_device,2026-07-27 13:01:50
88117,2026-07-27,2025-07-02,,https://www.advich.com/rhwkhyxggg/,DESKTOP,,0,5,0.0,23.6,page_device,2026-07-27 13:01:50
88118,2026-07-27,2025-07-02,,https://www.advich.com/rhxdyycjw/,DESKTOP,,0,3,0.0,131.66666666666666,page_device,2026-07-27 13:01:50
88119,2026-07-27,2025-07-02,,https://www.advich.com/rhxdyycjw/,MOBILE,,0,2,0.0,42.5,page_device,2026-07-27 13:01:50
88120,2026-07-27,2025-07-02,,https://www.advich.com/rhxfggfxgc/,DESKTOP,,0,2,0.0,189.0,page_device,2026-07-27 13:01:50
88121,2026-07-27,2025-07-02,,https://www.advich.com/rhyhggtgph/,DESKTOP,,0,11,0.0,36.72727272727273,page_device,2026-07-27 13:01:50
88122,2026-07-27,2025-07-02,,https://www.advich.com/rhyhggxyss/,DESKTOP,,0,1,0.0,72.0,page_device,2026-07-27 13:01:50
88123,2026-07-27,2025-07-02,,https://www.advich.com/rhzcggtgpg/,DESKTOP,,0,2,0.0,174.0,page_device,2026-07-27 13:01:50
88124,2026-07-27,2025-07-02,,https://www.advich.com/rhzdhggggd/,DESKTOP,,0,2,0.0,181.0,page_device,2026-07-27 13:01:50
88125,2026-07-27,2025-07-02,,https://www.advich.com/rhzdhggzng/,DESKTOP,,0,31,0.0,56.516129032258064,page_device,2026-07-27 13:01:50
88126,2026-07-27,2025-07-02,,https://www.advich.com/rhzdhggzng/,MOBILE,,0,2,0.0,69.5,page_device,2026-07-27 13:01:50
88127,2026-07-27,2025-07-02,,https://www.advich.com/rhzedzbgzc/,MOBILE,,0,8,0.0,24.0,page_device,2026-07-27 13:01:50
88128,2026-07-27,2025-07-02,,https://www.advich.com/rhzezcjdjm/,DESKTOP,,0,2,0.0,19.5,page_device,2026-07-27 13:01:50
88129,2026-07-27,2025-07-02,,https://www.advich.com/rhzezcjrct/,DESKTOP,,0,19,0.0,74.42105263157895,page_device,2026-07-27 13:01:50
88130,2026-07-27,2025-07-02,,https://www.advich.com/rhzezcjrct/,MOBILE,,0,2,0.0,55.5,page_device,2026-07-27 13:01:50
88131,2026-07-27,2025-07-02,,https://www.advich.com/rhzezcjxsl/,DESKTOP,,0,5,0.0,39.6,page_device,2026-07-27 13:01:50
88132,2026-07-27,2025-07-02,,https://www.advich.com/rhzezfxsjk/,DESKTOP,,0,2,0.0,150.5,page_device,2026-07-27 13:01:50
88133,2026-07-27,2025-07-02,,https://www.advich.com/rhzezhzjyl/,DESKTOP,,0,6,0.0,33.666666666666664,page_device,2026-07-27 13:01:50
88134,2026-07-27,2025-07-02,,https://www.advich.com/rhzezzzbjl/,DESKTOP,,0,1,0.0,6.0,page_device,2026-07-27 13:01:50
88135,2026-07-27,2025-07-02,,https://www.advich.com/rhzezzzbjt/,DESKTOP,,0,6,0.0,22.5,page_device,2026-07-27 13:01:50
88136,2026-07-27,2025-07-02,,https://www.advich.com/rhzezzzszt/,DESKTOP,,0,177,0.0,74.12429378531074,page_device,2026-07-27 13:01:50
88137,2026-07-27,2025-07-02,,https://www.advich.com/rhzezzzszt/,MOBILE,,0,101,0.0,69.61386138613861,page_device,2026-07-27 13:01:50
88138,2026-07-27,2025-07-02,,https://www.advich.com/rhzezzzszt/,TABLET,,0,1,0.0,7.0,page_device,2026-07-27 13:01:50
88139,2026-07-27,2025-07-02,,https://www.advich.com/rhzggsssgj/,DESKTOP,,0,1,0.0,93.0,page_device,2026-07-27 13:01:50
88140,2026-07-27,2025-07-02,,https://www.advich.com/rhzghgzgzs/,DESKTOP,,0,3,0.0,132.33333333333334,page_device,2026-07-27 13:01:50
88141,2026-07-27,2025-07-02,,https://www.advich.com/rhzgzcjldt/,DESKTOP,,0,3,0.0,54.333333333333336,page_device,2026-07-27 13:01:50
88142,2026-07-27,2025-07-02,,https://www.advich.com/rhzgzcjldt/,MOBILE,,0,2,0.0,48.0,page_device,2026-07-27 13:01:50
88143,2026-07-27,2025-07-02,,https://www.advich.com/rhzgzcjzdy/,DESKTOP,,0,43,0.0,50.906976744186046,page_device,2026-07-27 13:01:50
88144,2026-07-27,2025-07-02,,https://www.advich.com/rhzgzcjzdy/,MOBILE,,0,4,0.0,51.25,page_device,2026-07-27 13:01:50
88145,2026-07-27,2025-07-02,,https://www.advich.com/rhzgzcjzdy/,TABLET,,0,1,0.0,37.0,page_device,2026-07-27 13:01:50
88146,2026-07-27,2025-07-02,,https://www.advich.com/rhzgzgjfgg/,DESKTOP,,0,2,0.0,118.5,page_device,2026-07-27 13:01:50
88147,2026-07-27,2025-07-02,,https://www.advich.com/rhzgzhzpt/,DESKTOP,,0,27,0.0,62.925925925925924,page_device,2026-07-27 13:01:50
88148,2026-07-27,2025-07-02,,https://www.advich.com/rhzgzhzpt/,MOBILE,,0,1,0.0,66.0,page_device,2026-07-27 13:01:50
88149,2026-07-27,2025-07-02,,https://www.advich.com/rhzgzssxxk/,DESKTOP,,0,1,0.0,57.0,page_device,2026-07-27 13:01:50
88150,2026-07-27,2025-07-02,,https://www.advich.com/rhzgzsydks/,DESKTOP,,0,8,0.0,58.625,page_device,2026-07-27 13:01:50
88151,2026-07-27,2025-07-02,,https://www.advich.com/rhzgzsydks/,MOBILE,,0,1,0.0,48.0,page_device,2026-07-27 13:01:50
88152,2026-07-27,2025-07-02,,https://www.advich.com/rhzgzzzbjt/,DESKTOP,,0,2,0.0,25.0,page_device,2026-07-27 13:01:50
88153,2026-07-27,2025-07-02,,https://www.advich.com/rhzmsczmjh/,DESKTOP,,0,3,0.0,113.0,page_device,2026-07-27 13:01:50
88154,2026-07-27,2025-07-02,,https://www.advich.com/rhztswahis/,MOBILE,,0,14,0.0,11.357142857142858,page_device,2026-07-27 13:01:50
88155,2026-07-27,2025-07-02,,https://www.advich.com/rhzyfznzzs/,DESKTOP,,0,11,0.0,71.63636363636364,page_device,2026-07-27 13:01:50
88156,2026-07-27,2025-07-02,,https://www.advich.com/rhzyfznzzs/,MOBILE,,0,2,0.0,35.5,page_device,2026-07-27 13:01:50
88157,2026-07-27,2025-07-02,,https://www.advich.com/rich-media/,DESKTOP,,0,8,0.0,33.625,page_device,2026-07-27 13:01:50
88158,2026-07-27,2025-07-02,,https://www.advich.com/rich-media/,MOBILE,,0,2,0.0,90.0,page_device,2026-07-27 13:01:50
88159,2026-07-27,2025-07-02,,https://www.advich.com/ryrtgrhrdf/,DESKTOP,,0,26,0.0,32.5,page_device,2026-07-27 13:01:50
88160,2026-07-27,2025-07-02,,https://www.advich.com/ryrtgrhrdf/,MOBILE,,0,5,0.0,42.2,page_device,2026-07-27 13:01:50
88161,2026-07-27,2025-07-02,,https://www.advich.com/sdsjkshzjs/,DESKTOP,,0,2,0.0,15.0,page_device,2026-07-27 13:01:50
88162,2026-07-27,2025-07-02,,https://www.advich.com/sdtbyzdtbj/,DESKTOP,,0,2,0.0,31.5,page_device,2026-07-27 13:01:50
88163,2026-07-27,2025-07-02,,https://www.advich.com/sdtbyzdtbj/,MOBILE,,0,1,0.0,87.0,page_device,2026-07-27 13:01:50
88164,2026-07-27,2025-07-02,,https://www.advich.com/sdtyxtzn/,DESKTOP,,0,3,0.0,128.33333333333331,page_device,2026-07-27 13:01:50
88165,2026-07-27,2025-07-02,,https://www.advich.com/search-marketing/bing-re-marketing/,DESKTOP,,0,1,0.0,84.0,page_device,2026-07-27 13:01:50
88166,2026-07-27,2025-07-02,,https://www.advich.com/search-marketing/google-display-ads/,DESKTOP,,0,28,0.0,78.92857142857143,page_device,2026-07-27 13:01:50
88167,2026-07-27,2025-07-02,,https://www.advich.com/search-marketing/google-display-ads/,MOBILE,,0,14,0.0,73.28571428571429,page_device,2026-07-27 13:01:50
88168,2026-07-27,2025-07-02,,https://www.advich.com/search-marketing/search-advertising/,DESKTOP,,0,4,0.0,88.75,page_device,2026-07-27 13:01:50
88169,2026-07-27,2025-07-02,,https://www.advich.com/search-marketing/yandex-market/,MOBILE,,0,1,0.0,77.0,page_device,2026-07-27 13:01:50
88170,2026-07-27,2025-07-02,,https://www.advich.com/search-marketing/yandex/,DESKTOP,,0,3,0.0,11.333333333333334,page_device,2026-07-27 13:01:50
88171,2026-07-27,2025-07-02,,https://www.advich.com/sem-search-engine-marketing/,DESKTOP,,0,28,0.0,69.21428571428571,page_device,2026-07-27 13:01:50
88172,2026-07-27,2025-07-02,,https://www.advich.com/sem-search-engine-marketing/,MOBILE,,0,10,0.0,80.3,page_device,2026-07-27 13:01:50
88173,2026-07-27,2025-07-02,,https://www.advich.com/seo-service/,DESKTOP,,0,41,0.0,73.85365853658537,page_device,2026-07-27 13:01:50
88174,2026-07-27,2025-07-02,,https://www.advich.com/seo-service/,MOBILE,,0,1,0.0,95.0,page_device,2026-07-27 13:01:50
88175,2026-07-27,2025-07-02,,https://www.advich.com/seo/,DESKTOP,,0,9,0.0,69.66666666666667,page_device,2026-07-27 13:01:50
88176,2026-07-27,2025-07-02,,https://www.advich.com/shopify/,DESKTOP,,0,117,0.0,10.205128205128204,page_device,2026-07-27 13:01:50
88177,2026-07-27,2025-07-02,,https://www.advich.com/shopify/,MOBILE,,0,1,0.0,52.0,page_device,2026-07-27 13:01:50
88178,2026-07-27,2025-07-02,,https://www.advich.com/sjfxsyywfx/,DESKTOP,,0,114,0.0,5.0,page_device,2026-07-27 13:01:50
88179,2026-07-27,2025-07-02,,https://www.advich.com/smsbjyxwsm/,DESKTOP,,0,2,0.0,139.5,page_device,2026-07-27 13:01:50
88180,2026-07-27,2025-07-02,,https://www.advich.com/smsdjlwsmc/,DESKTOP,,0,38,0.0,84.76315789473684,page_device,2026-07-27 13:01:50
88181,2026-07-27,2025-07-02,,https://www.advich.com/smsdjlwsmc/,MOBILE,,0,9,0.0,80.22222222222223,page_device,2026-07-27 13:01:50
88182,2026-07-27,2025-07-02,,https://www.advich.com/smsdtxsggy/,DESKTOP,,0,13,0.0,45.69230769230769,page_device,2026-07-27 13:01:50
88183,2026-07-27,2025-07-02,,https://www.advich.com/smsdtxsggy/,MOBILE,,0,4,0.0,34.0,page_device,2026-07-27 13:01:50
88184,2026-07-27,2025-07-02,,https://www.advich.com/smsffssggg/,DESKTOP,,0,3,0.0,16.0,page_device,2026-07-27 13:01:50
88185,2026-07-27,2025-07-02,,https://www.advich.com/smsfmgjczg/,DESKTOP,,0,31,0.0,63.96774193548387,page_device,2026-07-27 13:01:50
88186,2026-07-27,2025-07-02,,https://www.advich.com/smsfmgjczg/,MOBILE,,0,5,0.0,87.8,page_device,2026-07-27 13:01:50
88187,2026-07-27,2025-07-02,,https://www.advich.com/smsfysyxpp/,DESKTOP,,0,5,0.0,85.0,page_device,2026-07-27 13:01:50
88188,2026-07-27,2025-07-02,,https://www.advich.com/smsggbqglq/,DESKTOP,,0,42,0.0,78.64285714285714,page_device,2026-07-27 13:01:50
88189,2026-07-27,2025-07-02,,https://www.advich.com/smsggbqglq/,MOBILE,,0,7,0.0,78.28571428571429,page_device,2026-07-27 13:01:50
88190,2026-07-27,2025-07-02,,https://www.advich.com/smsggggdyh/,DESKTOP,,0,207,0.0,76.08695652173913,page_device,2026-07-27 13:01:50
88191,2026-07-27,2025-07-02,,https://www.advich.com/smsggggdyh/,MOBILE,,0,127,0.0,76.11023622047244,page_device,2026-07-27 13:01:50
88192,2026-07-27,2025-07-02,,https://www.advich.com/smsggxswlr/,DESKTOP,,0,6,0.0,43.5,page_device,2026-07-27 13:01:50
88193,2026-07-27,2025-07-02,,https://www.advich.com/smsggxswlr/,MOBILE,,0,3,0.0,46.0,page_device,2026-07-27 13:01:50
88194,2026-07-27,2025-07-02,,https://www.advich.com/smsggyxggt/,DESKTOP,,0,8,0.0,13.25,page_device,2026-07-27 13:01:50
88195,2026-07-27,2025-07-02,,https://www.advich.com/smsggzdcrh/,DESKTOP,,0,24,0.0,67.70833333333333,page_device,2026-07-27 13:01:50
88196,2026-07-27,2025-07-02,,https://www.advich.com/smsgjccjfx/,DESKTOP,,0,5,0.0,20.6,page_device,2026-07-27 13:01:50
88197,2026-07-27,2025-07-02,,https://www.advich.com/smshdccddy/,DESKTOP,,0,38,0.0,60.26315789473684,page_device,2026-07-27 13:01:50
88198,2026-07-27,2025-07-02,,https://www.advich.com/smshdccddy/,MOBILE,,0,6,0.0,71.66666666666667,page_device,2026-07-27 13:01:50
88199,2026-07-27,2025-07-02,,https://www.advich.com/smsjhsp/,DESKTOP,,0,2,0.0,112.5,page_device,2026-07-27 13:01:50
88200,2026-07-27,2025-07-02,,https://www.advich.com/smsjztrhks/,DESKTOP,,0,7,0.0,60.57142857142857,page_device,2026-07-27 13:01:50
88201,2026-07-27,2025-07-02,,https://www.advich.com/smskczdjjw/,DESKTOP,,0,11,0.0,69.54545454545455,page_device,2026-07-27 13:01:50
88202,2026-07-27,2025-07-02,,https://www.advich.com/smslggtysm/,DESKTOP,,0,115,0.0,10.434782608695652,page_device,2026-07-27 13:01:50
88203,2026-07-27,2025-07-02,,https://www.advich.com/smslggtysm/,MOBILE,,0,1,0.0,96.0,page_device,2026-07-27 13:01:50
88204,2026-07-27,2025-07-02,,https://www.advich.com/smsmcdjcbc/,DESKTOP,,0,5,0.0,63.8,page_device,2026-07-27 13:01:50
88205,2026-07-27,2025-07-02,,https://www.advich.com/smspltyzhg/,DESKTOP,,0,1,0.0,59.0,page_device,2026-07-27 13:01:50
88206,2026-07-27,2025-07-02,,https://www.advich.com/smspltyzhg/,MOBILE,,0,1,0.0,54.0,page_device,2026-07-27 13:01:50
88207,2026-07-27,2025-07-02,,https://www.advich.com/smsptrhyxn/,DESKTOP,,0,3,0.0,90.0,page_device,2026-07-27 13:01:50
88208,2026-07-27,2025-07-02,,https://www.advich.com/smsptrhyxn/,MOBILE,,0,1,0.0,99.0,page_device,2026-07-27 13:01:50
88209,2026-07-27,2025-07-02,,https://www.advich.com/smsryxlyrt/,DESKTOP,,0,53,0.0,84.37735849056604,page_device,2026-07-27 13:01:50
88210,2026-07-27,2025-07-02,,https://www.advich.com/smsryxlyrt/,MOBILE,,0,25,0.0,88.68,page_device,2026-07-27 13:01:50
88211,2026-07-27,2025-07-02,,https://www.advich.com/smssjkshgg/,DESKTOP,,0,5,0.0,67.6,page_device,2026-07-27 13:01:50
88212,2026-07-27,2025-07-02,,https://www.advich.com/smssjkshgj/,DESKTOP,,0,2,0.0,43.0,page_device,2026-07-27 13:01:50
88213,2026-07-27,2025-07-02,,https://www.advich.com/smsssjjwsm/,DESKTOP,,0,14,0.0,78.28571428571429,page_device,2026-07-27 13:01:50
88214,2026-07-27,2025-07-02,,https://www.advich.com/smsssjjwsm/,MOBILE,,0,9,0.0,80.33333333333333,page_device,2026-07-27 13:01:50
88215,2026-07-27,2025-07-02,,https://www.advich.com/smstsxsjfx/,DESKTOP,,0,23,0.0,80.69565217391305,page_device,2026-07-27 13:01:50
88216,2026-07-27,2025-07-02,,https://www.advich.com/smstsxsjfx/,MOBILE,,0,7,0.0,80.71428571428571,page_device,2026-07-27 13:01:50
88217,2026-07-27,2025-07-02,,https://www.advich.com/smszhcbgsh/,DESKTOP,,0,29,0.0,62.0,page_device,2026-07-27 13:01:50
88218,2026-07-27,2025-07-02,,https://www.advich.com/smszhcbgsh/,MOBILE,,0,12,0.0,51.166666666666664,page_device,2026-07-27 13:01:50
88219,2026-07-27,2025-07-02,,https://www.advich.com/smszhcbgsh/,TABLET,,0,1,0.0,10.0,page_device,2026-07-27 13:01:50
88220,2026-07-27,2025-07-02,,https://www.advich.com/smszlfswsm/,DESKTOP,,0,4,0.0,65.25,page_device,2026-07-27 13:01:50
88221,2026-07-27,2025-07-02,,https://www.advich.com/smszyxykld/,DESKTOP,,0,26,0.0,73.38461538461539,page_device,2026-07-27 13:01:50
88222,2026-07-27,2025-07-02,,https://www.advich.com/smszyxykld/,MOBILE,,0,11,0.0,75.36363636363636,page_device,2026-07-27 13:01:50
88223,2026-07-27,2025-07-02,,https://www.advich.com/smtxzshbjs/,DESKTOP,,0,1,0.0,67.0,page_device,2026-07-27 13:01:50
88224,2026-07-27,2025-07-02,,https://www.advich.com/smtxzshbjs/,MOBILE,,0,1,0.0,56.0,page_device,2026-07-27 13:01:50
88225,2026-07-27,2025-07-02,,https://www.advich.com/sns-promotion-of-independent-foreign-trade-station/,DESKTOP,,0,6,0.0,21.666666666666668,page_device,2026-07-27 13:01:50
88226,2026-07-27,2025-07-02,,https://www.advich.com/social-media-operation-strategy/,DESKTOP,,0,8,0.0,64.5,page_device,2026-07-27 13:01:50
88227,2026-07-27,2025-07-02,,https://www.advich.com/social-media-operation-strategy/,MOBILE,,0,3,0.0,69.66666666666667,page_device,2026-07-27 13:01:50
88228,2026-07-27,2025-07-02,,https://www.advich.com/ssggyggggs/,DESKTOP,,0,22,0.0,51.09090909090909,page_device,2026-07-27 13:01:50
88229,2026-07-27,2025-07-02,,https://www.advich.com/ssggyggggs/,MOBILE,,0,12,0.0,64.66666666666666,page_device,2026-07-27 13:01:50
88230,2026-07-27,2025-07-02,,https://www.advich.com/ssyxryyglj/,DESKTOP,,0,3,0.0,98.0,page_device,2026-07-27 13:01:50
88231,2026-07-27,2025-07-02,,https://www.advich.com/stbscqcjst/,DESKTOP,,0,4,0.0,92.0,page_device,2026-07-27 13:01:50
88232,2026-07-27,2025-07-02,,https://www.advich.com/sydyhyxcly/,DESKTOP,,0,1,0.0,159.0,page_device,2026-07-27 13:01:50
88233,2026-07-27,2025-07-02,,https://www.advich.com/syfggkdzcx/,DESKTOP,,0,5,0.0,18.6,page_device,2026-07-27 13:01:50
88234,2026-07-27,2025-07-02,,https://www.advich.com/syggtgpysm/,DESKTOP,,0,24,0.0,27.75,page_device,2026-07-27 13:01:50
88235,2026-07-27,2025-07-02,,https://www.advich.com/syxmsrmznx/,DESKTOP,,0,6,0.0,89.66666666666667,page_device,2026-07-27 13:01:50
88236,2026-07-27,2025-07-02,,https://www.advich.com/syxslrhxyx/,DESKTOP,,0,2,0.0,166.0,page_device,2026-07-27 13:01:50
88237,2026-07-27,2025-07-02,,https://www.advich.com/szdjzdsjjc/,DESKTOP,,0,2,0.0,163.0,page_device,2026-07-27 13:01:50
88238,2026-07-27,2025-07-02,,https://www.advich.com/szggdcymzq/,DESKTOP,,0,5,0.0,13.0,page_device,2026-07-27 13:01:50
88239,2026-07-27,2025-07-02,,https://www.advich.com/szyxryprzk/,DESKTOP,,0,1,0.0,44.0,page_device,2026-07-27 13:01:50
88240,2026-07-27,2025-07-02,,https://www.advich.com/tgggggpjrd/,DESKTOP,,0,2,0.0,73.0,page_device,2026-07-27 13:01:50
88241,2026-07-27,2025-07-02,,https://www.advich.com/tgggggxgxd/,DESKTOP,,0,5,0.0,92.0,page_device,2026-07-27 13:01:50
88242,2026-07-27,2025-07-02,,https://www.advich.com/tggggzdgzj/,DESKTOP,,0,12,0.0,87.0,page_device,2026-07-27 13:01:50
88243,2026-07-27,2025-07-02,,https://www.advich.com/tgpdlymtyd/,DESKTOP,,0,3,0.0,80.0,page_device,2026-07-27 13:01:50
88244,2026-07-27,2025-07-02,,https://www.advich.com/tgpdlymtyd/,MOBILE,,0,1,0.0,20.0,page_device,2026-07-27 13:01:50
88245,2026-07-27,2025-07-02,,https://www.advich.com/tgpxndgxzl/,DESKTOP,,0,9,0.0,8.88888888888889,page_device,2026-07-27 13:01:50
88246,2026-07-27,2025-07-02,,https://www.advich.com/tgpxndgxzl/,MOBILE,,0,6,0.0,8.666666666666668,page_device,2026-07-27 13:01:50
88247,2026-07-27,2025-07-02,,https://www.advich.com/the-core-elements-of-integrated-marketing/,DESKTOP,,0,1,0.0,91.0,page_device,2026-07-27 13:01:50
88248,2026-07-27,2025-07-02,,https://www.advich.com/the-difference-between-google-seo-and-google-adwords/,DESKTOP,,0,2,0.0,91.0,page_device,2026-07-27 13:01:50
88249,2026-07-27,2025-07-02,,https://www.advich.com/the-integrated-marketing-mechanism-tutorial-is-here/,DESKTOP,,0,1,0.0,66.0,page_device,2026-07-27 13:01:50
88250,2026-07-27,2025-07-02,,https://www.advich.com/tiktok/,MOBILE,,0,6,0.0,22.5,page_device,2026-07-27 13:01:50
88251,2026-07-27,2025-07-02,,https://www.advich.com/trade/,DESKTOP,,0,28,0.0,70.85714285714286,page_device,2026-07-27 13:01:50
88252,2026-07-27,2025-07-02,,https://www.advich.com/trade/google-seo-knowledge/,DESKTOP,,0,3,0.0,30.333333333333332,page_device,2026-07-27 13:01:50
88253,2026-07-27,2025-07-02,,https://www.advich.com/traditional-marketing-model-and-integrated-marketing/,DESKTOP,,0,1,0.0,1.0,page_device,2026-07-27 13:01:50
88254,2026-07-27,2025-07-02,,https://www.advich.com/tsyxylsyxc/,DESKTOP,,0,6,0.0,37.666666666666664,page_device,2026-07-27 13:01:50
88255,2026-07-27,2025-07-02,,https://www.advich.com/ttywztttmf/,DESKTOP,,0,1,0.0,80.0,page_device,2026-07-27 13:01:50
88256,2026-07-27,2025-07-02,,https://www.advich.com/twitter-integrated-marketing/,DESKTOP,,0,51,0.0,73.90196078431373,page_device,2026-07-27 13:01:50
88257,2026-07-27,2025-07-02,,https://www.advich.com/twitter-integrated-marketing/,MOBILE,,0,1,0.0,53.0,page_device,2026-07-27 13:01:50
88258,2026-07-27,2025-07-02,,https://www.advich.com/twitter-marketing-strategy/,DESKTOP,,0,28,0.0,81.92857142857143,page_device,2026-07-27 13:01:50
88259,2026-07-27,2025-07-02,,https://www.advich.com/twsmtmznds/,DESKTOP,,0,45,0.0,76.2,page_device,2026-07-27 13:01:50
88260,2026-07-27,2025-07-02,,https://www.advich.com/twsmtmznds/,MOBILE,,0,4,0.0,93.0,page_device,2026-07-27 13:01:50
88261,2026-07-27,2025-07-02,,https://www.advich.com/tzztbxbjdg/,DESKTOP,,0,1,0.0,76.0,page_device,2026-07-27 13:01:50
88262,2026-07-27,2025-07-02,,https://www.advich.com/ultimate-guide-to-googles-custom-intent-audiences/,DESKTOP,,0,15,0.0,90.53333333333333,page_device,2026-07-27 13:01:50
88263,2026-07-27,2025-07-02,,https://www.advich.com/ultimate-guide-to-googles-custom-intent-audiences/,MOBILE,,0,1,0.0,99.0,page_device,2026-07-27 13:01:50
88264,2026-07-27,2025-07-02,,https://www.advich.com/wbggdsgbyb/,DESKTOP,,0,114,0.0,2.0,page_device,2026-07-27 13:01:50
88265,2026-07-27,2025-07-02,,https://www.advich.com/what-are-the-advantages-of-google-seo-and-google-sem-do-you-know/,DESKTOP,,0,9,0.0,84.55555555555556,page_device,2026-07-27 13:01:50
88266,2026-07-27,2025-07-02,,https://www.advich.com/what-are-the-advantages-of-google-seo-and-google-sem-do-you-know/,MOBILE,,0,9,0.0,78.33333333333333,page_device,2026-07-27 13:01:50
88267,2026-07-27,2025-07-02,,https://www.advich.com/what-are-the-requirements-for-google-to-promote-online-marketing/,DESKTOP,,0,22,0.0,45.59090909090909,page_device,2026-07-27 13:01:50
88268,2026-07-27,2025-07-02,,https://www.advich.com/what-is-an-independent-station-why-stand-alone/,DESKTOP,,0,40,0.0,56.275,page_device,2026-07-27 13:01:50
88269,2026-07-27,2025-07-02,,https://www.advich.com/what-is-an-independent-station-why-stand-alone/,MOBILE,,0,8,0.0,70.5,page_device,2026-07-27 13:01:50
88270,2026-07-27,2025-07-02,,https://www.advich.com/what-needs-to-be-done-before-independent-stations-promote-google/,DESKTOP,,0,1,0.0,85.0,page_device,2026-07-27 13:01:50
88271,2026-07-27,2025-07-02,,https://www.advich.com/wjdgmjkhlw/,DESKTOP,,0,2,0.0,176.0,page_device,2026-07-27 13:01:50
88272,2026-07-27,2025-07-02,,https://www.advich.com/wordpress-website/,DESKTOP,,0,2,0.0,82.0,page_device,2026-07-27 13:01:50
88273,2026-07-27,2025-07-02,,https://www.advich.com/wrggtclyxl/,DESKTOP,,0,2,0.0,183.0,page_device,2026-07-27 13:01:50
88274,2026-07-27,2025-07-02,,https://www.advich.com/wrggtgggjh/,DESKTOP,,0,4,0.0,98.0,page_device,2026-07-27 13:01:50
88275,2026-07-27,2025-07-02,,https://www.advich.com/wrggzlndhg/,DESKTOP,,0,2,0.0,117.5,page_device,2026-07-27 13:01:50
88276,2026-07-27,2025-07-02,,https://www.advich.com/wsmggfxdsz/,DESKTOP,,0,5,0.0,61.6,page_device,2026-07-27 13:01:50
88277,2026-07-27,2025-07-02,,https://www.advich.com/wsmgjcyjds/,DESKTOP,,0,1,0.0,99.0,page_device,2026-07-27 13:01:50
88278,2026-07-27,2025-07-02,,https://www.advich.com/wsmkhlslhz/,DESKTOP,,0,1,0.0,100.0,page_device,2026-07-27 13:01:50
88279,2026-07-27,2025-07-02,,https://www.advich.com/wsmkhzsjzd/,DESKTOP,,0,2,0.0,137.5,page_device,2026-07-27 13:01:50
88280,2026-07-27,2025-07-02,,https://www.advich.com/wsmsjqdjch/,DESKTOP,,0,9,0.0,66.66666666666667,page_device,2026-07-27 13:01:50
88281,2026-07-27,2025-07-02,,https://www.advich.com/wsmyjjybty/,DESKTOP,,0,15,0.0,21.6,page_device,2026-07-27 13:01:50
88282,2026-07-27,2025-07-02,,https://www.advich.com/wsmyjjybty/,MOBILE,,0,1,0.0,9.0,page_device,2026-07-27 13:01:50
88283,2026-07-27,2025-07-02,,https://www.advich.com/xdnggcjywf/,DESKTOP,,0,1,0.0,88.0,page_device,2026-07-27 13:01:50
88284,2026-07-27,2025-07-02,,https://www.advich.com/xnsxpsqhgt/,DESKTOP,,0,114,0.0,7.526315789473684,page_device,2026-07-27 13:01:50
88285,2026-07-27,2025-07-02,,https://www.advich.com/xnzdhdtdgg/,DESKTOP,,0,2,0.0,64.0,page_device,2026-07-27 13:01:50
88286,2026-07-27,2025-07-02,,https://www.advich.com/xsssjbhqsd/,DESKTOP,,0,3,0.0,13.0,page_device,2026-07-27 13:01:50
88287,2026-07-27,2025-07-02,,https://www.advich.com/xsxy/,DESKTOP,,0,1,0.0,35.0,page_device,2026-07-27 13:01:50
88288,2026-07-27,2025-07-02,,https://www.advich.com/xxscstslyc/,DESKTOP,,0,114,0.0,6.0,page_device,2026-07-27 13:01:50
88289,2026-07-27,2025-07-02,,https://www.advich.com/xycdcdqgll/,DESKTOP,,0,23,0.0,59.73913043478261,page_device,2026-07-27 13:01:50
88290,2026-07-27,2025-07-02,,https://www.advich.com/xycdcdqgll/,MOBILE,,0,3,0.0,47.0,page_device,2026-07-27 13:01:50
88291,2026-07-27,2025-07-02,,https://www.advich.com/xysssggggg/,DESKTOP,,0,2,0.0,142.5,page_device,2026-07-27 13:01:50
88292,2026-07-27,2025-07-02,,https://www.advich.com/xysssggxzs/,DESKTOP,,0,5,0.0,72.6,page_device,2026-07-27 13:01:50
88293,2026-07-27,2025-07-02,,https://www.advich.com/xysssggydt/,DESKTOP,,0,6,0.0,55.333333333333336,page_device,2026-07-27 13:01:50
88294,2026-07-27,2025-07-02,,https://www.advich.com/xysxsggdzy/,DESKTOP,,0,9,0.0,13.666666666666666,page_device,2026-07-27 13:01:50
88295,2026-07-27,2025-07-02,,https://www.advich.com/xysxsggdzy/,MOBILE,,0,1,0.0,47.0,page_device,2026-07-27 13:01:50
88296,2026-07-27,2025-07-02,,https://www.advich.com/ycjcslzggt/,DESKTOP,,0,5,0.0,12.0,page_device,2026-07-27 13:01:50
88297,2026-07-27,2025-07-02,,https://www.advich.com/yhfggcbhrd/,DESKTOP,,0,4,0.0,58.5,page_device,2026-07-27 13:01:50
88298,2026-07-27,2025-07-02,,https://www.advich.com/yhpggygskh/,DESKTOP,,0,13,0.0,5.0,page_device,2026-07-27 13:01:50
88299,2026-07-27,2025-07-02,,https://www.advich.com/ykqsyhbhsp/,DESKTOP,,0,5,0.0,26.6,page_device,2026-07-27 13:01:50
88300,2026-07-27,2025-07-02,,https://www.advich.com/youtube-advertising-operations/,DESKTOP,,0,1,0.0,96.0,page_device,2026-07-27 13:01:50
88301,2026-07-27,2025-07-02,,https://www.advich.com/youtube-advertising-type/,DESKTOP,,0,2,0.0,53.5,page_device,2026-07-27 13:01:50
88302,2026-07-27,2025-07-02,,https://www.advich.com/youtube-video-optimization-tips-for-running-overseas-social-media/,DESKTOP,,0,10,0.0,16.8,page_device,2026-07-27 13:01:50
88303,2026-07-27,2025-07-02,,https://www.advich.com/ytb/,DESKTOP,,0,8,0.0,65.75,page_device,2026-07-27 13:01:50
88304,2026-07-27,2025-07-02,,https://www.advich.com/ytb/,MOBILE,,0,10,0.0,26.1,page_device,2026-07-27 13:01:50
88305,2026-07-27,2025-07-02,,https://www.advich.com/yxdsjkshsl/,DESKTOP,,0,5,0.0,27.6,page_device,2026-07-27 13:01:50
88306,2026-07-27,2025-07-02,,https://www.advich.com/yxfxhzsdcj/,DESKTOP,,0,5,0.0,46.6,page_device,2026-07-27 13:01:50
88307,2026-07-27,2025-07-02,,https://www.advich.com/yxsdngbggg/,DESKTOP,,0,2,0.0,69.0,page_device,2026-07-27 13:01:50
88308,2026-07-27,2025-07-02,,https://www.advich.com/yxszhsmssz/,DESKTOP,,0,25,0.0,72.4,page_device,2026-07-27 13:01:50
88309,2026-07-27,2025-07-02,,https://www.advich.com/yxszhsmssz/,MOBILE,,0,1,0.0,95.0,page_device,2026-07-27 13:01:50
88310,2026-07-27,2025-07-02,,https://www.advich.com/zbdpzhsdgj/,DESKTOP,,0,6,0.0,44.666666666666664,page_device,2026-07-27 13:01:50
88311,2026-07-27,2025-07-02,,https://www.advich.com/zdhhjqxxjg/,DESKTOP,,0,1,0.0,11.0,page_device,2026-07-27 13:01:50
88312,2026-07-27,2025-07-02,,https://www.advich.com/zfggsjxdjp/,DESKTOP,,0,4,0.0,20.75,page_device,2026-07-27 13:01:50
88313,2026-07-27,2025-07-02,,https://www.advich.com/zhjsrhjndg/,DESKTOP,,0,2,0.0,190.0,page_device,2026-07-27 13:01:50
88314,2026-07-27,2025-07-02,,https://www.advich.com/zhyxcbdjtl/,DESKTOP,,0,2,0.0,61.5,page_device,2026-07-27 13:01:50
88315,2026-07-27,2025-07-02,,https://www.advich.com/zhyxcbdjtl/,MOBILE,,0,1,0.0,85.0,page_device,2026-07-27 13:01:50
88316,2026-07-27,2025-07-02,,https://www.advich.com/zjdgggggxk/,DESKTOP,,0,12,0.0,18.0,page_device,2026-07-27 13:01:50
88317,2026-07-27,2025-07-02,,https://www.advich.com/zjdgggggxk/,MOBILE,,0,1,0.0,66.0,page_device,2026-07-27 13:01:50
88318,2026-07-27,2025-07-02,,https://www.advich.com/zjdgggggxk/,TABLET,,0,1,0.0,8.0,page_device,2026-07-27 13:01:50
88319,2026-07-27,2025-07-02,,https://www.advich.com/zjggxsggsl/,DESKTOP,,0,70,0.0,65.78571428571429,page_device,2026-07-27 13:01:50
88320,2026-07-27,2025-07-02,,https://www.advich.com/zjggxsggsl/,MOBILE,,0,29,0.0,56.37931034482759,page_device,2026-07-27 13:01:50
88321,2026-07-27,2025-07-02,,https://www.advich.com/zjsjkshgjn/,DESKTOP,,0,2,0.0,109.5,page_device,2026-07-27 13:01:50
88322,2026-07-27,2025-07-02,,https://www.advich.com/zlxdggggkz/,DESKTOP,,0,6,0.0,53.333333333333336,page_device,2026-07-27 13:01:50
88323,2026-07-27,2025-07-02,,https://www.advich.com/zlxdggggkz/,MOBILE,,0,5,0.0,65.8,page_device,2026-07-27 13:01:50
88324,2026-07-27,2025-07-02,,https://www.advich.com/zmggzszspk/,DESKTOP,,0,2,0.0,191.0,page_device,2026-07-27 13:01:50
88325,2026-07-27,2025-07-02,,https://www.advich.com/zngwhdybzh/,DESKTOP,,0,28,0.0,68.92857142857143,page_device,2026-07-27 13:01:50
88326,2026-07-27,2025-07-02,,https://www.advich.com/zngwhdybzh/,MOBILE,,0,1,0.0,52.0,page_device,2026-07-27 13:01:50
88327,2026-07-27,2025-07-02,,https://www.advich.com/zqhwsyggptjsyqdfyfx/,DESKTOP,,0,36,0.0,65.94444444444444,page_device,2026-07-27 13:01:50
88328,2026-07-27,2025-07-02,,https://www.advich.com/zqhwsyggptjsyqdfyfx/,MOBILE,,0,5,0.0,58.6,page_device,2026-07-27 13:01:50
88329,2026-07-27,2025-07-02,,https://www.advich.com/zwbcxggdwz/,DESKTOP,,0,2,0.0,91.0,page_device,2026-07-27 13:01:50
88330,2026-07-27,2025-07-02,,https://www.advich.com/zwggggzdtz/,DESKTOP,,0,13,0.0,61.30769230769231,page_device,2026-07-27 13:01:50
88331,2026-07-27,2025-07-02,,https://www.advich.com/zwggggzdtz/,MOBILE,,0,2,0.0,78.0,page_device,2026-07-27 13:01:50
88332,2026-07-27,2025-07-02,,https://www.advich.com/zxggdhcssm/,DESKTOP,,0,2,0.0,179.0,page_device,2026-07-27 13:01:50
88333,2026-07-27,2025-07-02,,https://www.advich.com/zxyxgczdcx/,DESKTOP,,0,2,0.0,155.5,page_device,2026-07-27 13:01:50
88334,2026-07-27,2025-07-02,,https://www.advich.com/zyxgtbclzj/,DESKTOP,,0,9,0.0,88.33333333333333,page_device,2026-07-27 13:01:50
88335,2026-07-27,2025-07-02,,https://www.advich.com/zyxgtbclzj/,MOBILE,,0,8,0.0,74.75,page_device,2026-07-27 13:01:50
63987,2026-07-27,2025-06-02,,https://www.advich.com/,DESKTOP,,13,153,0.08496732026143791,1.8888888888888888,page_device,2026-07-27 13:01:33
63988,2026-07-27,2025-06-02,,https://www.advich.com/,MOBILE,,5,50,0.1,4.82,page_device,2026-07-27 13:01:33
63989,2026-07-27,2025-06-02,,https://www.advich.com/about-us/,DESKTOP,,4,36,0.1111111111111111,7.638888888888889,page_device,2026-07-27 13:01:33
63990,2026-07-27,2025-06-02,,https://www.advich.com/home/,DESKTOP,,4,39,0.10256410256410256,4.230769230769231,page_device,2026-07-27 13:01:33
63991,2026-07-27,2025-06-02,,https://www.advich.com/rhzedzbgzc/,DESKTOP,,4,62,0.06451612903225806,10.887096774193548,page_device,2026-07-27 13:01:33
63992,2026-07-27,2025-06-02,,https://www.advich.com/tiktok/,DESKTOP,,4,253,0.015810276679841896,26.802371541501977,page_device,2026-07-27 13:01:33
63993,2026-07-27,2025-06-02,,https://www.advich.com/home/,MOBILE,,3,36,0.08333333333333333,4.305555555555555,page_device,2026-07-27 13:01:33
63994,2026-07-27,2025-06-02,,https://www.advich.com/about-us/,MOBILE,,2,15,0.13333333333333333,3.7333333333333334,page_device,2026-07-27 13:01:33
63995,2026-07-27,2025-06-02,,https://www.advich.com/rhztswahis/,DESKTOP,,2,22,0.09090909090909091,52.40909090909091,page_device,2026-07-27 13:01:33
63996,2026-07-27,2025-06-02,,https://www.advich.com/pggdzjzngg/,DESKTOP,,1,140,0.007142857142857143,36.00714285714286,page_device,2026-07-27 13:01:33
63997,2026-07-27,2025-06-02,,https://www.advich.com/rhcqtrdttl/,DESKTOP,,1,9,0.1111111111111111,12.444444444444445,page_device,2026-07-27 13:01:33
63998,2026-07-27,2025-06-02,,https://www.advich.com/rhkssygzds/,MOBILE,,1,1,1.0,9.0,page_device,2026-07-27 13:01:33
63999,2026-07-27,2025-06-02,,https://www.advich.com/rhzezzzszt/,MOBILE,,1,100,0.01,70.07,page_device,2026-07-27 13:01:33
64000,2026-07-27,2025-06-02,,https://www.advich.com/rhztswahis/,MOBILE,,1,25,0.04,18.4,page_device,2026-07-27 13:01:33
64001,2026-07-27,2025-06-02,,https://www.advich.com/,TABLET,,0,1,0.0,7.0,page_device,2026-07-27 13:01:33
64002,2026-07-27,2025-06-02,,https://www.advich.com/%E6%95%B0%E5%AD%97%E5%8C%96%E6%95%B4%E5%90%88%E8%90%A5%E9%94%80%E5%BC%80%E5%A7%8B%E4%B9%8B%E5%89%8D%EF%BC%8C%E4%BD%A0%E9%9C%80%E8%A6%81%E5%81%9A%E5%A5%BD%E8%83%8C%E6%99%AF%E8%B0%83%E6%9F%A5%EF%BC%81/,DESKTOP,,0,1,0.0,88.0,page_device,2026-07-27 13:01:33
64003,2026-07-27,2025-06-02,,https://www.advich.com/15-advertising-trends/,DESKTOP,,0,16,0.0,89.8125,page_device,2026-07-27 13:01:33
64004,2026-07-27,2025-06-02,,https://www.advich.com/a-must-see-for-social-media-overseas-marketing/,DESKTOP,,0,5,0.0,62.4,page_device,2026-07-27 13:01:33
64005,2026-07-27,2025-06-02,,https://www.advich.com/advertising-skills/,DESKTOP,,0,47,0.0,87.74468085106383,page_device,2026-07-27 13:01:33
64006,2026-07-27,2025-06-02,,https://www.advich.com/adweb-global-station/,DESKTOP,,0,9,0.0,74.0,page_device,2026-07-27 13:01:33
64007,2026-07-27,2025-06-02,,https://www.advich.com/akjyxdjfwz/,DESKTOP,,0,1,0.0,27.0,page_device,2026-07-27 13:01:33
64008,2026-07-27,2025-06-02,,https://www.advich.com/aslrhzggtg/,DESKTOP,,0,12,0.0,79.25,page_device,2026-07-27 13:01:33
64009,2026-07-27,2025-06-02,,https://www.advich.com/author/advich/,MOBILE,,0,2,0.0,18.5,page_device,2026-07-27 13:01:33
64010,2026-07-27,2025-06-02,,https://www.advich.com/b2b-independent-foreign-trade-station-promotion-skills/,DESKTOP,,0,10,0.0,50.2,page_device,2026-07-27 13:01:33
64011,2026-07-27,2025-06-02,,https://www.advich.com/b2b/,DESKTOP,,0,3,0.0,119.33333333333333,page_device,2026-07-27 13:01:33
64012,2026-07-27,2025-06-02,,https://www.advich.com/bhbgtdhcss/,DESKTOP,,0,4,0.0,46.0,page_device,2026-07-27 13:01:33
64013,2026-07-27,2025-06-02,,https://www.advich.com/bingads/,DESKTOP,,0,84,0.0,53.095238095238095,page_device,2026-07-27 13:01:33
64014,2026-07-27,2025-06-02,,https://www.advich.com/bingads/,MOBILE,,0,38,0.0,40.94736842105263,page_device,2026-07-27 13:01:33
64015,2026-07-27,2025-06-02,,https://www.advich.com/bqzkhyxhdp/,DESKTOP,,0,9,0.0,78.22222222222223,page_device,2026-07-27 13:01:33
64016,2026-07-27,2025-06-02,,https://www.advich.com/brand-marketing/oath/,DESKTOP,,0,4,0.0,28.0,page_device,2026-07-27 13:01:33
64017,2026-07-27,2025-06-02,,https://www.advich.com/brand-marketing/tiktok-ads/,DESKTOP,,0,1,0.0,25.0,page_device,2026-07-27 13:01:33
64018,2026-07-27,2025-06-02,,https://www.advich.com/bzndbggggh/,DESKTOP,,0,3,0.0,197.0,page_device,2026-07-27 13:01:33
64019,2026-07-27,2025-06-02,,https://www.advich.com/can-google-open-its-own-promotion-account/,DESKTOP,,0,3,0.0,76.66666666666667,page_device,2026-07-27 13:01:33
64020,2026-07-27,2025-06-02,,https://www.advich.com/category/%E8%BF%91%E6%9C%9F%E6%B4%BB%E5%8A%A8/,MOBILE,,0,1,0.0,28.0,page_device,2026-07-27 13:01:33
64021,2026-07-27,2025-06-02,,https://www.advich.com/ccgywzsm/,DESKTOP,,0,3,0.0,71.0,page_device,2026-07-27 13:01:33
64022,2026-07-27,2025-06-02,,https://www.advich.com/cffhyfsjfn-2/,DESKTOP,,0,10,0.0,8.9,page_device,2026-07-27 13:01:33
64023,2026-07-27,2025-06-02,,https://www.advich.com/cffhyfsjfn/,DESKTOP,,0,7,0.0,55.714285714285715,page_device,2026-07-27 13:01:33
64024,2026-07-27,2025-06-02,,https://www.advich.com/cggggghdds/,DESKTOP,,0,3,0.0,111.66666666666667,page_device,2026-07-27 13:01:33
64025,2026-07-27,2025-06-02,,https://www.advich.com/cgghggtgph/,DESKTOP,,0,1,0.0,96.0,page_device,2026-07-27 13:01:33
64026,2026-07-27,2025-06-02,,https://www.advich.com/cgghggtgph/,MOBILE,,0,2,0.0,59.0,page_device,2026-07-27 13:01:33
64027,2026-07-27,2025-06-02,,https://www.advich.com/cggtsyxxg/,DESKTOP,,0,7,0.0,48.142857142857146,page_device,2026-07-27 13:01:33
64028,2026-07-27,2025-06-02,,https://www.advich.com/cgszgggghd/,DESKTOP,,0,9,0.0,58.77777777777778,page_device,2026-07-27 13:01:33
64029,2026-07-27,2025-06-02,,https://www.advich.com/cgszgggghd/,MOBILE,,0,1,0.0,39.0,page_device,2026-07-27 13:01:33
64030,2026-07-27,2025-06-02,,https://www.advich.com/cnryxdsjhd/,DESKTOP,,0,6,0.0,131.66666666666666,page_device,2026-07-27 13:01:33
64031,2026-07-27,2025-06-02,,https://www.advich.com/come-in-and-have-a-look-overseas-digital-marketing-methods/,DESKTOP,,0,22,0.0,32.40909090909091,page_device,2026-07-27 13:01:33
64032,2026-07-27,2025-06-02,,https://www.advich.com/come-in-and-have-a-look-overseas-digital-marketing-methods/,MOBILE,,0,1,0.0,30.0,page_device,2026-07-27 13:01:33
64033,2026-07-27,2025-06-02,,https://www.advich.com/cost-per-click/,DESKTOP,,0,76,0.0,40.88157894736842,page_device,2026-07-27 13:01:33
64034,2026-07-27,2025-06-02,,https://www.advich.com/cost-per-click/,MOBILE,,0,16,0.0,57.4375,page_device,2026-07-27 13:01:33
64035,2026-07-27,2025-06-02,,https://www.advich.com/cylysmqb/,DESKTOP,,0,7,0.0,92.14285714285714,page_device,2026-07-27 13:01:33
64036,2026-07-27,2025-06-02,,https://www.advich.com/cylysmqb/,MOBILE,,0,1,0.0,97.0,page_device,2026-07-27 13:01:33
64037,2026-07-27,2025-06-02,,https://www.advich.com/cyzqdfxffz/,DESKTOP,,0,4,0.0,33.0,page_device,2026-07-27 13:01:33
64038,2026-07-27,2025-06-02,,https://www.advich.com/dajzljywzz/,DESKTOP,,0,7,0.0,63.0,page_device,2026-07-27 13:01:33
64039,2026-07-27,2025-06-02,,https://www.advich.com/dajzljywzz/,MOBILE,,0,6,0.0,67.66666666666667,page_device,2026-07-27 13:01:33
64040,2026-07-27,2025-06-02,,https://www.advich.com/dcfxbgslrh/,DESKTOP,,0,4,0.0,39.0,page_device,2026-07-27 13:01:33
64041,2026-07-27,2025-06-02,,https://www.advich.com/djyljddgyy/,DESKTOP,,0,15,0.0,14.0,page_device,2026-07-27 13:01:33
64042,2026-07-27,2025-06-02,,https://www.advich.com/dlktlbfxjs/,DESKTOP,,0,58,0.0,24.896551724137932,page_device,2026-07-27 13:01:33
64043,2026-07-27,2025-06-02,,https://www.advich.com/dlktlbfxjs/,MOBILE,,0,4,0.0,15.0,page_device,2026-07-27 13:01:33
64044,2026-07-27,2025-06-02,,https://www.advich.com/do-a-good-job-of-integrated-marketing-methods/,DESKTOP,,0,11,0.0,70.0909090909091,page_device,2026-07-27 13:01:33
64045,2026-07-27,2025-06-02,,https://www.advich.com/do-we-have-to-find-a-proxy-operating-company-to-promote-google/,DESKTOP,,0,3,0.0,88.33333333333333,page_device,2026-07-27 13:01:33
64046,2026-07-27,2025-06-02,,https://www.advich.com/do-you-understand-the-characteristics-of-linkedin-overseas-social-media/,DESKTOP,,0,1,0.0,76.0,page_device,2026-07-27 13:01:33
64047,2026-07-27,2025-06-02,,https://www.advich.com/dtssggddzj/,DESKTOP,,0,121,0.0,37.16528925619835,page_device,2026-07-27 13:01:33
64048,2026-07-27,2025-06-02,,https://www.advich.com/dtssggddzj/,MOBILE,,0,43,0.0,43.69767441860465,page_device,2026-07-27 13:01:33
64049,2026-07-27,2025-06-02,,https://www.advich.com/dydzzggzct/,DESKTOP,,0,1,0.0,96.0,page_device,2026-07-27 13:01:33
64050,2026-07-27,2025-06-02,,https://www.advich.com/dynamic-search-ads/,DESKTOP,,0,66,0.0,32.27272727272727,page_device,2026-07-27 13:01:33
64051,2026-07-27,2025-06-02,,https://www.advich.com/dynamic-search-ads/,MOBILE,,0,27,0.0,45.851851851851855,page_device,2026-07-27 13:01:33
64052,2026-07-27,2025-06-02,,https://www.advich.com/dysxqcpthg/,DESKTOP,,0,71,0.0,52.098591549295776,page_device,2026-07-27 13:01:33
64053,2026-07-27,2025-06-02,,https://www.advich.com/dysxqcpthg/,MOBILE,,0,113,0.0,24.56637168141593,page_device,2026-07-27 13:01:33
64054,2026-07-27,2025-06-02,,https://www.advich.com/dysxqcpthg/,TABLET,,0,1,0.0,1.0,page_device,2026-07-27 13:01:33
64055,2026-07-27,2025-06-02,,https://www.advich.com/dzgjhppxxl/,DESKTOP,,0,15,0.0,15.0,page_device,2026-07-27 13:01:33
64056,2026-07-27,2025-06-02,,https://www.advich.com/e-commerce-drainage/,DESKTOP,,0,7,0.0,50.57142857142857,page_device,2026-07-27 13:01:33
64057,2026-07-27,2025-06-02,,https://www.advich.com/e-commerce-drainage/,MOBILE,,0,5,0.0,44.4,page_device,2026-07-27 13:01:33
64058,2026-07-27,2025-06-02,,https://www.advich.com/ezdqgzjtby/,DESKTOP,,0,2,0.0,46.5,page_device,2026-07-27 13:01:33
64059,2026-07-27,2025-06-02,,https://www.advich.com/faq/,DESKTOP,,0,7,0.0,91.14285714285714,page_device,2026-07-27 13:01:33
64060,2026-07-27,2025-06-02,,https://www.advich.com/fb/,DESKTOP,,0,57,0.0,46.31578947368421,page_device,2026-07-27 13:01:33
64061,2026-07-27,2025-06-02,,https://www.advich.com/fb/,MOBILE,,0,22,0.0,57.5,page_device,2026-07-27 13:01:33
64062,2026-07-27,2025-06-02,,https://www.advich.com/fbmswglqwzzn/,DESKTOP,,0,37,0.0,55.108108108108105,page_device,2026-07-27 13:01:33
64063,2026-07-27,2025-06-02,,https://www.advich.com/fbmswglqwzzn/,MOBILE,,0,1,0.0,68.0,page_device,2026-07-27 13:01:33
64064,2026-07-27,2025-06-02,,https://www.advich.com/fdcpyhgggg/,DESKTOP,,0,3,0.0,58.0,page_device,2026-07-27 13:01:33
64065,2026-07-27,2025-06-02,,https://www.advich.com/ffsjmtsjgg/,DESKTOP,,0,4,0.0,31.0,page_device,2026-07-27 13:01:33
64066,2026-07-27,2025-06-02,,https://www.advich.com/ffsssggggg/,DESKTOP,,0,23,0.0,47.52173913043478,page_device,2026-07-27 13:01:33
64067,2026-07-27,2025-06-02,,https://www.advich.com/ffssyxrydj-2/,DESKTOP,,0,1,0.0,84.0,page_device,2026-07-27 13:01:33
64068,2026-07-27,2025-06-02,,https://www.advich.com/fqzkhscbdx/,DESKTOP,,0,4,0.0,74.25,page_device,2026-07-27 13:01:33
64069,2026-07-27,2025-06-02,,https://www.advich.com/fqzkhscbdx/,MOBILE,,0,2,0.0,89.0,page_device,2026-07-27 13:01:33
64070,2026-07-27,2025-06-02,,https://www.advich.com/fxrhgjgggg/,DESKTOP,,0,12,0.0,69.41666666666667,page_device,2026-07-27 13:01:33
64071,2026-07-27,2025-06-02,,https://www.advich.com/gads/,DESKTOP,,0,129,0.0,23.751937984496124,page_device,2026-07-27 13:01:33
64072,2026-07-27,2025-06-02,,https://www.advich.com/gads/,MOBILE,,0,10,0.0,37.3,page_device,2026-07-27 13:01:33
64073,2026-07-27,2025-06-02,,https://www.advich.com/gaehdxgnhd/,DESKTOP,,0,7,0.0,33.142857142857146,page_device,2026-07-27 13:01:33
64074,2026-07-27,2025-06-02,,https://www.advich.com/gcjdggtgpy/,DESKTOP,,0,58,0.0,19.862068965517242,page_device,2026-07-27 13:01:33
64075,2026-07-27,2025-06-02,,https://www.advich.com/gdbggcjgjg/,DESKTOP,,0,4,0.0,45.0,page_device,2026-07-27 13:01:33
64076,2026-07-27,2025-06-02,,https://www.advich.com/ggcfzjzn/,DESKTOP,,0,5,0.0,87.4,page_device,2026-07-27 13:01:33
64077,2026-07-27,2025-06-02,,https://www.advich.com/ggcfzjzn/,MOBILE,,0,31,0.0,46.74193548387097,page_device,2026-07-27 13:01:33
64078,2026-07-27,2025-06-02,,https://www.advich.com/ggdjjslzjt/,DESKTOP,,0,3,0.0,184.66666666666666,page_device,2026-07-27 13:01:33
64079,2026-07-27,2025-06-02,,https://www.advich.com/ggdtyxzljb/,DESKTOP,,0,14,0.0,72.71428571428571,page_device,2026-07-27 13:01:33
64080,2026-07-27,2025-06-02,,https://www.advich.com/ggdtyxzljb/,MOBILE,,0,13,0.0,74.23076923076923,page_device,2026-07-27 13:01:33
64081,2026-07-27,2025-06-02,,https://www.advich.com/ggdyppnxyz/,DESKTOP,,0,4,0.0,101.0,page_device,2026-07-27 13:01:33
64082,2026-07-27,2025-06-02,,https://www.advich.com/ggfdcjjrbd/,DESKTOP,,0,60,0.0,45.31666666666667,page_device,2026-07-27 13:01:33
64083,2026-07-27,2025-06-02,,https://www.advich.com/ggfdcjjrbd/,MOBILE,,0,57,0.0,46.421052631578945,page_device,2026-07-27 13:01:33
64084,2026-07-27,2025-06-02,,https://www.advich.com/ggfxcydzbh/,DESKTOP,,0,3,0.0,98.66666666666667,page_device,2026-07-27 13:01:33
64085,2026-07-27,2025-06-02,,https://www.advich.com/ggfxcydzbh/,MOBILE,,0,4,0.0,81.0,page_device,2026-07-27 13:01:33
64086,2026-07-27,2025-06-02,,https://www.advich.com/ggfxdmznlr/,DESKTOP,,0,4,0.0,133.0,page_device,2026-07-27 13:01:33
64087,2026-07-27,2025-06-02,,https://www.advich.com/ggfxggslrh/,DESKTOP,,0,59,0.0,48.66101694915254,page_device,2026-07-27 13:01:33
64088,2026-07-27,2025-06-02,,https://www.advich.com/ggfxggslrh/,MOBILE,,0,38,0.0,43.39473684210526,page_device,2026-07-27 13:01:33
64089,2026-07-27,2025-06-02,,https://www.advich.com/ggfxtkxggg/,DESKTOP,,0,1,0.0,15.0,page_device,2026-07-27 13:01:33
64090,2026-07-27,2025-06-02,,https://www.advich.com/ggfxysshzx/,DESKTOP,,0,4,0.0,41.0,page_device,2026-07-27 13:01:33
64091,2026-07-27,2025-06-02,,https://www.advich.com/ggfxzdttly/,DESKTOP,,0,16,0.0,92.1875,page_device,2026-07-27 13:01:33
64092,2026-07-27,2025-06-02,,https://www.advich.com/ggfxzdttly/,MOBILE,,0,11,0.0,94.45454545454545,page_device,2026-07-27 13:01:33
64093,2026-07-27,2025-06-02,,https://www.advich.com/gggdsqfzpc/,DESKTOP,,0,3,0.0,93.66666666666667,page_device,2026-07-27 13:01:33
64094,2026-07-27,2025-06-02,,https://www.advich.com/gggdsqfzpc/,MOBILE,,0,3,0.0,93.0,page_device,2026-07-27 13:01:33
64095,2026-07-27,2025-06-02,,https://www.advich.com/gggfzcsytg/,DESKTOP,,0,76,0.0,8.552631578947368,page_device,2026-07-27 13:01:33
64096,2026-07-27,2025-06-02,,https://www.advich.com/gggfzcsytg/,MOBILE,,0,24,0.0,9.875,page_device,2026-07-27 13:01:33
64097,2026-07-27,2025-06-02,,https://www.advich.com/ggggacyhdl/,DESKTOP,,0,6,0.0,98.16666666666667,page_device,2026-07-27 13:01:33
64098,2026-07-27,2025-06-02,,https://www.advich.com/ggggaqbgey/,DESKTOP,,0,4,0.0,21.0,page_device,2026-07-27 13:01:33
64099,2026-07-27,2025-06-02,,https://www.advich.com/ggggbgxzkyybgxsxz-ydhqd/,DESKTOP,,0,17,0.0,53.294117647058826,page_device,2026-07-27 13:01:33
64100,2026-07-27,2025-06-02,,https://www.advich.com/ggggbgxzkyybgxsxz-ydhqd/,MOBILE,,0,12,0.0,53.083333333333336,page_device,2026-07-27 13:01:33
64101,2026-07-27,2025-06-02,,https://www.advich.com/ggggbjzjzn/,DESKTOP,,0,12,0.0,20.833333333333332,page_device,2026-07-27 13:01:33
64102,2026-07-27,2025-06-02,,https://www.advich.com/ggggbjzjzn/,MOBILE,,0,1,0.0,36.0,page_device,2026-07-27 13:01:33
64103,2026-07-27,2025-06-02,,https://www.advich.com/ggggcqsdsz/,DESKTOP,,0,1,0.0,76.0,page_device,2026-07-27 13:01:33
64104,2026-07-27,2025-06-02,,https://www.advich.com/ggggdlmyxr/,DESKTOP,,0,32,0.0,61.875,page_device,2026-07-27 13:01:33
64105,2026-07-27,2025-06-02,,https://www.advich.com/ggggfxgggg/,DESKTOP,,0,3,0.0,183.0,page_device,2026-07-27 13:01:33
64106,2026-07-27,2025-06-02,,https://www.advich.com/gggggjcyjd/,DESKTOP,,0,47,0.0,80.36170212765957,page_device,2026-07-27 13:01:33
64107,2026-07-27,2025-06-02,,https://www.advich.com/gggggjcyjd/,MOBILE,,0,2,0.0,80.0,page_device,2026-07-27 13:01:33
64108,2026-07-27,2025-06-02,,https://www.advich.com/gggggkjfsr/,DESKTOP,,0,1,0.0,15.0,page_device,2026-07-27 13:01:33
64109,2026-07-27,2025-06-02,,https://www.advich.com/ggggglyyjx/,DESKTOP,,0,3,0.0,187.0,page_device,2026-07-27 13:01:33
64110,2026-07-27,2025-06-02,,https://www.advich.com/gggggslxyl/,DESKTOP,,0,49,0.0,72.16326530612245,page_device,2026-07-27 13:01:33
64111,2026-07-27,2025-06-02,,https://www.advich.com/gggggslxyl/,MOBILE,,0,5,0.0,81.0,page_device,2026-07-27 13:01:33
64112,2026-07-27,2025-06-02,,https://www.advich.com/gggggzmbrh/,DESKTOP,,0,4,0.0,65.75,page_device,2026-07-27 13:01:33
64113,2026-07-27,2025-06-02,,https://www.advich.com/ggggjfcjyy/,DESKTOP,,0,34,0.0,39.029411764705884,page_device,2026-07-27 13:01:33
64114,2026-07-27,2025-06-02,,https://www.advich.com/ggggjfcjyy/,MOBILE,,0,1,0.0,17.0,page_device,2026-07-27 13:01:33
64115,2026-07-27,2025-06-02,,https://www.advich.com/ggggmrszzh/,DESKTOP,,0,4,0.0,128.25,page_device,2026-07-27 13:01:33
64116,2026-07-27,2025-06-02,,https://www.advich.com/ggggmzhrhz/,DESKTOP,,0,9,0.0,68.77777777777777,page_device,2026-07-27 13:01:33
64117,2026-07-27,2025-06-02,,https://www.advich.com/ggggrhzmyh/,DESKTOP,,0,16,0.0,56.375,page_device,2026-07-27 13:01:33
64118,2026-07-27,2025-06-02,,https://www.advich.com/ggggrhzysy/,DESKTOP,,0,4,0.0,149.5,page_device,2026-07-27 13:01:33
64119,2026-07-27,2025-06-02,,https://www.advich.com/ggggshqdrh/,DESKTOP,,0,4,0.0,123.25,page_device,2026-07-27 13:01:33
64120,2026-07-27,2025-06-02,,https://www.advich.com/ggggslgggg/,DESKTOP,,0,1,0.0,79.0,page_device,2026-07-27 13:01:33
64121,2026-07-27,2025-06-02,,https://www.advich.com/ggggtcfxhd/,DESKTOP,,0,1,0.0,53.0,page_device,2026-07-27 13:01:33
64122,2026-07-27,2025-06-02,,https://www.advich.com/ggggtgjbgx/,DESKTOP,,0,1,0.0,89.0,page_device,2026-07-27 13:01:33
64123,2026-07-27,2025-06-02,,https://www.advich.com/ggggtgkzcg/,DESKTOP,,0,6,0.0,33.833333333333336,page_device,2026-07-27 13:01:33
64124,2026-07-27,2025-06-02,,https://www.advich.com/ggggxsxskz/,DESKTOP,,0,6,0.0,75.33333333333333,page_device,2026-07-27 13:01:33
64125,2026-07-27,2025-06-02,,https://www.advich.com/ggggzcjjng/,DESKTOP,,0,6,0.0,115.83333333333333,page_device,2026-07-27 13:01:33
64126,2026-07-27,2025-06-02,,https://www.advich.com/ggggzcjjng/,MOBILE,,0,2,0.0,77.0,page_device,2026-07-27 13:01:33
64127,2026-07-27,2025-06-02,,https://www.advich.com/ggggzdjbdh/,DESKTOP,,0,4,0.0,133.5,page_device,2026-07-27 13:01:33
64128,2026-07-27,2025-06-02,,https://www.advich.com/ggggzdxssz/,DESKTOP,,0,1,0.0,14.0,page_device,2026-07-27 13:01:33
64129,2026-07-27,2025-06-02,,https://www.advich.com/ggggzhztgb/,DESKTOP,,0,4,0.0,44.0,page_device,2026-07-27 13:01:33
64130,2026-07-27,2025-06-02,,https://www.advich.com/ggggznjjxz/,DESKTOP,,0,4,0.0,37.0,page_device,2026-07-27 13:01:33
64131,2026-07-27,2025-06-02,,https://www.advich.com/ggggzyxbqr/,DESKTOP,,0,13,0.0,68.76923076923077,page_device,2026-07-27 13:01:33
64132,2026-07-27,2025-06-02,,https://www.advich.com/ggggzyxbqr/,MOBILE,,0,5,0.0,77.4,page_device,2026-07-27 13:01:33
64133,2026-07-27,2025-06-02,,https://www.advich.com/ggggzyxzjs/,DESKTOP,,0,9,0.0,61.333333333333336,page_device,2026-07-27 13:01:33
64134,2026-07-27,2025-06-02,,https://www.advich.com/ggggzyxzjs/,MOBILE,,0,2,0.0,88.5,page_device,2026-07-27 13:01:33
64135,2026-07-27,2025-06-02,,https://www.advich.com/gggjcghqgx/,DESKTOP,,0,6,0.0,79.33333333333333,page_device,2026-07-27 13:01:33
64136,2026-07-27,2025-06-02,,https://www.advich.com/gggjcghqgx/,MOBILE,,0,4,0.0,78.25,page_device,2026-07-27 13:01:33
64137,2026-07-27,2025-06-02,,https://www.advich.com/gggjcghqmf/,DESKTOP,,0,187,0.0,47.219251336898395,page_device,2026-07-27 13:01:33
64138,2026-07-27,2025-06-02,,https://www.advich.com/gggjcghqmf/,MOBILE,,0,138,0.0,44.96376811594203,page_device,2026-07-27 13:01:33
64139,2026-07-27,2025-06-02,,https://www.advich.com/gggjjcjjqrngtggsycl/,DESKTOP,,0,1,0.0,69.0,page_device,2026-07-27 13:01:33
64140,2026-07-27,2025-06-02,,https://www.advich.com/gggwcxdm/,DESKTOP,,0,1,0.0,26.0,page_device,2026-07-27 13:01:33
64141,2026-07-27,2025-06-02,,https://www.advich.com/gggwggrhsz/,DESKTOP,,0,107,0.0,62.38317757009346,page_device,2026-07-27 13:01:33
64142,2026-07-27,2025-06-02,,https://www.advich.com/gggwggslrh/,DESKTOP,,0,17,0.0,86.41176470588235,page_device,2026-07-27 13:01:33
64143,2026-07-27,2025-06-02,,https://www.advich.com/gggwggslrh/,MOBILE,,0,1,0.0,81.0,page_device,2026-07-27 13:01:33
64144,2026-07-27,2025-06-02,,https://www.advich.com/gggwmblxt/,DESKTOP,,0,3,0.0,149.33333333333334,page_device,2026-07-27 13:01:33
64145,2026-07-27,2025-06-02,,https://www.advich.com/gggyggrhly/,DESKTOP,,0,6,0.0,22.833333333333332,page_device,2026-07-27 13:01:33
64146,2026-07-27,2025-06-02,,https://www.advich.com/gghgggyhzg/,DESKTOP,,0,1,0.0,32.0,page_device,2026-07-27 13:01:33
64147,2026-07-27,2025-06-02,,https://www.advich.com/gghgggyhzg/,MOBILE,,0,1,0.0,31.0,page_device,2026-07-27 13:01:33
64148,2026-07-27,2025-06-02,,https://www.advich.com/ggjgszyjcg/,DESKTOP,,0,3,0.0,80.0,page_device,2026-07-27 13:01:33
64149,2026-07-27,2025-06-02,,https://www.advich.com/ggjjzgfxdsjjclyd/,DESKTOP,,0,10,0.0,71.1,page_device,2026-07-27 13:01:33
64150,2026-07-27,2025-06-02,,https://www.advich.com/ggjzyggtzd/,DESKTOP,,0,4,0.0,49.0,page_device,2026-07-27 13:01:33
64151,2026-07-27,2025-06-02,,https://www.advich.com/ggkdljrggd/,DESKTOP,,0,1,0.0,96.0,page_device,2026-07-27 13:01:33
64152,2026-07-27,2025-06-02,,https://www.advich.com/ggrnjydxgg/,DESKTOP,,0,3,0.0,120.33333333333333,page_device,2026-07-27 13:01:33
64153,2026-07-27,2025-06-02,,https://www.advich.com/ggscxlxwzz/,DESKTOP,,0,202,0.0,29.326732673267326,page_device,2026-07-27 13:01:33
64154,2026-07-27,2025-06-02,,https://www.advich.com/ggsgggryyy/,DESKTOP,,0,4,0.0,24.0,page_device,2026-07-27 13:01:33
64155,2026-07-27,2025-06-02,,https://www.advich.com/ggsyhrhrrsrzdh/,DESKTOP,,0,3,0.0,171.0,page_device,2026-07-27 13:01:33
64156,2026-07-27,2025-06-02,,https://www.advich.com/ggtcyggdxk/,DESKTOP,,0,2,0.0,94.0,page_device,2026-07-27 13:01:33
64157,2026-07-27,2025-06-02,,https://www.advich.com/ggtgclrhtgdldwyhndgggg/,DESKTOP,,0,4,0.0,40.0,page_device,2026-07-27 13:01:33
64158,2026-07-27,2025-06-02,,https://www.advich.com/ggtgpggsrh/,DESKTOP,,0,3,0.0,196.0,page_device,2026-07-27 13:01:33
64159,2026-07-27,2025-06-02,,https://www.advich.com/ggtgpggsrm/,DESKTOP,,0,2,0.0,81.5,page_device,2026-07-27 13:01:33
64160,2026-07-27,2025-06-02,,https://www.advich.com/ggtgpjjclg/,DESKTOP,,0,1,0.0,98.0,page_device,2026-07-27 13:01:33
64161,2026-07-27,2025-06-02,,https://www.advich.com/ggtgprhtgb/,DESKTOP,,0,5,0.0,68.8,page_device,2026-07-27 13:01:33
64162,2026-07-27,2025-06-02,,https://www.advich.com/ggtgpyhqdj/,DESKTOP,,0,12,0.0,6.416666666666667,page_device,2026-07-27 13:01:33
64163,2026-07-27,2025-06-02,,https://www.advich.com/ggtgzgcwrn/,DESKTOP,,0,3,0.0,114.33333333333333,page_device,2026-07-27 13:01:33
64164,2026-07-27,2025-06-02,,https://www.advich.com/ggtgzgjqphggsyggstgcl/,DESKTOP,,0,21,0.0,66.47619047619048,page_device,2026-07-27 13:01:33
64165,2026-07-27,2025-06-02,,https://www.advich.com/ggtgzgjqphggsyggstgcl/,MOBILE,,0,1,0.0,51.0,page_device,2026-07-27 13:01:33
64166,2026-07-27,2025-06-02,,https://www.advich.com/ggwdgggggg/,DESKTOP,,0,4,0.0,29.0,page_device,2026-07-27 13:01:33
64167,2026-07-27,2025-06-02,,https://www.advich.com/ggxbtcxdgg/,DESKTOP,,0,13,0.0,53.0,page_device,2026-07-27 13:01:33
64168,2026-07-27,2025-06-02,,https://www.advich.com/ggxbwyyggz/,DESKTOP,,0,97,0.0,4.340206185567011,page_device,2026-07-27 13:01:33
64169,2026-07-27,2025-06-02,,https://www.advich.com/ggxbwyyggz/,MOBILE,,0,4,0.0,3.0,page_device,2026-07-27 13:01:33
64170,2026-07-27,2025-06-02,,https://www.advich.com/ggyycxazgg/,DESKTOP,,0,9,0.0,55.111111111111114,page_device,2026-07-27 13:01:33
64171,2026-07-27,2025-06-02,,https://www.advich.com/ggyycxazgg/,MOBILE,,0,14,0.0,49.214285714285715,page_device,2026-07-27 13:01:33
64172,2026-07-27,2025-06-02,,https://www.advich.com/ggzsgghdzk/,DESKTOP,,0,13,0.0,58.53846153846154,page_device,2026-07-27 13:01:33
64173,2026-07-27,2025-06-02,,https://www.advich.com/ggzsgghdzk/,MOBILE,,0,8,0.0,69.875,page_device,2026-07-27 13:01:33
64174,2026-07-27,2025-06-02,,https://www.advich.com/ggzshdzxyh/,DESKTOP,,0,7,0.0,95.28571428571429,page_device,2026-07-27 13:01:33
64175,2026-07-27,2025-06-02,,https://www.advich.com/gjcghqbxfa/,DESKTOP,,0,15,0.0,63.46666666666667,page_device,2026-07-27 13:01:33
64176,2026-07-27,2025-06-02,,https://www.advich.com/gjcghqbxfa/,MOBILE,,0,2,0.0,67.5,page_device,2026-07-27 13:01:33
64177,2026-07-27,2025-06-02,,https://www.advich.com/gjcsssfrhj/,DESKTOP,,0,1,0.0,56.0,page_device,2026-07-27 13:01:33
64178,2026-07-27,2025-06-02,,https://www.advich.com/gjggggszdw/,DESKTOP,,0,4,0.0,64.25,page_device,2026-07-27 13:01:33
64179,2026-07-27,2025-06-02,,https://www.advich.com/gjggggszdw/,MOBILE,,0,2,0.0,56.0,page_device,2026-07-27 13:01:33
64180,2026-07-27,2025-06-02,,https://www.advich.com/gjtggdygzn/,DESKTOP,,0,1,0.0,56.0,page_device,2026-07-27 13:01:33
64181,2026-07-27,2025-06-02,,https://www.advich.com/glyxcljqgzyl/,DESKTOP,,0,33,0.0,66.39393939393939,page_device,2026-07-27 13:01:33
64182,2026-07-27,2025-06-02,,https://www.advich.com/google-account-can-promote-several-domain-names-at-the-same-time/,DESKTOP,,0,1,0.0,100.0,page_device,2026-07-27 13:01:33
64183,2026-07-27,2025-06-02,,https://www.advich.com/google-ads-account/,DESKTOP,,0,4,0.0,89.75,page_device,2026-07-27 13:01:33
64184,2026-07-27,2025-06-02,,https://www.advich.com/google-ads-tips/,DESKTOP,,0,2,0.0,97.5,page_device,2026-07-27 13:01:33
64185,2026-07-27,2025-06-02,,https://www.advich.com/google-can-promote-different-countries-together/,DESKTOP,,0,1,0.0,99.0,page_device,2026-07-27 13:01:33
64186,2026-07-27,2025-06-02,,https://www.advich.com/google-promotion-rejected/,DESKTOP,,0,6,0.0,60.666666666666664,page_device,2026-07-27 13:01:33
64187,2026-07-27,2025-06-02,,https://www.advich.com/google-promotion-rejected/,MOBILE,,0,10,0.0,52.7,page_device,2026-07-27 13:01:33
64188,2026-07-27,2025-06-02,,https://www.advich.com/google-remarketing/,DESKTOP,,0,4,0.0,77.75,page_device,2026-07-27 13:01:33
64189,2026-07-27,2025-06-02,,https://www.advich.com/google-remarketing/,MOBILE,,0,9,0.0,86.33333333333333,page_device,2026-07-27 13:01:33
64190,2026-07-27,2025-06-02,,https://www.advich.com/google-sem/,MOBILE,,0,2,0.0,97.5,page_device,2026-07-27 13:01:33
64191,2026-07-27,2025-06-02,,https://www.advich.com/google-seo-keyword-layout/,DESKTOP,,0,1,0.0,30.0,page_device,2026-07-27 13:01:33
64192,2026-07-27,2025-06-02,,https://www.advich.com/google-shopping-ads/,DESKTOP,,0,177,0.0,48.15819209039548,page_device,2026-07-27 13:01:33
64193,2026-07-27,2025-06-02,,https://www.advich.com/google-shopping-ads/,MOBILE,,0,25,0.0,79.96,page_device,2026-07-27 13:01:33
64194,2026-07-27,2025-06-02,,https://www.advich.com/googles-seo-ads-are-easy-to-use/,DESKTOP,,0,5,0.0,74.6,page_device,2026-07-27 13:01:33
64195,2026-07-27,2025-06-02,,https://www.advich.com/gqdzngwhbd/,DESKTOP,,0,4,0.0,141.5,page_device,2026-07-27 13:01:33
64196,2026-07-27,2025-06-02,,https://www.advich.com/gsdtslbznk/,DESKTOP,,0,11,0.0,102.27272727272727,page_device,2026-07-27 13:01:33
64197,2026-07-27,2025-06-02,,https://www.advich.com/gsssjxltsl/,DESKTOP,,0,1,0.0,96.0,page_device,2026-07-27 13:01:33
64198,2026-07-27,2025-06-02,,https://www.advich.com/gtm-code/,DESKTOP,,0,5,0.0,89.8,page_device,2026-07-27 13:01:33
64199,2026-07-27,2025-06-02,,https://www.advich.com/gxgnhzjsj/,DESKTOP,,0,1,0.0,42.0,page_device,2026-07-27 13:01:33
64200,2026-07-27,2025-06-02,,https://www.advich.com/gxzsgdybf/,DESKTOP,,0,5,0.0,44.2,page_device,2026-07-27 13:01:33
64201,2026-07-27,2025-06-02,,https://www.advich.com/gycggdzyyx/,DESKTOP,,0,3,0.0,40.333333333333336,page_device,2026-07-27 13:01:33
64202,2026-07-27,2025-06-02,,https://www.advich.com/gycggdzyyx/,MOBILE,,0,2,0.0,47.5,page_device,2026-07-27 13:01:33
64203,2026-07-27,2025-06-02,,https://www.advich.com/gyszfwfadn/,DESKTOP,,0,13,0.0,10.76923076923077,page_device,2026-07-27 13:01:33
64204,2026-07-27,2025-06-02,,https://www.advich.com/gyxjrgwzdn/,DESKTOP,,0,9,0.0,10.0,page_device,2026-07-27 13:01:33
64205,2026-07-27,2025-06-02,,https://www.advich.com/hjyxwmkycy/,DESKTOP,,0,3,0.0,56.333333333333336,page_device,2026-07-27 13:01:33
64206,2026-07-27,2025-06-02,,https://www.advich.com/hjyxwmkycy/,MOBILE,,0,4,0.0,41.0,page_device,2026-07-27 13:01:33
64207,2026-07-27,2025-06-02,,https://www.advich.com/how-much-is-a-google-promotion/,DESKTOP,,0,2,0.0,60.0,page_device,2026-07-27 13:01:33
64208,2026-07-27,2025-06-02,,https://www.advich.com/how-much-is-a-google-promotion/,MOBILE,,0,1,0.0,86.0,page_device,2026-07-27 13:01:33
64209,2026-07-27,2025-06-02,,https://www.advich.com/how-much-is-google-promotion-for-foreign-trade-enterprises-a-year/,DESKTOP,,0,1,0.0,63.0,page_device,2026-07-27 13:01:33
64210,2026-07-27,2025-06-02,,https://www.advich.com/how-to-choose-an-independent-station-to-collect-money/,DESKTOP,,0,46,0.0,72.28260869565217,page_device,2026-07-27 13:01:33
64211,2026-07-27,2025-06-02,,https://www.advich.com/how-to-choose-an-independent-station-to-collect-money/,MOBILE,,0,1,0.0,81.0,page_device,2026-07-27 13:01:33
64212,2026-07-27,2025-06-02,,https://www.advich.com/how-to-convert-facebooks-overseas-social-media-traffic/,DESKTOP,,0,1,0.0,73.0,page_device,2026-07-27 13:01:33
64213,2026-07-27,2025-06-02,,https://www.advich.com/how-to-promote-facebook/,DESKTOP,,0,2,0.0,55.0,page_device,2026-07-27 13:01:33
64214,2026-07-27,2025-06-02,,https://www.advich.com/hqggggrzdf/,DESKTOP,,0,20,0.0,49.3,page_device,2026-07-27 13:01:33
64215,2026-07-27,2025-06-02,,https://www.advich.com/hqggggrzdf/,MOBILE,,0,2,0.0,18.0,page_device,2026-07-27 13:01:33
64216,2026-07-27,2025-06-02,,https://www.advich.com/increasing-fans-of-overseas-social-media/,DESKTOP,,0,7,0.0,27.857142857142858,page_device,2026-07-27 13:01:33
64217,2026-07-27,2025-06-02,,https://www.advich.com/increasing-fans-of-overseas-social-media/,MOBILE,,0,2,0.0,46.5,page_device,2026-07-27 13:01:33
64218,2026-07-27,2025-06-02,,https://www.advich.com/independent-station-external-chain/,DESKTOP,,0,10,0.0,22.8,page_device,2026-07-27 13:01:33
64219,2026-07-27,2025-06-02,,https://www.advich.com/independent-station-how-to-google-promotion/,DESKTOP,,0,4,0.0,74.5,page_device,2026-07-27 13:01:33
64220,2026-07-27,2025-06-02,,https://www.advich.com/independent-station-how-to-google-promotion/,MOBILE,,0,3,0.0,75.66666666666667,page_device,2026-07-27 13:01:33
64221,2026-07-27,2025-06-02,,https://www.advich.com/independent-station-promotion/,DESKTOP,,0,4,0.0,85.25,page_device,2026-07-27 13:01:33
64222,2026-07-27,2025-06-02,,https://www.advich.com/independent-station-selection/,DESKTOP,,0,12,0.0,46.166666666666664,page_device,2026-07-27 13:01:33
64223,2026-07-27,2025-06-02,,https://www.advich.com/independent-station-selection/,MOBILE,,0,1,0.0,42.0,page_device,2026-07-27 13:01:33
64224,2026-07-27,2025-06-02,,https://www.advich.com/independent-station-selling-goods/,DESKTOP,,0,4,0.0,71.25,page_device,2026-07-27 13:01:33
64225,2026-07-27,2025-06-02,,https://www.advich.com/independent-station-skills/,DESKTOP,,0,2,0.0,39.0,page_device,2026-07-27 13:01:33
64226,2026-07-27,2025-06-02,,https://www.advich.com/integrated-marketing-ecology/,DESKTOP,,0,4,0.0,9.5,page_device,2026-07-27 13:01:33
64227,2026-07-27,2025-06-02,,https://www.advich.com/integrated-marketing-ecology/,MOBILE,,0,1,0.0,11.0,page_device,2026-07-27 13:01:33
64228,2026-07-27,2025-06-02,,https://www.advich.com/integrated-marketing-era-what-can-overseas-digital-marketing-bring-us/,DESKTOP,,0,30,0.0,14.266666666666667,page_device,2026-07-27 13:01:33
64229,2026-07-27,2025-06-02,,https://www.advich.com/integrated-marketing-era-what-can-overseas-digital-marketing-bring-us/,MOBILE,,0,1,0.0,17.0,page_device,2026-07-27 13:01:33
64230,2026-07-27,2025-06-02,,https://www.advich.com/integrated-marketing-platform/,DESKTOP,,0,3,0.0,48.333333333333336,page_device,2026-07-27 13:01:33
64231,2026-07-27,2025-06-02,,https://www.advich.com/integrated-marketing-requirements/,DESKTOP,,0,1,0.0,12.0,page_device,2026-07-27 13:01:33
64232,2026-07-27,2025-06-02,,https://www.advich.com/jiangsu-google-seo-optimization/,DESKTOP,,0,26,0.0,83.1923076923077,page_device,2026-07-27 13:01:33
64233,2026-07-27,2025-06-02,,https://www.advich.com/jljbgxyzgg/,DESKTOP,,0,5,0.0,63.8,page_device,2026-07-27 13:01:33
64234,2026-07-27,2025-06-02,,https://www.advich.com/jlygcsdggg/,DESKTOP,,0,5,0.0,30.6,page_device,2026-07-27 13:01:33
64235,2026-07-27,2025-06-02,,https://www.advich.com/jssymqbssm/,DESKTOP,,0,4,0.0,35.0,page_device,2026-07-27 13:01:33
64236,2026-07-27,2025-06-02,,https://www.advich.com/jtydthfggy/,DESKTOP,,0,4,0.0,86.75,page_device,2026-07-27 13:01:33
64237,2026-07-27,2025-06-02,,https://www.advich.com/jtydthfggy/,MOBILE,,0,3,0.0,81.0,page_device,2026-07-27 13:01:33
64238,2026-07-27,2025-06-02,,https://www.advich.com/jxggsljxgg/,DESKTOP,,0,4,0.0,95.25,page_device,2026-07-27 13:01:33
64239,2026-07-27,2025-06-02,,https://www.advich.com/jycynzggxs/,DESKTOP,,0,3,0.0,65.0,page_device,2026-07-27 13:01:33
64240,2026-07-27,2025-06-02,,https://www.advich.com/key-points-linkedin-integrated-marketing-solutions/,DESKTOP,,0,1,0.0,29.0,page_device,2026-07-27 13:01:33
64241,2026-07-27,2025-06-02,,https://www.advich.com/khxfjsszjx/,DESKTOP,,0,9,0.0,55.333333333333336,page_device,2026-07-27 13:01:33
64242,2026-07-27,2025-06-02,,https://www.advich.com/khxfjsszjx/,MOBILE,,0,7,0.0,49.0,page_device,2026-07-27 13:01:33
64243,2026-07-27,2025-06-02,,https://www.advich.com/ksdycpgghd/,DESKTOP,,0,24,0.0,68.45833333333333,page_device,2026-07-27 13:01:33
64244,2026-07-27,2025-06-02,,https://www.advich.com/ksdycpgghd/,MOBILE,,0,1,0.0,45.0,page_device,2026-07-27 13:01:33
64245,2026-07-27,2025-06-02,,https://www.advich.com/kygjcdqqkq/,DESKTOP,,0,3,0.0,164.0,page_device,2026-07-27 13:01:33
64246,2026-07-27,2025-06-02,,https://www.advich.com/linkedin-2/,DESKTOP,,0,8,0.0,55.625,page_device,2026-07-27 13:01:33
64247,2026-07-27,2025-06-02,,https://www.advich.com/linkedin-2/,MOBILE,,0,3,0.0,56.333333333333336,page_device,2026-07-27 13:01:33
64248,2026-07-27,2025-06-02,,https://www.advich.com/linkedin-account-registration/,DESKTOP,,0,9,0.0,47.666666666666664,page_device,2026-07-27 13:01:33
64249,2026-07-27,2025-06-02,,https://www.advich.com/linkedin-account-registration/,MOBILE,,0,1,0.0,16.0,page_device,2026-07-27 13:01:33
64250,2026-07-27,2025-06-02,,https://www.advich.com/linkedin-promotion/,DESKTOP,,0,1,0.0,94.0,page_device,2026-07-27 13:01:33
64251,2026-07-27,2025-06-02,,https://www.advich.com/linkedin-promotion/,MOBILE,,0,3,0.0,85.0,page_device,2026-07-27 13:01:33
64252,2026-07-27,2025-06-02,,https://www.advich.com/ljcpsmzqgl/,DESKTOP,,0,19,0.0,54.05263157894737,page_device,2026-07-27 13:01:33
64253,2026-07-27,2025-06-02,,https://www.advich.com/ljpkytjsms/,DESKTOP,,0,3,0.0,73.33333333333333,page_device,2026-07-27 13:01:33
64254,2026-07-27,2025-06-02,,https://www.advich.com/ljrhzezcjx/,DESKTOP,,0,16,0.0,36.8125,page_device,2026-07-27 13:01:33
64255,2026-07-27,2025-06-02,,https://www.advich.com/lyfxggkdnd/,DESKTOP,,0,3,0.0,61.0,page_device,2026-07-27 13:01:33
64256,2026-07-27,2025-06-02,,https://www.advich.com/mcdjdlrtss/,DESKTOP,,0,11,0.0,29.272727272727273,page_device,2026-07-27 13:01:33
64257,2026-07-27,2025-06-02,,https://www.advich.com/mddyggggbp/,DESKTOP,,0,6,0.0,49.666666666666664,page_device,2026-07-27 13:01:33
64258,2026-07-27,2025-06-02,,https://www.advich.com/mddyggggbp/,MOBILE,,0,11,0.0,46.72727272727273,page_device,2026-07-27 13:01:33
64259,2026-07-27,2025-06-02,,https://www.advich.com/mdszhldwzz/,DESKTOP,,0,2,0.0,66.5,page_device,2026-07-27 13:01:33
64260,2026-07-27,2025-06-02,,https://www.advich.com/mgggzydsgg/,DESKTOP,,0,11,0.0,70.0,page_device,2026-07-27 13:01:33
64261,2026-07-27,2025-06-02,,https://www.advich.com/mggzdhggsz/,DESKTOP,,0,96,0.0,59.020833333333336,page_device,2026-07-27 13:01:33
64262,2026-07-27,2025-06-02,,https://www.advich.com/mggzdhggsz/,MOBILE,,0,7,0.0,54.714285714285715,page_device,2026-07-27 13:01:33
64263,2026-07-27,2025-06-02,,https://www.advich.com/mjjslxmjjs/,DESKTOP,,0,3,0.0,62.0,page_device,2026-07-27 13:01:33
64264,2026-07-27,2025-06-02,,https://www.advich.com/must-google-promote-independent-stations/,DESKTOP,,0,4,0.0,78.0,page_device,2026-07-27 13:01:33
64265,2026-07-27,2025-06-02,,https://www.advich.com/mxbycpfbhg/,DESKTOP,,0,1,0.0,60.0,page_device,2026-07-27 13:01:33
64266,2026-07-27,2025-06-02,,https://www.advich.com/mxcxzdfggc/,DESKTOP,,0,3,0.0,125.33333333333333,page_device,2026-07-27 13:01:33
64267,2026-07-27,2025-06-02,,https://www.advich.com/mxcxzdtggc/,DESKTOP,,0,31,0.0,79.48387096774194,page_device,2026-07-27 13:01:33
64268,2026-07-27,2025-06-02,,https://www.advich.com/mxcxzdtggc/,MOBILE,,0,1,0.0,52.0,page_device,2026-07-27 13:01:33
64269,2026-07-27,2025-06-02,,https://www.advich.com/myggggcxdm/,DESKTOP,,0,13,0.0,23.0,page_device,2026-07-27 13:01:33
64270,2026-07-27,2025-06-02,,https://www.advich.com/myggggcxdm/,MOBILE,,0,4,0.0,12.75,page_device,2026-07-27 13:01:33
64271,2026-07-27,2025-06-02,,https://www.advich.com/nbxcsdqzsj/,DESKTOP,,0,2,0.0,62.0,page_device,2026-07-27 13:01:33
64272,2026-07-27,2025-06-02,,https://www.advich.com/nbxcsdqzyw/,DESKTOP,,0,7,0.0,112.0,page_device,2026-07-27 13:01:33
64273,2026-07-27,2025-06-02,,https://www.advich.com/nbyxzlsl/,DESKTOP,,0,1,0.0,13.0,page_device,2026-07-27 13:01:33
64274,2026-07-27,2025-06-02,,https://www.advich.com/ndsjgsdqzg/,DESKTOP,,0,147,0.0,51.183673469387756,page_device,2026-07-27 13:01:33
64275,2026-07-27,2025-06-02,,https://www.advich.com/ndsjgsdqzg/,MOBILE,,0,12,0.0,56.5,page_device,2026-07-27 13:01:33
64276,2026-07-27,2025-06-02,,https://www.advich.com/new-knowledge-of-overseas-social-media-drainage-come-on-up/,DESKTOP,,0,7,0.0,25.285714285714285,page_device,2026-07-27 13:01:33
64277,2026-07-27,2025-06-02,,https://www.advich.com/news/,DESKTOP,,0,6,0.0,74.0,page_device,2026-07-27 13:01:33
64278,2026-07-27,2025-06-02,,https://www.advich.com/news/4/,DESKTOP,,0,13,0.0,82.3076923076923,page_device,2026-07-27 13:01:33
64279,2026-07-27,2025-06-02,,https://www.advich.com/nggggdgcwk/,DESKTOP,,0,3,0.0,130.33333333333334,page_device,2026-07-27 13:01:33
64280,2026-07-27,2025-06-02,,https://www.advich.com/nkylyszdwx/,DESKTOP,,0,4,0.0,68.75,page_device,2026-07-27 13:01:33
64281,2026-07-27,2025-06-02,,https://www.advich.com/nkylyszdwx/,MOBILE,,0,1,0.0,78.0,page_device,2026-07-27 13:01:33
64282,2026-07-27,2025-06-02,,https://www.advich.com/nnzddcdsxr/,DESKTOP,,0,35,0.0,57.885714285714286,page_device,2026-07-27 13:01:33
64283,2026-07-27,2025-06-02,,https://www.advich.com/npdzzbfs/,DESKTOP,,0,3,0.0,181.0,page_device,2026-07-27 13:01:33
64284,2026-07-27,2025-06-02,,https://www.advich.com/nrhcjhhfgg/,DESKTOP,,0,6,0.0,39.0,page_device,2026-07-27 13:01:33
64285,2026-07-27,2025-06-02,,https://www.advich.com/nrhcjhhfgg/,MOBILE,,0,1,0.0,50.0,page_device,2026-07-27 13:01:33
64286,2026-07-27,2025-06-02,,https://www.advich.com/nsydsdzjjm/,DESKTOP,,0,5,0.0,145.8,page_device,2026-07-27 13:01:33
64287,2026-07-27,2025-06-02,,https://www.advich.com/nsydsdzjjm/,MOBILE,,0,54,0.0,77.42592592592592,page_device,2026-07-27 13:01:33
64288,2026-07-27,2025-06-02,,https://www.advich.com/nszyxzsjmt/,DESKTOP,,0,20,0.0,86.0,page_device,2026-07-27 13:01:33
64289,2026-07-27,2025-06-02,,https://www.advich.com/nwfycnsfzx/,DESKTOP,,0,6,0.0,117.5,page_device,2026-07-27 13:01:33
64290,2026-07-27,2025-06-02,,https://www.advich.com/nxzddgyggg/,DESKTOP,,0,22,0.0,76.18181818181819,page_device,2026-07-27 13:01:33
64291,2026-07-27,2025-06-02,,https://www.advich.com/nxzddgyggg/,MOBILE,,0,1,0.0,60.0,page_device,2026-07-27 13:01:33
64292,2026-07-27,2025-06-02,,https://www.advich.com/nygsygggga/,DESKTOP,,0,15,0.0,11.0,page_device,2026-07-27 13:01:33
64293,2026-07-27,2025-06-02,,https://www.advich.com/nzjggtgpzd/,DESKTOP,,0,1,0.0,91.0,page_device,2026-07-27 13:01:33
64294,2026-07-27,2025-06-02,,https://www.advich.com/nzjggtgpzd/,MOBILE,,0,1,0.0,75.0,page_device,2026-07-27 13:01:33
64295,2026-07-27,2025-06-02,,https://www.advich.com/nzjsscbg/,DESKTOP,,0,1,0.0,76.0,page_device,2026-07-27 13:01:33
64296,2026-07-27,2025-06-02,,https://www.advich.com/nzjyycxxzd/,DESKTOP,,0,4,0.0,160.25,page_device,2026-07-27 13:01:33
64297,2026-07-27,2025-06-02,,https://www.advich.com/nzlxdzdjjc-2/,DESKTOP,,0,1,0.0,89.0,page_device,2026-07-27 13:01:33
64298,2026-07-27,2025-06-02,,https://www.advich.com/overseas-independent-station/,DESKTOP,,0,1,0.0,86.0,page_device,2026-07-27 13:01:33
64299,2026-07-27,2025-06-02,,https://www.advich.com/overseas-integrated-marketing/,DESKTOP,,0,3,0.0,31.666666666666668,page_device,2026-07-27 13:01:33
64300,2026-07-27,2025-06-02,,https://www.advich.com/overseas-social-media-platform/,DESKTOP,,0,1,0.0,56.0,page_device,2026-07-27 13:01:33
64301,2026-07-27,2025-06-02,,https://www.advich.com/oyktmssmws/,DESKTOP,,0,3,0.0,150.33333333333334,page_device,2026-07-27 13:01:33
64302,2026-07-27,2025-06-02,,https://www.advich.com/p7659/,DESKTOP,,0,28,0.0,45.07142857142857,page_device,2026-07-27 13:01:33
64303,2026-07-27,2025-06-02,,https://www.advich.com/paid-advertising/,DESKTOP,,0,6,0.0,93.5,page_device,2026-07-27 13:01:33
64304,2026-07-27,2025-06-02,,https://www.advich.com/pggdzjzngg/,MOBILE,,0,2,0.0,18.0,page_device,2026-07-27 13:01:33
64305,2026-07-27,2025-06-02,,https://www.advich.com/pjcypjcbrh/,DESKTOP,,0,45,0.0,15.777777777777779,page_device,2026-07-27 13:01:33
64306,2026-07-27,2025-06-02,,https://www.advich.com/pjcypjcbrh/,MOBILE,,0,1,0.0,42.0,page_device,2026-07-27 13:01:33
64307,2026-07-27,2025-06-02,,https://www.advich.com/pltfxdyhcl/,DESKTOP,,0,2,0.0,47.5,page_device,2026-07-27 13:01:33
64308,2026-07-27,2025-06-02,,https://www.advich.com/pltrhzzplt/,DESKTOP,,0,3,0.0,79.33333333333333,page_device,2026-07-27 13:01:33
64309,2026-07-27,2025-06-02,,https://www.advich.com/pmssmspyxm/,DESKTOP,,0,13,0.0,21.76923076923077,page_device,2026-07-27 13:01:33
64310,2026-07-27,2025-06-02,,https://www.advich.com/popular-products/,DESKTOP,,0,1,0.0,82.0,page_device,2026-07-27 13:01:33
64311,2026-07-27,2025-06-02,,https://www.advich.com/ppzmdkggtg/,DESKTOP,,0,2,0.0,90.0,page_device,2026-07-27 13:01:33
64312,2026-07-27,2025-06-02,,https://www.advich.com/product-promotion/,DESKTOP,,0,6,0.0,66.33333333333333,page_device,2026-07-27 13:01:33
64313,2026-07-27,2025-06-02,,https://www.advich.com/promotion-skills-of-fb-group/,DESKTOP,,0,13,0.0,91.53846153846153,page_device,2026-07-27 13:01:33
64314,2026-07-27,2025-06-02,,https://www.advich.com/pszclmbdwy/,DESKTOP,,0,3,0.0,117.33333333333333,page_device,2026-07-27 13:01:33
64315,2026-07-27,2025-06-02,,https://www.advich.com/qggjetbjqc/,DESKTOP,,0,12,0.0,49.416666666666664,page_device,2026-07-27 13:01:33
64316,2026-07-27,2025-06-02,,https://www.advich.com/qzkhkfggrh/,DESKTOP,,0,2,0.0,114.0,page_device,2026-07-27 13:01:33
64317,2026-07-27,2025-06-02,,https://www.advich.com/qzkhkfyqzk/,DESKTOP,,0,3,0.0,53.0,page_device,2026-07-27 13:01:33
64318,2026-07-27,2025-06-02,,https://www.advich.com/rggrmnxyzd/,DESKTOP,,0,11,0.0,56.81818181818182,page_device,2026-07-27 13:01:33
64319,2026-07-27,2025-06-02,,https://www.advich.com/rhcjg/,DESKTOP,,0,1,0.0,10.0,page_device,2026-07-27 13:01:33
64320,2026-07-27,2025-06-02,,https://www.advich.com/rhcjggtgph/,DESKTOP,,0,3,0.0,151.33333333333334,page_device,2026-07-27 13:01:33
64321,2026-07-27,2025-06-02,,https://www.advich.com/rhcjgzhtzb/,DESKTOP,,0,1,0.0,35.0,page_device,2026-07-27 13:01:33
64322,2026-07-27,2025-06-02,,https://www.advich.com/rhcjgzhtzb/,MOBILE,,0,1,0.0,35.0,page_device,2026-07-27 13:01:33
64323,2026-07-27,2025-06-02,,https://www.advich.com/rhcjzjgggw/,DESKTOP,,0,19,0.0,65.3157894736842,page_device,2026-07-27 13:01:33
64324,2026-07-27,2025-06-02,,https://www.advich.com/rhcndggggz/,DESKTOP,,0,3,0.0,118.33333333333333,page_device,2026-07-27 13:01:33
64325,2026-07-27,2025-06-02,,https://www.advich.com/rhcqtrdttl/,MOBILE,,0,5,0.0,10.4,page_device,2026-07-27 13:01:33
64326,2026-07-27,2025-06-02,,https://www.advich.com/rhcqtrdttl/,TABLET,,0,3,0.0,10.666666666666666,page_device,2026-07-27 13:01:33
64327,2026-07-27,2025-06-02,,https://www.advich.com/rhddcjgjxg/,DESKTOP,,0,1,0.0,93.0,page_device,2026-07-27 13:01:33
64328,2026-07-27,2025-06-02,,https://www.advich.com/rhfxmhgzdl/,DESKTOP,,0,25,0.0,17.76,page_device,2026-07-27 13:01:33
64329,2026-07-27,2025-06-02,,https://www.advich.com/rhfxmhgzdl/,MOBILE,,0,4,0.0,6.0,page_device,2026-07-27 13:01:33
64330,2026-07-27,2025-06-02,,https://www.advich.com/rhgbggggzd/,DESKTOP,,0,4,0.0,27.0,page_device,2026-07-27 13:01:33
64331,2026-07-27,2025-06-02,,https://www.advich.com/rhggggggzd/,DESKTOP,,0,1,0.0,21.0,page_device,2026-07-27 13:01:33
64332,2026-07-27,2025-06-02,,https://www.advich.com/rhgzggctgg/,DESKTOP,,0,15,0.0,16.0,page_device,2026-07-27 13:01:33
64333,2026-07-27,2025-06-02,,https://www.advich.com/rhhlzxywdk/,DESKTOP,,0,2,0.0,56.5,page_device,2026-07-27 13:01:33
64334,2026-07-27,2025-06-02,,https://www.advich.com/rhhzsyztxy/,DESKTOP,,0,9,0.0,92.0,page_device,2026-07-27 13:01:33
64335,2026-07-27,2025-06-02,,https://www.advich.com/rhjcggsdgj/,DESKTOP,,0,133,0.0,64.99248120300751,page_device,2026-07-27 13:01:33
64336,2026-07-27,2025-06-02,,https://www.advich.com/rhjcggsdgj/,MOBILE,,0,48,0.0,59.5625,page_device,2026-07-27 13:01:33
64337,2026-07-27,2025-06-02,,https://www.advich.com/rhjdcggggz/,DESKTOP,,0,3,0.0,85.33333333333333,page_device,2026-07-27 13:01:33
64338,2026-07-27,2025-06-02,,https://www.advich.com/rhjdmcdjdp/,DESKTOP,,0,4,0.0,34.0,page_device,2026-07-27 13:01:33
64339,2026-07-27,2025-06-02,,https://www.advich.com/rhjrbstcdg/,DESKTOP,,0,5,0.0,59.6,page_device,2026-07-27 13:01:33
64340,2026-07-27,2025-06-02,,https://www.advich.com/rhjrbstcdg/,MOBILE,,0,3,0.0,17.333333333333332,page_device,2026-07-27 13:01:33
64341,2026-07-27,2025-06-02,,https://www.advich.com/rhjscbhjqb/,DESKTOP,,0,4,0.0,43.0,page_device,2026-07-27 13:01:33
64342,2026-07-27,2025-06-02,,https://www.advich.com/rhjxjmtfxj/,MOBILE,,0,1,0.0,77.0,page_device,2026-07-27 13:01:33
64343,2026-07-27,2025-06-02,,https://www.advich.com/rhjxkhjzfx/,DESKTOP,,0,23,0.0,69.52173913043478,page_device,2026-07-27 13:01:33
64344,2026-07-27,2025-06-02,,https://www.advich.com/rhkshdwzll/,DESKTOP,,0,5,0.0,64.8,page_device,2026-07-27 13:01:33
64345,2026-07-27,2025-06-02,,https://www.advich.com/rhkssygzds/,DESKTOP,,0,7,0.0,65.42857142857143,page_device,2026-07-27 13:01:33
64346,2026-07-27,2025-06-02,,https://www.advich.com/rhlyggqzkh/,DESKTOP,,0,4,0.0,50.0,page_device,2026-07-27 13:01:33
64347,2026-07-27,2025-06-02,,https://www.advich.com/rhqdhlcggg/,DESKTOP,,0,6,0.0,74.33333333333333,page_device,2026-07-27 13:01:33
64348,2026-07-27,2025-06-02,,https://www.advich.com/rhqdnddygg/,MOBILE,,0,2,0.0,74.5,page_device,2026-07-27 13:01:33
64349,2026-07-27,2025-06-02,,https://www.advich.com/rhqsgzkhmy/,DESKTOP,,0,27,0.0,34.148148148148145,page_device,2026-07-27 13:01:33
64350,2026-07-27,2025-06-02,,https://www.advich.com/rhrdljgfwg/,DESKTOP,,0,3,0.0,70.0,page_device,2026-07-27 13:01:33
64351,2026-07-27,2025-06-02,,https://www.advich.com/rhrndqycxz/,DESKTOP,,0,21,0.0,61.666666666666664,page_device,2026-07-27 13:01:33
64352,2026-07-27,2025-06-02,,https://www.advich.com/rhsxsjkshg/,DESKTOP,,0,3,0.0,108.66666666666667,page_device,2026-07-27 13:01:33
64353,2026-07-27,2025-06-02,,https://www.advich.com/rhsycjsghd/,DESKTOP,,0,3,0.0,79.33333333333333,page_device,2026-07-27 13:01:33
64354,2026-07-27,2025-06-02,,https://www.advich.com/rhsycyscqj/,DESKTOP,,0,9,0.0,57.666666666666664,page_device,2026-07-27 13:01:33
64355,2026-07-27,2025-06-02,,https://www.advich.com/rhsycyscqj/,MOBILE,,0,61,0.0,42.459016393442624,page_device,2026-07-27 13:01:33
64356,2026-07-27,2025-06-02,,https://www.advich.com/rhsyfggkjx/,DESKTOP,,0,1,0.0,28.0,page_device,2026-07-27 13:01:33
64357,2026-07-27,2025-06-02,,https://www.advich.com/rhsyfggkjx/,MOBILE,,0,1,0.0,45.0,page_device,2026-07-27 13:01:33
64358,2026-07-27,2025-06-02,,https://www.advich.com/rhsyggbzkz/,DESKTOP,,0,3,0.0,115.33333333333333,page_device,2026-07-27 13:01:33
64359,2026-07-27,2025-06-02,,https://www.advich.com/rhsyggggtb/,DESKTOP,,0,4,0.0,118.75,page_device,2026-07-27 13:01:33
64360,2026-07-27,2025-06-02,,https://www.advich.com/rhsyggggtb/,MOBILE,,0,1,0.0,43.0,page_device,2026-07-27 13:01:33
64361,2026-07-27,2025-06-02,,https://www.advich.com/rhsyggjzyc/,DESKTOP,,0,18,0.0,62.611111111111114,page_device,2026-07-27 13:01:33
64362,2026-07-27,2025-06-02,,https://www.advich.com/rhsyggjzyc/,MOBILE,,0,5,0.0,73.4,page_device,2026-07-27 13:01:33
64363,2026-07-27,2025-06-02,,https://www.advich.com/rhsyggsskz/,DESKTOP,,0,42,0.0,42.38095238095238,page_device,2026-07-27 13:01:33
64364,2026-07-27,2025-06-02,,https://www.advich.com/rhsypmdclb/,DESKTOP,,0,6,0.0,99.16666666666667,page_device,2026-07-27 13:01:33
64365,2026-07-27,2025-06-02,,https://www.advich.com/rhsysjkshf/,DESKTOP,,0,28,0.0,87.39285714285714,page_device,2026-07-27 13:01:33
64366,2026-07-27,2025-06-02,,https://www.advich.com/rhsyxysxsg/,DESKTOP,,0,1,0.0,35.0,page_device,2026-07-27 13:01:33
64367,2026-07-27,2025-06-02,,https://www.advich.com/rhsyyspscq/,DESKTOP,,0,3,0.0,96.66666666666667,page_device,2026-07-27 13:01:33
64368,2026-07-27,2025-06-02,,https://www.advich.com/rhszgbqglq/,DESKTOP,,0,1,0.0,78.0,page_device,2026-07-27 13:01:33
64369,2026-07-27,2025-06-02,,https://www.advich.com/rhszgggwgg/,DESKTOP,,0,223,0.0,44.600896860986545,page_device,2026-07-27 13:01:33
64370,2026-07-27,2025-06-02,,https://www.advich.com/rhszgggwgg/,MOBILE,,0,17,0.0,55.588235294117645,page_device,2026-07-27 13:01:33
64371,2026-07-27,2025-06-02,,https://www.advich.com/rhszhyhggf/,DESKTOP,,0,4,0.0,76.25,page_device,2026-07-27 13:01:33
64372,2026-07-27,2025-06-02,,https://www.advich.com/rhszhyhggf/,MOBILE,,0,1,0.0,77.0,page_device,2026-07-27 13:01:33
64373,2026-07-27,2025-06-02,,https://www.advich.com/rhtgggggdz/,DESKTOP,,0,3,0.0,89.66666666666667,page_device,2026-07-27 13:01:33
64374,2026-07-27,2025-06-02,,https://www.advich.com/rhtgggggtg/,DESKTOP,,0,6,0.0,73.16666666666667,page_device,2026-07-27 13:01:33
64375,2026-07-27,2025-06-02,,https://www.advich.com/rhtgljsmxl/,DESKTOP,,0,21,0.0,87.61904761904762,page_device,2026-07-27 13:01:33
64376,2026-07-27,2025-06-02,,https://www.advich.com/rhtgxsxszl/,DESKTOP,,0,3,0.0,128.33333333333331,page_device,2026-07-27 13:01:33
64377,2026-07-27,2025-06-02,,https://www.advich.com/rhtgyggscl/,DESKTOP,,0,4,0.0,62.75,page_device,2026-07-27 13:01:33
64378,2026-07-27,2025-06-02,,https://www.advich.com/rhtjewjcxl/,DESKTOP,,0,94,0.0,4.0,page_device,2026-07-27 13:01:33
64379,2026-07-27,2025-06-02,,https://www.advich.com/rhtjewjcxl/,MOBILE,,0,4,0.0,4.0,page_device,2026-07-27 13:01:33
64380,2026-07-27,2025-06-02,,https://www.advich.com/rhwggggxzz/,DESKTOP,,0,232,0.0,49.69396551724138,page_device,2026-07-27 13:01:33
64381,2026-07-27,2025-06-02,,https://www.advich.com/rhwggggxzz/,MOBILE,,0,43,0.0,48.02325581395349,page_device,2026-07-27 13:01:33
64382,2026-07-27,2025-06-02,,https://www.advich.com/rhwkhyxggg/,DESKTOP,,0,4,0.0,22.0,page_device,2026-07-27 13:01:33
64383,2026-07-27,2025-06-02,,https://www.advich.com/rhxdyycjw/,DESKTOP,,0,4,0.0,132.0,page_device,2026-07-27 13:01:33
64384,2026-07-27,2025-06-02,,https://www.advich.com/rhxdyycjw/,MOBILE,,0,18,0.0,38.94444444444444,page_device,2026-07-27 13:01:33
64385,2026-07-27,2025-06-02,,https://www.advich.com/rhyhggtgph/,DESKTOP,,0,3,0.0,47.333333333333336,page_device,2026-07-27 13:01:33
64386,2026-07-27,2025-06-02,,https://www.advich.com/rhyhggtgph/,MOBILE,,0,1,0.0,43.0,page_device,2026-07-27 13:01:33
64387,2026-07-27,2025-06-02,,https://www.advich.com/rhzcggtgpg/,DESKTOP,,0,3,0.0,154.33333333333334,page_device,2026-07-27 13:01:33
64388,2026-07-27,2025-06-02,,https://www.advich.com/rhzdhggggd/,DESKTOP,,0,3,0.0,158.33333333333334,page_device,2026-07-27 13:01:33
64389,2026-07-27,2025-06-02,,https://www.advich.com/rhzdhggzng/,DESKTOP,,0,34,0.0,50.55882352941177,page_device,2026-07-27 13:01:33
64390,2026-07-27,2025-06-02,,https://www.advich.com/rhzdhggzng/,MOBILE,,0,7,0.0,59.42857142857143,page_device,2026-07-27 13:01:33
64391,2026-07-27,2025-06-02,,https://www.advich.com/rhzedzbgzc/,MOBILE,,0,6,0.0,14.166666666666666,page_device,2026-07-27 13:01:33
64392,2026-07-27,2025-06-02,,https://www.advich.com/rhzezcjdjm/,MOBILE,,0,2,0.0,34.0,page_device,2026-07-27 13:01:33
64393,2026-07-27,2025-06-02,,https://www.advich.com/rhzezcjrct/,DESKTOP,,0,31,0.0,68.0,page_device,2026-07-27 13:01:33
64394,2026-07-27,2025-06-02,,https://www.advich.com/rhzezcjrct/,MOBILE,,0,4,0.0,56.0,page_device,2026-07-27 13:01:33
64395,2026-07-27,2025-06-02,,https://www.advich.com/rhzezcjxsl/,DESKTOP,,0,5,0.0,48.8,page_device,2026-07-27 13:01:33
64396,2026-07-27,2025-06-02,,https://www.advich.com/rhzezfxsjk/,DESKTOP,,0,23,0.0,62.65217391304348,page_device,2026-07-27 13:01:33
64397,2026-07-27,2025-06-02,,https://www.advich.com/rhzezhzjyl/,DESKTOP,,0,46,0.0,14.521739130434783,page_device,2026-07-27 13:01:33
64398,2026-07-27,2025-06-02,,https://www.advich.com/rhzezhzjyl/,MOBILE,,0,3,0.0,27.666666666666668,page_device,2026-07-27 13:01:33
64399,2026-07-27,2025-06-02,,https://www.advich.com/rhzezylzsj/,DESKTOP,,0,1,0.0,29.0,page_device,2026-07-27 13:01:33
64400,2026-07-27,2025-06-02,,https://www.advich.com/rhzezzzszt/,DESKTOP,,0,211,0.0,75.65876777251185,page_device,2026-07-27 13:01:33
64401,2026-07-27,2025-06-02,,https://www.advich.com/rhzezzzszt/,TABLET,,0,2,0.0,7.0,page_device,2026-07-27 13:01:33
64402,2026-07-27,2025-06-02,,https://www.advich.com/rhzghgzgzs/,DESKTOP,,0,3,0.0,145.33333333333334,page_device,2026-07-27 13:01:33
64403,2026-07-27,2025-06-02,,https://www.advich.com/rhzgssyatx/,DESKTOP,,0,3,0.0,33.0,page_device,2026-07-27 13:01:33
64404,2026-07-27,2025-06-02,,https://www.advich.com/rhzgzcjldt/,DESKTOP,,0,1,0.0,66.0,page_device,2026-07-27 13:01:33
64405,2026-07-27,2025-06-02,,https://www.advich.com/rhzgzcjldt/,MOBILE,,0,3,0.0,53.333333333333336,page_device,2026-07-27 13:01:33
64406,2026-07-27,2025-06-02,,https://www.advich.com/rhzgzcjptf/,DESKTOP,,0,1,0.0,46.0,page_device,2026-07-27 13:01:33
64407,2026-07-27,2025-06-02,,https://www.advich.com/rhzgzcjzdy/,DESKTOP,,0,58,0.0,53.10344827586207,page_device,2026-07-27 13:01:33
64408,2026-07-27,2025-06-02,,https://www.advich.com/rhzgzcjzdy/,MOBILE,,0,9,0.0,53.666666666666664,page_device,2026-07-27 13:01:33
64409,2026-07-27,2025-06-02,,https://www.advich.com/rhzgzgjfgg/,DESKTOP,,0,3,0.0,104.66666666666667,page_device,2026-07-27 13:01:33
64410,2026-07-27,2025-06-02,,https://www.advich.com/rhzgzhzpt/,DESKTOP,,0,19,0.0,69.73684210526316,page_device,2026-07-27 13:01:33
64411,2026-07-27,2025-06-02,,https://www.advich.com/rhzgzhzpt/,MOBILE,,0,2,0.0,51.0,page_device,2026-07-27 13:01:33
64412,2026-07-27,2025-06-02,,https://www.advich.com/rhzgzsydks/,DESKTOP,,0,27,0.0,58.888888888888886,page_device,2026-07-27 13:01:33
64413,2026-07-27,2025-06-02,,https://www.advich.com/rhzgzsydks/,MOBILE,,0,2,0.0,70.5,page_device,2026-07-27 13:01:33
64414,2026-07-27,2025-06-02,,https://www.advich.com/rhzgzzzbjt/,DESKTOP,,0,12,0.0,90.41666666666667,page_device,2026-07-27 13:01:33
64415,2026-07-27,2025-06-02,,https://www.advich.com/rhzgzzzbjt/,MOBILE,,0,3,0.0,24.666666666666668,page_device,2026-07-27 13:01:33
64416,2026-07-27,2025-06-02,,https://www.advich.com/rhzmsczmjh/,DESKTOP,,0,6,0.0,98.0,page_device,2026-07-27 13:01:33
64417,2026-07-27,2025-06-02,,https://www.advich.com/rhzyfznzzs/,DESKTOP,,0,20,0.0,65.1,page_device,2026-07-27 13:01:33
64418,2026-07-27,2025-06-02,,https://www.advich.com/rhzyfznzzs/,MOBILE,,0,6,0.0,60.333333333333336,page_device,2026-07-27 13:01:33
64419,2026-07-27,2025-06-02,,https://www.advich.com/rich-media/,DESKTOP,,0,11,0.0,33.81818181818182,page_device,2026-07-27 13:01:33
64420,2026-07-27,2025-06-02,,https://www.advich.com/rich-media/,MOBILE,,0,1,0.0,85.0,page_device,2026-07-27 13:01:33
64421,2026-07-27,2025-06-02,,https://www.advich.com/ryrtgrhrdf/,DESKTOP,,0,13,0.0,27.46153846153846,page_device,2026-07-27 13:01:33
64422,2026-07-27,2025-06-02,,https://www.advich.com/ryrtgrhrdf/,MOBILE,,0,4,0.0,41.0,page_device,2026-07-27 13:01:33
64423,2026-07-27,2025-06-02,,https://www.advich.com/sdtyxtzn/,DESKTOP,,0,3,0.0,131.33333333333334,page_device,2026-07-27 13:01:33
64424,2026-07-27,2025-06-02,,https://www.advich.com/search-engine-integrated-marketing/,DESKTOP,,0,2,0.0,79.5,page_device,2026-07-27 13:01:33
64425,2026-07-27,2025-06-02,,https://www.advich.com/search-marketing/bing-re-marketing/,DESKTOP,,0,6,0.0,70.5,page_device,2026-07-27 13:01:33
64426,2026-07-27,2025-06-02,,https://www.advich.com/search-marketing/bing-re-marketing/,MOBILE,,0,1,0.0,84.0,page_device,2026-07-27 13:01:33
64427,2026-07-27,2025-06-02,,https://www.advich.com/search-marketing/google-display-ads/,DESKTOP,,0,5,0.0,85.2,page_device,2026-07-27 13:01:33
64428,2026-07-27,2025-06-02,,https://www.advich.com/search-marketing/google-display-ads/,MOBILE,,0,3,0.0,96.0,page_device,2026-07-27 13:01:33
64429,2026-07-27,2025-06-02,,https://www.advich.com/search-marketing/search-advertising/,DESKTOP,,0,18,0.0,85.0,page_device,2026-07-27 13:01:33
64430,2026-07-27,2025-06-02,,https://www.advich.com/sem-search-engine-marketing/,DESKTOP,,0,60,0.0,74.91666666666667,page_device,2026-07-27 13:01:33
64431,2026-07-27,2025-06-02,,https://www.advich.com/sem-search-engine-marketing/,MOBILE,,0,21,0.0,72.0,page_device,2026-07-27 13:01:33
64432,2026-07-27,2025-06-02,,https://www.advich.com/seo-service/,DESKTOP,,0,62,0.0,48.74193548387097,page_device,2026-07-27 13:01:33
64433,2026-07-27,2025-06-02,,https://www.advich.com/seo/,DESKTOP,,0,15,0.0,68.6,page_device,2026-07-27 13:01:33
64434,2026-07-27,2025-06-02,,https://www.advich.com/shopify/,DESKTOP,,0,99,0.0,11.707070707070708,page_device,2026-07-27 13:01:33
64435,2026-07-27,2025-06-02,,https://www.advich.com/shopify/,MOBILE,,0,5,0.0,23.2,page_device,2026-07-27 13:01:33
64436,2026-07-27,2025-06-02,,https://www.advich.com/sjfxsyywfx/,DESKTOP,,0,94,0.0,5.0,page_device,2026-07-27 13:01:33
64437,2026-07-27,2025-06-02,,https://www.advich.com/sjfxsyywfx/,MOBILE,,0,4,0.0,5.0,page_device,2026-07-27 13:01:33
64438,2026-07-27,2025-06-02,,https://www.advich.com/smart-tools/,DESKTOP,,0,1,0.0,97.0,page_device,2026-07-27 13:01:33
64439,2026-07-27,2025-06-02,,https://www.advich.com/smsbjyxwsm/,DESKTOP,,0,3,0.0,123.33333333333333,page_device,2026-07-27 13:01:33
64440,2026-07-27,2025-06-02,,https://www.advich.com/smsdjlwsmc/,DESKTOP,,0,23,0.0,78.69565217391305,page_device,2026-07-27 13:01:33
64441,2026-07-27,2025-06-02,,https://www.advich.com/smsdjlwsmc/,MOBILE,,0,8,0.0,77.125,page_device,2026-07-27 13:01:33
64442,2026-07-27,2025-06-02,,https://www.advich.com/smsdtxsggy/,DESKTOP,,0,16,0.0,45.625,page_device,2026-07-27 13:01:33
64443,2026-07-27,2025-06-02,,https://www.advich.com/smsdtxsggy/,MOBILE,,0,9,0.0,44.666666666666664,page_device,2026-07-27 13:01:33
64444,2026-07-27,2025-06-02,,https://www.advich.com/smsfmgjczg/,DESKTOP,,0,38,0.0,61.526315789473685,page_device,2026-07-27 13:01:33
64445,2026-07-27,2025-06-02,,https://www.advich.com/smsfmgjczg/,MOBILE,,0,12,0.0,85.25,page_device,2026-07-27 13:01:33
64446,2026-07-27,2025-06-02,,https://www.advich.com/smsfysyxpp/,DESKTOP,,0,3,0.0,76.0,page_device,2026-07-27 13:01:33
64447,2026-07-27,2025-06-02,,https://www.advich.com/smsggbqglq/,DESKTOP,,0,10,0.0,29.7,page_device,2026-07-27 13:01:33
64448,2026-07-27,2025-06-02,,https://www.advich.com/smsggggdyh/,DESKTOP,,0,273,0.0,60.54578754578755,page_device,2026-07-27 13:01:33
64449,2026-07-27,2025-06-02,,https://www.advich.com/smsggggdyh/,MOBILE,,0,139,0.0,52.115107913669064,page_device,2026-07-27 13:01:33
64450,2026-07-27,2025-06-02,,https://www.advich.com/smsggxswlr/,DESKTOP,,0,1,0.0,18.0,page_device,2026-07-27 13:01:33
64451,2026-07-27,2025-06-02,,https://www.advich.com/smsggzdcrh/,DESKTOP,,0,19,0.0,58.21052631578947,page_device,2026-07-27 13:01:33
64452,2026-07-27,2025-06-02,,https://www.advich.com/smsggzdcrh/,MOBILE,,0,1,0.0,68.0,page_device,2026-07-27 13:01:33
64453,2026-07-27,2025-06-02,,https://www.advich.com/smsgjccjfx/,DESKTOP,,0,15,0.0,19.0,page_device,2026-07-27 13:01:33
64454,2026-07-27,2025-06-02,,https://www.advich.com/smsgjcyjgj/,DESKTOP,,0,6,0.0,82.83333333333333,page_device,2026-07-27 13:01:33
64455,2026-07-27,2025-06-02,,https://www.advich.com/smshdccddy/,DESKTOP,,0,36,0.0,45.916666666666664,page_device,2026-07-27 13:01:33
64456,2026-07-27,2025-06-02,,https://www.advich.com/smshdccddy/,MOBILE,,0,7,0.0,75.14285714285714,page_device,2026-07-27 13:01:33
64457,2026-07-27,2025-06-02,,https://www.advich.com/smshygsyzy/,MOBILE,,0,4,0.0,94.75,page_device,2026-07-27 13:01:33
64458,2026-07-27,2025-06-02,,https://www.advich.com/smsjhsp/,DESKTOP,,0,3,0.0,99.66666666666667,page_device,2026-07-27 13:01:33
64459,2026-07-27,2025-06-02,,https://www.advich.com/smsjhsp/,MOBILE,,0,1,0.0,30.0,page_device,2026-07-27 13:01:33
64460,2026-07-27,2025-06-02,,https://www.advich.com/smsjztrhks/,DESKTOP,,0,3,0.0,19.333333333333332,page_device,2026-07-27 13:01:33
64461,2026-07-27,2025-06-02,,https://www.advich.com/smsjztrhks/,MOBILE,,0,2,0.0,37.5,page_device,2026-07-27 13:01:33
64462,2026-07-27,2025-06-02,,https://www.advich.com/smskczdjjw/,DESKTOP,,0,26,0.0,70.26923076923077,page_device,2026-07-27 13:01:33
64463,2026-07-27,2025-06-02,,https://www.advich.com/smslggtysm/,DESKTOP,,0,97,0.0,12.402061855670103,page_device,2026-07-27 13:01:33
64464,2026-07-27,2025-06-02,,https://www.advich.com/smslggtysm/,MOBILE,,0,4,0.0,10.0,page_device,2026-07-27 13:01:33
64465,2026-07-27,2025-06-02,,https://www.advich.com/smsmcdjcbc/,DESKTOP,,0,6,0.0,16.666666666666664,page_device,2026-07-27 13:01:33
64466,2026-07-27,2025-06-02,,https://www.advich.com/smsptrhyxn/,DESKTOP,,0,8,0.0,132.625,page_device,2026-07-27 13:01:33
64467,2026-07-27,2025-06-02,,https://www.advich.com/smsptrhyxn/,MOBILE,,0,2,0.0,96.0,page_device,2026-07-27 13:01:33
64468,2026-07-27,2025-06-02,,https://www.advich.com/smsryxlyrt/,DESKTOP,,0,6,0.0,74.5,page_device,2026-07-27 13:01:33
64469,2026-07-27,2025-06-02,,https://www.advich.com/smsryxlyrt/,MOBILE,,0,7,0.0,59.142857142857146,page_device,2026-07-27 13:01:33
64470,2026-07-27,2025-06-02,,https://www.advich.com/smssjkshgg/,DESKTOP,,0,3,0.0,59.0,page_device,2026-07-27 13:01:33
64471,2026-07-27,2025-06-02,,https://www.advich.com/smsssjjwsm/,DESKTOP,,0,2,0.0,81.5,page_device,2026-07-27 13:01:33
64472,2026-07-27,2025-06-02,,https://www.advich.com/smsssjjwsm/,MOBILE,,0,1,0.0,25.0,page_device,2026-07-27 13:01:33
64473,2026-07-27,2025-06-02,,https://www.advich.com/smstsxsjfx/,DESKTOP,,0,8,0.0,91.625,page_device,2026-07-27 13:01:33
64474,2026-07-27,2025-06-02,,https://www.advich.com/smstsxsjfx/,MOBILE,,0,18,0.0,53.55555555555556,page_device,2026-07-27 13:01:33
64475,2026-07-27,2025-06-02,,https://www.advich.com/smsyxdgggg-2/,DESKTOP,,0,1,0.0,97.0,page_device,2026-07-27 13:01:33
64476,2026-07-27,2025-06-02,,https://www.advich.com/smszhcbgsh/,DESKTOP,,0,19,0.0,34.36842105263158,page_device,2026-07-27 13:01:33
64477,2026-07-27,2025-06-02,,https://www.advich.com/smszhcbgsh/,MOBILE,,0,2,0.0,10.0,page_device,2026-07-27 13:01:33
64478,2026-07-27,2025-06-02,,https://www.advich.com/smszhcbgsh/,TABLET,,0,1,0.0,8.0,page_device,2026-07-27 13:01:33
64479,2026-07-27,2025-06-02,,https://www.advich.com/smszlfswsm/,DESKTOP,,0,10,0.0,38.1,page_device,2026-07-27 13:01:33
64480,2026-07-27,2025-06-02,,https://www.advich.com/smszyxykld/,DESKTOP,,0,11,0.0,58.0,page_device,2026-07-27 13:01:33
64481,2026-07-27,2025-06-02,,https://www.advich.com/smszyxykld/,MOBILE,,0,23,0.0,66.43478260869566,page_device,2026-07-27 13:01:33
64482,2026-07-27,2025-06-02,,https://www.advich.com/sns-promotion-of-independent-foreign-trade-station/,DESKTOP,,0,3,0.0,43.333333333333336,page_device,2026-07-27 13:01:33
64483,2026-07-27,2025-06-02,,https://www.advich.com/social-media-operation-strategy/,DESKTOP,,0,38,0.0,65.3157894736842,page_device,2026-07-27 13:01:33
64484,2026-07-27,2025-06-02,,https://www.advich.com/social-media-operation-strategy/,MOBILE,,0,1,0.0,48.0,page_device,2026-07-27 13:01:33
64485,2026-07-27,2025-06-02,,https://www.advich.com/sscygjcggg/,DESKTOP,,0,2,0.0,71.5,page_device,2026-07-27 13:01:33
64486,2026-07-27,2025-06-02,,https://www.advich.com/sscygjcggg/,MOBILE,,0,1,0.0,82.0,page_device,2026-07-27 13:01:33
64487,2026-07-27,2025-06-02,,https://www.advich.com/ssggyggggs/,DESKTOP,,0,67,0.0,50.08955223880597,page_device,2026-07-27 13:01:33
64488,2026-07-27,2025-06-02,,https://www.advich.com/ssggyggggs/,MOBILE,,0,35,0.0,62.114285714285714,page_device,2026-07-27 13:01:33
64489,2026-07-27,2025-06-02,,https://www.advich.com/ssyxryyglj/,DESKTOP,,0,8,0.0,81.625,page_device,2026-07-27 13:01:33
64490,2026-07-27,2025-06-02,,https://www.advich.com/stbscqcjst/,DESKTOP,,0,2,0.0,46.0,page_device,2026-07-27 13:01:33
64491,2026-07-27,2025-06-02,,https://www.advich.com/syfggkdzcx/,DESKTOP,,0,15,0.0,18.0,page_device,2026-07-27 13:01:33
64492,2026-07-27,2025-06-02,,https://www.advich.com/syggtgpysm/,DESKTOP,,0,29,0.0,15.517241379310345,page_device,2026-07-27 13:01:33
64493,2026-07-27,2025-06-02,,https://www.advich.com/sywfgddhhm/,DESKTOP,,0,4,0.0,163.0,page_device,2026-07-27 13:01:33
64494,2026-07-27,2025-06-02,,https://www.advich.com/syxmsrmznx/,DESKTOP,,0,43,0.0,63.395348837209305,page_device,2026-07-27 13:01:33
64495,2026-07-27,2025-06-02,,https://www.advich.com/syxmsrmznx/,MOBILE,,0,1,0.0,76.0,page_device,2026-07-27 13:01:33
64496,2026-07-27,2025-06-02,,https://www.advich.com/syxslrhxyx/,DESKTOP,,0,3,0.0,146.33333333333334,page_device,2026-07-27 13:01:33
64497,2026-07-27,2025-06-02,,https://www.advich.com/szdjzdsjjc/,DESKTOP,,0,3,0.0,143.33333333333334,page_device,2026-07-27 13:01:33
64498,2026-07-27,2025-06-02,,https://www.advich.com/szggdcymzq/,DESKTOP,,0,15,0.0,13.0,page_device,2026-07-27 13:01:33
64499,2026-07-27,2025-06-02,,https://www.advich.com/szyxryprzk/,DESKTOP,,0,3,0.0,27.0,page_device,2026-07-27 13:01:33
64500,2026-07-27,2025-06-02,,https://www.advich.com/tgggggpjrd/,DESKTOP,,0,2,0.0,77.5,page_device,2026-07-27 13:01:33
64501,2026-07-27,2025-06-02,,https://www.advich.com/tgggggxgxd/,DESKTOP,,0,3,0.0,82.0,page_device,2026-07-27 13:01:33
64502,2026-07-27,2025-06-02,,https://www.advich.com/tggggzdgzj/,DESKTOP,,0,13,0.0,105.0,page_device,2026-07-27 13:01:33
64503,2026-07-27,2025-06-02,,https://www.advich.com/tgpdlymtyd/,DESKTOP,,0,18,0.0,21.61111111111111,page_device,2026-07-27 13:01:33
64504,2026-07-27,2025-06-02,,https://www.advich.com/tgpdlymtyd/,MOBILE,,0,6,0.0,10.0,page_device,2026-07-27 13:01:33
64505,2026-07-27,2025-06-02,,https://www.advich.com/tgpxndgxzl/,DESKTOP,,0,42,0.0,15.880952380952381,page_device,2026-07-27 13:01:33
64506,2026-07-27,2025-06-02,,https://www.advich.com/tgpxndgxzl/,MOBILE,,0,13,0.0,17.692307692307693,page_device,2026-07-27 13:01:33
64507,2026-07-27,2025-06-02,,https://www.advich.com/the-difference-between-google-seo-and-google-adwords/,DESKTOP,,0,1,0.0,11.0,page_device,2026-07-27 13:01:33
64508,2026-07-27,2025-06-02,,https://www.advich.com/tiktok/,MOBILE,,0,18,0.0,17.27777777777778,page_device,2026-07-27 13:01:33
64509,2026-07-27,2025-06-02,,https://www.advich.com/tkscszisgk/,DESKTOP,,0,3,0.0,179.0,page_device,2026-07-27 13:01:33
64510,2026-07-27,2025-06-02,,https://www.advich.com/trade/,DESKTOP,,0,50,0.0,53.98,page_device,2026-07-27 13:01:33
64511,2026-07-27,2025-06-02,,https://www.advich.com/trade/3/,DESKTOP,,0,1,0.0,55.0,page_device,2026-07-27 13:01:33
64512,2026-07-27,2025-06-02,,https://www.advich.com/trade/google-seo-knowledge/,DESKTOP,,0,4,0.0,33.25,page_device,2026-07-27 13:01:33
64513,2026-07-27,2025-06-02,,https://www.advich.com/traditional-marketing-model-and-integrated-marketing/,DESKTOP,,0,7,0.0,74.57142857142857,page_device,2026-07-27 13:01:33
64514,2026-07-27,2025-06-02,,https://www.advich.com/traditional-marketing-model-and-integrated-marketing/,MOBILE,,0,5,0.0,68.4,page_device,2026-07-27 13:01:33
64515,2026-07-27,2025-06-02,,https://www.advich.com/tsyxylsyxc/,DESKTOP,,0,12,0.0,34.666666666666664,page_device,2026-07-27 13:01:33
64516,2026-07-27,2025-06-02,,https://www.advich.com/tsyxylsyxc/,MOBILE,,0,1,0.0,10.0,page_device,2026-07-27 13:01:33
64517,2026-07-27,2025-06-02,,https://www.advich.com/twitter-integrated-marketing/,DESKTOP,,0,106,0.0,51.74528301886792,page_device,2026-07-27 13:01:33
64518,2026-07-27,2025-06-02,,https://www.advich.com/twitter-integrated-marketing/,MOBILE,,0,5,0.0,51.8,page_device,2026-07-27 13:01:33
64519,2026-07-27,2025-06-02,,https://www.advich.com/twitter-marketing-skills/,DESKTOP,,0,25,0.0,61.32,page_device,2026-07-27 13:01:33
64520,2026-07-27,2025-06-02,,https://www.advich.com/twitter-marketing-strategy/,DESKTOP,,0,60,0.0,50.96666666666667,page_device,2026-07-27 13:01:33
64521,2026-07-27,2025-06-02,,https://www.advich.com/twsmtmznds/,DESKTOP,,0,95,0.0,91.29473684210527,page_device,2026-07-27 13:01:33
64522,2026-07-27,2025-06-02,,https://www.advich.com/twsmtmznds/,MOBILE,,0,17,0.0,92.88235294117646,page_device,2026-07-27 13:01:33
64523,2026-07-27,2025-06-02,,https://www.advich.com/ultimate-guide-to-googles-custom-intent-audiences/,DESKTOP,,0,69,0.0,83.14492753623189,page_device,2026-07-27 13:01:33
64524,2026-07-27,2025-06-02,,https://www.advich.com/ultimate-guide-to-googles-custom-intent-audiences/,MOBILE,,0,5,0.0,74.0,page_device,2026-07-27 13:01:33
64525,2026-07-27,2025-06-02,,https://www.advich.com/wbggdsgbyb/,DESKTOP,,0,94,0.0,2.0,page_device,2026-07-27 13:01:33
64526,2026-07-27,2025-06-02,,https://www.advich.com/wbggdsgbyb/,MOBILE,,0,4,0.0,2.0,page_device,2026-07-27 13:01:33
64527,2026-07-27,2025-06-02,,https://www.advich.com/what-are-googles-advertising-bidding-strategies/,DESKTOP,,0,1,0.0,95.0,page_device,2026-07-27 13:01:33
64528,2026-07-27,2025-06-02,,https://www.advich.com/what-are-the-advantages-of-google-seo-and-google-sem-do-you-know/,DESKTOP,,0,15,0.0,63.8,page_device,2026-07-27 13:01:33
64529,2026-07-27,2025-06-02,,https://www.advich.com/what-are-the-advantages-of-google-seo-and-google-sem-do-you-know/,MOBILE,,0,9,0.0,79.66666666666667,page_device,2026-07-27 13:01:33
64530,2026-07-27,2025-06-02,,https://www.advich.com/what-are-the-costs-of-google-bidding-promotion/,DESKTOP,,0,4,0.0,82.0,page_device,2026-07-27 13:01:33
64531,2026-07-27,2025-06-02,,https://www.advich.com/what-is-an-independent-station-why-stand-alone/,DESKTOP,,0,6,0.0,60.0,page_device,2026-07-27 13:01:33
64532,2026-07-27,2025-06-02,,https://www.advich.com/what-is-an-independent-station-why-stand-alone/,MOBILE,,0,1,0.0,52.0,page_device,2026-07-27 13:01:33
64533,2026-07-27,2025-06-02,,https://www.advich.com/what-needs-to-be-done-before-independent-stations-promote-google/,DESKTOP,,0,15,0.0,75.86666666666666,page_device,2026-07-27 13:01:33
64534,2026-07-27,2025-06-02,,https://www.advich.com/what-needs-to-be-done-before-independent-stations-promote-google/,MOBILE,,0,1,0.0,68.0,page_device,2026-07-27 13:01:33
64535,2026-07-27,2025-06-02,,https://www.advich.com/what-products-are-suitable-for-promotion-in-google/,DESKTOP,,0,1,0.0,77.0,page_device,2026-07-27 13:01:33
64536,2026-07-27,2025-06-02,,https://www.advich.com/what-products-are-suitable-for-promotion-in-google/,MOBILE,,0,3,0.0,77.66666666666667,page_device,2026-07-27 13:01:33
64537,2026-07-27,2025-06-02,,https://www.advich.com/why-do-independent-stations/,DESKTOP,,0,1,0.0,58.0,page_device,2026-07-27 13:01:33
64538,2026-07-27,2025-06-02,,https://www.advich.com/wjdgmjkhlw/,DESKTOP,,0,3,0.0,156.33333333333334,page_device,2026-07-27 13:01:33
64539,2026-07-27,2025-06-02,,https://www.advich.com/wordpress-website/,DESKTOP,,0,12,0.0,62.75,page_device,2026-07-27 13:01:33
64540,2026-07-27,2025-06-02,,https://www.advich.com/wrggtclyxl/,DESKTOP,,0,3,0.0,110.0,page_device,2026-07-27 13:01:33
64541,2026-07-27,2025-06-02,,https://www.advich.com/wsmgjcyjds/,DESKTOP,,0,3,0.0,84.33333333333333,page_device,2026-07-27 13:01:33
64542,2026-07-27,2025-06-02,,https://www.advich.com/wsmkhlslhz/,DESKTOP,,0,10,0.0,87.8,page_device,2026-07-27 13:01:33
64543,2026-07-27,2025-06-02,,https://www.advich.com/wsmkhzsjzd/,DESKTOP,,0,5,0.0,83.4,page_device,2026-07-27 13:01:33
64544,2026-07-27,2025-06-02,,https://www.advich.com/wsmsjqdjch/,DESKTOP,,0,13,0.0,76.38461538461539,page_device,2026-07-27 13:01:33
64545,2026-07-27,2025-06-02,,https://www.advich.com/wsmyggkybt/,DESKTOP,,0,1,0.0,19.0,page_device,2026-07-27 13:01:33
64546,2026-07-27,2025-06-02,,https://www.advich.com/wsmyjjybty/,DESKTOP,,0,21,0.0,26.333333333333332,page_device,2026-07-27 13:01:33
64547,2026-07-27,2025-06-02,,https://www.advich.com/wsmyjjybty/,MOBILE,,0,1,0.0,89.0,page_device,2026-07-27 13:01:33
64548,2026-07-27,2025-06-02,,https://www.advich.com/xnsxpsqhgt/,DESKTOP,,0,103,0.0,13.0,page_device,2026-07-27 13:01:33
64549,2026-07-27,2025-06-02,,https://www.advich.com/xnsxpsqhgt/,MOBILE,,0,4,0.0,7.0,page_device,2026-07-27 13:01:33
64550,2026-07-27,2025-06-02,,https://www.advich.com/xsssjbhqsd/,DESKTOP,,0,5,0.0,14.0,page_device,2026-07-27 13:01:33
64551,2026-07-27,2025-06-02,,https://www.advich.com/xsxy/,DESKTOP,,0,2,0.0,8.0,page_device,2026-07-27 13:01:33
64552,2026-07-27,2025-06-02,,https://www.advich.com/xxscstslyc/,DESKTOP,,0,98,0.0,6.918367346938775,page_device,2026-07-27 13:01:33
64553,2026-07-27,2025-06-02,,https://www.advich.com/xxscstslyc/,MOBILE,,0,5,0.0,7.0,page_device,2026-07-27 13:01:33
64554,2026-07-27,2025-06-02,,https://www.advich.com/xycdcdqgll/,DESKTOP,,0,51,0.0,42.0,page_device,2026-07-27 13:01:33
64555,2026-07-27,2025-06-02,,https://www.advich.com/xycdcdqgll/,MOBILE,,0,5,0.0,16.6,page_device,2026-07-27 13:01:33
64556,2026-07-27,2025-06-02,,https://www.advich.com/xysssggggg/,DESKTOP,,0,5,0.0,112.0,page_device,2026-07-27 13:01:33
64557,2026-07-27,2025-06-02,,https://www.advich.com/xysssggxzs/,DESKTOP,,0,3,0.0,64.0,page_device,2026-07-27 13:01:33
64558,2026-07-27,2025-06-02,,https://www.advich.com/xysssggydt/,DESKTOP,,0,5,0.0,50.2,page_device,2026-07-27 13:01:33
64559,2026-07-27,2025-06-02,,https://www.advich.com/xysxsggdzy/,DESKTOP,,0,1,0.0,8.0,page_device,2026-07-27 13:01:33
64560,2026-07-27,2025-06-02,,https://www.advich.com/ycjcslzggt/,DESKTOP,,0,15,0.0,12.0,page_device,2026-07-27 13:01:33
64561,2026-07-27,2025-06-02,,https://www.advich.com/ydhddggggh/,DESKTOP,,0,3,0.0,86.33333333333333,page_device,2026-07-27 13:01:33
64562,2026-07-27,2025-06-02,,https://www.advich.com/yhpggygskh/,DESKTOP,,0,21,0.0,5.238095238095238,page_device,2026-07-27 13:01:33
64563,2026-07-27,2025-06-02,,https://www.advich.com/ykqsyhbhsp/,DESKTOP,,0,4,0.0,25.0,page_device,2026-07-27 13:01:33
64564,2026-07-27,2025-06-02,,https://www.advich.com/youtube-advertising-operations/,DESKTOP,,0,3,0.0,76.66666666666667,page_device,2026-07-27 13:01:33
64565,2026-07-27,2025-06-02,,https://www.advich.com/youtube-advertising-operations/,MOBILE,,0,4,0.0,77.25,page_device,2026-07-27 13:01:33
64566,2026-07-27,2025-06-02,,https://www.advich.com/youtube-advertising-type/,DESKTOP,,0,27,0.0,79.44444444444444,page_device,2026-07-27 13:01:33
64567,2026-07-27,2025-06-02,,https://www.advich.com/youtube-channel/,DESKTOP,,0,1,0.0,43.0,page_device,2026-07-27 13:01:33
64568,2026-07-27,2025-06-02,,https://www.advich.com/youtube-video-optimization-tips-for-running-overseas-social-media/,DESKTOP,,0,4,0.0,18.75,page_device,2026-07-27 13:01:33
64569,2026-07-27,2025-06-02,,https://www.advich.com/ypddggggrh/,DESKTOP,,0,4,0.0,77.5,page_device,2026-07-27 13:01:33
64570,2026-07-27,2025-06-02,,https://www.advich.com/ypddggggrh/,MOBILE,,0,10,0.0,78.9,page_device,2026-07-27 13:01:33
64571,2026-07-27,2025-06-02,,https://www.advich.com/yqdjlydjl/,DESKTOP,,0,1,0.0,89.0,page_device,2026-07-27 13:01:33
64572,2026-07-27,2025-06-02,,https://www.advich.com/yqdjlydjl/,MOBILE,,0,1,0.0,92.0,page_device,2026-07-27 13:01:33
64573,2026-07-27,2025-06-02,,https://www.advich.com/yqstslzzyg/,DESKTOP,,0,2,0.0,66.0,page_device,2026-07-27 13:01:33
64574,2026-07-27,2025-06-02,,https://www.advich.com/ytb/,DESKTOP,,0,24,0.0,70.83333333333333,page_device,2026-07-27 13:01:33
64575,2026-07-27,2025-06-02,,https://www.advich.com/ytb/,MOBILE,,0,13,0.0,17.846153846153847,page_device,2026-07-27 13:01:33
64576,2026-07-27,2025-06-02,,https://www.advich.com/yxdsjkshsl/,DESKTOP,,0,4,0.0,26.0,page_device,2026-07-27 13:01:33
64577,2026-07-27,2025-06-02,,https://www.advich.com/yxfxhzsdcj/,DESKTOP,,0,4,0.0,42.0,page_device,2026-07-27 13:01:33
64578,2026-07-27,2025-06-02,,https://www.advich.com/yxpljyxzhd/,DESKTOP,,0,43,0.0,65.06976744186046,page_device,2026-07-27 13:01:33
64579,2026-07-27,2025-06-02,,https://www.advich.com/yxsdngbggg/,DESKTOP,,0,4,0.0,50.5,page_device,2026-07-27 13:01:33
64580,2026-07-27,2025-06-02,,https://www.advich.com/yxszhsmssz/,DESKTOP,,0,122,0.0,73.50819672131148,page_device,2026-07-27 13:01:33
64581,2026-07-27,2025-06-02,,https://www.advich.com/yxszhsmssz/,MOBILE,,0,8,0.0,78.375,page_device,2026-07-27 13:01:33
64582,2026-07-27,2025-06-02,,https://www.advich.com/yyzxcjsdtd/,DESKTOP,,0,3,0.0,48.666666666666664,page_device,2026-07-27 13:01:33
64583,2026-07-27,2025-06-02,,https://www.advich.com/yyzxcjsdtd/,MOBILE,,0,2,0.0,62.0,page_device,2026-07-27 13:01:33
64584,2026-07-27,2025-06-02,,https://www.advich.com/zfggsjxdjp/,DESKTOP,,0,9,0.0,21.666666666666668,page_device,2026-07-27 13:01:33
64585,2026-07-27,2025-06-02,,https://www.advich.com/zhjsrhjndg/,DESKTOP,,0,3,0.0,167.0,page_device,2026-07-27 13:01:33
64586,2026-07-27,2025-06-02,,https://www.advich.com/zhyxcbdjtl/,DESKTOP,,0,5,0.0,48.6,page_device,2026-07-27 13:01:33
64587,2026-07-27,2025-06-02,,https://www.advich.com/zhyxcbdjtl/,MOBILE,,0,1,0.0,33.0,page_device,2026-07-27 13:01:33
64588,2026-07-27,2025-06-02,,https://www.advich.com/zjdgggggxk/,DESKTOP,,0,17,0.0,9.352941176470589,page_device,2026-07-27 13:01:33
64589,2026-07-27,2025-06-02,,https://www.advich.com/zjggxsggsl/,DESKTOP,,0,34,0.0,56.26470588235294,page_device,2026-07-27 13:01:33
64590,2026-07-27,2025-06-02,,https://www.advich.com/zjggxsggsl/,MOBILE,,0,11,0.0,36.90909090909091,page_device,2026-07-27 13:01:33
64591,2026-07-27,2025-06-02,,https://www.advich.com/zjsjkshgjn/,DESKTOP,,0,3,0.0,97.66666666666667,page_device,2026-07-27 13:01:33
64592,2026-07-27,2025-06-02,,https://www.advich.com/zlrnyzxdyw/,DESKTOP,,0,3,0.0,191.0,page_device,2026-07-27 13:01:33
64593,2026-07-27,2025-06-02,,https://www.advich.com/zlxdggggkz/,DESKTOP,,0,7,0.0,63.42857142857143,page_device,2026-07-27 13:01:33
64594,2026-07-27,2025-06-02,,https://www.advich.com/zlxdggggkz/,MOBILE,,0,6,0.0,24.5,page_device,2026-07-27 13:01:33
64595,2026-07-27,2025-06-02,,https://www.advich.com/zmggzszspk/,DESKTOP,,0,3,0.0,168.0,page_device,2026-07-27 13:01:33
64596,2026-07-27,2025-06-02,,https://www.advich.com/zngwhdybzh/,DESKTOP,,0,35,0.0,56.51428571428571,page_device,2026-07-27 13:01:33
64597,2026-07-27,2025-06-02,,https://www.advich.com/zngwhdybzh/,MOBILE,,0,6,0.0,60.0,page_device,2026-07-27 13:01:33
64598,2026-07-27,2025-06-02,,https://www.advich.com/zqhwsyggptjsyqdfyfx/,DESKTOP,,0,69,0.0,63.31884057971015,page_device,2026-07-27 13:01:33
64599,2026-07-27,2025-06-02,,https://www.advich.com/zqhwsyggptjsyqdfyfx/,MOBILE,,0,11,0.0,75.18181818181819,page_device,2026-07-27 13:01:33
64600,2026-07-27,2025-06-02,,https://www.advich.com/zwbcxggdwz/,DESKTOP,,0,3,0.0,182.66666666666666,page_device,2026-07-27 13:01:33
64601,2026-07-27,2025-06-02,,https://www.advich.com/zwggggzdtz/,DESKTOP,,0,9,0.0,56.22222222222222,page_device,2026-07-27 13:01:33
64602,2026-07-27,2025-06-02,,https://www.advich.com/zwggggzdtz/,MOBILE,,0,12,0.0,75.25,page_device,2026-07-27 13:01:33
64603,2026-07-27,2025-06-02,,https://www.advich.com/zxggdhcssm/,DESKTOP,,0,5,0.0,121.4,page_device,2026-07-27 13:01:33
64604,2026-07-27,2025-06-02,,https://www.advich.com/zxyxgczdcx/,DESKTOP,,0,3,0.0,137.33333333333334,page_device,2026-07-27 13:01:33
64605,2026-07-27,2025-06-02,,https://www.advich.com/zyxgtbclzj/,DESKTOP,,0,7,0.0,115.71428571428571,page_device,2026-07-27 13:01:33
64606,2026-07-27,2025-06-02,,https://www.advich.com/zyxgtbclzj/,MOBILE,,0,9,0.0,62.55555555555556,page_device,2026-07-27 13:01:33
33792,2026-07-27,2025-05-03,,https://www.advich.com/about-us/,MOBILE,,11,116,0.09482758620689655,4.7155172413793105,page_device,2026-07-27 13:01:18
33793,2026-07-27,2025-05-03,,https://www.advich.com/,DESKTOP,,8,130,0.06153846153846154,2.5769230769230766,page_device,2026-07-27 13:01:18
33794,2026-07-27,2025-05-03,,https://www.advich.com/,MOBILE,,4,117,0.03418803418803419,6.119658119658119,page_device,2026-07-27 13:01:18
33795,2026-07-27,2025-05-03,,https://www.advich.com/rhzedzbgzc/,DESKTOP,,3,75,0.04,17.093333333333334,page_device,2026-07-27 13:01:18
33796,2026-07-27,2025-05-03,,https://www.advich.com/about-us/,DESKTOP,,2,34,0.058823529411764705,5.470588235294118,page_device,2026-07-27 13:01:18
33797,2026-07-27,2025-05-03,,https://www.advich.com/home/,DESKTOP,,2,34,0.058823529411764705,18.147058823529413,page_device,2026-07-27 13:01:18
33798,2026-07-27,2025-05-03,,https://www.advich.com/rhztswahis/,MOBILE,,2,28,0.07142857142857142,12.392857142857142,page_device,2026-07-27 13:01:18
33799,2026-07-27,2025-05-03,,https://www.advich.com/gads/,DESKTOP,,1,117,0.008547008547008548,32.90598290598291,page_device,2026-07-27 13:01:18
33800,2026-07-27,2025-05-03,,https://www.advich.com/ggxbtcxdgg/,DESKTOP,,1,31,0.03225806451612903,104.58064516129032,page_device,2026-07-27 13:01:18
33801,2026-07-27,2025-05-03,,https://www.advich.com/myggggcxdm/,DESKTOP,,1,21,0.047619047619047616,13.952380952380953,page_device,2026-07-27 13:01:18
33802,2026-07-27,2025-05-03,,https://www.advich.com/rhcqtrdttl/,MOBILE,,1,14,0.07142857142857142,7.714285714285714,page_device,2026-07-27 13:01:18
33803,2026-07-27,2025-05-03,,https://www.advich.com/rhzezzzszt/,DESKTOP,,1,277,0.0036101083032490976,69.71119133574007,page_device,2026-07-27 13:01:18
33804,2026-07-27,2025-05-03,,https://www.advich.com/rhzgzcjzdy/,DESKTOP,,1,61,0.01639344262295082,52.01639344262295,page_device,2026-07-27 13:01:18
33805,2026-07-27,2025-05-03,,https://www.advich.com/,TABLET,,0,2,0.0,3.0,page_device,2026-07-27 13:01:18
33806,2026-07-27,2025-05-03,,https://www.advich.com/15-advertising-trends/,DESKTOP,,0,48,0.0,80.45833333333333,page_device,2026-07-27 13:01:18
33807,2026-07-27,2025-05-03,,https://www.advich.com/a-must-see-for-social-media-overseas-marketing/,DESKTOP,,0,1,0.0,89.0,page_device,2026-07-27 13:01:18
33808,2026-07-27,2025-05-03,,https://www.advich.com/about-us/,TABLET,,0,2,0.0,6.0,page_device,2026-07-27 13:01:18
33809,2026-07-27,2025-05-03,,https://www.advich.com/advertising-skills/,DESKTOP,,0,78,0.0,82.67948717948718,page_device,2026-07-27 13:01:18
33810,2026-07-27,2025-05-03,,https://www.advich.com/advertising-skills/,MOBILE,,0,3,0.0,60.0,page_device,2026-07-27 13:01:18
33811,2026-07-27,2025-05-03,,https://www.advich.com/adweb-global-station/,DESKTOP,,0,7,0.0,67.57142857142857,page_device,2026-07-27 13:01:18
33812,2026-07-27,2025-05-03,,https://www.advich.com/adweb-global-station/page/2/,DESKTOP,,0,2,0.0,58.0,page_device,2026-07-27 13:01:18
33813,2026-07-27,2025-05-03,,https://www.advich.com/aslrhzggtg/,DESKTOP,,0,29,0.0,131.79310344827587,page_device,2026-07-27 13:01:18
33814,2026-07-27,2025-05-03,,https://www.advich.com/b2b-independent-foreign-trade-station-promotion-skills/,DESKTOP,,0,5,0.0,54.2,page_device,2026-07-27 13:01:18
33815,2026-07-27,2025-05-03,,https://www.advich.com/b2b/,DESKTOP,,0,22,0.0,115.86363636363636,page_device,2026-07-27 13:01:18
33816,2026-07-27,2025-05-03,,https://www.advich.com/b2cpromotion/,DESKTOP,,0,1,0.0,68.0,page_device,2026-07-27 13:01:18
33817,2026-07-27,2025-05-03,,https://www.advich.com/bhbgtdhcss/,DESKTOP,,0,22,0.0,44.86363636363637,page_device,2026-07-27 13:01:18
33818,2026-07-27,2025-05-03,,https://www.advich.com/bingads/,DESKTOP,,0,69,0.0,54.53623188405797,page_device,2026-07-27 13:01:18
33819,2026-07-27,2025-05-03,,https://www.advich.com/bingads/,MOBILE,,0,28,0.0,42.32142857142857,page_device,2026-07-27 13:01:18
33820,2026-07-27,2025-05-03,,https://www.advich.com/brand-marketing/oath/,DESKTOP,,0,1,0.0,48.0,page_device,2026-07-27 13:01:18
33821,2026-07-27,2025-05-03,,https://www.advich.com/bzndbggggh/,DESKTOP,,0,22,0.0,192.9090909090909,page_device,2026-07-27 13:01:18
33822,2026-07-27,2025-05-03,,https://www.advich.com/can-google-open-its-own-promotion-account/,DESKTOP,,0,3,0.0,69.0,page_device,2026-07-27 13:01:18
33823,2026-07-27,2025-05-03,,https://www.advich.com/ccgywzsm/,DESKTOP,,0,21,0.0,69.04761904761905,page_device,2026-07-27 13:01:18
33824,2026-07-27,2025-05-03,,https://www.advich.com/cffhyfsjfn-2/,DESKTOP,,0,11,0.0,14.545454545454545,page_device,2026-07-27 13:01:18
33825,2026-07-27,2025-05-03,,https://www.advich.com/cggggghdds/,DESKTOP,,0,22,0.0,108.86363636363636,page_device,2026-07-27 13:01:18
33826,2026-07-27,2025-05-03,,https://www.advich.com/cgghggtgph/,DESKTOP,,0,3,0.0,72.0,page_device,2026-07-27 13:01:18
33827,2026-07-27,2025-05-03,,https://www.advich.com/cgghggtgph/,MOBILE,,0,1,0.0,77.0,page_device,2026-07-27 13:01:18
33828,2026-07-27,2025-05-03,,https://www.advich.com/cggtsyxxg/,DESKTOP,,0,26,0.0,73.84615384615384,page_device,2026-07-27 13:01:18
33829,2026-07-27,2025-05-03,,https://www.advich.com/cggtsyxxg/,MOBILE,,0,1,0.0,18.0,page_device,2026-07-27 13:01:18
33830,2026-07-27,2025-05-03,,https://www.advich.com/cgszgggghd/,DESKTOP,,0,23,0.0,75.21739130434783,page_device,2026-07-27 13:01:18
33831,2026-07-27,2025-05-03,,https://www.advich.com/cnryxdsjhd/,DESKTOP,,0,43,0.0,121.6046511627907,page_device,2026-07-27 13:01:18
33832,2026-07-27,2025-05-03,,https://www.advich.com/come-in-and-have-a-look-overseas-digital-marketing-methods/,DESKTOP,,0,31,0.0,43.83870967741935,page_device,2026-07-27 13:01:18
33833,2026-07-27,2025-05-03,,https://www.advich.com/cost-per-click/,DESKTOP,,0,107,0.0,47.532710280373834,page_device,2026-07-27 13:01:18
33834,2026-07-27,2025-05-03,,https://www.advich.com/cost-per-click/,MOBILE,,0,45,0.0,58.266666666666666,page_device,2026-07-27 13:01:18
33835,2026-07-27,2025-05-03,,https://www.advich.com/cylysmqb/,DESKTOP,,0,36,0.0,100.13888888888889,page_device,2026-07-27 13:01:18
33836,2026-07-27,2025-05-03,,https://www.advich.com/cyzqdfxffz/,DESKTOP,,0,22,0.0,31.863636363636363,page_device,2026-07-27 13:01:18
33837,2026-07-27,2025-05-03,,https://www.advich.com/dajzljywzz/,DESKTOP,,0,3,0.0,64.66666666666666,page_device,2026-07-27 13:01:18
33838,2026-07-27,2025-05-03,,https://www.advich.com/dajzljywzz/,MOBILE,,0,2,0.0,67.5,page_device,2026-07-27 13:01:18
33839,2026-07-27,2025-05-03,,https://www.advich.com/dcfxbgslrh/,DESKTOP,,0,22,0.0,37.86363636363637,page_device,2026-07-27 13:01:18
33840,2026-07-27,2025-05-03,,https://www.advich.com/djyljddgyy/,DESKTOP,,0,45,0.0,16.0,page_device,2026-07-27 13:01:18
33841,2026-07-27,2025-05-03,,https://www.advich.com/dlktlbfxjs/,DESKTOP,,0,116,0.0,35.83620689655172,page_device,2026-07-27 13:01:18
33842,2026-07-27,2025-05-03,,https://www.advich.com/dlktlbfxjs/,MOBILE,,0,15,0.0,14.266666666666667,page_device,2026-07-27 13:01:18
33843,2026-07-27,2025-05-03,,https://www.advich.com/dlktlbfxjs/,TABLET,,0,1,0.0,10.0,page_device,2026-07-27 13:01:18
33844,2026-07-27,2025-05-03,,https://www.advich.com/do-a-good-job-of-integrated-marketing-methods/,DESKTOP,,0,12,0.0,68.5,page_device,2026-07-27 13:01:18
33845,2026-07-27,2025-05-03,,https://www.advich.com/do-a-good-job-of-integrated-marketing-methods/,MOBILE,,0,1,0.0,52.0,page_device,2026-07-27 13:01:18
33846,2026-07-27,2025-05-03,,https://www.advich.com/do-we-have-to-find-a-proxy-operating-company-to-promote-google/,DESKTOP,,0,2,0.0,85.5,page_device,2026-07-27 13:01:18
33847,2026-07-27,2025-05-03,,https://www.advich.com/drainage-channels-of-independent-foreign-trade-stations/,DESKTOP,,0,1,0.0,59.0,page_device,2026-07-27 13:01:18
33848,2026-07-27,2025-05-03,,https://www.advich.com/dtssggddzj/,DESKTOP,,0,155,0.0,35.619354838709675,page_device,2026-07-27 13:01:18
33849,2026-07-27,2025-05-03,,https://www.advich.com/dtssggddzj/,MOBILE,,0,48,0.0,36.520833333333336,page_device,2026-07-27 13:01:18
33850,2026-07-27,2025-05-03,,https://www.advich.com/dynamic-search-ads/,DESKTOP,,0,97,0.0,35.7319587628866,page_device,2026-07-27 13:01:18
33851,2026-07-27,2025-05-03,,https://www.advich.com/dynamic-search-ads/,MOBILE,,0,36,0.0,38.27777777777778,page_device,2026-07-27 13:01:18
33852,2026-07-27,2025-05-03,,https://www.advich.com/dyppygfppz/,DESKTOP,,0,2,0.0,6.5,page_device,2026-07-27 13:01:18
33853,2026-07-27,2025-05-03,,https://www.advich.com/dysxqcpthg/,DESKTOP,,0,89,0.0,75.29213483146067,page_device,2026-07-27 13:01:18
33854,2026-07-27,2025-05-03,,https://www.advich.com/dysxqcpthg/,MOBILE,,0,164,0.0,18.3109756097561,page_device,2026-07-27 13:01:18
33855,2026-07-27,2025-05-03,,https://www.advich.com/dysxqcpthg/,TABLET,,0,2,0.0,1.5,page_device,2026-07-27 13:01:18
33856,2026-07-27,2025-05-03,,https://www.advich.com/dzgjhppxxl/,DESKTOP,,0,45,0.0,17.0,page_device,2026-07-27 13:01:18
33857,2026-07-27,2025-05-03,,https://www.advich.com/fb/,DESKTOP,,0,59,0.0,94.03389830508475,page_device,2026-07-27 13:01:18
33858,2026-07-27,2025-05-03,,https://www.advich.com/fb/,MOBILE,,0,3,0.0,75.33333333333333,page_device,2026-07-27 13:01:18
33859,2026-07-27,2025-05-03,,https://www.advich.com/fbmswglqwzzn/,DESKTOP,,0,33,0.0,54.78787878787879,page_device,2026-07-27 13:01:18
33860,2026-07-27,2025-05-03,,https://www.advich.com/fbmswglqwzzn/,MOBILE,,0,2,0.0,54.0,page_device,2026-07-27 13:01:18
33861,2026-07-27,2025-05-03,,https://www.advich.com/fdcpyhgggg/,DESKTOP,,0,21,0.0,56.04761904761905,page_device,2026-07-27 13:01:18
33862,2026-07-27,2025-05-03,,https://www.advich.com/ffsjmtsjgg/,DESKTOP,,0,22,0.0,30.681818181818183,page_device,2026-07-27 13:01:18
33863,2026-07-27,2025-05-03,,https://www.advich.com/ffsssggggg/,DESKTOP,,0,34,0.0,80.47058823529412,page_device,2026-07-27 13:01:18
33864,2026-07-27,2025-05-03,,https://www.advich.com/ffssyhqdgg/,DESKTOP,,0,1,0.0,53.0,page_device,2026-07-27 13:01:18
33865,2026-07-27,2025-05-03,,https://www.advich.com/fqzkhscbdx/,DESKTOP,,0,1,0.0,42.0,page_device,2026-07-27 13:01:18
33866,2026-07-27,2025-05-03,,https://www.advich.com/fxrhgjgggg/,DESKTOP,,0,23,0.0,81.95652173913044,page_device,2026-07-27 13:01:18
33867,2026-07-27,2025-05-03,,https://www.advich.com/fzdjhsjdln/,DESKTOP,,0,1,0.0,43.0,page_device,2026-07-27 13:01:18
33868,2026-07-27,2025-05-03,,https://www.advich.com/gads/,MOBILE,,0,36,0.0,31.305555555555557,page_device,2026-07-27 13:01:18
33869,2026-07-27,2025-05-03,,https://www.advich.com/gcjdggtgpy/,DESKTOP,,0,50,0.0,44.64,page_device,2026-07-27 13:01:18
33870,2026-07-27,2025-05-03,,https://www.advich.com/gcjhagdgggcwyjrhbmtm/,DESKTOP,,0,1,0.0,10.0,page_device,2026-07-27 13:01:18
33871,2026-07-27,2025-05-03,,https://www.advich.com/gdbggcjgjg/,DESKTOP,,0,22,0.0,43.86363636363637,page_device,2026-07-27 13:01:18
33872,2026-07-27,2025-05-03,,https://www.advich.com/ggbgxrhgbg/,DESKTOP,,0,2,0.0,6.5,page_device,2026-07-27 13:01:18
33873,2026-07-27,2025-05-03,,https://www.advich.com/ggcfzjzn/,DESKTOP,,0,29,0.0,151.24137931034483,page_device,2026-07-27 13:01:18
33874,2026-07-27,2025-05-03,,https://www.advich.com/ggcfzjzn/,MOBILE,,0,42,0.0,13.476190476190476,page_device,2026-07-27 13:01:18
33875,2026-07-27,2025-05-03,,https://www.advich.com/ggdjjslzjt/,DESKTOP,,0,22,0.0,179.9090909090909,page_device,2026-07-27 13:01:18
33876,2026-07-27,2025-05-03,,https://www.advich.com/ggdtyxzljb/,DESKTOP,,0,3,0.0,51.666666666666664,page_device,2026-07-27 13:01:18
33877,2026-07-27,2025-05-03,,https://www.advich.com/ggdtyxzljb/,MOBILE,,0,2,0.0,41.5,page_device,2026-07-27 13:01:18
33878,2026-07-27,2025-05-03,,https://www.advich.com/ggdyppnxyz/,DESKTOP,,0,24,0.0,93.91666666666667,page_device,2026-07-27 13:01:18
33879,2026-07-27,2025-05-03,,https://www.advich.com/ggdyppnxyz/,MOBILE,,0,1,0.0,69.0,page_device,2026-07-27 13:01:18
33880,2026-07-27,2025-05-03,,https://www.advich.com/ggfdcjjrbd/,DESKTOP,,0,55,0.0,42.25454545454546,page_device,2026-07-27 13:01:18
33881,2026-07-27,2025-05-03,,https://www.advich.com/ggfdcjjrbd/,MOBILE,,0,43,0.0,39.27906976744186,page_device,2026-07-27 13:01:18
33882,2026-07-27,2025-05-03,,https://www.advich.com/ggfxcydzbh/,DESKTOP,,0,21,0.0,95.76190476190476,page_device,2026-07-27 13:01:18
33883,2026-07-27,2025-05-03,,https://www.advich.com/ggfxcydzbh/,MOBILE,,0,16,0.0,83.875,page_device,2026-07-27 13:01:18
33884,2026-07-27,2025-05-03,,https://www.advich.com/ggfxdmznlr/,DESKTOP,,0,22,0.0,145.22727272727272,page_device,2026-07-27 13:01:18
33885,2026-07-27,2025-05-03,,https://www.advich.com/ggfxggslrh/,DESKTOP,,0,56,0.0,50.92857142857143,page_device,2026-07-27 13:01:18
33886,2026-07-27,2025-05-03,,https://www.advich.com/ggfxggslrh/,MOBILE,,0,18,0.0,37.833333333333336,page_device,2026-07-27 13:01:18
33887,2026-07-27,2025-05-03,,https://www.advich.com/ggfxysshzx/,DESKTOP,,0,22,0.0,39.86363636363637,page_device,2026-07-27 13:01:18
33888,2026-07-27,2025-05-03,,https://www.advich.com/ggfxzdttly/,DESKTOP,,0,82,0.0,88.60975609756098,page_device,2026-07-27 13:01:18
33889,2026-07-27,2025-05-03,,https://www.advich.com/ggfxzdttly/,MOBILE,,0,138,0.0,93.84057971014492,page_device,2026-07-27 13:01:18
33890,2026-07-27,2025-05-03,,https://www.advich.com/gggfzcsytg/,DESKTOP,,0,15,0.0,1.6,page_device,2026-07-27 13:01:18
33891,2026-07-27,2025-05-03,,https://www.advich.com/gggfzcsytg/,MOBILE,,0,7,0.0,2.428571428571429,page_device,2026-07-27 13:01:18
33892,2026-07-27,2025-05-03,,https://www.advich.com/ggggacyhdl/,DESKTOP,,0,22,0.0,129.04545454545453,page_device,2026-07-27 13:01:18
33893,2026-07-27,2025-05-03,,https://www.advich.com/ggggaqbgey/,DESKTOP,,0,22,0.0,21.0,page_device,2026-07-27 13:01:18
33894,2026-07-27,2025-05-03,,https://www.advich.com/ggggbgxzkyybgxsxz-ydhqd/,DESKTOP,,0,19,0.0,43.26315789473684,page_device,2026-07-27 13:01:18
33895,2026-07-27,2025-05-03,,https://www.advich.com/ggggbgxzkyybgxsxz-ydhqd/,MOBILE,,0,18,0.0,43.72222222222222,page_device,2026-07-27 13:01:18
33896,2026-07-27,2025-05-03,,https://www.advich.com/ggggbjzjzn/,DESKTOP,,0,1,0.0,13.0,page_device,2026-07-27 13:01:18
33897,2026-07-27,2025-05-03,,https://www.advich.com/ggggdlmyxr/,DESKTOP,,0,53,0.0,70.90566037735849,page_device,2026-07-27 13:01:18
33898,2026-07-27,2025-05-03,,https://www.advich.com/ggggfxgggg/,DESKTOP,,0,22,0.0,180.9090909090909,page_device,2026-07-27 13:01:18
33899,2026-07-27,2025-05-03,,https://www.advich.com/gggggjcyjd/,DESKTOP,,0,78,0.0,89.32051282051282,page_device,2026-07-27 13:01:18
33900,2026-07-27,2025-05-03,,https://www.advich.com/ggggglyyjx/,DESKTOP,,0,22,0.0,182.9090909090909,page_device,2026-07-27 13:01:18
33901,2026-07-27,2025-05-03,,https://www.advich.com/gggggslxyl/,DESKTOP,,0,90,0.0,84.93333333333334,page_device,2026-07-27 13:01:18
33902,2026-07-27,2025-05-03,,https://www.advich.com/gggggslxyl/,MOBILE,,0,10,0.0,61.2,page_device,2026-07-27 13:01:18
33903,2026-07-27,2025-05-03,,https://www.advich.com/gggggzmbrh/,DESKTOP,,0,22,0.0,55.09090909090909,page_device,2026-07-27 13:01:18
33904,2026-07-27,2025-05-03,,https://www.advich.com/ggggjfcjyy/,DESKTOP,,0,38,0.0,65.86842105263158,page_device,2026-07-27 13:01:18
33905,2026-07-27,2025-05-03,,https://www.advich.com/ggggmrszzh/,DESKTOP,,0,22,0.0,150.22727272727272,page_device,2026-07-27 13:01:18
33906,2026-07-27,2025-05-03,,https://www.advich.com/ggggmzhrhz/,DESKTOP,,0,23,0.0,62.78260869565217,page_device,2026-07-27 13:01:18
33907,2026-07-27,2025-05-03,,https://www.advich.com/ggggrhzmyh/,DESKTOP,,0,30,0.0,132.93333333333334,page_device,2026-07-27 13:01:18
33908,2026-07-27,2025-05-03,,https://www.advich.com/ggggrhzysy/,DESKTOP,,0,22,0.0,178.9090909090909,page_device,2026-07-27 13:01:18
33909,2026-07-27,2025-05-03,,https://www.advich.com/ggggshqdrh/,DESKTOP,,0,22,0.0,157.86363636363637,page_device,2026-07-27 13:01:18
33910,2026-07-27,2025-05-03,,https://www.advich.com/ggggtgkzcg/,DESKTOP,,0,21,0.0,54.04761904761905,page_device,2026-07-27 13:01:18
33911,2026-07-27,2025-05-03,,https://www.advich.com/ggggxsxskz/,DESKTOP,,0,21,0.0,82.04761904761905,page_device,2026-07-27 13:01:18
33912,2026-07-27,2025-05-03,,https://www.advich.com/ggggzcjjng/,DESKTOP,,0,23,0.0,163.69565217391303,page_device,2026-07-27 13:01:18
33913,2026-07-27,2025-05-03,,https://www.advich.com/ggggzcjjng/,MOBILE,,0,4,0.0,42.75,page_device,2026-07-27 13:01:18
33914,2026-07-27,2025-05-03,,https://www.advich.com/ggggzdgcjc/,DESKTOP,,0,1,0.0,49.0,page_device,2026-07-27 13:01:18
33915,2026-07-27,2025-05-03,,https://www.advich.com/ggggzdjbdh/,DESKTOP,,0,23,0.0,165.17391304347825,page_device,2026-07-27 13:01:18
33916,2026-07-27,2025-05-03,,https://www.advich.com/ggggzhztgb/,DESKTOP,,0,22,0.0,42.86363636363637,page_device,2026-07-27 13:01:18
33917,2026-07-27,2025-05-03,,https://www.advich.com/ggggznjjxz/,DESKTOP,,0,22,0.0,35.86363636363637,page_device,2026-07-27 13:01:18
33918,2026-07-27,2025-05-03,,https://www.advich.com/ggggzucsdj/,DESKTOP,,0,7,0.0,184.71428571428572,page_device,2026-07-27 13:01:18
33919,2026-07-27,2025-05-03,,https://www.advich.com/ggggzyxzjs/,DESKTOP,,0,2,0.0,53.0,page_device,2026-07-27 13:01:18
33920,2026-07-27,2025-05-03,,https://www.advich.com/ggggzyxzjs/,MOBILE,,0,2,0.0,76.0,page_device,2026-07-27 13:01:18
33921,2026-07-27,2025-05-03,,https://www.advich.com/gggjcghqgx/,DESKTOP,,0,14,0.0,131.5,page_device,2026-07-27 13:01:18
33922,2026-07-27,2025-05-03,,https://www.advich.com/gggjcghqgx/,MOBILE,,0,18,0.0,57.888888888888886,page_device,2026-07-27 13:01:18
33923,2026-07-27,2025-05-03,,https://www.advich.com/gggjcghqmf/,DESKTOP,,0,223,0.0,49.7085201793722,page_device,2026-07-27 13:01:18
33924,2026-07-27,2025-05-03,,https://www.advich.com/gggjcghqmf/,MOBILE,,0,397,0.0,48.29219143576826,page_device,2026-07-27 13:01:18
33925,2026-07-27,2025-05-03,,https://www.advich.com/gggjjcjjqrngtggsycl/,DESKTOP,,0,3,0.0,89.66666666666667,page_device,2026-07-27 13:01:18
33926,2026-07-27,2025-05-03,,https://www.advich.com/gggwcxdm/,DESKTOP,,0,1,0.0,15.0,page_device,2026-07-27 13:01:18
33927,2026-07-27,2025-05-03,,https://www.advich.com/gggwcxdm/,MOBILE,,0,1,0.0,40.0,page_device,2026-07-27 13:01:18
33928,2026-07-27,2025-05-03,,https://www.advich.com/gggwggrhsz/,DESKTOP,,0,148,0.0,57.432432432432435,page_device,2026-07-27 13:01:18
33929,2026-07-27,2025-05-03,,https://www.advich.com/gggwggrhsz/,MOBILE,,0,7,0.0,89.85714285714286,page_device,2026-07-27 13:01:18
33930,2026-07-27,2025-05-03,,https://www.advich.com/gggwggslrh/,DESKTOP,,0,32,0.0,106.875,page_device,2026-07-27 13:01:18
33931,2026-07-27,2025-05-03,,https://www.advich.com/gggwmblxt/,DESKTOP,,0,22,0.0,146.22727272727272,page_device,2026-07-27 13:01:18
33932,2026-07-27,2025-05-03,,https://www.advich.com/gggyggrhly/,DESKTOP,,0,22,0.0,23.0,page_device,2026-07-27 13:01:18
33933,2026-07-27,2025-05-03,,https://www.advich.com/ggjgszyjcg/,DESKTOP,,0,21,0.0,78.04761904761905,page_device,2026-07-27 13:01:18
33934,2026-07-27,2025-05-03,,https://www.advich.com/ggjjzgfxdsjjclyd/,DESKTOP,,0,18,0.0,49.77777777777778,page_device,2026-07-27 13:01:18
33935,2026-07-27,2025-05-03,,https://www.advich.com/ggjzyggtzd/,DESKTOP,,0,22,0.0,47.0,page_device,2026-07-27 13:01:18
33936,2026-07-27,2025-05-03,,https://www.advich.com/ggrnjydxgg/,DESKTOP,,0,22,0.0,116.95454545454545,page_device,2026-07-27 13:01:18
33937,2026-07-27,2025-05-03,,https://www.advich.com/ggscxlxwzz/,DESKTOP,,0,272,0.0,33.966911764705884,page_device,2026-07-27 13:01:18
33938,2026-07-27,2025-05-03,,https://www.advich.com/ggsgggryyy/,DESKTOP,,0,22,0.0,24.0,page_device,2026-07-27 13:01:18
33939,2026-07-27,2025-05-03,,https://www.advich.com/ggsgggryyy/,MOBILE,,0,2,0.0,16.5,page_device,2026-07-27 13:01:18
33940,2026-07-27,2025-05-03,,https://www.advich.com/ggsyhrhrrsrzdh/,DESKTOP,,0,22,0.0,167.22727272727272,page_device,2026-07-27 13:01:18
33941,2026-07-27,2025-05-03,,https://www.advich.com/ggszjdyxgg/,DESKTOP,,0,3,0.0,5.666666666666667,page_device,2026-07-27 13:01:18
33942,2026-07-27,2025-05-03,,https://www.advich.com/ggtcyggdxk/,DESKTOP,,0,32,0.0,83.96875,page_device,2026-07-27 13:01:18
33943,2026-07-27,2025-05-03,,https://www.advich.com/ggtgclrhtgdldwyhndgggg/,DESKTOP,,0,22,0.0,38.86363636363637,page_device,2026-07-27 13:01:18
33944,2026-07-27,2025-05-03,,https://www.advich.com/ggtgpggsrh/,DESKTOP,,0,25,0.0,176.84,page_device,2026-07-27 13:01:18
33945,2026-07-27,2025-05-03,,https://www.advich.com/ggtgpggsrm/,DESKTOP,,0,2,0.0,85.5,page_device,2026-07-27 13:01:18
33946,2026-07-27,2025-05-03,,https://www.advich.com/ggtgprhtgb/,DESKTOP,,0,21,0.0,71.04761904761905,page_device,2026-07-27 13:01:18
33947,2026-07-27,2025-05-03,,https://www.advich.com/ggtgpyhqdj/,DESKTOP,,0,20,0.0,4.2,page_device,2026-07-27 13:01:18
33948,2026-07-27,2025-05-03,,https://www.advich.com/ggtgzgcwrn/,DESKTOP,,0,22,0.0,110.86363636363636,page_device,2026-07-27 13:01:18
33949,2026-07-27,2025-05-03,,https://www.advich.com/ggtgzgjqphggsyggstgcl/,DESKTOP,,0,1,0.0,59.0,page_device,2026-07-27 13:01:18
33950,2026-07-27,2025-05-03,,https://www.advich.com/ggtgzgjqphggsyggstgcl/,MOBILE,,0,1,0.0,60.0,page_device,2026-07-27 13:01:18
33951,2026-07-27,2025-05-03,,https://www.advich.com/ggwdgggggg/,DESKTOP,,0,15,0.0,29.0,page_device,2026-07-27 13:01:18
33952,2026-07-27,2025-05-03,,https://www.advich.com/ggxbwyyggz/,DESKTOP,,0,94,0.0,3.0,page_device,2026-07-27 13:01:18
33953,2026-07-27,2025-05-03,,https://www.advich.com/ggxsggbxsr/,DESKTOP,,0,2,0.0,43.5,page_device,2026-07-27 13:01:18
33954,2026-07-27,2025-05-03,,https://www.advich.com/ggxsggbxsr/,MOBILE,,0,1,0.0,53.0,page_device,2026-07-27 13:01:18
33955,2026-07-27,2025-05-03,,https://www.advich.com/ggyycxazgg/,DESKTOP,,0,3,0.0,49.333333333333336,page_device,2026-07-27 13:01:18
33956,2026-07-27,2025-05-03,,https://www.advich.com/ggyycxazgg/,MOBILE,,0,2,0.0,43.0,page_device,2026-07-27 13:01:18
33957,2026-07-27,2025-05-03,,https://www.advich.com/ggzsgghdzk/,DESKTOP,,0,25,0.0,57.72,page_device,2026-07-27 13:01:18
33958,2026-07-27,2025-05-03,,https://www.advich.com/ggzsgghdzk/,MOBILE,,0,8,0.0,51.875,page_device,2026-07-27 13:01:18
33959,2026-07-27,2025-05-03,,https://www.advich.com/ggzsggkysy/,DESKTOP,,0,19,0.0,197.26315789473685,page_device,2026-07-27 13:01:18
33960,2026-07-27,2025-05-03,,https://www.advich.com/ggzshdzxyh/,DESKTOP,,0,32,0.0,89.3125,page_device,2026-07-27 13:01:18
33961,2026-07-27,2025-05-03,,https://www.advich.com/ggzshdzxyh/,MOBILE,,0,5,0.0,79.6,page_device,2026-07-27 13:01:18
33962,2026-07-27,2025-05-03,,https://www.advich.com/gjcghqbxfa/,DESKTOP,,0,25,0.0,68.08,page_device,2026-07-27 13:01:18
33963,2026-07-27,2025-05-03,,https://www.advich.com/gjcghqbxfa/,MOBILE,,0,2,0.0,64.5,page_device,2026-07-27 13:01:18
33964,2026-07-27,2025-05-03,,https://www.advich.com/gjcsssfrhj/,DESKTOP,,0,14,0.0,33.92857142857143,page_device,2026-07-27 13:01:18
33965,2026-07-27,2025-05-03,,https://www.advich.com/gjggggszdw/,DESKTOP,,0,4,0.0,46.25,page_device,2026-07-27 13:01:18
33966,2026-07-27,2025-05-03,,https://www.advich.com/gjggggszdw/,MOBILE,,0,4,0.0,47.5,page_device,2026-07-27 13:01:18
33967,2026-07-27,2025-05-03,,https://www.advich.com/glyxcljqgzyl/,DESKTOP,,0,53,0.0,82.15094339622641,page_device,2026-07-27 13:01:18
33968,2026-07-27,2025-05-03,,https://www.advich.com/google-ads-account/,DESKTOP,,0,2,0.0,78.0,page_device,2026-07-27 13:01:18
33969,2026-07-27,2025-05-03,,https://www.advich.com/google-remarketing/,DESKTOP,,0,12,0.0,72.33333333333333,page_device,2026-07-27 13:01:18
33970,2026-07-27,2025-05-03,,https://www.advich.com/google-remarketing/,MOBILE,,0,12,0.0,66.25,page_device,2026-07-27 13:01:18
33971,2026-07-27,2025-05-03,,https://www.advich.com/google-sem/,DESKTOP,,0,12,0.0,91.25,page_device,2026-07-27 13:01:18
33972,2026-07-27,2025-05-03,,https://www.advich.com/google-sem/,MOBILE,,0,6,0.0,79.83333333333333,page_device,2026-07-27 13:01:18
33973,2026-07-27,2025-05-03,,https://www.advich.com/google-shopping-ads/,DESKTOP,,0,229,0.0,47.5589519650655,page_device,2026-07-27 13:01:18
33974,2026-07-27,2025-05-03,,https://www.advich.com/google-shopping-ads/,MOBILE,,0,18,0.0,67.61111111111111,page_device,2026-07-27 13:01:18
33975,2026-07-27,2025-05-03,,https://www.advich.com/googles-seo-ads-are-easy-to-use/,DESKTOP,,0,1,0.0,79.0,page_device,2026-07-27 13:01:18
33976,2026-07-27,2025-05-03,,https://www.advich.com/gqdzngwhbd/,DESKTOP,,0,22,0.0,171.22727272727272,page_device,2026-07-27 13:01:18
33977,2026-07-27,2025-05-03,,https://www.advich.com/gsdtslbznk/,DESKTOP,,0,23,0.0,155.7826086956522,page_device,2026-07-27 13:01:18
33978,2026-07-27,2025-05-03,,https://www.advich.com/gsdtslbznk/,MOBILE,,0,1,0.0,54.0,page_device,2026-07-27 13:01:18
33979,2026-07-27,2025-05-03,,https://www.advich.com/gtm-code/,DESKTOP,,0,25,0.0,85.44,page_device,2026-07-27 13:01:18
33980,2026-07-27,2025-05-03,,https://www.advich.com/gxgnhzjsj/,DESKTOP,,0,3,0.0,38.0,page_device,2026-07-27 13:01:18
33981,2026-07-27,2025-05-03,,https://www.advich.com/gxgnhzjsj/,MOBILE,,0,2,0.0,37.0,page_device,2026-07-27 13:01:18
33982,2026-07-27,2025-05-03,,https://www.advich.com/gxzsgdybf/,DESKTOP,,0,4,0.0,32.0,page_device,2026-07-27 13:01:18
33983,2026-07-27,2025-05-03,,https://www.advich.com/gycggdzyyx/,DESKTOP,,0,3,0.0,73.0,page_device,2026-07-27 13:01:18
33984,2026-07-27,2025-05-03,,https://www.advich.com/gycggdzyyx/,MOBILE,,0,5,0.0,73.8,page_device,2026-07-27 13:01:18
33985,2026-07-27,2025-05-03,,https://www.advich.com/gyszfwfadn/,DESKTOP,,0,3,0.0,49.666666666666664,page_device,2026-07-27 13:01:18
33986,2026-07-27,2025-05-03,,https://www.advich.com/gyxjrgwzdn/,DESKTOP,,0,4,0.0,7.0,page_device,2026-07-27 13:01:18
33987,2026-07-27,2025-05-03,,https://www.advich.com/gyyypggnxy/,DESKTOP,,0,1,0.0,61.0,page_device,2026-07-27 13:01:18
33988,2026-07-27,2025-05-03,,https://www.advich.com/hjyxwmkycy/,DESKTOP,,0,2,0.0,36.5,page_device,2026-07-27 13:01:18
33989,2026-07-27,2025-05-03,,https://www.advich.com/hjyxwmkycy/,MOBILE,,0,3,0.0,44.333333333333336,page_device,2026-07-27 13:01:18
33990,2026-07-27,2025-05-03,,https://www.advich.com/home/,MOBILE,,0,42,0.0,4.5476190476190474,page_device,2026-07-27 13:01:18
33991,2026-07-27,2025-05-03,,https://www.advich.com/how-much-influence-does-the-role-of-integrated-marketing-have-on-the-company/,DESKTOP,,0,51,0.0,63.15686274509804,page_device,2026-07-27 13:01:18
33992,2026-07-27,2025-05-03,,https://www.advich.com/how-normal-is-the-inquiry-rate-of-google-promotion/,DESKTOP,,0,6,0.0,93.0,page_device,2026-07-27 13:01:18
33993,2026-07-27,2025-05-03,,https://www.advich.com/how-to-choose-an-independent-station-to-collect-money/,DESKTOP,,0,37,0.0,82.32432432432432,page_device,2026-07-27 13:01:18
33994,2026-07-27,2025-05-03,,https://www.advich.com/how-to-promote-facebook/,DESKTOP,,0,2,0.0,46.5,page_device,2026-07-27 13:01:18
33995,2026-07-27,2025-05-03,,https://www.advich.com/how-to-promote-facebook/,MOBILE,,0,7,0.0,49.285714285714285,page_device,2026-07-27 13:01:18
33996,2026-07-27,2025-05-03,,https://www.advich.com/hqggggrzdf/,DESKTOP,,0,33,0.0,69.78787878787878,page_device,2026-07-27 13:01:18
33997,2026-07-27,2025-05-03,,https://www.advich.com/hqggggrzdf/,MOBILE,,0,3,0.0,38.666666666666664,page_device,2026-07-27 13:01:18
33998,2026-07-27,2025-05-03,,https://www.advich.com/increasing-fans-of-overseas-social-media/,MOBILE,,0,3,0.0,59.0,page_device,2026-07-27 13:01:18
33999,2026-07-27,2025-05-03,,https://www.advich.com/independent-station-how-to-google-promotion/,DESKTOP,,0,1,0.0,76.0,page_device,2026-07-27 13:01:18
34000,2026-07-27,2025-05-03,,https://www.advich.com/independent-station-operation/,DESKTOP,,0,3,0.0,93.33333333333333,page_device,2026-07-27 13:01:18
34001,2026-07-27,2025-05-03,,https://www.advich.com/independent-station-promotion/,DESKTOP,,0,3,0.0,80.66666666666667,page_device,2026-07-27 13:01:18
34002,2026-07-27,2025-05-03,,https://www.advich.com/independent-station-selection/,DESKTOP,,0,5,0.0,41.6,page_device,2026-07-27 13:01:18
34003,2026-07-27,2025-05-03,,https://www.advich.com/independent-station-selection/,MOBILE,,0,2,0.0,39.0,page_device,2026-07-27 13:01:18
34004,2026-07-27,2025-05-03,,https://www.advich.com/integrated-marketing-ecology/,DESKTOP,,0,116,0.0,41.0,page_device,2026-07-27 13:01:18
34005,2026-07-27,2025-05-03,,https://www.advich.com/integrated-marketing-era-what-can-overseas-digital-marketing-bring-us/,DESKTOP,,0,40,0.0,25.725,page_device,2026-07-27 13:01:18
34006,2026-07-27,2025-05-03,,https://www.advich.com/integrated-marketing-platform/,DESKTOP,,0,168,0.0,27.553571428571427,page_device,2026-07-27 13:01:18
34007,2026-07-27,2025-05-03,,https://www.advich.com/integrated-marketing-requirements/,DESKTOP,,0,77,0.0,59.55844155844156,page_device,2026-07-27 13:01:18
34008,2026-07-27,2025-05-03,,https://www.advich.com/integrated-marketing-requirements/,MOBILE,,0,1,0.0,54.0,page_device,2026-07-27 13:01:18
34009,2026-07-27,2025-05-03,,https://www.advich.com/jdggzldsgz/,DESKTOP,,0,1,0.0,5.0,page_device,2026-07-27 13:01:18
34010,2026-07-27,2025-05-03,,https://www.advich.com/jiangsu-google-seo-optimization/,DESKTOP,,0,30,0.0,73.06666666666666,page_device,2026-07-27 13:01:18
34011,2026-07-27,2025-05-03,,https://www.advich.com/jlygcsdggg/,DESKTOP,,0,22,0.0,29.681818181818183,page_device,2026-07-27 13:01:18
34012,2026-07-27,2025-05-03,,https://www.advich.com/jssymqbssm/,DESKTOP,,0,10,0.0,31.8,page_device,2026-07-27 13:01:18
34013,2026-07-27,2025-05-03,,https://www.advich.com/jssymqbssm/,MOBILE,,0,1,0.0,11.0,page_device,2026-07-27 13:01:18
34014,2026-07-27,2025-05-03,,https://www.advich.com/jtydthfggy/,DESKTOP,,0,5,0.0,69.4,page_device,2026-07-27 13:01:18
34015,2026-07-27,2025-05-03,,https://www.advich.com/jtydthfggy/,MOBILE,,0,2,0.0,86.0,page_device,2026-07-27 13:01:18
34016,2026-07-27,2025-05-03,,https://www.advich.com/jxggsljxgg/,DESKTOP,,0,22,0.0,103.86363636363636,page_device,2026-07-27 13:01:18
34017,2026-07-27,2025-05-03,,https://www.advich.com/jycynzggxs/,DESKTOP,,0,21,0.0,63.04761904761905,page_device,2026-07-27 13:01:18
34018,2026-07-27,2025-05-03,,https://www.advich.com/khxfjsszjx/,DESKTOP,,0,11,0.0,54.27272727272727,page_device,2026-07-27 13:01:18
34019,2026-07-27,2025-05-03,,https://www.advich.com/khxfjsszjx/,MOBILE,,0,9,0.0,54.666666666666664,page_device,2026-07-27 13:01:18
34020,2026-07-27,2025-05-03,,https://www.advich.com/ksdycpgghd/,DESKTOP,,0,29,0.0,74.6896551724138,page_device,2026-07-27 13:01:18
34021,2026-07-27,2025-05-03,,https://www.advich.com/ksdycpgghd/,MOBILE,,0,1,0.0,42.0,page_device,2026-07-27 13:01:18
34022,2026-07-27,2025-05-03,,https://www.advich.com/kygjcdqqkq/,DESKTOP,,0,22,0.0,157.04545454545453,page_device,2026-07-27 13:01:18
34023,2026-07-27,2025-05-03,,https://www.advich.com/linkedin-2/,DESKTOP,,0,17,0.0,76.3529411764706,page_device,2026-07-27 13:01:18
34024,2026-07-27,2025-05-03,,https://www.advich.com/linkedin-account-registration/,DESKTOP,,0,4,0.0,14.5,page_device,2026-07-27 13:01:18
34025,2026-07-27,2025-05-03,,https://www.advich.com/ljcpsmzqgl/,DESKTOP,,0,27,0.0,55.22222222222222,page_device,2026-07-27 13:01:18
34026,2026-07-27,2025-05-03,,https://www.advich.com/ljcpsmzqgl/,MOBILE,,0,14,0.0,88.07142857142857,page_device,2026-07-27 13:01:18
34027,2026-07-27,2025-05-03,,https://www.advich.com/ljpkytjsms/,DESKTOP,,0,3,0.0,76.0,page_device,2026-07-27 13:01:18
34028,2026-07-27,2025-05-03,,https://www.advich.com/ljrhzezcjx/,DESKTOP,,0,29,0.0,80.6896551724138,page_device,2026-07-27 13:01:18
34029,2026-07-27,2025-05-03,,https://www.advich.com/lyfxggkdnd/,DESKTOP,,0,21,0.0,59.04761904761905,page_device,2026-07-27 13:01:18
34030,2026-07-27,2025-05-03,,https://www.advich.com/mcdjdlrtss/,DESKTOP,,0,22,0.0,36.86363636363637,page_device,2026-07-27 13:01:18
34031,2026-07-27,2025-05-03,,https://www.advich.com/mddyggggbp/,DESKTOP,,0,2,0.0,39.5,page_device,2026-07-27 13:01:18
34032,2026-07-27,2025-05-03,,https://www.advich.com/mddyggggbp/,MOBILE,,0,2,0.0,24.5,page_device,2026-07-27 13:01:18
34033,2026-07-27,2025-05-03,,https://www.advich.com/mgggzydsgg/,DESKTOP,,0,35,0.0,85.14285714285714,page_device,2026-07-27 13:01:18
34034,2026-07-27,2025-05-03,,https://www.advich.com/mggzdhggsz/,DESKTOP,,0,167,0.0,51.67065868263473,page_device,2026-07-27 13:01:18
34035,2026-07-27,2025-05-03,,https://www.advich.com/mggzdhggsz/,MOBILE,,0,6,0.0,46.5,page_device,2026-07-27 13:01:18
34036,2026-07-27,2025-05-03,,https://www.advich.com/mjjslxmjjs/,DESKTOP,,0,21,0.0,60.04761904761905,page_device,2026-07-27 13:01:18
34037,2026-07-27,2025-05-03,,https://www.advich.com/must-google-promote-independent-stations/,DESKTOP,,0,6,0.0,65.66666666666667,page_device,2026-07-27 13:01:18
34038,2026-07-27,2025-05-03,,https://www.advich.com/mxcxzdfggc/,DESKTOP,,0,22,0.0,121.95454545454545,page_device,2026-07-27 13:01:18
34039,2026-07-27,2025-05-03,,https://www.advich.com/mxcxzdtggc/,DESKTOP,,0,27,0.0,81.25925925925925,page_device,2026-07-27 13:01:18
34040,2026-07-27,2025-05-03,,https://www.advich.com/mxcxzdtggc/,MOBILE,,0,1,0.0,57.0,page_device,2026-07-27 13:01:18
34041,2026-07-27,2025-05-03,,https://www.advich.com/myggggcxdm/,MOBILE,,0,1,0.0,12.0,page_device,2026-07-27 13:01:18
34042,2026-07-27,2025-05-03,,https://www.advich.com/nbxcsdqzyw/,DESKTOP,,0,23,0.0,184.95652173913044,page_device,2026-07-27 13:01:18
34043,2026-07-27,2025-05-03,,https://www.advich.com/ndsjgsdqzg/,DESKTOP,,0,89,0.0,60.258426966292134,page_device,2026-07-27 13:01:18
34044,2026-07-27,2025-05-03,,https://www.advich.com/ndsjgsdqzg/,MOBILE,,0,16,0.0,58.8125,page_device,2026-07-27 13:01:18
34045,2026-07-27,2025-05-03,,https://www.advich.com/new-knowledge-of-overseas-social-media-drainage-come-on-up/,DESKTOP,,0,13,0.0,30.615384615384617,page_device,2026-07-27 13:01:18
34046,2026-07-27,2025-05-03,,https://www.advich.com/news/,DESKTOP,,0,19,0.0,83.57894736842105,page_device,2026-07-27 13:01:18
34047,2026-07-27,2025-05-03,,https://www.advich.com/news/4/,DESKTOP,,0,14,0.0,77.14285714285714,page_device,2026-07-27 13:01:18
34048,2026-07-27,2025-05-03,,https://www.advich.com/nggggdgcwk/,DESKTOP,,0,22,0.0,126.95454545454545,page_device,2026-07-27 13:01:18
34049,2026-07-27,2025-05-03,,https://www.advich.com/nkylyszdwx/,DESKTOP,,0,24,0.0,70.66666666666667,page_device,2026-07-27 13:01:18
34050,2026-07-27,2025-05-03,,https://www.advich.com/nkylyszdwx/,MOBILE,,0,2,0.0,95.5,page_device,2026-07-27 13:01:18
34051,2026-07-27,2025-05-03,,https://www.advich.com/nnzddcdsxr/,DESKTOP,,0,29,0.0,58.51724137931034,page_device,2026-07-27 13:01:18
34052,2026-07-27,2025-05-03,,https://www.advich.com/npdzzbfs/,DESKTOP,,0,16,0.0,167.3125,page_device,2026-07-27 13:01:18
34053,2026-07-27,2025-05-03,,https://www.advich.com/nrhcjhhfgg/,DESKTOP,,0,1,0.0,53.0,page_device,2026-07-27 13:01:18
34054,2026-07-27,2025-05-03,,https://www.advich.com/nrhcjhhfgg/,MOBILE,,0,1,0.0,52.0,page_device,2026-07-27 13:01:18
34055,2026-07-27,2025-05-03,,https://www.advich.com/nsydsdzjjm/,DESKTOP,,0,24,0.0,168.5,page_device,2026-07-27 13:01:18
34056,2026-07-27,2025-05-03,,https://www.advich.com/nsydsdzjjm/,MOBILE,,0,18,0.0,60.22222222222222,page_device,2026-07-27 13:01:18
34057,2026-07-27,2025-05-03,,https://www.advich.com/nszyxzsjmt/,DESKTOP,,0,24,0.0,71.625,page_device,2026-07-27 13:01:18
34058,2026-07-27,2025-05-03,,https://www.advich.com/nwfycnsfzx/,DESKTOP,,0,22,0.0,173.22727272727272,page_device,2026-07-27 13:01:18
34059,2026-07-27,2025-05-03,,https://www.advich.com/nxzddgyggg/,DESKTOP,,0,22,0.0,78.63636363636364,page_device,2026-07-27 13:01:18
34060,2026-07-27,2025-05-03,,https://www.advich.com/nxzddgyggg/,MOBILE,,0,5,0.0,77.6,page_device,2026-07-27 13:01:18
34061,2026-07-27,2025-05-03,,https://www.advich.com/nxzttsfsyy/,DESKTOP,,0,2,0.0,134.5,page_device,2026-07-27 13:01:18
34062,2026-07-27,2025-05-03,,https://www.advich.com/nygsygggga/,DESKTOP,,0,45,0.0,13.0,page_device,2026-07-27 13:01:18
34063,2026-07-27,2025-05-03,,https://www.advich.com/nzjsscbg/,DESKTOP,,0,1,0.0,80.0,page_device,2026-07-27 13:01:18
34064,2026-07-27,2025-05-03,,https://www.advich.com/nzjyycxxzd/,DESKTOP,,0,22,0.0,190.9090909090909,page_device,2026-07-27 13:01:18
34065,2026-07-27,2025-05-03,,https://www.advich.com/overseas-independent-station/,DESKTOP,,0,1,0.0,55.0,page_device,2026-07-27 13:01:18
34066,2026-07-27,2025-05-03,,https://www.advich.com/overseas-integrated-marketing/,DESKTOP,,0,4,0.0,29.75,page_device,2026-07-27 13:01:18
34067,2026-07-27,2025-05-03,,https://www.advich.com/oyktmssmws/,DESKTOP,,0,22,0.0,147.22727272727272,page_device,2026-07-27 13:01:18
34068,2026-07-27,2025-05-03,,https://www.advich.com/p6918/,DESKTOP,,0,1,0.0,92.0,page_device,2026-07-27 13:01:18
34069,2026-07-27,2025-05-03,,https://www.advich.com/p7659/,DESKTOP,,0,28,0.0,53.535714285714285,page_device,2026-07-27 13:01:18
34070,2026-07-27,2025-05-03,,https://www.advich.com/paid-advertising/,DESKTOP,,0,5,0.0,93.0,page_device,2026-07-27 13:01:18
34071,2026-07-27,2025-05-03,,https://www.advich.com/paid-traffic/,DESKTOP,,0,2,0.0,73.5,page_device,2026-07-27 13:01:18
34072,2026-07-27,2025-05-03,,https://www.advich.com/pggdzjzngg/,DESKTOP,,0,142,0.0,41.71830985915493,page_device,2026-07-27 13:01:18
34073,2026-07-27,2025-05-03,,https://www.advich.com/pggdzjzngg/,MOBILE,,0,1,0.0,22.0,page_device,2026-07-27 13:01:18
34074,2026-07-27,2025-05-03,,https://www.advich.com/pggdzjzngg/,TABLET,,0,1,0.0,8.0,page_device,2026-07-27 13:01:18
34075,2026-07-27,2025-05-03,,https://www.advich.com/pjcypjcbrh/,DESKTOP,,0,46,0.0,13.695652173913043,page_device,2026-07-27 13:01:18
34076,2026-07-27,2025-05-03,,https://www.advich.com/pjcypjcbrh/,MOBILE,,0,2,0.0,37.0,page_device,2026-07-27 13:01:18
34077,2026-07-27,2025-05-03,,https://www.advich.com/pltfxdyhcl/,DESKTOP,,0,2,0.0,58.5,page_device,2026-07-27 13:01:18
34078,2026-07-27,2025-05-03,,https://www.advich.com/pmssmspyxm/,DESKTOP,,0,42,0.0,96.16666666666667,page_device,2026-07-27 13:01:18
34079,2026-07-27,2025-05-03,,https://www.advich.com/ppc-managemen/,DESKTOP,,0,1,0.0,6.0,page_device,2026-07-27 13:01:18
34080,2026-07-27,2025-05-03,,https://www.advich.com/product-promotion/,DESKTOP,,0,4,0.0,74.5,page_device,2026-07-27 13:01:18
34081,2026-07-27,2025-05-03,,https://www.advich.com/promotion-skills-of-fb-group/,DESKTOP,,0,9,0.0,93.66666666666667,page_device,2026-07-27 13:01:18
34082,2026-07-27,2025-05-03,,https://www.advich.com/promotion-skills-of-fb-group/,MOBILE,,0,2,0.0,68.0,page_device,2026-07-27 13:01:18
34083,2026-07-27,2025-05-03,,https://www.advich.com/pszclmbdwy/,DESKTOP,,0,23,0.0,112.82608695652173,page_device,2026-07-27 13:01:18
34084,2026-07-27,2025-05-03,,https://www.advich.com/pszclmbdwy/,MOBILE,,0,2,0.0,76.5,page_device,2026-07-27 13:01:18
34085,2026-07-27,2025-05-03,,https://www.advich.com/qggjetbjqc/,DESKTOP,,0,29,0.0,97.24137931034483,page_device,2026-07-27 13:01:18
34086,2026-07-27,2025-05-03,,https://www.advich.com/qzkhkfyqzk/,DESKTOP,,0,22,0.0,51.0,page_device,2026-07-27 13:01:18
34087,2026-07-27,2025-05-03,,https://www.advich.com/rggrmnxyzd/,DESKTOP,,0,27,0.0,105.81481481481481,page_device,2026-07-27 13:01:18
34088,2026-07-27,2025-05-03,,https://www.advich.com/rggrmnxyzd/,MOBILE,,0,1,0.0,23.0,page_device,2026-07-27 13:01:18
34089,2026-07-27,2025-05-03,,https://www.advich.com/rhcjggtgph/,DESKTOP,,0,22,0.0,148.22727272727272,page_device,2026-07-27 13:01:18
34090,2026-07-27,2025-05-03,,https://www.advich.com/rhcjgzhtzb/,DESKTOP,,0,5,0.0,10.0,page_device,2026-07-27 13:01:18
34091,2026-07-27,2025-05-03,,https://www.advich.com/rhcjgzhtzb/,MOBILE,,0,3,0.0,9.333333333333334,page_device,2026-07-27 13:01:18
34092,2026-07-27,2025-05-03,,https://www.advich.com/rhcjzjgggw/,DESKTOP,,0,25,0.0,62.28,page_device,2026-07-27 13:01:18
34093,2026-07-27,2025-05-03,,https://www.advich.com/rhcjzjgggw/,MOBILE,,0,1,0.0,50.0,page_device,2026-07-27 13:01:18
34094,2026-07-27,2025-05-03,,https://www.advich.com/rhcndggggz/,DESKTOP,,0,22,0.0,114.86363636363636,page_device,2026-07-27 13:01:18
34095,2026-07-27,2025-05-03,,https://www.advich.com/rhcqtrdttl/,DESKTOP,,0,10,0.0,9.1,page_device,2026-07-27 13:01:18
34096,2026-07-27,2025-05-03,,https://www.advich.com/rhfxmhgzdl/,DESKTOP,,0,55,0.0,23.09090909090909,page_device,2026-07-27 13:01:18
34097,2026-07-27,2025-05-03,,https://www.advich.com/rhfxmhgzdl/,MOBILE,,0,6,0.0,9.666666666666666,page_device,2026-07-27 13:01:18
34098,2026-07-27,2025-05-03,,https://www.advich.com/rhgbggggzd/,DESKTOP,,0,23,0.0,26.652173913043477,page_device,2026-07-27 13:01:18
34099,2026-07-27,2025-05-03,,https://www.advich.com/rhgzggctgg/,DESKTOP,,0,45,0.0,18.0,page_device,2026-07-27 13:01:18
34100,2026-07-27,2025-05-03,,https://www.advich.com/rhhlzxywdk/,DESKTOP,,0,1,0.0,88.0,page_device,2026-07-27 13:01:18
34101,2026-07-27,2025-05-03,,https://www.advich.com/rhhzsyztxy/,DESKTOP,,0,28,0.0,145.25,page_device,2026-07-27 13:01:18
34102,2026-07-27,2025-05-03,,https://www.advich.com/rhjcggsdgj/,DESKTOP,,0,161,0.0,67.34782608695652,page_device,2026-07-27 13:01:18
34103,2026-07-27,2025-05-03,,https://www.advich.com/rhjcggsdgj/,MOBILE,,0,82,0.0,60.0,page_device,2026-07-27 13:01:18
34104,2026-07-27,2025-05-03,,https://www.advich.com/rhjdmcdjdp/,DESKTOP,,0,22,0.0,32.86363636363636,page_device,2026-07-27 13:01:18
34105,2026-07-27,2025-05-03,,https://www.advich.com/rhjrbstcdg/,DESKTOP,,0,23,0.0,82.6086956521739,page_device,2026-07-27 13:01:18
34106,2026-07-27,2025-05-03,,https://www.advich.com/rhjscbhjqb/,DESKTOP,,0,22,0.0,41.86363636363637,page_device,2026-07-27 13:01:18
34107,2026-07-27,2025-05-03,,https://www.advich.com/rhjxjmtfxj/,DESKTOP,,0,1,0.0,8.0,page_device,2026-07-27 13:01:18
34108,2026-07-27,2025-05-03,,https://www.advich.com/rhjxjmtfxj/,MOBILE,,0,2,0.0,66.0,page_device,2026-07-27 13:01:18
34109,2026-07-27,2025-05-03,,https://www.advich.com/rhjxkhjzfx/,DESKTOP,,0,43,0.0,63.23255813953488,page_device,2026-07-27 13:01:18
34110,2026-07-27,2025-05-03,,https://www.advich.com/rhkshdwzll/,DESKTOP,,0,21,0.0,55.04761904761905,page_device,2026-07-27 13:01:18
34111,2026-07-27,2025-05-03,,https://www.advich.com/rhkssygzds/,DESKTOP,,0,21,0.0,58.04761904761905,page_device,2026-07-27 13:01:18
34112,2026-07-27,2025-05-03,,https://www.advich.com/rhlyggqzkh/,DESKTOP,,0,22,0.0,48.0,page_device,2026-07-27 13:01:18
34113,2026-07-27,2025-05-03,,https://www.advich.com/rhqdhlcggg/,DESKTOP,,0,22,0.0,68.0,page_device,2026-07-27 13:01:18
34114,2026-07-27,2025-05-03,,https://www.advich.com/rhqsgzkhmy/,DESKTOP,,0,33,0.0,22.03030303030303,page_device,2026-07-27 13:01:18
34115,2026-07-27,2025-05-03,,https://www.advich.com/rhrdljgfwg/,DESKTOP,,0,21,0.0,68.04761904761905,page_device,2026-07-27 13:01:18
34116,2026-07-27,2025-05-03,,https://www.advich.com/rhrndqycxz/,DESKTOP,,0,31,0.0,107.2258064516129,page_device,2026-07-27 13:01:18
34117,2026-07-27,2025-05-03,,https://www.advich.com/rhsxsjkshg/,DESKTOP,,0,22,0.0,105.86363636363636,page_device,2026-07-27 13:01:18
34118,2026-07-27,2025-05-03,,https://www.advich.com/rhsycyscqj/,DESKTOP,,0,3,0.0,48.0,page_device,2026-07-27 13:01:18
34119,2026-07-27,2025-05-03,,https://www.advich.com/rhsycyscqj/,MOBILE,,0,3,0.0,39.0,page_device,2026-07-27 13:01:18
34120,2026-07-27,2025-05-03,,https://www.advich.com/rhsyfggkjx/,DESKTOP,,0,1,0.0,76.0,page_device,2026-07-27 13:01:18
34121,2026-07-27,2025-05-03,,https://www.advich.com/rhsyggbzkz/,DESKTOP,,0,22,0.0,111.86363636363636,page_device,2026-07-27 13:01:18
34122,2026-07-27,2025-05-03,,https://www.advich.com/rhsyggggtb/,DESKTOP,,0,22,0.0,138.5909090909091,page_device,2026-07-27 13:01:18
34123,2026-07-27,2025-05-03,,https://www.advich.com/rhsyggjzyc/,DESKTOP,,0,4,0.0,50.5,page_device,2026-07-27 13:01:18
34124,2026-07-27,2025-05-03,,https://www.advich.com/rhsyggjzyc/,MOBILE,,0,5,0.0,58.2,page_device,2026-07-27 13:01:18
34125,2026-07-27,2025-05-03,,https://www.advich.com/rhsyggsskz/,DESKTOP,,0,58,0.0,88.98275862068965,page_device,2026-07-27 13:01:18
34126,2026-07-27,2025-05-03,,https://www.advich.com/rhsyggsskz/,MOBILE,,0,1,0.0,36.0,page_device,2026-07-27 13:01:18
34127,2026-07-27,2025-05-03,,https://www.advich.com/rhsypmdclb/,DESKTOP,,0,25,0.0,127.76,page_device,2026-07-27 13:01:18
34128,2026-07-27,2025-05-03,,https://www.advich.com/rhsypmdclb/,MOBILE,,0,1,0.0,89.0,page_device,2026-07-27 13:01:18
34129,2026-07-27,2025-05-03,,https://www.advich.com/rhsysjkshf/,DESKTOP,,0,51,0.0,124.84313725490196,page_device,2026-07-27 13:01:18
34130,2026-07-27,2025-05-03,,https://www.advich.com/rhsysjkshf/,MOBILE,,0,1,0.0,3.0,page_device,2026-07-27 13:01:18
34131,2026-07-27,2025-05-03,,https://www.advich.com/rhsyyspscq/,DESKTOP,,0,21,0.0,93.76190476190476,page_device,2026-07-27 13:01:18
34132,2026-07-27,2025-05-03,,https://www.advich.com/rhszgggwgg/,DESKTOP,,0,269,0.0,50.80297397769517,page_device,2026-07-27 13:01:18
34133,2026-07-27,2025-05-03,,https://www.advich.com/rhszgggwgg/,MOBILE,,0,13,0.0,83.38461538461539,page_device,2026-07-27 13:01:18
34134,2026-07-27,2025-05-03,,https://www.advich.com/rhszhyhggf/,DESKTOP,,0,21,0.0,73.04761904761905,page_device,2026-07-27 13:01:18
34135,2026-07-27,2025-05-03,,https://www.advich.com/rhtgggggdz/,DESKTOP,,0,21,0.0,87.04761904761905,page_device,2026-07-27 13:01:18
34136,2026-07-27,2025-05-03,,https://www.advich.com/rhtgggggtg/,DESKTOP,,0,2,0.0,43.5,page_device,2026-07-27 13:01:18
34137,2026-07-27,2025-05-03,,https://www.advich.com/rhtgljsmxl/,DESKTOP,,0,29,0.0,77.24137931034483,page_device,2026-07-27 13:01:18
34138,2026-07-27,2025-05-03,,https://www.advich.com/rhtgxsxszl/,DESKTOP,,0,22,0.0,124.95454545454545,page_device,2026-07-27 13:01:18
34139,2026-07-27,2025-05-03,,https://www.advich.com/rhtgyggscl/,DESKTOP,,0,4,0.0,51.25,page_device,2026-07-27 13:01:18
34140,2026-07-27,2025-05-03,,https://www.advich.com/rhtjewjcxl/,DESKTOP,,0,94,0.0,4.0,page_device,2026-07-27 13:01:18
34141,2026-07-27,2025-05-03,,https://www.advich.com/rhwggggxzz/,DESKTOP,,0,232,0.0,38.30603448275862,page_device,2026-07-27 13:01:18
34142,2026-07-27,2025-05-03,,https://www.advich.com/rhwggggxzz/,MOBILE,,0,53,0.0,51.9811320754717,page_device,2026-07-27 13:01:18
34143,2026-07-27,2025-05-03,,https://www.advich.com/rhwkhyxggg/,DESKTOP,,0,22,0.0,22.0,page_device,2026-07-27 13:01:18
34144,2026-07-27,2025-05-03,,https://www.advich.com/rhxdyycjw/,DESKTOP,,0,22,0.0,165.22727272727272,page_device,2026-07-27 13:01:18
34145,2026-07-27,2025-05-03,,https://www.advich.com/rhxdyycjw/,MOBILE,,0,9,0.0,32.77777777777778,page_device,2026-07-27 13:01:18
34146,2026-07-27,2025-05-03,,https://www.advich.com/rhyhggtgph/,DESKTOP,,0,2,0.0,9.0,page_device,2026-07-27 13:01:18
34147,2026-07-27,2025-05-03,,https://www.advich.com/rhyhggxyss/,DESKTOP,,0,1,0.0,96.0,page_device,2026-07-27 13:01:18
34148,2026-07-27,2025-05-03,,https://www.advich.com/rhzcggtgpg/,DESKTOP,,0,26,0.0,139.92307692307693,page_device,2026-07-27 13:01:18
34149,2026-07-27,2025-05-03,,https://www.advich.com/rhzdhggggd/,DESKTOP,,0,22,0.0,155.86363636363637,page_device,2026-07-27 13:01:18
34150,2026-07-27,2025-05-03,,https://www.advich.com/rhzdhggzng/,DESKTOP,,0,29,0.0,46.275862068965516,page_device,2026-07-27 13:01:18
34151,2026-07-27,2025-05-03,,https://www.advich.com/rhzdhggzng/,MOBILE,,0,8,0.0,59.5,page_device,2026-07-27 13:01:18
34152,2026-07-27,2025-05-03,,https://www.advich.com/rhzedzbgzc/,MOBILE,,0,6,0.0,6.833333333333333,page_device,2026-07-27 13:01:18
34153,2026-07-27,2025-05-03,,https://www.advich.com/rhzezcjdjm/,DESKTOP,,0,2,0.0,23.0,page_device,2026-07-27 13:01:18
34154,2026-07-27,2025-05-03,,https://www.advich.com/rhzezcjrct/,DESKTOP,,0,38,0.0,91.34210526315789,page_device,2026-07-27 13:01:18
34155,2026-07-27,2025-05-03,,https://www.advich.com/rhzezcjrct/,MOBILE,,0,1,0.0,54.0,page_device,2026-07-27 13:01:18
34156,2026-07-27,2025-05-03,,https://www.advich.com/rhzezcjxsl/,DESKTOP,,0,22,0.0,34.86363636363637,page_device,2026-07-27 13:01:18
34157,2026-07-27,2025-05-03,,https://www.advich.com/rhzezfxsjk/,DESKTOP,,0,50,0.0,85.94,page_device,2026-07-27 13:01:18
34158,2026-07-27,2025-05-03,,https://www.advich.com/rhzezhzjyl/,DESKTOP,,0,10,0.0,37.5,page_device,2026-07-27 13:01:18
34159,2026-07-27,2025-05-03,,https://www.advich.com/rhzezzzbjt/,DESKTOP,,0,9,0.0,29.77777777777778,page_device,2026-07-27 13:01:18
34160,2026-07-27,2025-05-03,,https://www.advich.com/rhzezzzbjt/,MOBILE,,0,18,0.0,25.61111111111111,page_device,2026-07-27 13:01:18
34161,2026-07-27,2025-05-03,,https://www.advich.com/rhzezzzszt/,MOBILE,,0,115,0.0,73.42608695652174,page_device,2026-07-27 13:01:18
34162,2026-07-27,2025-05-03,,https://www.advich.com/rhzezzzszt/,TABLET,,0,1,0.0,5.0,page_device,2026-07-27 13:01:18
34163,2026-07-27,2025-05-03,,https://www.advich.com/rhzghgzgzs/,DESKTOP,,0,22,0.0,142.13636363636363,page_device,2026-07-27 13:01:18
34164,2026-07-27,2025-05-03,,https://www.advich.com/rhzgssyatx/,DESKTOP,,0,1,0.0,23.0,page_device,2026-07-27 13:01:18
34165,2026-07-27,2025-05-03,,https://www.advich.com/rhzgssyatx/,MOBILE,,0,1,0.0,40.0,page_device,2026-07-27 13:01:18
34166,2026-07-27,2025-05-03,,https://www.advich.com/rhzgzcjzdy/,MOBILE,,0,10,0.0,54.2,page_device,2026-07-27 13:01:18
34167,2026-07-27,2025-05-03,,https://www.advich.com/rhzgzgjfgg/,DESKTOP,,0,22,0.0,101.86363636363636,page_device,2026-07-27 13:01:18
34168,2026-07-27,2025-05-03,,https://www.advich.com/rhzgzhzpt/,DESKTOP,,0,27,0.0,66.07407407407408,page_device,2026-07-27 13:01:18
34169,2026-07-27,2025-05-03,,https://www.advich.com/rhzgzsydks/,DESKTOP,,0,21,0.0,55.904761904761905,page_device,2026-07-27 13:01:18
34170,2026-07-27,2025-05-03,,https://www.advich.com/rhzgzzzbjt/,DESKTOP,,0,24,0.0,173.83333333333334,page_device,2026-07-27 13:01:18
34171,2026-07-27,2025-05-03,,https://www.advich.com/rhzmsczmjh/,DESKTOP,,0,24,0.0,105.45833333333333,page_device,2026-07-27 13:01:18
34172,2026-07-27,2025-05-03,,https://www.advich.com/rhztswahis/,DESKTOP,,0,23,0.0,39.17391304347826,page_device,2026-07-27 13:01:18
34173,2026-07-27,2025-05-03,,https://www.advich.com/rhzyfznzzs/,DESKTOP,,0,20,0.0,62.35,page_device,2026-07-27 13:01:18
34174,2026-07-27,2025-05-03,,https://www.advich.com/rhzyfznzzs/,MOBILE,,0,3,0.0,71.66666666666667,page_device,2026-07-27 13:01:18
34175,2026-07-27,2025-05-03,,https://www.advich.com/rich-media/,DESKTOP,,0,11,0.0,26.09090909090909,page_device,2026-07-27 13:01:18
34176,2026-07-27,2025-05-03,,https://www.advich.com/ryrtgrhrdf/,DESKTOP,,0,34,0.0,52.05882352941177,page_device,2026-07-27 13:01:18
34177,2026-07-27,2025-05-03,,https://www.advich.com/ryrtgrhrdf/,MOBILE,,0,22,0.0,83.72727272727273,page_device,2026-07-27 13:01:18
34178,2026-07-27,2025-05-03,,https://www.advich.com/sdtyxtzn/,DESKTOP,,0,22,0.0,128.04545454545456,page_device,2026-07-27 13:01:18
34179,2026-07-27,2025-05-03,,https://www.advich.com/search-marketing/google-display-ads/,DESKTOP,,0,4,0.0,94.0,page_device,2026-07-27 13:01:18
34180,2026-07-27,2025-05-03,,https://www.advich.com/search-marketing/google-display-ads/,MOBILE,,0,1,0.0,87.0,page_device,2026-07-27 13:01:18
34181,2026-07-27,2025-05-03,,https://www.advich.com/search-marketing/search-advertising/,DESKTOP,,0,33,0.0,66.24242424242425,page_device,2026-07-27 13:01:18
34182,2026-07-27,2025-05-03,,https://www.advich.com/search-marketing/yandex/,DESKTOP,,0,1,0.0,10.0,page_device,2026-07-27 13:01:18
34183,2026-07-27,2025-05-03,,https://www.advich.com/sem-search-engine-marketing/,DESKTOP,,0,63,0.0,66.47619047619048,page_device,2026-07-27 13:01:18
34184,2026-07-27,2025-05-03,,https://www.advich.com/sem-search-engine-marketing/,MOBILE,,0,28,0.0,64.92857142857143,page_device,2026-07-27 13:01:18
34185,2026-07-27,2025-05-03,,https://www.advich.com/seo-service/,DESKTOP,,0,62,0.0,42.5,page_device,2026-07-27 13:01:18
34186,2026-07-27,2025-05-03,,https://www.advich.com/seo/,DESKTOP,,0,38,0.0,73.5,page_device,2026-07-27 13:01:18
34187,2026-07-27,2025-05-03,,https://www.advich.com/shopify/,DESKTOP,,0,94,0.0,9.0,page_device,2026-07-27 13:01:18
34188,2026-07-27,2025-05-03,,https://www.advich.com/sjfxsyywfx/,DESKTOP,,0,95,0.0,5.6947368421052635,page_device,2026-07-27 13:01:18
34189,2026-07-27,2025-05-03,,https://www.advich.com/smsbjyxwsm/,DESKTOP,,0,22,0.0,119.95454545454545,page_device,2026-07-27 13:01:18
34190,2026-07-27,2025-05-03,,https://www.advich.com/smsdjlwsmc/,DESKTOP,,0,54,0.0,99.79629629629629,page_device,2026-07-27 13:01:18
34191,2026-07-27,2025-05-03,,https://www.advich.com/smsdjlwsmc/,MOBILE,,0,5,0.0,75.8,page_device,2026-07-27 13:01:18
34192,2026-07-27,2025-05-03,,https://www.advich.com/smsdtxsggy/,DESKTOP,,0,34,0.0,49.205882352941174,page_device,2026-07-27 13:01:18
34193,2026-07-27,2025-05-03,,https://www.advich.com/smsdtxsggy/,MOBILE,,0,13,0.0,46.92307692307692,page_device,2026-07-27 13:01:18
34194,2026-07-27,2025-05-03,,https://www.advich.com/smsfmgjczg/,DESKTOP,,0,44,0.0,37.47727272727273,page_device,2026-07-27 13:01:18
34195,2026-07-27,2025-05-03,,https://www.advich.com/smsfysyxpp/,DESKTOP,,0,21,0.0,74.04761904761905,page_device,2026-07-27 13:01:18
34196,2026-07-27,2025-05-03,,https://www.advich.com/smsggbqglq/,DESKTOP,,0,13,0.0,37.61538461538461,page_device,2026-07-27 13:01:18
34197,2026-07-27,2025-05-03,,https://www.advich.com/smsggbqglq/,MOBILE,,0,3,0.0,39.0,page_device,2026-07-27 13:01:18
34198,2026-07-27,2025-05-03,,https://www.advich.com/smsggggdyh/,DESKTOP,,0,244,0.0,58.42622950819672,page_device,2026-07-27 13:01:18
34199,2026-07-27,2025-05-03,,https://www.advich.com/smsggggdyh/,MOBILE,,0,120,0.0,49.266666666666666,page_device,2026-07-27 13:01:18
34200,2026-07-27,2025-05-03,,https://www.advich.com/smsggxswlr/,DESKTOP,,0,2,0.0,66.5,page_device,2026-07-27 13:01:18
34201,2026-07-27,2025-05-03,,https://www.advich.com/smsggzdcrh/,DESKTOP,,0,28,0.0,58.0,page_device,2026-07-27 13:01:18
34202,2026-07-27,2025-05-03,,https://www.advich.com/smsggzdcrh/,MOBILE,,0,3,0.0,48.0,page_device,2026-07-27 13:01:18
34203,2026-07-27,2025-05-03,,https://www.advich.com/smsgjccjfx/,DESKTOP,,0,45,0.0,21.0,page_device,2026-07-27 13:01:18
34204,2026-07-27,2025-05-03,,https://www.advich.com/smsgjcyjgj/,DESKTOP,,0,7,0.0,55.0,page_device,2026-07-27 13:01:18
34205,2026-07-27,2025-05-03,,https://www.advich.com/smshdccddy/,DESKTOP,,0,72,0.0,50.69444444444444,page_device,2026-07-27 13:01:18
34206,2026-07-27,2025-05-03,,https://www.advich.com/smshdccddy/,MOBILE,,0,10,0.0,58.7,page_device,2026-07-27 13:01:18
34207,2026-07-27,2025-05-03,,https://www.advich.com/smshygsyzy/,DESKTOP,,0,2,0.0,93.5,page_device,2026-07-27 13:01:18
34208,2026-07-27,2025-05-03,,https://www.advich.com/smshygsyzy/,MOBILE,,0,3,0.0,94.66666666666667,page_device,2026-07-27 13:01:18
34209,2026-07-27,2025-05-03,,https://www.advich.com/smsjhsp/,DESKTOP,,0,22,0.0,93.4090909090909,page_device,2026-07-27 13:01:18
34210,2026-07-27,2025-05-03,,https://www.advich.com/smsjztrhks/,DESKTOP,,0,10,0.0,31.2,page_device,2026-07-27 13:01:18
34211,2026-07-27,2025-05-03,,https://www.advich.com/smsjztrhks/,MOBILE,,0,1,0.0,23.0,page_device,2026-07-27 13:01:18
34212,2026-07-27,2025-05-03,,https://www.advich.com/smskczdjjw/,DESKTOP,,0,27,0.0,70.74074074074075,page_device,2026-07-27 13:01:18
34213,2026-07-27,2025-05-03,,https://www.advich.com/smslggtysm/,DESKTOP,,0,94,0.0,10.0,page_device,2026-07-27 13:01:18
34214,2026-07-27,2025-05-03,,https://www.advich.com/smsptrhyxn/,DESKTOP,,0,26,0.0,169.42307692307693,page_device,2026-07-27 13:01:18
34215,2026-07-27,2025-05-03,,https://www.advich.com/smsptrhyxn/,MOBILE,,0,3,0.0,97.33333333333333,page_device,2026-07-27 13:01:18
34216,2026-07-27,2025-05-03,,https://www.advich.com/smsryxlyrt/,DESKTOP,,0,14,0.0,59.142857142857146,page_device,2026-07-27 13:01:18
34217,2026-07-27,2025-05-03,,https://www.advich.com/smsryxlyrt/,MOBILE,,0,17,0.0,69.41176470588235,page_device,2026-07-27 13:01:18
34218,2026-07-27,2025-05-03,,https://www.advich.com/smssjkshgg/,DESKTOP,,0,21,0.0,57.04761904761905,page_device,2026-07-27 13:01:18
34219,2026-07-27,2025-05-03,,https://www.advich.com/smsssjjwsm/,DESKTOP,,0,1,0.0,17.0,page_device,2026-07-27 13:01:18
34220,2026-07-27,2025-05-03,,https://www.advich.com/smsszyxzda/,DESKTOP,,0,1,0.0,82.0,page_device,2026-07-27 13:01:18
34221,2026-07-27,2025-05-03,,https://www.advich.com/smstsxsjfx/,DESKTOP,,0,29,0.0,137.41379310344828,page_device,2026-07-27 13:01:18
34222,2026-07-27,2025-05-03,,https://www.advich.com/smstsxsjfx/,MOBILE,,0,1,0.0,51.0,page_device,2026-07-27 13:01:18
34223,2026-07-27,2025-05-03,,https://www.advich.com/smsydyxsyr/,DESKTOP,,0,2,0.0,4.5,page_device,2026-07-27 13:01:18
34224,2026-07-27,2025-05-03,,https://www.advich.com/smszhcbgsh/,DESKTOP,,0,40,0.0,42.375,page_device,2026-07-27 13:01:18
34225,2026-07-27,2025-05-03,,https://www.advich.com/smszhcbgsh/,MOBILE,,0,17,0.0,32.35294117647059,page_device,2026-07-27 13:01:18
34226,2026-07-27,2025-05-03,,https://www.advich.com/smszlfswsm/,DESKTOP,,0,23,0.0,48.82608695652174,page_device,2026-07-27 13:01:18
34227,2026-07-27,2025-05-03,,https://www.advich.com/smszyxykld/,DESKTOP,,0,34,0.0,59.3235294117647,page_device,2026-07-27 13:01:18
34228,2026-07-27,2025-05-03,,https://www.advich.com/smszyxykld/,MOBILE,,0,22,0.0,52.5,page_device,2026-07-27 13:01:18
34229,2026-07-27,2025-05-03,,https://www.advich.com/sns-promotion-of-independent-foreign-trade-station/,DESKTOP,,0,1,0.0,97.0,page_device,2026-07-27 13:01:18
34230,2026-07-27,2025-05-03,,https://www.advich.com/social-media-operation-strategy/,DESKTOP,,0,35,0.0,69.02857142857142,page_device,2026-07-27 13:01:18
34231,2026-07-27,2025-05-03,,https://www.advich.com/sscygjcggg/,DESKTOP,,0,1,0.0,80.0,page_device,2026-07-27 13:01:18
34232,2026-07-27,2025-05-03,,https://www.advich.com/ssggyggggs/,DESKTOP,,0,15,0.0,43.13333333333333,page_device,2026-07-27 13:01:18
34233,2026-07-27,2025-05-03,,https://www.advich.com/ssggyggggs/,MOBILE,,0,5,0.0,43.8,page_device,2026-07-27 13:01:18
34234,2026-07-27,2025-05-03,,https://www.advich.com/ssyxryyglj/,DESKTOP,,0,33,0.0,89.66666666666667,page_device,2026-07-27 13:01:18
34235,2026-07-27,2025-05-03,,https://www.advich.com/stbscqcjst/,DESKTOP,,0,2,0.0,48.5,page_device,2026-07-27 13:01:18
34236,2026-07-27,2025-05-03,,https://www.advich.com/syfggkdzcx/,DESKTOP,,0,45,0.0,20.0,page_device,2026-07-27 13:01:18
34237,2026-07-27,2025-05-03,,https://www.advich.com/syggtgpysm/,DESKTOP,,0,29,0.0,16.20689655172414,page_device,2026-07-27 13:01:18
34238,2026-07-27,2025-05-03,,https://www.advich.com/syggtgpysm/,MOBILE,,0,1,0.0,73.0,page_device,2026-07-27 13:01:18
34239,2026-07-27,2025-05-03,,https://www.advich.com/syxmsrmznx/,DESKTOP,,0,62,0.0,76.93548387096774,page_device,2026-07-27 13:01:18
34240,2026-07-27,2025-05-03,,https://www.advich.com/syxslrhxyx/,DESKTOP,,0,22,0.0,143.13636363636363,page_device,2026-07-27 13:01:18
34241,2026-07-27,2025-05-03,,https://www.advich.com/szdjzdsjjc/,DESKTOP,,0,22,0.0,140.13636363636363,page_device,2026-07-27 13:01:18
34242,2026-07-27,2025-05-03,,https://www.advich.com/szggdcymzq/,DESKTOP,,0,45,0.0,15.0,page_device,2026-07-27 13:01:18
34243,2026-07-27,2025-05-03,,https://www.advich.com/szyxryprzk/,DESKTOP,,0,2,0.0,37.0,page_device,2026-07-27 13:01:18
34244,2026-07-27,2025-05-03,,https://www.advich.com/szyxryprzk/,MOBILE,,0,1,0.0,38.0,page_device,2026-07-27 13:01:18
34245,2026-07-27,2025-05-03,,https://www.advich.com/tgggggpjrd/,DESKTOP,,0,1,0.0,96.0,page_device,2026-07-27 13:01:18
34246,2026-07-27,2025-05-03,,https://www.advich.com/tgggggpjrd/,MOBILE,,0,1,0.0,72.0,page_device,2026-07-27 13:01:18
34247,2026-07-27,2025-05-03,,https://www.advich.com/tgggggxgxd/,DESKTOP,,0,21,0.0,80.04761904761905,page_device,2026-07-27 13:01:18
34248,2026-07-27,2025-05-03,,https://www.advich.com/tggggzdgzj/,DESKTOP,,0,56,0.0,101.03571428571429,page_device,2026-07-27 13:01:18
34249,2026-07-27,2025-05-03,,https://www.advich.com/tgpdlymtyd/,DESKTOP,,0,16,0.0,86.3125,page_device,2026-07-27 13:01:18
34250,2026-07-27,2025-05-03,,https://www.advich.com/tgpxndgxzl/,DESKTOP,,0,1,0.0,1.0,page_device,2026-07-27 13:01:18
34251,2026-07-27,2025-05-03,,https://www.advich.com/tgpxndgxzl/,MOBILE,,0,2,0.0,1.0,page_device,2026-07-27 13:01:18
34252,2026-07-27,2025-05-03,,https://www.advich.com/tiktok/,DESKTOP,,0,224,0.0,27.848214285714285,page_device,2026-07-27 13:01:18
34253,2026-07-27,2025-05-03,,https://www.advich.com/tiktok/,MOBILE,,0,5,0.0,14.2,page_device,2026-07-27 13:01:18
34254,2026-07-27,2025-05-03,,https://www.advich.com/tkscszisgk/,DESKTOP,,0,22,0.0,175.22727272727272,page_device,2026-07-27 13:01:18
34255,2026-07-27,2025-05-03,,https://www.advich.com/trade/,DESKTOP,,0,51,0.0,109.29411764705883,page_device,2026-07-27 13:01:18
34256,2026-07-27,2025-05-03,,https://www.advich.com/trade/3/,DESKTOP,,0,1,0.0,95.0,page_device,2026-07-27 13:01:18
34257,2026-07-27,2025-05-03,,https://www.advich.com/traditional-marketing-model-and-integrated-marketing/,DESKTOP,,0,7,0.0,83.42857142857143,page_device,2026-07-27 13:01:18
34258,2026-07-27,2025-05-03,,https://www.advich.com/tsyxylsyxc/,DESKTOP,,0,29,0.0,72.37931034482759,page_device,2026-07-27 13:01:18
34259,2026-07-27,2025-05-03,,https://www.advich.com/twitter-integrated-marketing/,DESKTOP,,0,89,0.0,62.764044943820224,page_device,2026-07-27 13:01:18
34260,2026-07-27,2025-05-03,,https://www.advich.com/twitter-integrated-marketing/,MOBILE,,0,3,0.0,57.0,page_device,2026-07-27 13:01:18
34261,2026-07-27,2025-05-03,,https://www.advich.com/twitter-marketing-skills/,DESKTOP,,0,33,0.0,68.63636363636364,page_device,2026-07-27 13:01:18
34262,2026-07-27,2025-05-03,,https://www.advich.com/twitter-marketing-strategy/,DESKTOP,,0,58,0.0,33.0,page_device,2026-07-27 13:01:18
34263,2026-07-27,2025-05-03,,https://www.advich.com/twitter-marketing-strategy/,MOBILE,,0,1,0.0,15.0,page_device,2026-07-27 13:01:18
34264,2026-07-27,2025-05-03,,https://www.advich.com/twsmtmznds/,DESKTOP,,0,217,0.0,86.74193548387096,page_device,2026-07-27 13:01:18
34265,2026-07-27,2025-05-03,,https://www.advich.com/twsmtmznds/,MOBILE,,0,36,0.0,89.75,page_device,2026-07-27 13:01:18
34266,2026-07-27,2025-05-03,,https://www.advich.com/ultimate-guide-to-googles-custom-intent-audiences/,DESKTOP,,0,6,0.0,79.0,page_device,2026-07-27 13:01:18
34267,2026-07-27,2025-05-03,,https://www.advich.com/ultimate-guide-to-googles-custom-intent-audiences/,MOBILE,,0,1,0.0,77.0,page_device,2026-07-27 13:01:18
34268,2026-07-27,2025-05-03,,https://www.advich.com/wbggdsgbyb/,DESKTOP,,0,94,0.0,2.0,page_device,2026-07-27 13:01:18
34269,2026-07-27,2025-05-03,,https://www.advich.com/what-are-googles-advertising-bidding-strategies/,DESKTOP,,0,2,0.0,65.0,page_device,2026-07-27 13:01:18
34270,2026-07-27,2025-05-03,,https://www.advich.com/what-are-googles-advertising-bidding-strategies/,MOBILE,,0,2,0.0,74.5,page_device,2026-07-27 13:01:18
34271,2026-07-27,2025-05-03,,https://www.advich.com/what-are-the-advantages-of-google-seo-and-google-sem-do-you-know/,DESKTOP,,0,7,0.0,80.57142857142857,page_device,2026-07-27 13:01:18
34272,2026-07-27,2025-05-03,,https://www.advich.com/what-are-the-advantages-of-google-seo-and-google-sem-do-you-know/,MOBILE,,0,5,0.0,76.6,page_device,2026-07-27 13:01:18
34273,2026-07-27,2025-05-03,,https://www.advich.com/what-are-the-costs-of-google-bidding-promotion/,DESKTOP,,0,10,0.0,87.6,page_device,2026-07-27 13:01:18
34274,2026-07-27,2025-05-03,,https://www.advich.com/what-are-the-costs-of-google-bidding-promotion/,MOBILE,,0,5,0.0,64.0,page_device,2026-07-27 13:01:18
34275,2026-07-27,2025-05-03,,https://www.advich.com/what-is-an-independent-station-why-stand-alone/,DESKTOP,,0,5,0.0,61.0,page_device,2026-07-27 13:01:18
34276,2026-07-27,2025-05-03,,https://www.advich.com/what-is-an-independent-station-why-stand-alone/,MOBILE,,0,3,0.0,31.666666666666668,page_device,2026-07-27 13:01:18
34277,2026-07-27,2025-05-03,,https://www.advich.com/what-needs-to-be-done-before-independent-stations-promote-google/,DESKTOP,,0,4,0.0,56.75,page_device,2026-07-27 13:01:18
34278,2026-07-27,2025-05-03,,https://www.advich.com/what-needs-to-be-done-before-independent-stations-promote-google/,MOBILE,,0,2,0.0,51.0,page_device,2026-07-27 13:01:18
34279,2026-07-27,2025-05-03,,https://www.advich.com/why-do-independent-station-communities/,DESKTOP,,0,5,0.0,82.2,page_device,2026-07-27 13:01:18
34280,2026-07-27,2025-05-03,,https://www.advich.com/wjdgmjkhlw/,DESKTOP,,0,22,0.0,153.95454545454547,page_device,2026-07-27 13:01:18
34281,2026-07-27,2025-05-03,,https://www.advich.com/wordpress-website/,DESKTOP,,0,12,0.0,60.833333333333336,page_device,2026-07-27 13:01:18
34282,2026-07-27,2025-05-03,,https://www.advich.com/wsmgjcyjds/,DESKTOP,,0,3,0.0,60.666666666666664,page_device,2026-07-27 13:01:18
34283,2026-07-27,2025-05-03,,https://www.advich.com/wsmgjcyjds/,MOBILE,,0,5,0.0,72.6,page_device,2026-07-27 13:01:18
34284,2026-07-27,2025-05-03,,https://www.advich.com/wsmkhlslhz/,DESKTOP,,0,17,0.0,87.23529411764706,page_device,2026-07-27 13:01:18
34285,2026-07-27,2025-05-03,,https://www.advich.com/wsmkhzsjzd/,DESKTOP,,0,22,0.0,117.95454545454545,page_device,2026-07-27 13:01:18
34286,2026-07-27,2025-05-03,,https://www.advich.com/wsmsjqdjch/,DESKTOP,,0,26,0.0,51.88461538461539,page_device,2026-07-27 13:01:18
34287,2026-07-27,2025-05-03,,https://www.advich.com/wsmyggkybt/,DESKTOP,,0,10,0.0,20.7,page_device,2026-07-27 13:01:18
34288,2026-07-27,2025-05-03,,https://www.advich.com/wsmyggkybt/,MOBILE,,0,2,0.0,18.0,page_device,2026-07-27 13:01:18
34289,2026-07-27,2025-05-03,,https://www.advich.com/wsmyjjybty/,DESKTOP,,0,48,0.0,22.104166666666668,page_device,2026-07-27 13:01:18
34290,2026-07-27,2025-05-03,,https://www.advich.com/xnsxpsqhgt/,DESKTOP,,0,99,0.0,9.16161616161616,page_device,2026-07-27 13:01:18
34291,2026-07-27,2025-05-03,,https://www.advich.com/xnsxpsqhgt/,MOBILE,,0,2,0.0,48.0,page_device,2026-07-27 13:01:18
34292,2026-07-27,2025-05-03,,https://www.advich.com/xsssjbhqsd/,DESKTOP,,0,11,0.0,113.54545454545455,page_device,2026-07-27 13:01:18
34293,2026-07-27,2025-05-03,,https://www.advich.com/xsxy/,DESKTOP,,0,7,0.0,9.714285714285714,page_device,2026-07-27 13:01:18
34294,2026-07-27,2025-05-03,,https://www.advich.com/xsxy/,MOBILE,,0,1,0.0,9.0,page_device,2026-07-27 13:01:18
34295,2026-07-27,2025-05-03,,https://www.advich.com/xxscstslyc/,DESKTOP,,0,95,0.0,6.2631578947368425,page_device,2026-07-27 13:01:18
34296,2026-07-27,2025-05-03,,https://www.advich.com/xycdcdqgll/,DESKTOP,,0,51,0.0,42.254901960784316,page_device,2026-07-27 13:01:18
34297,2026-07-27,2025-05-03,,https://www.advich.com/xycdcdqgll/,MOBILE,,0,7,0.0,28.714285714285715,page_device,2026-07-27 13:01:18
34298,2026-07-27,2025-05-03,,https://www.advich.com/xysssggggg/,DESKTOP,,0,22,0.0,122.95454545454545,page_device,2026-07-27 13:01:18
34299,2026-07-27,2025-05-03,,https://www.advich.com/xysssggxzs/,DESKTOP,,0,25,0.0,60.12,page_device,2026-07-27 13:01:18
34300,2026-07-27,2025-05-03,,https://www.advich.com/xysssggydt/,DESKTOP,,0,23,0.0,48.52173913043478,page_device,2026-07-27 13:01:18
34301,2026-07-27,2025-05-03,,https://www.advich.com/xysxsggdzy/,DESKTOP,,0,4,0.0,8.75,page_device,2026-07-27 13:01:18
34302,2026-07-27,2025-05-03,,https://www.advich.com/yandex/,DESKTOP,,0,18,0.0,198.11111111111111,page_device,2026-07-27 13:01:18
34303,2026-07-27,2025-05-03,,https://www.advich.com/ycjcslzggt/,DESKTOP,,0,45,0.0,14.0,page_device,2026-07-27 13:01:18
34304,2026-07-27,2025-05-03,,https://www.advich.com/ydhddggggh/,DESKTOP,,0,5,0.0,87.8,page_device,2026-07-27 13:01:18
34305,2026-07-27,2025-05-03,,https://www.advich.com/yhpggygskh/,DESKTOP,,0,5,0.0,7.8,page_device,2026-07-27 13:01:18
34306,2026-07-27,2025-05-03,,https://www.advich.com/ykqsyhbhsp/,DESKTOP,,0,23,0.0,24.782608695652176,page_device,2026-07-27 13:01:18
34307,2026-07-27,2025-05-03,,https://www.advich.com/youtube-advertising-operations/,DESKTOP,,0,1,0.0,97.0,page_device,2026-07-27 13:01:18
34308,2026-07-27,2025-05-03,,https://www.advich.com/youtube-advertising-type/,DESKTOP,,0,32,0.0,74.0,page_device,2026-07-27 13:01:18
34309,2026-07-27,2025-05-03,,https://www.advich.com/ypddggggrh/,MOBILE,,0,4,0.0,80.5,page_device,2026-07-27 13:01:18
34310,2026-07-27,2025-05-03,,https://www.advich.com/yqdjlydjl/,DESKTOP,,0,2,0.0,94.0,page_device,2026-07-27 13:01:18
34311,2026-07-27,2025-05-03,,https://www.advich.com/yqdjlydjl/,MOBILE,,0,6,0.0,90.33333333333333,page_device,2026-07-27 13:01:18
34312,2026-07-27,2025-05-03,,https://www.advich.com/ytb/,DESKTOP,,0,33,0.0,100.3030303030303,page_device,2026-07-27 13:01:18
34313,2026-07-27,2025-05-03,,https://www.advich.com/ytb/,MOBILE,,0,10,0.0,24.3,page_device,2026-07-27 13:01:18
34314,2026-07-27,2025-05-03,,https://www.advich.com/yxdsjkshsl/,DESKTOP,,0,22,0.0,26.0,page_device,2026-07-27 13:01:18
34315,2026-07-27,2025-05-03,,https://www.advich.com/yxfxhzsdcj/,DESKTOP,,0,22,0.0,40.86363636363637,page_device,2026-07-27 13:01:18
34316,2026-07-27,2025-05-03,,https://www.advich.com/yxpljyxzhd/,DESKTOP,,0,47,0.0,56.40425531914894,page_device,2026-07-27 13:01:18
34317,2026-07-27,2025-05-03,,https://www.advich.com/yxsdngbggg/,DESKTOP,,0,1,0.0,20.0,page_device,2026-07-27 13:01:18
34318,2026-07-27,2025-05-03,,https://www.advich.com/yxszhsmssz/,DESKTOP,,0,130,0.0,101.7,page_device,2026-07-27 13:01:18
34319,2026-07-27,2025-05-03,,https://www.advich.com/yxszhsmssz/,MOBILE,,0,5,0.0,71.4,page_device,2026-07-27 13:01:18
34320,2026-07-27,2025-05-03,,https://www.advich.com/zggszdsggc/,DESKTOP,,0,15,0.0,198.73333333333332,page_device,2026-07-27 13:01:18
34321,2026-07-27,2025-05-03,,https://www.advich.com/zhjsrhjndg/,DESKTOP,,0,22,0.0,163.22727272727272,page_device,2026-07-27 13:01:18
34322,2026-07-27,2025-05-03,,https://www.advich.com/zhyxcbdjtl/,DESKTOP,,0,90,0.0,71.4,page_device,2026-07-27 13:01:18
34323,2026-07-27,2025-05-03,,https://www.advich.com/zhyxcbdjtl/,MOBILE,,0,1,0.0,35.0,page_device,2026-07-27 13:01:18
34324,2026-07-27,2025-05-03,,https://www.advich.com/zjdgggggxk/,DESKTOP,,0,19,0.0,13.105263157894736,page_device,2026-07-27 13:01:18
34325,2026-07-27,2025-05-03,,https://www.advich.com/zjdgggggxk/,MOBILE,,0,2,0.0,8.5,page_device,2026-07-27 13:01:18
34326,2026-07-27,2025-05-03,,https://www.advich.com/zjggxsggsl/,DESKTOP,,0,62,0.0,91.33870967741936,page_device,2026-07-27 13:01:18
34327,2026-07-27,2025-05-03,,https://www.advich.com/zjggxsggsl/,MOBILE,,0,7,0.0,45.714285714285715,page_device,2026-07-27 13:01:18
34328,2026-07-27,2025-05-03,,https://www.advich.com/zjsjkshgjn/,DESKTOP,,0,21,0.0,94.76190476190476,page_device,2026-07-27 13:01:18
34329,2026-07-27,2025-05-03,,https://www.advich.com/zlrnyzxdyw/,DESKTOP,,0,22,0.0,186.9090909090909,page_device,2026-07-27 13:01:18
34330,2026-07-27,2025-05-03,,https://www.advich.com/zlxdggggkz/,DESKTOP,,0,1,0.0,33.0,page_device,2026-07-27 13:01:18
34331,2026-07-27,2025-05-03,,https://www.advich.com/zmggzszspk/,DESKTOP,,0,22,0.0,164.22727272727272,page_device,2026-07-27 13:01:18
34332,2026-07-27,2025-05-03,,https://www.advich.com/zngwhdybzh/,DESKTOP,,0,52,0.0,101.03846153846153,page_device,2026-07-27 13:01:18
34333,2026-07-27,2025-05-03,,https://www.advich.com/zngwhdybzh/,MOBILE,,0,8,0.0,56.0,page_device,2026-07-27 13:01:18
34334,2026-07-27,2025-05-03,,https://www.advich.com/zqhwsyggptjsyqdfyfx/,DESKTOP,,0,146,0.0,56.36986301369863,page_device,2026-07-27 13:01:18
34335,2026-07-27,2025-05-03,,https://www.advich.com/zqhwsyggptjsyqdfyfx/,MOBILE,,0,14,0.0,59.857142857142854,page_device,2026-07-27 13:01:18
34336,2026-07-27,2025-05-03,,https://www.advich.com/zwbcxggdwz/,DESKTOP,,0,22,0.0,177.9090909090909,page_device,2026-07-27 13:01:18
34337,2026-07-27,2025-05-03,,https://www.advich.com/zwggggzdtz/,DESKTOP,,0,25,0.0,39.96,page_device,2026-07-27 13:01:18
34338,2026-07-27,2025-05-03,,https://www.advich.com/zwggggzdtz/,MOBILE,,0,2,0.0,77.0,page_device,2026-07-27 13:01:18
34339,2026-07-27,2025-05-03,,https://www.advich.com/zxggdhcssm/,DESKTOP,,0,23,0.0,149.95652173913044,page_device,2026-07-27 13:01:18
34340,2026-07-27,2025-05-03,,https://www.advich.com/zxyxgczdcx/,DESKTOP,,0,22,0.0,134.13636363636363,page_device,2026-07-27 13:01:18
34341,2026-07-27,2025-05-03,,https://www.advich.com/zyxgtbclzj/,DESKTOP,,0,30,0.0,129.36666666666667,page_device,2026-07-27 13:01:18
34342,2026-07-27,2025-05-03,,https://www.advich.com/zyxgtbclzj/,MOBILE,,0,11,0.0,75.63636363636364,page_device,2026-07-27 13:01:18
7534,2026-07-27,2025-04-03,,https://www.advich.com/rhzedzbgzc/,DESKTOP,,8,91,0.08791208791208792,11.065934065934066,page_device,2026-07-27 13:01:02
7535,2026-07-27,2025-04-03,,https://www.advich.com/,DESKTOP,,6,53,0.11320754716981132,2.6415094339622645,page_device,2026-07-27 13:01:02
7536,2026-07-27,2025-04-03,,https://www.advich.com/rhzezzzszt/,DESKTOP,,3,219,0.0136986301369863,72.15525114155251,page_device,2026-07-27 13:01:02
7537,2026-07-27,2025-04-03,,https://www.advich.com/dlktlbfxjs/,DESKTOP,,2,93,0.021505376344086023,21.258064516129032,page_device,2026-07-27 13:01:02
7538,2026-07-27,2025-04-03,,https://www.advich.com/rggrmnxyzd/,DESKTOP,,2,10,0.2,79.9,page_device,2026-07-27 13:01:02
7539,2026-07-27,2025-04-03,,https://www.advich.com/rhzedzbgzc/,MOBILE,,2,25,0.08,13.72,page_device,2026-07-27 13:01:02
7540,2026-07-27,2025-04-03,,https://www.advich.com/tiktok/,DESKTOP,,2,139,0.014388489208633094,42.42446043165467,page_device,2026-07-27 13:01:02
7541,2026-07-27,2025-04-03,,https://www.advich.com/about-us/,DESKTOP,,1,35,0.02857142857142857,4.142857142857142,page_device,2026-07-27 13:01:02
7542,2026-07-27,2025-04-03,,https://www.advich.com/fb/,DESKTOP,,1,34,0.029411764705882353,67.1470588235294,page_device,2026-07-27 13:01:02
7543,2026-07-27,2025-04-03,,https://www.advich.com/gads/,DESKTOP,,1,199,0.005025125628140704,35.120603015075375,page_device,2026-07-27 13:01:02
7544,2026-07-27,2025-04-03,,https://www.advich.com/gcjdggtgpy/,DESKTOP,,1,39,0.02564102564102564,19.974358974358974,page_device,2026-07-27 13:01:02
7545,2026-07-27,2025-04-03,,https://www.advich.com/ggggbjzjzn/,DESKTOP,,1,3,0.3333333333333333,13.666666666666666,page_device,2026-07-27 13:01:02
7546,2026-07-27,2025-04-03,,https://www.advich.com/home/,DESKTOP,,1,29,0.034482758620689655,4.482758620689655,page_device,2026-07-27 13:01:02
7547,2026-07-27,2025-04-03,,https://www.advich.com/home/,MOBILE,,1,20,0.05,5.6,page_device,2026-07-27 13:01:02
7548,2026-07-27,2025-04-03,,https://www.advich.com/rhfxmhgzdl/,DESKTOP,,1,29,0.034482758620689655,12.655172413793103,page_device,2026-07-27 13:01:02
7549,2026-07-27,2025-04-03,,https://www.advich.com/rhfxmhgzdl/,MOBILE,,1,2,0.5,3.5,page_device,2026-07-27 13:01:02
7550,2026-07-27,2025-04-03,,https://www.advich.com/rhzyfznzzs/,DESKTOP,,1,10,0.1,50.0,page_device,2026-07-27 13:01:02
7551,2026-07-27,2025-04-03,,https://www.advich.com/ytb/,MOBILE,,1,4,0.25,17.0,page_device,2026-07-27 13:01:02
7552,2026-07-27,2025-04-03,,https://www.advich.com/,MOBILE,,0,14,0.0,6.928571428571429,page_device,2026-07-27 13:01:02
7553,2026-07-27,2025-04-03,,https://www.advich.com/15-advertising-trends/,DESKTOP,,0,61,0.0,74.63934426229508,page_device,2026-07-27 13:01:02
7554,2026-07-27,2025-04-03,,https://www.advich.com/a-must-see-for-social-media-overseas-marketing/,DESKTOP,,0,3,0.0,54.666666666666664,page_device,2026-07-27 13:01:02
7555,2026-07-27,2025-04-03,,https://www.advich.com/about-us/,MOBILE,,0,15,0.0,6.466666666666667,page_device,2026-07-27 13:01:02
7556,2026-07-27,2025-04-03,,https://www.advich.com/advertising-skills/,DESKTOP,,0,113,0.0,74.89380530973452,page_device,2026-07-27 13:01:02
7557,2026-07-27,2025-04-03,,https://www.advich.com/advertising-skills/,MOBILE,,0,7,0.0,64.85714285714286,page_device,2026-07-27 13:01:02
7558,2026-07-27,2025-04-03,,https://www.advich.com/adweb-global-station/,DESKTOP,,0,10,0.0,79.0,page_device,2026-07-27 13:01:02
7559,2026-07-27,2025-04-03,,https://www.advich.com/adweb-global-station/page/2/,DESKTOP,,0,9,0.0,65.44444444444444,page_device,2026-07-27 13:01:02
7560,2026-07-27,2025-04-03,,https://www.advich.com/akjyxdjfwz/,DESKTOP,,0,2,0.0,81.5,page_device,2026-07-27 13:01:02
7561,2026-07-27,2025-04-03,,https://www.advich.com/aslrhzggtg/,DESKTOP,,0,15,0.0,89.93333333333334,page_device,2026-07-27 13:01:02
7562,2026-07-27,2025-04-03,,https://www.advich.com/b2b-independent-foreign-trade-station-promotion-skills/,DESKTOP,,0,38,0.0,51.13157894736842,page_device,2026-07-27 13:01:02
7563,2026-07-27,2025-04-03,,https://www.advich.com/b2b-independent-foreign-trade-station-promotion-skills/,MOBILE,,0,6,0.0,54.0,page_device,2026-07-27 13:01:02
7564,2026-07-27,2025-04-03,,https://www.advich.com/b2b/,DESKTOP,,0,6,0.0,115.33333333333333,page_device,2026-07-27 13:01:02
7565,2026-07-27,2025-04-03,,https://www.advich.com/bhbgtdhcss/,DESKTOP,,0,7,0.0,37.857142857142854,page_device,2026-07-27 13:01:02
7566,2026-07-27,2025-04-03,,https://www.advich.com/bingads/,DESKTOP,,0,78,0.0,59.32051282051282,page_device,2026-07-27 13:01:02
7567,2026-07-27,2025-04-03,,https://www.advich.com/bingads/,MOBILE,,0,17,0.0,34.05882352941177,page_device,2026-07-27 13:01:02
7568,2026-07-27,2025-04-03,,https://www.advich.com/brand-marketing/oath/,DESKTOP,,0,1,0.0,46.0,page_device,2026-07-27 13:01:02
7569,2026-07-27,2025-04-03,,https://www.advich.com/bzndbggggh/,DESKTOP,,0,6,0.0,191.83333333333334,page_device,2026-07-27 13:01:02
7570,2026-07-27,2025-04-03,,https://www.advich.com/category/trade/,DESKTOP,,0,5,0.0,89.8,page_device,2026-07-27 13:01:02
7571,2026-07-27,2025-04-03,,https://www.advich.com/ccgywzsm/,DESKTOP,,0,6,0.0,68.0,page_device,2026-07-27 13:01:02
7572,2026-07-27,2025-04-03,,https://www.advich.com/cffhyfsjfn-2/,DESKTOP,,0,2,0.0,35.0,page_device,2026-07-27 13:01:02
7573,2026-07-27,2025-04-03,,https://www.advich.com/cffhyfsjfn-2/,MOBILE,,0,1,0.0,61.0,page_device,2026-07-27 13:01:02
7574,2026-07-27,2025-04-03,,https://www.advich.com/cggggghdds/,DESKTOP,,0,6,0.0,108.33333333333333,page_device,2026-07-27 13:01:02
7575,2026-07-27,2025-04-03,,https://www.advich.com/cggtsyxxg/,DESKTOP,,0,9,0.0,66.77777777777777,page_device,2026-07-27 13:01:02
7576,2026-07-27,2025-04-03,,https://www.advich.com/cggtsyxxg/,MOBILE,,0,1,0.0,22.0,page_device,2026-07-27 13:01:02
7577,2026-07-27,2025-04-03,,https://www.advich.com/cgszgggghd/,DESKTOP,,0,8,0.0,64.375,page_device,2026-07-27 13:01:02
7578,2026-07-27,2025-04-03,,https://www.advich.com/cgszgggghd/,MOBILE,,0,1,0.0,70.0,page_device,2026-07-27 13:01:02
7579,2026-07-27,2025-04-03,,https://www.advich.com/cjyrrsdsjmtnrdzff/,DESKTOP,,0,6,0.0,11.333333333333334,page_device,2026-07-27 13:01:02
7580,2026-07-27,2025-04-03,,https://www.advich.com/cnryxdsjhd/,DESKTOP,,0,20,0.0,99.45,page_device,2026-07-27 13:01:02
7581,2026-07-27,2025-04-03,,https://www.advich.com/come-in-and-have-a-look-overseas-digital-marketing-methods/,DESKTOP,,0,29,0.0,39.689655172413794,page_device,2026-07-27 13:01:02
7582,2026-07-27,2025-04-03,,https://www.advich.com/cost-per-click/,DESKTOP,,0,88,0.0,45.72727272727273,page_device,2026-07-27 13:01:02
7583,2026-07-27,2025-04-03,,https://www.advich.com/cost-per-click/,MOBILE,,0,34,0.0,58.205882352941174,page_device,2026-07-27 13:01:02
7584,2026-07-27,2025-04-03,,https://www.advich.com/cost-per-click/,TABLET,,0,1,0.0,48.0,page_device,2026-07-27 13:01:02
7585,2026-07-27,2025-04-03,,https://www.advich.com/cylysmqb/,DESKTOP,,0,12,0.0,75.08333333333333,page_device,2026-07-27 13:01:02
7586,2026-07-27,2025-04-03,,https://www.advich.com/cylysmqb/,MOBILE,,0,1,0.0,51.0,page_device,2026-07-27 13:01:02
7587,2026-07-27,2025-04-03,,https://www.advich.com/cyzqdfxffz/,DESKTOP,,0,6,0.0,31.0,page_device,2026-07-27 13:01:02
7588,2026-07-27,2025-04-03,,https://www.advich.com/dajzljywzz/,DESKTOP,,0,9,0.0,67.66666666666667,page_device,2026-07-27 13:01:02
7589,2026-07-27,2025-04-03,,https://www.advich.com/dajzljywzz/,MOBILE,,0,1,0.0,67.0,page_device,2026-07-27 13:01:02
7590,2026-07-27,2025-04-03,,https://www.advich.com/dcfxbgslrh/,DESKTOP,,0,6,0.0,37.0,page_device,2026-07-27 13:01:02
7591,2026-07-27,2025-04-03,,https://www.advich.com/digital-marketing-strategy/,DESKTOP,,0,23,0.0,57.130434782608695,page_device,2026-07-27 13:01:02
7592,2026-07-27,2025-04-03,,https://www.advich.com/djyljddgyy/,DESKTOP,,0,10,0.0,14.0,page_device,2026-07-27 13:01:02
7593,2026-07-27,2025-04-03,,https://www.advich.com/dlktlbfxjs/,MOBILE,,0,14,0.0,13.928571428571429,page_device,2026-07-27 13:01:02
7594,2026-07-27,2025-04-03,,https://www.advich.com/dlktlbfxjs/,TABLET,,0,1,0.0,10.0,page_device,2026-07-27 13:01:02
7595,2026-07-27,2025-04-03,,https://www.advich.com/do-a-good-job-of-integrated-marketing-methods/,MOBILE,,0,1,0.0,75.0,page_device,2026-07-27 13:01:02
7596,2026-07-27,2025-04-03,,https://www.advich.com/drainage-channels-of-independent-foreign-trade-stations/,DESKTOP,,0,2,0.0,62.0,page_device,2026-07-27 13:01:02
7597,2026-07-27,2025-04-03,,https://www.advich.com/dtssggddzj/,DESKTOP,,0,160,0.0,35.20625,page_device,2026-07-27 13:01:02
7598,2026-07-27,2025-04-03,,https://www.advich.com/dtssggddzj/,MOBILE,,0,68,0.0,36.01470588235294,page_device,2026-07-27 13:01:02
7599,2026-07-27,2025-04-03,,https://www.advich.com/dydzzggzct/,DESKTOP,,0,18,0.0,79.22222222222223,page_device,2026-07-27 13:01:02
7600,2026-07-27,2025-04-03,,https://www.advich.com/dynamic-search-ads/,DESKTOP,,0,120,0.0,33.8,page_device,2026-07-27 13:01:02
7601,2026-07-27,2025-04-03,,https://www.advich.com/dynamic-search-ads/,MOBILE,,0,53,0.0,35.45283018867924,page_device,2026-07-27 13:01:02
7602,2026-07-27,2025-04-03,,https://www.advich.com/dyppygfppz/,DESKTOP,,0,15,0.0,6.0,page_device,2026-07-27 13:01:02
7603,2026-07-27,2025-04-03,,https://www.advich.com/dyppygfppz/,MOBILE,,0,1,0.0,37.0,page_device,2026-07-27 13:01:02
7604,2026-07-27,2025-04-03,,https://www.advich.com/dysxqcpthg/,DESKTOP,,0,50,0.0,48.82,page_device,2026-07-27 13:01:02
7605,2026-07-27,2025-04-03,,https://www.advich.com/dysxqcpthg/,MOBILE,,0,292,0.0,4.465753424657534,page_device,2026-07-27 13:01:02
7606,2026-07-27,2025-04-03,,https://www.advich.com/dysxqcpthg/,TABLET,,0,3,0.0,1.0,page_device,2026-07-27 13:01:02
7607,2026-07-27,2025-04-03,,https://www.advich.com/dzgjhppxxl/,DESKTOP,,0,10,0.0,15.0,page_device,2026-07-27 13:01:02
7608,2026-07-27,2025-04-03,,https://www.advich.com/e-commerce-drainage/,DESKTOP,,0,5,0.0,76.8,page_device,2026-07-27 13:01:02
7609,2026-07-27,2025-04-03,,https://www.advich.com/ezdqgzjtby/,DESKTOP,,0,1,0.0,34.0,page_device,2026-07-27 13:01:02
7610,2026-07-27,2025-04-03,,https://www.advich.com/facebook-extension/,DESKTOP,,0,3,0.0,93.0,page_device,2026-07-27 13:01:02
7611,2026-07-27,2025-04-03,,https://www.advich.com/facebook-integrated-marketing/,DESKTOP,,0,8,0.0,85.625,page_device,2026-07-27 13:01:02
7612,2026-07-27,2025-04-03,,https://www.advich.com/faq/,DESKTOP,,0,1,0.0,89.0,page_device,2026-07-27 13:01:02
7613,2026-07-27,2025-04-03,,https://www.advich.com/fb/,MOBILE,,0,2,0.0,68.5,page_device,2026-07-27 13:01:02
7614,2026-07-27,2025-04-03,,https://www.advich.com/fbmswglqwzzn/,DESKTOP,,0,39,0.0,45.17948717948718,page_device,2026-07-27 13:01:02
7615,2026-07-27,2025-04-03,,https://www.advich.com/fbmswglqwzzn/,MOBILE,,0,3,0.0,58.333333333333336,page_device,2026-07-27 13:01:02
7616,2026-07-27,2025-04-03,,https://www.advich.com/fdcpyhgggg/,DESKTOP,,0,6,0.0,55.0,page_device,2026-07-27 13:01:02
7617,2026-07-27,2025-04-03,,https://www.advich.com/ffsjmtsjgg/,DESKTOP,,0,6,0.0,30.0,page_device,2026-07-27 13:01:02
7618,2026-07-27,2025-04-03,,https://www.advich.com/ffsssggggg/,DESKTOP,,0,16,0.0,61.5625,page_device,2026-07-27 13:01:02
7619,2026-07-27,2025-04-03,,https://www.advich.com/ffssyhqdgg/,DESKTOP,,0,23,0.0,61.04347826086956,page_device,2026-07-27 13:01:02
7620,2026-07-27,2025-04-03,,https://www.advich.com/fqmcbhzzpx/,DESKTOP,,0,2,0.0,76.0,page_device,2026-07-27 13:01:02
7621,2026-07-27,2025-04-03,,https://www.advich.com/fqzkhscbdx/,DESKTOP,,0,7,0.0,61.285714285714285,page_device,2026-07-27 13:01:02
7622,2026-07-27,2025-04-03,,https://www.advich.com/fqzkhscbdx/,MOBILE,,0,2,0.0,78.5,page_device,2026-07-27 13:01:02
7623,2026-07-27,2025-04-03,,https://www.advich.com/fxrhgjgggg/,DESKTOP,,0,6,0.0,83.33333333333333,page_device,2026-07-27 13:01:02
7624,2026-07-27,2025-04-03,,https://www.advich.com/gads/,MOBILE,,0,29,0.0,31.24137931034483,page_device,2026-07-27 13:01:02
7625,2026-07-27,2025-04-03,,https://www.advich.com/gaehdxgnhd/,DESKTOP,,0,4,0.0,23.0,page_device,2026-07-27 13:01:02
7626,2026-07-27,2025-04-03,,https://www.advich.com/gcjhagdgggcwyjrhbmtm/,DESKTOP,,0,1,0.0,9.0,page_device,2026-07-27 13:01:02
7627,2026-07-27,2025-04-03,,https://www.advich.com/gdbggcjgjg/,DESKTOP,,0,6,0.0,43.0,page_device,2026-07-27 13:01:02
7628,2026-07-27,2025-04-03,,https://www.advich.com/ggbgxrhgbg/,DESKTOP,,0,52,0.0,6.384615384615385,page_device,2026-07-27 13:01:02
7629,2026-07-27,2025-04-03,,https://www.advich.com/ggcfzjzn/,DESKTOP,,0,9,0.0,154.77777777777777,page_device,2026-07-27 13:01:02
7630,2026-07-27,2025-04-03,,https://www.advich.com/ggdjjslzjt/,DESKTOP,,0,6,0.0,178.83333333333334,page_device,2026-07-27 13:01:02
7631,2026-07-27,2025-04-03,,https://www.advich.com/ggdtggdrhw/,DESKTOP,,0,14,0.0,49.57142857142857,page_device,2026-07-27 13:01:02
7632,2026-07-27,2025-04-03,,https://www.advich.com/ggdtyxzljb/,DESKTOP,,0,1,0.0,88.0,page_device,2026-07-27 13:01:02
7633,2026-07-27,2025-04-03,,https://www.advich.com/ggdtyxzljb/,MOBILE,,0,1,0.0,54.0,page_device,2026-07-27 13:01:02
7634,2026-07-27,2025-04-03,,https://www.advich.com/ggdyppnxyz/,DESKTOP,,0,7,0.0,86.42857142857143,page_device,2026-07-27 13:01:02
7635,2026-07-27,2025-04-03,,https://www.advich.com/ggfdcjjrbd/,DESKTOP,,0,12,0.0,43.583333333333336,page_device,2026-07-27 13:01:02
7636,2026-07-27,2025-04-03,,https://www.advich.com/ggfdcjjrbd/,MOBILE,,0,13,0.0,41.38461538461539,page_device,2026-07-27 13:01:02
7637,2026-07-27,2025-04-03,,https://www.advich.com/ggfxcydzbh/,DESKTOP,,0,6,0.0,94.66666666666667,page_device,2026-07-27 13:01:02
7638,2026-07-27,2025-04-03,,https://www.advich.com/ggfxdmznlr/,DESKTOP,,0,6,0.0,144.83333333333334,page_device,2026-07-27 13:01:02
7639,2026-07-27,2025-04-03,,https://www.advich.com/ggfxggslrh/,DESKTOP,,0,76,0.0,44.61842105263158,page_device,2026-07-27 13:01:02
7640,2026-07-27,2025-04-03,,https://www.advich.com/ggfxggslrh/,MOBILE,,0,49,0.0,43.10204081632653,page_device,2026-07-27 13:01:02
7641,2026-07-27,2025-04-03,,https://www.advich.com/ggfxysshzx/,DESKTOP,,0,6,0.0,39.0,page_device,2026-07-27 13:01:02
7642,2026-07-27,2025-04-03,,https://www.advich.com/ggfxzdttly/,DESKTOP,,0,46,0.0,64.52173913043478,page_device,2026-07-27 13:01:02
7643,2026-07-27,2025-04-03,,https://www.advich.com/ggfxzdttly/,MOBILE,,0,67,0.0,75.38805970149254,page_device,2026-07-27 13:01:02
7644,2026-07-27,2025-04-03,,https://www.advich.com/ggfxzdttly/,TABLET,,0,1,0.0,65.0,page_device,2026-07-27 13:01:02
7645,2026-07-27,2025-04-03,,https://www.advich.com/gggfzcsytg/,DESKTOP,,0,49,0.0,2.571428571428571,page_device,2026-07-27 13:01:02
7646,2026-07-27,2025-04-03,,https://www.advich.com/gggfzcsytg/,MOBILE,,0,39,0.0,3.076923076923077,page_device,2026-07-27 13:01:02
7647,2026-07-27,2025-04-03,,https://www.advich.com/ggggacyhdl/,DESKTOP,,0,7,0.0,113.57142857142857,page_device,2026-07-27 13:01:02
7648,2026-07-27,2025-04-03,,https://www.advich.com/ggggacyhdl/,MOBILE,,0,1,0.0,25.0,page_device,2026-07-27 13:01:02
7649,2026-07-27,2025-04-03,,https://www.advich.com/ggggaqbgey/,DESKTOP,,0,6,0.0,21.0,page_device,2026-07-27 13:01:02
7650,2026-07-27,2025-04-03,,https://www.advich.com/ggggdlmyxr/,DESKTOP,,0,38,0.0,64.34210526315789,page_device,2026-07-27 13:01:02
7651,2026-07-27,2025-04-03,,https://www.advich.com/ggggdzzrhh/,DESKTOP,,0,1,0.0,79.0,page_device,2026-07-27 13:01:02
7652,2026-07-27,2025-04-03,,https://www.advich.com/ggggfxgggg/,DESKTOP,,0,6,0.0,179.83333333333334,page_device,2026-07-27 13:01:02
7653,2026-07-27,2025-04-03,,https://www.advich.com/gggggjcyjd/,DESKTOP,,0,31,0.0,75.93548387096774,page_device,2026-07-27 13:01:02
7654,2026-07-27,2025-04-03,,https://www.advich.com/ggggglyyjx/,DESKTOP,,0,6,0.0,181.83333333333334,page_device,2026-07-27 13:01:02
7655,2026-07-27,2025-04-03,,https://www.advich.com/gggggslxyl/,DESKTOP,,0,37,0.0,78.08108108108108,page_device,2026-07-27 13:01:02
7656,2026-07-27,2025-04-03,,https://www.advich.com/gggggslxyl/,MOBILE,,0,7,0.0,54.714285714285715,page_device,2026-07-27 13:01:02
7657,2026-07-27,2025-04-03,,https://www.advich.com/gggggzmbrh/,DESKTOP,,0,9,0.0,55.888888888888886,page_device,2026-07-27 13:01:02
7658,2026-07-27,2025-04-03,,https://www.advich.com/ggggjfcjyy/,DESKTOP,,0,7,0.0,87.42857142857143,page_device,2026-07-27 13:01:02
7659,2026-07-27,2025-04-03,,https://www.advich.com/ggggkhjlby/,DESKTOP,,0,4,0.0,103.0,page_device,2026-07-27 13:01:02
7660,2026-07-27,2025-04-03,,https://www.advich.com/ggggmrszzh/,DESKTOP,,0,6,0.0,150.66666666666666,page_device,2026-07-27 13:01:02
7661,2026-07-27,2025-04-03,,https://www.advich.com/ggggmyhfys/,DESKTOP,,0,1,0.0,79.0,page_device,2026-07-27 13:01:02
7662,2026-07-27,2025-04-03,,https://www.advich.com/ggggmzhrhz/,DESKTOP,,0,8,0.0,52.75,page_device,2026-07-27 13:01:02
7663,2026-07-27,2025-04-03,,https://www.advich.com/ggggmzhrhz/,MOBILE,,0,1,0.0,31.0,page_device,2026-07-27 13:01:02
7664,2026-07-27,2025-04-03,,https://www.advich.com/ggggrhzmyh/,DESKTOP,,0,10,0.0,113.8,page_device,2026-07-27 13:01:02
7665,2026-07-27,2025-04-03,,https://www.advich.com/ggggrhzysy/,DESKTOP,,0,6,0.0,177.83333333333334,page_device,2026-07-27 13:01:02
7666,2026-07-27,2025-04-03,,https://www.advich.com/ggggshqdrh/,DESKTOP,,0,6,0.0,157.83333333333334,page_device,2026-07-27 13:01:02
7667,2026-07-27,2025-04-03,,https://www.advich.com/ggggtgkzcg/,DESKTOP,,0,6,0.0,53.0,page_device,2026-07-27 13:01:02
7668,2026-07-27,2025-04-03,,https://www.advich.com/ggggtjnxyz/,DESKTOP,,0,3,0.0,97.33333333333333,page_device,2026-07-27 13:01:02
7669,2026-07-27,2025-04-03,,https://www.advich.com/ggggxsxskz/,DESKTOP,,0,6,0.0,81.33333333333333,page_device,2026-07-27 13:01:02
7670,2026-07-27,2025-04-03,,https://www.advich.com/ggggzcjjng/,DESKTOP,,0,6,0.0,169.83333333333334,page_device,2026-07-27 13:01:02
7671,2026-07-27,2025-04-03,,https://www.advich.com/ggggzdjbdh/,DESKTOP,,0,6,0.0,171.83333333333334,page_device,2026-07-27 13:01:02
7672,2026-07-27,2025-04-03,,https://www.advich.com/ggggzhztgb/,DESKTOP,,0,6,0.0,42.0,page_device,2026-07-27 13:01:02
7673,2026-07-27,2025-04-03,,https://www.advich.com/ggggznjjxz/,DESKTOP,,0,6,0.0,35.0,page_device,2026-07-27 13:01:02
7674,2026-07-27,2025-04-03,,https://www.advich.com/ggggzucsdj/,DESKTOP,,0,4,0.0,85.75,page_device,2026-07-27 13:01:02
7675,2026-07-27,2025-04-03,,https://www.advich.com/ggggzyxzjs/,DESKTOP,,0,4,0.0,62.25,page_device,2026-07-27 13:01:02
7676,2026-07-27,2025-04-03,,https://www.advich.com/ggggzyxzjs/,MOBILE,,0,2,0.0,84.5,page_device,2026-07-27 13:01:02
7677,2026-07-27,2025-04-03,,https://www.advich.com/gggjcghqgx/,DESKTOP,,0,52,0.0,53.98076923076923,page_device,2026-07-27 13:01:02
7678,2026-07-27,2025-04-03,,https://www.advich.com/gggjcghqgx/,MOBILE,,0,34,0.0,44.76470588235294,page_device,2026-07-27 13:01:02
7679,2026-07-27,2025-04-03,,https://www.advich.com/gggjcghqmf/,DESKTOP,,0,139,0.0,53.81294964028777,page_device,2026-07-27 13:01:02
7680,2026-07-27,2025-04-03,,https://www.advich.com/gggjcghqmf/,MOBILE,,0,86,0.0,54.75581395348837,page_device,2026-07-27 13:01:02
7681,2026-07-27,2025-04-03,,https://www.advich.com/gggjcghqmf/,TABLET,,0,1,0.0,55.0,page_device,2026-07-27 13:01:02
7682,2026-07-27,2025-04-03,,https://www.advich.com/gggwggrhsz/,DESKTOP,,0,169,0.0,57.10059171597633,page_device,2026-07-27 13:01:02
7683,2026-07-27,2025-04-03,,https://www.advich.com/gggwggrhsz/,MOBILE,,0,5,0.0,77.4,page_device,2026-07-27 13:01:02
7684,2026-07-27,2025-04-03,,https://www.advich.com/gggwggslrh/,DESKTOP,,0,13,0.0,89.76923076923077,page_device,2026-07-27 13:01:02
7685,2026-07-27,2025-04-03,,https://www.advich.com/gggwggslrh/,MOBILE,,0,1,0.0,24.0,page_device,2026-07-27 13:01:02
7686,2026-07-27,2025-04-03,,https://www.advich.com/gggwmblxt/,DESKTOP,,0,6,0.0,145.83333333333334,page_device,2026-07-27 13:01:02
7687,2026-07-27,2025-04-03,,https://www.advich.com/gggyggrhly/,DESKTOP,,0,6,0.0,23.0,page_device,2026-07-27 13:01:02
7688,2026-07-27,2025-04-03,,https://www.advich.com/ggjgszyjcg/,DESKTOP,,0,6,0.0,77.33333333333333,page_device,2026-07-27 13:01:02
7689,2026-07-27,2025-04-03,,https://www.advich.com/ggjjzgfxdsjjclyd/,DESKTOP,,0,11,0.0,69.0,page_device,2026-07-27 13:01:02
7690,2026-07-27,2025-04-03,,https://www.advich.com/ggjzyggtzd/,DESKTOP,,0,6,0.0,46.0,page_device,2026-07-27 13:01:02
7691,2026-07-27,2025-04-03,,https://www.advich.com/ggrnjydxgg/,DESKTOP,,0,6,0.0,116.33333333333333,page_device,2026-07-27 13:01:02
7692,2026-07-27,2025-04-03,,https://www.advich.com/ggrnjydxgg/,MOBILE,,0,1,0.0,18.0,page_device,2026-07-27 13:01:02
7693,2026-07-27,2025-04-03,,https://www.advich.com/ggscxlxwzz/,DESKTOP,,0,235,0.0,28.880851063829788,page_device,2026-07-27 13:01:02
7694,2026-07-27,2025-04-03,,https://www.advich.com/ggsgggryyy/,DESKTOP,,0,6,0.0,24.0,page_device,2026-07-27 13:01:02
7695,2026-07-27,2025-04-03,,https://www.advich.com/ggsyhrhrrsrzdh/,DESKTOP,,0,6,0.0,166.83333333333334,page_device,2026-07-27 13:01:02
7696,2026-07-27,2025-04-03,,https://www.advich.com/ggszjdyxgg/,DESKTOP,,0,2,0.0,7.0,page_device,2026-07-27 13:01:02
7697,2026-07-27,2025-04-03,,https://www.advich.com/ggtcyggdxk/,DESKTOP,,0,17,0.0,81.3529411764706,page_device,2026-07-27 13:01:02
7698,2026-07-27,2025-04-03,,https://www.advich.com/ggtgclrhtgdldwyhndgggg/,DESKTOP,,0,24,0.0,72.875,page_device,2026-07-27 13:01:02
7699,2026-07-27,2025-04-03,,https://www.advich.com/ggtgclrhtgdldwyhndgggg/,MOBILE,,0,20,0.0,78.25,page_device,2026-07-27 13:01:02
7700,2026-07-27,2025-04-03,,https://www.advich.com/ggtgpggsrh/,DESKTOP,,0,6,0.0,190.83333333333334,page_device,2026-07-27 13:01:02
7701,2026-07-27,2025-04-03,,https://www.advich.com/ggtgprhtgb/,DESKTOP,,0,6,0.0,70.0,page_device,2026-07-27 13:01:02
7702,2026-07-27,2025-04-03,,https://www.advich.com/ggtgpyhqdj/,DESKTOP,,0,18,0.0,4.444444444444445,page_device,2026-07-27 13:01:02
7703,2026-07-27,2025-04-03,,https://www.advich.com/ggtgzgcwrn/,DESKTOP,,0,6,0.0,110.33333333333333,page_device,2026-07-27 13:01:02
7704,2026-07-27,2025-04-03,,https://www.advich.com/ggtgzgjqphggsyggstgcl/,DESKTOP,,0,6,0.0,65.83333333333333,page_device,2026-07-27 13:01:02
7705,2026-07-27,2025-04-03,,https://www.advich.com/ggxbtcxdgg/,DESKTOP,,0,8,0.0,121.0,page_device,2026-07-27 13:01:02
7706,2026-07-27,2025-04-03,,https://www.advich.com/ggxbwyyggz/,DESKTOP,,0,16,0.0,4.9375,page_device,2026-07-27 13:01:02
7707,2026-07-27,2025-04-03,,https://www.advich.com/ggxsggbxsr/,DESKTOP,,0,1,0.0,38.0,page_device,2026-07-27 13:01:02
7708,2026-07-27,2025-04-03,,https://www.advich.com/ggxsggbxsr/,MOBILE,,0,1,0.0,59.0,page_device,2026-07-27 13:01:02
7709,2026-07-27,2025-04-03,,https://www.advich.com/ggzsgghdzk/,DESKTOP,,0,24,0.0,26.708333333333332,page_device,2026-07-27 13:01:02
7710,2026-07-27,2025-04-03,,https://www.advich.com/ggzsgghdzk/,MOBILE,,0,1,0.0,51.0,page_device,2026-07-27 13:01:02
7711,2026-07-27,2025-04-03,,https://www.advich.com/ggzsggkysy/,DESKTOP,,0,8,0.0,170.0,page_device,2026-07-27 13:01:02
7712,2026-07-27,2025-04-03,,https://www.advich.com/ggzshdzxyh/,DESKTOP,,0,10,0.0,89.7,page_device,2026-07-27 13:01:02
7713,2026-07-27,2025-04-03,,https://www.advich.com/gjcghqbxfa/,DESKTOP,,0,6,0.0,71.0,page_device,2026-07-27 13:01:02
7714,2026-07-27,2025-04-03,,https://www.advich.com/gjcghqbxfa/,MOBILE,,0,1,0.0,69.0,page_device,2026-07-27 13:01:02
7715,2026-07-27,2025-04-03,,https://www.advich.com/gjcsssfrhj/,DESKTOP,,0,43,0.0,10.813953488372093,page_device,2026-07-27 13:01:02
7716,2026-07-27,2025-04-03,,https://www.advich.com/gjggggszdw/,DESKTOP,,0,2,0.0,68.5,page_device,2026-07-27 13:01:02
7717,2026-07-27,2025-04-03,,https://www.advich.com/gjggggszdw/,MOBILE,,0,2,0.0,60.5,page_device,2026-07-27 13:01:02
7718,2026-07-27,2025-04-03,,https://www.advich.com/glyxcljqgzyl/,DESKTOP,,0,45,0.0,62.46666666666667,page_device,2026-07-27 13:01:02
7719,2026-07-27,2025-04-03,,https://www.advich.com/google-promotion-basic-skills/,DESKTOP,,0,17,0.0,70.3529411764706,page_device,2026-07-27 13:01:02
7720,2026-07-27,2025-04-03,,https://www.advich.com/google-promotion-experience-sharing/,DESKTOP,,0,1,0.0,99.0,page_device,2026-07-27 13:01:02
7721,2026-07-27,2025-04-03,,https://www.advich.com/google-promotion-has-several-advertising-spaces/,DESKTOP,,0,55,0.0,61.41818181818182,page_device,2026-07-27 13:01:02
7722,2026-07-27,2025-04-03,,https://www.advich.com/google-promotion-rejected/,DESKTOP,,0,3,0.0,91.66666666666667,page_device,2026-07-27 13:01:02
7723,2026-07-27,2025-04-03,,https://www.advich.com/google-remarketing/,DESKTOP,,0,16,0.0,64.125,page_device,2026-07-27 13:01:02
7724,2026-07-27,2025-04-03,,https://www.advich.com/google-remarketing/,MOBILE,,0,5,0.0,72.0,page_device,2026-07-27 13:01:02
7725,2026-07-27,2025-04-03,,https://www.advich.com/google-sem/,DESKTOP,,0,42,0.0,89.85714285714286,page_device,2026-07-27 13:01:02
7726,2026-07-27,2025-04-03,,https://www.advich.com/google-sem/,MOBILE,,0,7,0.0,85.42857142857143,page_device,2026-07-27 13:01:02
7727,2026-07-27,2025-04-03,,https://www.advich.com/google-seo-keyword-layout/,DESKTOP,,0,1,0.0,63.0,page_device,2026-07-27 13:01:02
7728,2026-07-27,2025-04-03,,https://www.advich.com/google-shopping-ads/,DESKTOP,,0,215,0.0,42.330232558139535,page_device,2026-07-27 13:01:02
7729,2026-07-27,2025-04-03,,https://www.advich.com/google-shopping-ads/,MOBILE,,0,14,0.0,60.785714285714285,page_device,2026-07-27 13:01:02
7730,2026-07-27,2025-04-03,,https://www.advich.com/gqdzngwhbd/,DESKTOP,,0,6,0.0,170.83333333333334,page_device,2026-07-27 13:01:02
7731,2026-07-27,2025-04-03,,https://www.advich.com/gsdtslbznk/,DESKTOP,,0,8,0.0,122.0,page_device,2026-07-27 13:01:02
7732,2026-07-27,2025-04-03,,https://www.advich.com/gtcsjzxnzg/,DESKTOP,,0,10,0.0,87.3,page_device,2026-07-27 13:01:02
7733,2026-07-27,2025-04-03,,https://www.advich.com/gtm-code/,DESKTOP,,0,16,0.0,90.375,page_device,2026-07-27 13:01:02
7734,2026-07-27,2025-04-03,,https://www.advich.com/gwxnzdhddl/,DESKTOP,,0,16,0.0,84.9375,page_device,2026-07-27 13:01:02
7735,2026-07-27,2025-04-03,,https://www.advich.com/gwxnzdhddl/,MOBILE,,0,1,0.0,91.0,page_device,2026-07-27 13:01:02
7736,2026-07-27,2025-04-03,,https://www.advich.com/gxgnhzjsj/,DESKTOP,,0,3,0.0,70.33333333333333,page_device,2026-07-27 13:01:02
7737,2026-07-27,2025-04-03,,https://www.advich.com/gycggdzyyx/,DESKTOP,,0,6,0.0,74.83333333333333,page_device,2026-07-27 13:01:02
7738,2026-07-27,2025-04-03,,https://www.advich.com/gycggdzyyx/,MOBILE,,0,2,0.0,97.0,page_device,2026-07-27 13:01:02
7739,2026-07-27,2025-04-03,,https://www.advich.com/gyszfwfadn/,DESKTOP,,0,1,0.0,78.0,page_device,2026-07-27 13:01:02
7740,2026-07-27,2025-04-03,,https://www.advich.com/gyxjrgwzdn/,DESKTOP,,0,1,0.0,8.0,page_device,2026-07-27 13:01:02
7741,2026-07-27,2025-04-03,,https://www.advich.com/gzjdggggtd/,DESKTOP,,0,4,0.0,61.25,page_device,2026-07-27 13:01:02
7742,2026-07-27,2025-04-03,,https://www.advich.com/how-much-influence-does-the-role-of-integrated-marketing-have-on-the-company/,DESKTOP,,0,12,0.0,72.5,page_device,2026-07-27 13:01:02
7743,2026-07-27,2025-04-03,,https://www.advich.com/how-much-is-a-google-promotion/,MOBILE,,0,1,0.0,42.0,page_device,2026-07-27 13:01:02
7744,2026-07-27,2025-04-03,,https://www.advich.com/how-normal-is-the-inquiry-rate-of-google-promotion/,DESKTOP,,0,2,0.0,86.5,page_device,2026-07-27 13:01:02
7745,2026-07-27,2025-04-03,,https://www.advich.com/how-to-choose-an-independent-station-to-collect-money/,DESKTOP,,0,22,0.0,75.22727272727273,page_device,2026-07-27 13:01:02
7746,2026-07-27,2025-04-03,,https://www.advich.com/how-to-promote-facebook/,DESKTOP,,0,8,0.0,54.25,page_device,2026-07-27 13:01:02
7747,2026-07-27,2025-04-03,,https://www.advich.com/how-to-promote-facebook/,MOBILE,,0,9,0.0,51.666666666666664,page_device,2026-07-27 13:01:02
7748,2026-07-27,2025-04-03,,https://www.advich.com/hqggggrzdf/,DESKTOP,,0,18,0.0,68.05555555555556,page_device,2026-07-27 13:01:02
7749,2026-07-27,2025-04-03,,https://www.advich.com/hqggggrzdf/,MOBILE,,0,1,0.0,18.0,page_device,2026-07-27 13:01:02
7750,2026-07-27,2025-04-03,,https://www.advich.com/increasing-fans-of-overseas-social-media/,DESKTOP,,0,1,0.0,43.0,page_device,2026-07-27 13:01:02
7751,2026-07-27,2025-04-03,,https://www.advich.com/increasing-fans-of-overseas-social-media/,MOBILE,,0,2,0.0,42.5,page_device,2026-07-27 13:01:02
7752,2026-07-27,2025-04-03,,https://www.advich.com/independent-station-external-chain/,DESKTOP,,0,4,0.0,70.25,page_device,2026-07-27 13:01:02
7753,2026-07-27,2025-04-03,,https://www.advich.com/independent-station-operation/,DESKTOP,,0,4,0.0,84.25,page_device,2026-07-27 13:01:02
7754,2026-07-27,2025-04-03,,https://www.advich.com/independent-station-promotion/,DESKTOP,,0,3,0.0,75.33333333333333,page_device,2026-07-27 13:01:02
7755,2026-07-27,2025-04-03,,https://www.advich.com/independent-station-selection/,DESKTOP,,0,3,0.0,28.333333333333332,page_device,2026-07-27 13:01:02
7756,2026-07-27,2025-04-03,,https://www.advich.com/independent-station-selection/,MOBILE,,0,1,0.0,26.0,page_device,2026-07-27 13:01:02
7757,2026-07-27,2025-04-03,,https://www.advich.com/independent-station-selling-goods/,DESKTOP,,0,3,0.0,79.0,page_device,2026-07-27 13:01:02
7758,2026-07-27,2025-04-03,,https://www.advich.com/instagram-marketing-guide/,DESKTOP,,0,1,0.0,61.0,page_device,2026-07-27 13:01:02
7759,2026-07-27,2025-04-03,,https://www.advich.com/integrated-marketing-ecology/,DESKTOP,,0,243,0.0,48.584362139917694,page_device,2026-07-27 13:01:02
7760,2026-07-27,2025-04-03,,https://www.advich.com/integrated-marketing-era-what-can-overseas-digital-marketing-bring-us/,DESKTOP,,0,29,0.0,17.79310344827586,page_device,2026-07-27 13:01:02
7761,2026-07-27,2025-04-03,,https://www.advich.com/integrated-marketing-platform/,DESKTOP,,0,26,0.0,25.615384615384617,page_device,2026-07-27 13:01:02
7762,2026-07-27,2025-04-03,,https://www.advich.com/integrated-marketing-requirements/,DESKTOP,,0,166,0.0,67.21686746987952,page_device,2026-07-27 13:01:02
7763,2026-07-27,2025-04-03,,https://www.advich.com/integrated-marketing-thinking/,DESKTOP,,0,4,0.0,80.75,page_device,2026-07-27 13:01:02
7764,2026-07-27,2025-04-03,,https://www.advich.com/jiangsu-google-seo-optimization/,DESKTOP,,0,24,0.0,81.83333333333333,page_device,2026-07-27 13:01:02
7765,2026-07-27,2025-04-03,,https://www.advich.com/jlygcsdggg/,DESKTOP,,0,6,0.0,29.0,page_device,2026-07-27 13:01:02
7766,2026-07-27,2025-04-03,,https://www.advich.com/jssymqbssm/,DESKTOP,,0,5,0.0,18.0,page_device,2026-07-27 13:01:02
7767,2026-07-27,2025-04-03,,https://www.advich.com/jssymqbssm/,MOBILE,,0,1,0.0,59.0,page_device,2026-07-27 13:01:02
7768,2026-07-27,2025-04-03,,https://www.advich.com/jtydthfggy/,DESKTOP,,0,2,0.0,94.5,page_device,2026-07-27 13:01:02
7769,2026-07-27,2025-04-03,,https://www.advich.com/jtydthfggy/,MOBILE,,0,3,0.0,72.66666666666667,page_device,2026-07-27 13:01:02
7770,2026-07-27,2025-04-03,,https://www.advich.com/jxggsljxgg/,DESKTOP,,0,6,0.0,102.66666666666667,page_device,2026-07-27 13:01:02
7771,2026-07-27,2025-04-03,,https://www.advich.com/jycynzggxs/,DESKTOP,,0,6,0.0,62.0,page_device,2026-07-27 13:01:02
7772,2026-07-27,2025-04-03,,https://www.advich.com/key-points-linkedin-integrated-marketing-solutions/,DESKTOP,,0,1,0.0,90.0,page_device,2026-07-27 13:01:02
7773,2026-07-27,2025-04-03,,https://www.advich.com/khxfjsszjx/,DESKTOP,,0,9,0.0,57.111111111111114,page_device,2026-07-27 13:01:02
7774,2026-07-27,2025-04-03,,https://www.advich.com/khxfjsszjx/,MOBILE,,0,7,0.0,54.714285714285715,page_device,2026-07-27 13:01:02
7775,2026-07-27,2025-04-03,,https://www.advich.com/ksdycpgghd/,DESKTOP,,0,28,0.0,88.64285714285714,page_device,2026-07-27 13:01:02
7776,2026-07-27,2025-04-03,,https://www.advich.com/kygjcdqqkq/,DESKTOP,,0,6,0.0,154.83333333333334,page_device,2026-07-27 13:01:02
7777,2026-07-27,2025-04-03,,https://www.advich.com/linkedin-2/,DESKTOP,,0,2,0.0,76.0,page_device,2026-07-27 13:01:02
7778,2026-07-27,2025-04-03,,https://www.advich.com/linkedin-account-registration/,DESKTOP,,0,9,0.0,23.0,page_device,2026-07-27 13:01:02
7779,2026-07-27,2025-04-03,,https://www.advich.com/ljcpsmzqgl/,DESKTOP,,0,5,0.0,61.6,page_device,2026-07-27 13:01:02
7780,2026-07-27,2025-04-03,,https://www.advich.com/ljcpsmzqgl/,MOBILE,,0,1,0.0,82.0,page_device,2026-07-27 13:01:02
7781,2026-07-27,2025-04-03,,https://www.advich.com/ljrhzezcjx/,DESKTOP,,0,6,0.0,99.66666666666667,page_device,2026-07-27 13:01:02
7782,2026-07-27,2025-04-03,,https://www.advich.com/lyfxggkdnd/,DESKTOP,,0,6,0.0,58.0,page_device,2026-07-27 13:01:02
7783,2026-07-27,2025-04-03,,https://www.advich.com/mcdjdlrtss/,DESKTOP,,0,6,0.0,36.0,page_device,2026-07-27 13:01:02
7784,2026-07-27,2025-04-03,,https://www.advich.com/mddyggggbp/,DESKTOP,,0,2,0.0,48.0,page_device,2026-07-27 13:01:02
7785,2026-07-27,2025-04-03,,https://www.advich.com/media-integrated-marketing/,DESKTOP,,0,24,0.0,52.541666666666664,page_device,2026-07-27 13:01:02
7786,2026-07-27,2025-04-03,,https://www.advich.com/media-methods-ads/,DESKTOP,,0,4,0.0,89.75,page_device,2026-07-27 13:01:02
7787,2026-07-27,2025-04-03,,https://www.advich.com/mgggzydsgg/,DESKTOP,,0,7,0.0,79.28571428571429,page_device,2026-07-27 13:01:02
7788,2026-07-27,2025-04-03,,https://www.advich.com/mggzdhggsz/,DESKTOP,,0,130,0.0,54.83076923076923,page_device,2026-07-27 13:01:02
7789,2026-07-27,2025-04-03,,https://www.advich.com/mggzdhggsz/,MOBILE,,0,6,0.0,45.666666666666664,page_device,2026-07-27 13:01:02
7790,2026-07-27,2025-04-03,,https://www.advich.com/mjjslxmjjs/,DESKTOP,,0,6,0.0,59.0,page_device,2026-07-27 13:01:02
7791,2026-07-27,2025-04-03,,https://www.advich.com/must-google-promote-independent-stations/,DESKTOP,,0,12,0.0,57.833333333333336,page_device,2026-07-27 13:01:02
7792,2026-07-27,2025-04-03,,https://www.advich.com/must-google-promote-independent-stations/,MOBILE,,0,5,0.0,46.4,page_device,2026-07-27 13:01:02
7793,2026-07-27,2025-04-03,,https://www.advich.com/mxcxzdfggc/,DESKTOP,,0,6,0.0,121.33333333333333,page_device,2026-07-27 13:01:02
7794,2026-07-27,2025-04-03,,https://www.advich.com/mxcxzdtggc/,DESKTOP,,0,11,0.0,87.63636363636364,page_device,2026-07-27 13:01:02
7795,2026-07-27,2025-04-03,,https://www.advich.com/mxyxrydyys/,DESKTOP,,0,2,0.0,9.5,page_device,2026-07-27 13:01:02
7796,2026-07-27,2025-04-03,,https://www.advich.com/myggggcxdm/,DESKTOP,,0,31,0.0,10.741935483870968,page_device,2026-07-27 13:01:02
7797,2026-07-27,2025-04-03,,https://www.advich.com/myggggcxdm/,MOBILE,,0,3,0.0,7.333333333333333,page_device,2026-07-27 13:01:02
7798,2026-07-27,2025-04-03,,https://www.advich.com/nbxcsdqzyw/,DESKTOP,,0,6,0.0,188.83333333333334,page_device,2026-07-27 13:01:02
7799,2026-07-27,2025-04-03,,https://www.advich.com/ndsjgsdqzg/,DESKTOP,,0,28,0.0,67.35714285714286,page_device,2026-07-27 13:01:02
7800,2026-07-27,2025-04-03,,https://www.advich.com/ndsjgsdqzg/,MOBILE,,0,1,0.0,64.0,page_device,2026-07-27 13:01:02
7801,2026-07-27,2025-04-03,,https://www.advich.com/new-knowledge-of-overseas-social-media-drainage-come-on-up/,DESKTOP,,0,5,0.0,38.8,page_device,2026-07-27 13:01:02
7802,2026-07-27,2025-04-03,,https://www.advich.com/new-model-of-integrated-marketing/,DESKTOP,,0,2,0.0,1.0,page_device,2026-07-27 13:01:02
7803,2026-07-27,2025-04-03,,https://www.advich.com/news/,DESKTOP,,0,5,0.0,82.6,page_device,2026-07-27 13:01:02
7804,2026-07-27,2025-04-03,,https://www.advich.com/nggggdgcwk/,DESKTOP,,0,6,0.0,126.33333333333333,page_device,2026-07-27 13:01:02
7805,2026-07-27,2025-04-03,,https://www.advich.com/nkylyszdwx/,DESKTOP,,0,6,0.0,69.0,page_device,2026-07-27 13:01:02
7806,2026-07-27,2025-04-03,,https://www.advich.com/nkylyszdwx/,MOBILE,,0,1,0.0,88.0,page_device,2026-07-27 13:01:02
7807,2026-07-27,2025-04-03,,https://www.advich.com/nnzddcdsxr/,DESKTOP,,0,49,0.0,70.40816326530613,page_device,2026-07-27 13:01:02
7808,2026-07-27,2025-04-03,,https://www.advich.com/nsydsdzjjm/,DESKTOP,,0,6,0.0,175.83333333333334,page_device,2026-07-27 13:01:02
7809,2026-07-27,2025-04-03,,https://www.advich.com/nsydsdzjjm/,MOBILE,,0,7,0.0,66.71428571428571,page_device,2026-07-27 13:01:02
7810,2026-07-27,2025-04-03,,https://www.advich.com/nszyxzsjmt/,DESKTOP,,0,6,0.0,76.16666666666667,page_device,2026-07-27 13:01:02
7811,2026-07-27,2025-04-03,,https://www.advich.com/nwfycnsfzx/,DESKTOP,,0,6,0.0,172.83333333333334,page_device,2026-07-27 13:01:02
7812,2026-07-27,2025-04-03,,https://www.advich.com/nxzddgyggg/,DESKTOP,,0,5,0.0,40.2,page_device,2026-07-27 13:01:02
7813,2026-07-27,2025-04-03,,https://www.advich.com/nxzttsfsyy/,DESKTOP,,0,3,0.0,131.66666666666666,page_device,2026-07-27 13:01:02
7814,2026-07-27,2025-04-03,,https://www.advich.com/nygsygggga/,DESKTOP,,0,10,0.0,11.0,page_device,2026-07-27 13:01:02
7815,2026-07-27,2025-04-03,,https://www.advich.com/nzjggggjzk/,MOBILE,,0,1,0.0,63.0,page_device,2026-07-27 13:01:02
7816,2026-07-27,2025-04-03,,https://www.advich.com/nzjyycxxzd/,DESKTOP,,0,6,0.0,189.83333333333334,page_device,2026-07-27 13:01:02
7817,2026-07-27,2025-04-03,,https://www.advich.com/nzlxdzdjjc-2/,DESKTOP,,0,4,0.0,8.75,page_device,2026-07-27 13:01:02
7818,2026-07-27,2025-04-03,,https://www.advich.com/overseas-independent-station/,DESKTOP,,0,3,0.0,73.66666666666667,page_device,2026-07-27 13:01:02
7819,2026-07-27,2025-04-03,,https://www.advich.com/overseas-social-media-promotion/,DESKTOP,,0,1,0.0,55.0,page_device,2026-07-27 13:01:02
7820,2026-07-27,2025-04-03,,https://www.advich.com/oyktmssmws/,DESKTOP,,0,6,0.0,146.83333333333334,page_device,2026-07-27 13:01:02
7821,2026-07-27,2025-04-03,,https://www.advich.com/p7659/,DESKTOP,,0,24,0.0,40.416666666666664,page_device,2026-07-27 13:01:02
7822,2026-07-27,2025-04-03,,https://www.advich.com/pggdzjzngg/,DESKTOP,,0,143,0.0,44.43356643356643,page_device,2026-07-27 13:01:02
7823,2026-07-27,2025-04-03,,https://www.advich.com/pjcypjcbrh/,DESKTOP,,0,33,0.0,8.787878787878789,page_device,2026-07-27 13:01:02
7824,2026-07-27,2025-04-03,,https://www.advich.com/pjcypjcbrh/,MOBILE,,0,2,0.0,54.5,page_device,2026-07-27 13:01:02
7825,2026-07-27,2025-04-03,,https://www.advich.com/pltfxdyhcl/,DESKTOP,,0,5,0.0,41.8,page_device,2026-07-27 13:01:02
7826,2026-07-27,2025-04-03,,https://www.advich.com/pltfxdyhcl/,MOBILE,,0,2,0.0,47.0,page_device,2026-07-27 13:01:02
7827,2026-07-27,2025-04-03,,https://www.advich.com/pmssmspyxm/,DESKTOP,,0,20,0.0,66.8,page_device,2026-07-27 13:01:02
7828,2026-07-27,2025-04-03,,https://www.advich.com/pmssmspyxm/,MOBILE,,0,3,0.0,8.666666666666668,page_device,2026-07-27 13:01:02
7829,2026-07-27,2025-04-03,,https://www.advich.com/ppc-managemen/,DESKTOP,,0,1,0.0,9.0,page_device,2026-07-27 13:01:02
7830,2026-07-27,2025-04-03,,https://www.advich.com/product-promotion/,DESKTOP,,0,11,0.0,71.54545454545455,page_device,2026-07-27 13:01:02
7831,2026-07-27,2025-04-03,,https://www.advich.com/pszclmbdwy/,DESKTOP,,0,7,0.0,103.42857142857143,page_device,2026-07-27 13:01:02
7832,2026-07-27,2025-04-03,,https://www.advich.com/qggjetbjqc/,DESKTOP,,0,6,0.0,120.33333333333333,page_device,2026-07-27 13:01:02
7833,2026-07-27,2025-04-03,,https://www.advich.com/qzkhkfyqzk/,DESKTOP,,0,6,0.0,50.0,page_device,2026-07-27 13:01:02
7834,2026-07-27,2025-04-03,,https://www.advich.com/reduce-marketing-cost/,DESKTOP,,0,1,0.0,178.0,page_device,2026-07-27 13:01:02
7835,2026-07-27,2025-04-03,,https://www.advich.com/resource-integrated-marketing-company/,DESKTOP,,0,39,0.0,65.02564102564102,page_device,2026-07-27 13:01:02
7836,2026-07-27,2025-04-03,,https://www.advich.com/rggrmnxyzd/,MOBILE,,0,2,0.0,20.5,page_device,2026-07-27 13:01:02
7837,2026-07-27,2025-04-03,,https://www.advich.com/rhcgjxggtg/,DESKTOP,,0,9,0.0,94.22222222222223,page_device,2026-07-27 13:01:02
7838,2026-07-27,2025-04-03,,https://www.advich.com/rhcjggtgph/,DESKTOP,,0,6,0.0,147.83333333333334,page_device,2026-07-27 13:01:02
7839,2026-07-27,2025-04-03,,https://www.advich.com/rhcjgzhtzb/,DESKTOP,,0,3,0.0,5.0,page_device,2026-07-27 13:01:02
7840,2026-07-27,2025-04-03,,https://www.advich.com/rhcjgzhtzb/,MOBILE,,0,1,0.0,6.0,page_device,2026-07-27 13:01:02
7841,2026-07-27,2025-04-03,,https://www.advich.com/rhcjzjgggw/,DESKTOP,,0,28,0.0,51.857142857142854,page_device,2026-07-27 13:01:02
7842,2026-07-27,2025-04-03,,https://www.advich.com/rhcndggggz/,DESKTOP,,0,6,0.0,114.33333333333333,page_device,2026-07-27 13:01:02
7843,2026-07-27,2025-04-03,,https://www.advich.com/rhcqtrdttl/,DESKTOP,,0,4,0.0,25.5,page_device,2026-07-27 13:01:02
7844,2026-07-27,2025-04-03,,https://www.advich.com/rhcqtrdttl/,MOBILE,,0,13,0.0,13.846153846153847,page_device,2026-07-27 13:01:02
7845,2026-07-27,2025-04-03,,https://www.advich.com/rhgbggggzd/,DESKTOP,,0,6,0.0,27.0,page_device,2026-07-27 13:01:02
7846,2026-07-27,2025-04-03,,https://www.advich.com/rhgzggctgg/,DESKTOP,,0,10,0.0,16.0,page_device,2026-07-27 13:01:02
7847,2026-07-27,2025-04-03,,https://www.advich.com/rhhzsyztxy/,DESKTOP,,0,10,0.0,118.8,page_device,2026-07-27 13:01:02
7848,2026-07-27,2025-04-03,,https://www.advich.com/rhjcggsdgj/,DESKTOP,,0,203,0.0,65.5911330049261,page_device,2026-07-27 13:01:02
7849,2026-07-27,2025-04-03,,https://www.advich.com/rhjcggsdgj/,MOBILE,,0,88,0.0,64.76136363636363,page_device,2026-07-27 13:01:02
7850,2026-07-27,2025-04-03,,https://www.advich.com/rhjdmcdjdp/,DESKTOP,,0,6,0.0,32.0,page_device,2026-07-27 13:01:02
7851,2026-07-27,2025-04-03,,https://www.advich.com/rhjrbstcdg/,DESKTOP,,0,9,0.0,64.33333333333334,page_device,2026-07-27 13:01:02
7852,2026-07-27,2025-04-03,,https://www.advich.com/rhjscbhjqb/,DESKTOP,,0,6,0.0,41.0,page_device,2026-07-27 13:01:02
7853,2026-07-27,2025-04-03,,https://www.advich.com/rhjxkhjzfx/,DESKTOP,,0,49,0.0,66.85714285714286,page_device,2026-07-27 13:01:02
7854,2026-07-27,2025-04-03,,https://www.advich.com/rhkshdwzll/,DESKTOP,,0,6,0.0,54.0,page_device,2026-07-27 13:01:02
7855,2026-07-27,2025-04-03,,https://www.advich.com/rhkssygzds/,DESKTOP,,0,6,0.0,57.0,page_device,2026-07-27 13:01:02
7856,2026-07-27,2025-04-03,,https://www.advich.com/rhkssymggs/,MOBILE,,0,1,0.0,52.0,page_device,2026-07-27 13:01:02
7857,2026-07-27,2025-04-03,,https://www.advich.com/rhlyggqzkh/,DESKTOP,,0,6,0.0,47.0,page_device,2026-07-27 13:01:02
7858,2026-07-27,2025-04-03,,https://www.advich.com/rhqdhlcggg/,DESKTOP,,0,8,0.0,62.125,page_device,2026-07-27 13:01:02
7859,2026-07-27,2025-04-03,,https://www.advich.com/rhqdndd/,DESKTOP,,0,1,0.0,58.0,page_device,2026-07-27 13:01:02
7860,2026-07-27,2025-04-03,,https://www.advich.com/rhqdndd/,MOBILE,,0,2,0.0,47.5,page_device,2026-07-27 13:01:02
7861,2026-07-27,2025-04-03,,https://www.advich.com/rhqsgzkhmy/,DESKTOP,,0,32,0.0,24.9375,page_device,2026-07-27 13:01:02
7862,2026-07-27,2025-04-03,,https://www.advich.com/rhrdljgfwg/,DESKTOP,,0,6,0.0,67.0,page_device,2026-07-27 13:01:02
7863,2026-07-27,2025-04-03,,https://www.advich.com/rhrndqycxz/,DESKTOP,,0,6,0.0,125.33333333333333,page_device,2026-07-27 13:01:02
7864,2026-07-27,2025-04-03,,https://www.advich.com/rhrndqycxz/,MOBILE,,0,3,0.0,1.0,page_device,2026-07-27 13:01:02
7865,2026-07-27,2025-04-03,,https://www.advich.com/rhsxsjkshg/,DESKTOP,,0,6,0.0,105.33333333333333,page_device,2026-07-27 13:01:02
7866,2026-07-27,2025-04-03,,https://www.advich.com/rhsycjsghd/,DESKTOP,,0,2,0.0,59.0,page_device,2026-07-27 13:01:02
7867,2026-07-27,2025-04-03,,https://www.advich.com/rhsyfggkjx/,DESKTOP,,0,1,0.0,76.0,page_device,2026-07-27 13:01:02
7868,2026-07-27,2025-04-03,,https://www.advich.com/rhsyggbzkz/,DESKTOP,,0,6,0.0,111.33333333333333,page_device,2026-07-27 13:01:02
7869,2026-07-27,2025-04-03,,https://www.advich.com/rhsyggggtb/,DESKTOP,,0,6,0.0,138.83333333333334,page_device,2026-07-27 13:01:02
7870,2026-07-27,2025-04-03,,https://www.advich.com/rhsyggjzyc/,DESKTOP,,0,1,0.0,46.0,page_device,2026-07-27 13:01:02
7871,2026-07-27,2025-04-03,,https://www.advich.com/rhsyggjzyc/,MOBILE,,0,3,0.0,54.0,page_device,2026-07-27 13:01:02
7872,2026-07-27,2025-04-03,,https://www.advich.com/rhsyggsskz/,DESKTOP,,0,14,0.0,102.64285714285714,page_device,2026-07-27 13:01:02
7873,2026-07-27,2025-04-03,,https://www.advich.com/rhsypmdclb/,DESKTOP,,0,11,0.0,115.54545454545455,page_device,2026-07-27 13:01:02
7874,2026-07-27,2025-04-03,,https://www.advich.com/rhsysjkshf/,DESKTOP,,0,40,0.0,75.25,page_device,2026-07-27 13:01:02
7875,2026-07-27,2025-04-03,,https://www.advich.com/rhsysjkshf/,MOBILE,,0,1,0.0,4.0,page_device,2026-07-27 13:01:02
7876,2026-07-27,2025-04-03,,https://www.advich.com/rhsyyspscq/,DESKTOP,,0,6,0.0,92.66666666666667,page_device,2026-07-27 13:01:02
7877,2026-07-27,2025-04-03,,https://www.advich.com/rhszgggwgg/,DESKTOP,,0,183,0.0,56.3551912568306,page_device,2026-07-27 13:01:02
7878,2026-07-27,2025-04-03,,https://www.advich.com/rhszgggwgg/,MOBILE,,0,8,0.0,57.375,page_device,2026-07-27 13:01:02
7879,2026-07-27,2025-04-03,,https://www.advich.com/rhszhyhggf/,DESKTOP,,0,6,0.0,72.0,page_device,2026-07-27 13:01:02
7880,2026-07-27,2025-04-03,,https://www.advich.com/rhtgggggdz/,DESKTOP,,0,6,0.0,86.33333333333333,page_device,2026-07-27 13:01:02
7881,2026-07-27,2025-04-03,,https://www.advich.com/rhtgggggtg/,DESKTOP,,0,6,0.0,92.0,page_device,2026-07-27 13:01:02
7882,2026-07-27,2025-04-03,,https://www.advich.com/rhtgljsmxl/,DESKTOP,,0,15,0.0,80.06666666666666,page_device,2026-07-27 13:01:02
7883,2026-07-27,2025-04-03,,https://www.advich.com/rhtgljsmxl/,MOBILE,,0,1,0.0,83.0,page_device,2026-07-27 13:01:02
7884,2026-07-27,2025-04-03,,https://www.advich.com/rhtgxsxszl/,DESKTOP,,0,6,0.0,124.33333333333333,page_device,2026-07-27 13:01:02
7885,2026-07-27,2025-04-03,,https://www.advich.com/rhtgyggscl/,DESKTOP,,0,1,0.0,9.0,page_device,2026-07-27 13:01:02
7886,2026-07-27,2025-04-03,,https://www.advich.com/rhtjewjcxl/,DESKTOP,,0,15,0.0,4.0,page_device,2026-07-27 13:01:02
7887,2026-07-27,2025-04-03,,https://www.advich.com/rhwggggxzz/,DESKTOP,,0,180,0.0,35.67777777777778,page_device,2026-07-27 13:01:02
7888,2026-07-27,2025-04-03,,https://www.advich.com/rhwggggxzz/,MOBILE,,0,45,0.0,46.44444444444444,page_device,2026-07-27 13:01:02
7889,2026-07-27,2025-04-03,,https://www.advich.com/rhwkhyxggg/,DESKTOP,,0,6,0.0,22.0,page_device,2026-07-27 13:01:02
7890,2026-07-27,2025-04-03,,https://www.advich.com/rhxdyycjw/,DESKTOP,,0,6,0.0,164.83333333333334,page_device,2026-07-27 13:01:02
7891,2026-07-27,2025-04-03,,https://www.advich.com/rhxdyycjw/,MOBILE,,0,9,0.0,37.333333333333336,page_device,2026-07-27 13:01:02
7892,2026-07-27,2025-04-03,,https://www.advich.com/rhyhggtgph/,DESKTOP,,0,9,0.0,9.444444444444445,page_device,2026-07-27 13:01:02
7893,2026-07-27,2025-04-03,,https://www.advich.com/rhzcggtgpg/,DESKTOP,,0,7,0.0,143.57142857142858,page_device,2026-07-27 13:01:02
7894,2026-07-27,2025-04-03,,https://www.advich.com/rhzdhggggd/,DESKTOP,,0,6,0.0,155.83333333333334,page_device,2026-07-27 13:01:02
7895,2026-07-27,2025-04-03,,https://www.advich.com/rhzdhggzng/,DESKTOP,,0,29,0.0,47.41379310344828,page_device,2026-07-27 13:01:02
7896,2026-07-27,2025-04-03,,https://www.advich.com/rhzdhggzng/,MOBILE,,0,1,0.0,51.0,page_device,2026-07-27 13:01:02
7897,2026-07-27,2025-04-03,,https://www.advich.com/rhzedzbgzc/,TABLET,,0,1,0.0,10.0,page_device,2026-07-27 13:01:02
7898,2026-07-27,2025-04-03,,https://www.advich.com/rhzezcjdjm/,DESKTOP,,0,3,0.0,25.666666666666668,page_device,2026-07-27 13:01:02
7899,2026-07-27,2025-04-03,,https://www.advich.com/rhzezcjdjm/,MOBILE,,0,1,0.0,29.0,page_device,2026-07-27 13:01:02
7900,2026-07-27,2025-04-03,,https://www.advich.com/rhzezcjrct/,DESKTOP,,0,17,0.0,80.52941176470588,page_device,2026-07-27 13:01:02
7901,2026-07-27,2025-04-03,,https://www.advich.com/rhzezcjrct/,MOBILE,,0,1,0.0,66.0,page_device,2026-07-27 13:01:02
7902,2026-07-27,2025-04-03,,https://www.advich.com/rhzezcjxsl/,DESKTOP,,0,6,0.0,34.0,page_device,2026-07-27 13:01:02
7903,2026-07-27,2025-04-03,,https://www.advich.com/rhzezfxsjk/,DESKTOP,,0,29,0.0,66.24137931034483,page_device,2026-07-27 13:01:02
7904,2026-07-27,2025-04-03,,https://www.advich.com/rhzezhzjyl/,DESKTOP,,0,12,0.0,28.583333333333332,page_device,2026-07-27 13:01:02
7905,2026-07-27,2025-04-03,,https://www.advich.com/rhzezzzbjt/,DESKTOP,,0,16,0.0,27.5,page_device,2026-07-27 13:01:02
7906,2026-07-27,2025-04-03,,https://www.advich.com/rhzezzzbjt/,MOBILE,,0,6,0.0,28.0,page_device,2026-07-27 13:01:02
7907,2026-07-27,2025-04-03,,https://www.advich.com/rhzezzzszt/,MOBILE,,0,115,0.0,74.81739130434782,page_device,2026-07-27 13:01:02
7908,2026-07-27,2025-04-03,,https://www.advich.com/rhzggsssgj/,DESKTOP,,0,2,0.0,6.5,page_device,2026-07-27 13:01:02
7909,2026-07-27,2025-04-03,,https://www.advich.com/rhzghgzgzs/,DESKTOP,,0,6,0.0,141.83333333333334,page_device,2026-07-27 13:01:02
7910,2026-07-27,2025-04-03,,https://www.advich.com/rhzgzcjzdy/,DESKTOP,,0,45,0.0,42.51111111111111,page_device,2026-07-27 13:01:02
7911,2026-07-27,2025-04-03,,https://www.advich.com/rhzgzcjzdy/,MOBILE,,0,4,0.0,52.75,page_device,2026-07-27 13:01:02
7912,2026-07-27,2025-04-03,,https://www.advich.com/rhzgzgjfgg/,DESKTOP,,0,6,0.0,100.66666666666667,page_device,2026-07-27 13:01:02
7913,2026-07-27,2025-04-03,,https://www.advich.com/rhzgzhzpt/,DESKTOP,,0,20,0.0,57.15,page_device,2026-07-27 13:01:02
7914,2026-07-27,2025-04-03,,https://www.advich.com/rhzgzhzpt/,MOBILE,,0,1,0.0,48.0,page_device,2026-07-27 13:01:02
7915,2026-07-27,2025-04-03,,https://www.advich.com/rhzgzsydks/,DESKTOP,,0,13,0.0,53.07692307692308,page_device,2026-07-27 13:01:02
7916,2026-07-27,2025-04-03,,https://www.advich.com/rhzgzsydks/,MOBILE,,0,1,0.0,62.0,page_device,2026-07-27 13:01:02
7917,2026-07-27,2025-04-03,,https://www.advich.com/rhzgzzzbjt/,DESKTOP,,0,10,0.0,116.8,page_device,2026-07-27 13:01:02
7918,2026-07-27,2025-04-03,,https://www.advich.com/rhzmsczmjh/,DESKTOP,,0,6,0.0,107.33333333333333,page_device,2026-07-27 13:01:02
7919,2026-07-27,2025-04-03,,https://www.advich.com/rhztswahis/,DESKTOP,,0,8,0.0,73.5,page_device,2026-07-27 13:01:02
7920,2026-07-27,2025-04-03,,https://www.advich.com/rhztswahis/,MOBILE,,0,8,0.0,17.5,page_device,2026-07-27 13:01:02
7921,2026-07-27,2025-04-03,,https://www.advich.com/rhzyfznzzs/,MOBILE,,0,1,0.0,101.0,page_device,2026-07-27 13:01:02
7922,2026-07-27,2025-04-03,,https://www.advich.com/rich-media/,DESKTOP,,0,7,0.0,32.0,page_device,2026-07-27 13:01:02
7923,2026-07-27,2025-04-03,,https://www.advich.com/rich-media/,MOBILE,,0,1,0.0,47.0,page_device,2026-07-27 13:01:02
7924,2026-07-27,2025-04-03,,https://www.advich.com/ryrtgrhrdf/,DESKTOP,,0,71,0.0,40.0,page_device,2026-07-27 13:01:02
7925,2026-07-27,2025-04-03,,https://www.advich.com/ryrtgrhrdf/,MOBILE,,0,4,0.0,69.0,page_device,2026-07-27 13:01:02
7926,2026-07-27,2025-04-03,,https://www.advich.com/sdtyxtzn/,DESKTOP,,0,6,0.0,127.33333333333333,page_device,2026-07-27 13:01:02
7927,2026-07-27,2025-04-03,,https://www.advich.com/search-marketing/bing-re-marketing/,MOBILE,,0,1,0.0,98.0,page_device,2026-07-27 13:01:02
7928,2026-07-27,2025-04-03,,https://www.advich.com/search-marketing/google-display-ads/,DESKTOP,,0,9,0.0,85.66666666666667,page_device,2026-07-27 13:01:02
7929,2026-07-27,2025-04-03,,https://www.advich.com/search-marketing/search-advertising/,DESKTOP,,0,1,0.0,88.0,page_device,2026-07-27 13:01:02
7930,2026-07-27,2025-04-03,,https://www.advich.com/sem-search-engine-marketing/,DESKTOP,,0,75,0.0,68.42666666666666,page_device,2026-07-27 13:01:02
7931,2026-07-27,2025-04-03,,https://www.advich.com/sem-search-engine-marketing/,MOBILE,,0,19,0.0,71.26315789473684,page_device,2026-07-27 13:01:02
7932,2026-07-27,2025-04-03,,https://www.advich.com/seo-service/,DESKTOP,,0,62,0.0,49.725806451612904,page_device,2026-07-27 13:01:02
7933,2026-07-27,2025-04-03,,https://www.advich.com/seo/,DESKTOP,,0,29,0.0,61.48275862068966,page_device,2026-07-27 13:01:02
7934,2026-07-27,2025-04-03,,https://www.advich.com/shopify/,DESKTOP,,0,16,0.0,8.6875,page_device,2026-07-27 13:01:02
7935,2026-07-27,2025-04-03,,https://www.advich.com/sjfxsyywfx/,DESKTOP,,0,17,0.0,7.882352941176471,page_device,2026-07-27 13:01:02
7936,2026-07-27,2025-04-03,,https://www.advich.com/sjfxsyywfx/,MOBILE,,0,1,0.0,36.0,page_device,2026-07-27 13:01:02
7937,2026-07-27,2025-04-03,,https://www.advich.com/smart-tools/,DESKTOP,,0,1,0.0,97.0,page_device,2026-07-27 13:01:02
7938,2026-07-27,2025-04-03,,https://www.advich.com/smsbjyxwsm/,DESKTOP,,0,6,0.0,119.33333333333333,page_device,2026-07-27 13:01:02
7939,2026-07-27,2025-04-03,,https://www.advich.com/smsczyxcgd/,DESKTOP,,0,2,0.0,89.0,page_device,2026-07-27 13:01:02
7940,2026-07-27,2025-04-03,,https://www.advich.com/smsdjlwsmc/,DESKTOP,,0,42,0.0,84.33333333333333,page_device,2026-07-27 13:01:02
7941,2026-07-27,2025-04-03,,https://www.advich.com/smsdjlwsmc/,MOBILE,,0,1,0.0,81.0,page_device,2026-07-27 13:01:02
7942,2026-07-27,2025-04-03,,https://www.advich.com/smsdtxsggy/,DESKTOP,,0,26,0.0,46.46153846153846,page_device,2026-07-27 13:01:02
7943,2026-07-27,2025-04-03,,https://www.advich.com/smsdtxsggy/,MOBILE,,0,19,0.0,46.94736842105263,page_device,2026-07-27 13:01:02
7944,2026-07-27,2025-04-03,,https://www.advich.com/smsfmgjczg/,DESKTOP,,0,12,0.0,64.58333333333334,page_device,2026-07-27 13:01:02
7945,2026-07-27,2025-04-03,,https://www.advich.com/smsfysyxpp/,DESKTOP,,0,6,0.0,73.0,page_device,2026-07-27 13:01:02
7946,2026-07-27,2025-04-03,,https://www.advich.com/smsggbqglq/,DESKTOP,,0,21,0.0,56.857142857142854,page_device,2026-07-27 13:01:02
7947,2026-07-27,2025-04-03,,https://www.advich.com/smsggbqglq/,MOBILE,,0,2,0.0,75.0,page_device,2026-07-27 13:01:02
7948,2026-07-27,2025-04-03,,https://www.advich.com/smsggggdyh/,DESKTOP,,0,138,0.0,62.65942028985507,page_device,2026-07-27 13:01:02
7949,2026-07-27,2025-04-03,,https://www.advich.com/smsggggdyh/,MOBILE,,0,91,0.0,55.67032967032967,page_device,2026-07-27 13:01:02
7950,2026-07-27,2025-04-03,,https://www.advich.com/smsggxswlr/,DESKTOP,,0,19,0.0,79.3157894736842,page_device,2026-07-27 13:01:02
7951,2026-07-27,2025-04-03,,https://www.advich.com/smsggxswlr/,MOBILE,,0,1,0.0,45.0,page_device,2026-07-27 13:01:02
7952,2026-07-27,2025-04-03,,https://www.advich.com/smsggzdcrh/,DESKTOP,,0,32,0.0,54.625,page_device,2026-07-27 13:01:02
7953,2026-07-27,2025-04-03,,https://www.advich.com/smsggzdcrh/,MOBILE,,0,8,0.0,55.25,page_device,2026-07-27 13:01:02
7954,2026-07-27,2025-04-03,,https://www.advich.com/smsgjccjfx/,DESKTOP,,0,10,0.0,19.0,page_device,2026-07-27 13:01:02
7955,2026-07-27,2025-04-03,,https://www.advich.com/smsgjcyjgj/,DESKTOP,,0,9,0.0,14.555555555555555,page_device,2026-07-27 13:01:02
7956,2026-07-27,2025-04-03,,https://www.advich.com/smshdccddy/,DESKTOP,,0,38,0.0,42.39473684210526,page_device,2026-07-27 13:01:02
7957,2026-07-27,2025-04-03,,https://www.advich.com/smshdccddy/,MOBILE,,0,9,0.0,60.44444444444444,page_device,2026-07-27 13:01:02
7958,2026-07-27,2025-04-03,,https://www.advich.com/smsjhsp/,DESKTOP,,0,6,0.0,95.66666666666667,page_device,2026-07-27 13:01:02
7959,2026-07-27,2025-04-03,,https://www.advich.com/smsjztrhks/,DESKTOP,,0,11,0.0,20.636363636363637,page_device,2026-07-27 13:01:02
7960,2026-07-27,2025-04-03,,https://www.advich.com/smskczdjjw/,DESKTOP,,0,31,0.0,74.25806451612904,page_device,2026-07-27 13:01:02
7961,2026-07-27,2025-04-03,,https://www.advich.com/smslggtysm/,DESKTOP,,0,16,0.0,9.75,page_device,2026-07-27 13:01:02
7962,2026-07-27,2025-04-03,,https://www.advich.com/smslggtysm/,MOBILE,,0,2,0.0,53.5,page_device,2026-07-27 13:01:02
7963,2026-07-27,2025-04-03,,https://www.advich.com/smsptrhyxn/,DESKTOP,,0,8,0.0,159.375,page_device,2026-07-27 13:01:02
7964,2026-07-27,2025-04-03,,https://www.advich.com/smsptrhyxn/,MOBILE,,0,2,0.0,84.0,page_device,2026-07-27 13:01:02
7965,2026-07-27,2025-04-03,,https://www.advich.com/smsryxlyrt/,DESKTOP,,0,26,0.0,65.1923076923077,page_device,2026-07-27 13:01:02
7966,2026-07-27,2025-04-03,,https://www.advich.com/smsryxlyrt/,MOBILE,,0,17,0.0,63.35294117647059,page_device,2026-07-27 13:01:02
7967,2026-07-27,2025-04-03,,https://www.advich.com/smssjkshgg/,DESKTOP,,0,6,0.0,56.0,page_device,2026-07-27 13:01:02
7968,2026-07-27,2025-04-03,,https://www.advich.com/smsszyxzda/,DESKTOP,,0,6,0.0,61.833333333333336,page_device,2026-07-27 13:01:02
7969,2026-07-27,2025-04-03,,https://www.advich.com/smstsxsjfx/,DESKTOP,,0,11,0.0,107.54545454545455,page_device,2026-07-27 13:01:02
7970,2026-07-27,2025-04-03,,https://www.advich.com/smstsxsjfx/,MOBILE,,0,3,0.0,59.666666666666664,page_device,2026-07-27 13:01:02
7971,2026-07-27,2025-04-03,,https://www.advich.com/smsydyxsyr/,DESKTOP,,0,2,0.0,7.5,page_device,2026-07-27 13:01:02
7972,2026-07-27,2025-04-03,,https://www.advich.com/smszhcbgsh/,DESKTOP,,0,28,0.0,8.535714285714285,page_device,2026-07-27 13:01:02
7973,2026-07-27,2025-04-03,,https://www.advich.com/smszhcbgsh/,MOBILE,,0,12,0.0,13.166666666666666,page_device,2026-07-27 13:01:02
7974,2026-07-27,2025-04-03,,https://www.advich.com/smszhcbgsh/,TABLET,,0,2,0.0,7.5,page_device,2026-07-27 13:01:02
7975,2026-07-27,2025-04-03,,https://www.advich.com/smszlfswsm/,DESKTOP,,0,14,0.0,47.857142857142854,page_device,2026-07-27 13:01:02
7976,2026-07-27,2025-04-03,,https://www.advich.com/smszyxykld/,DESKTOP,,0,19,0.0,60.473684210526315,page_device,2026-07-27 13:01:02
7977,2026-07-27,2025-04-03,,https://www.advich.com/smszyxykld/,MOBILE,,0,9,0.0,39.55555555555556,page_device,2026-07-27 13:01:02
7978,2026-07-27,2025-04-03,,https://www.advich.com/sns-promotion-of-independent-foreign-trade-station/,DESKTOP,,0,1,0.0,99.0,page_device,2026-07-27 13:01:02
7979,2026-07-27,2025-04-03,,https://www.advich.com/social-media-operation-strategy/,DESKTOP,,0,2,0.0,61.0,page_device,2026-07-27 13:01:02
7980,2026-07-27,2025-04-03,,https://www.advich.com/social-media-operation-strategy/,MOBILE,,0,1,0.0,68.0,page_device,2026-07-27 13:01:02
7981,2026-07-27,2025-04-03,,https://www.advich.com/sscygjcggg/,DESKTOP,,0,2,0.0,97.0,page_device,2026-07-27 13:01:02
7982,2026-07-27,2025-04-03,,https://www.advich.com/ssggyggggs/,DESKTOP,,0,9,0.0,51.666666666666664,page_device,2026-07-27 13:01:02
7983,2026-07-27,2025-04-03,,https://www.advich.com/ssggyggggs/,MOBILE,,0,9,0.0,40.888888888888886,page_device,2026-07-27 13:01:02
7984,2026-07-27,2025-04-03,,https://www.advich.com/ssyxryyglj/,DESKTOP,,0,8,0.0,90.625,page_device,2026-07-27 13:01:02
7985,2026-07-27,2025-04-03,,https://www.advich.com/ssyxryyglj/,MOBILE,,0,1,0.0,96.0,page_device,2026-07-27 13:01:02
7986,2026-07-27,2025-04-03,,https://www.advich.com/stand-alone-station-scale-2/,MOBILE,,0,1,0.0,97.0,page_device,2026-07-27 13:01:02
7987,2026-07-27,2025-04-03,,https://www.advich.com/standalone-user/,DESKTOP,,0,1,0.0,54.0,page_device,2026-07-27 13:01:02
7988,2026-07-27,2025-04-03,,https://www.advich.com/stbscqcjst/,DESKTOP,,0,7,0.0,26.142857142857142,page_device,2026-07-27 13:01:02
7989,2026-07-27,2025-04-03,,https://www.advich.com/syfggkdzcx/,DESKTOP,,0,10,0.0,18.0,page_device,2026-07-27 13:01:02
7990,2026-07-27,2025-04-03,,https://www.advich.com/syggtgpysm/,DESKTOP,,0,26,0.0,13.307692307692308,page_device,2026-07-27 13:01:02
7991,2026-07-27,2025-04-03,,https://www.advich.com/syxmsrmznx/,DESKTOP,,0,26,0.0,89.1923076923077,page_device,2026-07-27 13:01:02
7992,2026-07-27,2025-04-03,,https://www.advich.com/syxslrhxyx/,DESKTOP,,0,6,0.0,142.83333333333334,page_device,2026-07-27 13:01:02
7993,2026-07-27,2025-04-03,,https://www.advich.com/szdjzdsjjc/,DESKTOP,,0,6,0.0,139.83333333333334,page_device,2026-07-27 13:01:02
7994,2026-07-27,2025-04-03,,https://www.advich.com/szggdcymzq/,DESKTOP,,0,10,0.0,13.0,page_device,2026-07-27 13:01:02
7995,2026-07-27,2025-04-03,,https://www.advich.com/szyxryprzk/,DESKTOP,,0,1,0.0,6.0,page_device,2026-07-27 13:01:02
7996,2026-07-27,2025-04-03,,https://www.advich.com/tgggggpjrd/,DESKTOP,,0,1,0.0,101.0,page_device,2026-07-27 13:01:02
7997,2026-07-27,2025-04-03,,https://www.advich.com/tgggggxgxd/,DESKTOP,,0,6,0.0,79.33333333333333,page_device,2026-07-27 13:01:02
7998,2026-07-27,2025-04-03,,https://www.advich.com/tggggzdgzj/,DESKTOP,,0,22,0.0,84.54545454545455,page_device,2026-07-27 13:01:02
7999,2026-07-27,2025-04-03,,https://www.advich.com/tgpxndgxzl/,DESKTOP,,0,28,0.0,1.0,page_device,2026-07-27 13:01:02
8000,2026-07-27,2025-04-03,,https://www.advich.com/tgpxndgxzl/,MOBILE,,0,26,0.0,1.0,page_device,2026-07-27 13:01:02
8001,2026-07-27,2025-04-03,,https://www.advich.com/tiktok/,MOBILE,,0,12,0.0,13.75,page_device,2026-07-27 13:01:02
8002,2026-07-27,2025-04-03,,https://www.advich.com/tkscszisgk/,DESKTOP,,0,6,0.0,174.83333333333334,page_device,2026-07-27 13:01:02
8003,2026-07-27,2025-04-03,,https://www.advich.com/trade/,DESKTOP,,0,47,0.0,72.70212765957447,page_device,2026-07-27 13:01:02
8004,2026-07-27,2025-04-03,,https://www.advich.com/trade/3/,DESKTOP,,0,5,0.0,70.8,page_device,2026-07-27 13:01:02
8005,2026-07-27,2025-04-03,,https://www.advich.com/traditional-marketing-model-and-integrated-marketing/,DESKTOP,,0,8,0.0,81.0,page_device,2026-07-27 13:01:02
8006,2026-07-27,2025-04-03,,https://www.advich.com/tsyxylsyxc/,DESKTOP,,0,22,0.0,37.04545454545455,page_device,2026-07-27 13:01:02
8007,2026-07-27,2025-04-03,,https://www.advich.com/twitter-integrated-marketing/,DESKTOP,,0,120,0.0,70.49166666666666,page_device,2026-07-27 13:01:02
8008,2026-07-27,2025-04-03,,https://www.advich.com/twitter-marketing-skills/,DESKTOP,,0,23,0.0,46.08695652173913,page_device,2026-07-27 13:01:02
8009,2026-07-27,2025-04-03,,https://www.advich.com/twitter-marketing-skills/,MOBILE,,0,1,0.0,133.0,page_device,2026-07-27 13:01:02
8010,2026-07-27,2025-04-03,,https://www.advich.com/twitter-marketing-strategy/,DESKTOP,,0,54,0.0,39.629629629629626,page_device,2026-07-27 13:01:02
8011,2026-07-27,2025-04-03,,https://www.advich.com/twitter-marketing-strategy/,MOBILE,,0,1,0.0,109.0,page_device,2026-07-27 13:01:02
8012,2026-07-27,2025-04-03,,https://www.advich.com/twsmtmznds/,DESKTOP,,0,189,0.0,86.80423280423281,page_device,2026-07-27 13:01:02
8013,2026-07-27,2025-04-03,,https://www.advich.com/twsmtmznds/,MOBILE,,0,23,0.0,85.82608695652173,page_device,2026-07-27 13:01:02
8014,2026-07-27,2025-04-03,,https://www.advich.com/ultimate-guide-to-googles-custom-intent-audiences/,DESKTOP,,0,2,0.0,46.0,page_device,2026-07-27 13:01:02
8015,2026-07-27,2025-04-03,,https://www.advich.com/wbggdsgbyb/,DESKTOP,,0,15,0.0,2.0,page_device,2026-07-27 13:01:02
8016,2026-07-27,2025-04-03,,https://www.advich.com/what-are-the-advantages-of-google-seo-and-google-sem-do-you-know/,DESKTOP,,0,6,0.0,92.83333333333333,page_device,2026-07-27 13:01:02
8017,2026-07-27,2025-04-03,,https://www.advich.com/what-are-the-advantages-of-google-seo-and-google-sem-do-you-know/,MOBILE,,0,2,0.0,88.5,page_device,2026-07-27 13:01:02
8018,2026-07-27,2025-04-03,,https://www.advich.com/what-are-the-costs-of-google-bidding-promotion/,DESKTOP,,0,10,0.0,64.7,page_device,2026-07-27 13:01:02
8019,2026-07-27,2025-04-03,,https://www.advich.com/what-are-the-costs-of-google-bidding-promotion/,MOBILE,,0,3,0.0,57.333333333333336,page_device,2026-07-27 13:01:02
8020,2026-07-27,2025-04-03,,https://www.advich.com/what-are-the-costs-of-google-bidding-promotion/,TABLET,,0,1,0.0,62.0,page_device,2026-07-27 13:01:02
8021,2026-07-27,2025-04-03,,https://www.advich.com/what-is-an-independent-station-why-stand-alone/,DESKTOP,,0,1,0.0,56.0,page_device,2026-07-27 13:01:02
8022,2026-07-27,2025-04-03,,https://www.advich.com/what-needs-to-be-done-before-independent-stations-promote-google/,MOBILE,,0,1,0.0,76.0,page_device,2026-07-27 13:01:02
8023,2026-07-27,2025-04-03,,https://www.advich.com/why-do-independent-station-communities/,DESKTOP,,0,14,0.0,76.0,page_device,2026-07-27 13:01:02
8024,2026-07-27,2025-04-03,,https://www.advich.com/why-is-advertising-ineffective/,DESKTOP,,0,1,0.0,95.0,page_device,2026-07-27 13:01:02
8025,2026-07-27,2025-04-03,,https://www.advich.com/wjdgmjkhlw/,DESKTOP,,0,6,0.0,149.66666666666666,page_device,2026-07-27 13:01:02
8026,2026-07-27,2025-04-03,,https://www.advich.com/wordpress-website/,DESKTOP,,0,1,0.0,97.0,page_device,2026-07-27 13:01:02
8027,2026-07-27,2025-04-03,,https://www.advich.com/wrggtgggjh/,MOBILE,,0,1,0.0,66.0,page_device,2026-07-27 13:01:02
8028,2026-07-27,2025-04-03,,https://www.advich.com/wsmgjcyjds/,DESKTOP,,0,1,0.0,17.0,page_device,2026-07-27 13:01:02
8029,2026-07-27,2025-04-03,,https://www.advich.com/wsmkhlslhz/,DESKTOP,,0,25,0.0,85.0,page_device,2026-07-27 13:01:02
8030,2026-07-27,2025-04-03,,https://www.advich.com/wsmkhzsjzd/,DESKTOP,,0,15,0.0,85.86666666666666,page_device,2026-07-27 13:01:02
8031,2026-07-27,2025-04-03,,https://www.advich.com/wsmrjszggt/,DESKTOP,,0,1,0.0,1.0,page_device,2026-07-27 13:01:02
8032,2026-07-27,2025-04-03,,https://www.advich.com/wsmsjqdjch/,DESKTOP,,0,15,0.0,70.8,page_device,2026-07-27 13:01:02
8033,2026-07-27,2025-04-03,,https://www.advich.com/wsmsjqdyxs/,DESKTOP,,0,5,0.0,89.8,page_device,2026-07-27 13:01:02
8034,2026-07-27,2025-04-03,,https://www.advich.com/wsmyggkybt/,DESKTOP,,0,2,0.0,18.5,page_device,2026-07-27 13:01:02
8035,2026-07-27,2025-04-03,,https://www.advich.com/wsmyggkybt/,MOBILE,,0,2,0.0,22.5,page_device,2026-07-27 13:01:02
8036,2026-07-27,2025-04-03,,https://www.advich.com/wsmyjjybty/,DESKTOP,,0,15,0.0,25.133333333333333,page_device,2026-07-27 13:01:02
8037,2026-07-27,2025-04-03,,https://www.advich.com/xnsxpsqhgt/,DESKTOP,,0,19,0.0,25.473684210526315,page_device,2026-07-27 13:01:02
8038,2026-07-27,2025-04-03,,https://www.advich.com/xsssjbhqsd/,DESKTOP,,0,3,0.0,200.0,page_device,2026-07-27 13:01:02
8039,2026-07-27,2025-04-03,,https://www.advich.com/xsxy/,DESKTOP,,0,3,0.0,19.333333333333332,page_device,2026-07-27 13:01:02
8040,2026-07-27,2025-04-03,,https://www.advich.com/xsxy/,MOBILE,,0,1,0.0,10.0,page_device,2026-07-27 13:01:02
8041,2026-07-27,2025-04-03,,https://www.advich.com/xxscstslyc/,DESKTOP,,0,17,0.0,7.294117647058823,page_device,2026-07-27 13:01:02
8042,2026-07-27,2025-04-03,,https://www.advich.com/xxscstslyc/,MOBILE,,0,1,0.0,13.0,page_device,2026-07-27 13:01:02
8043,2026-07-27,2025-04-03,,https://www.advich.com/xycdcdqgll/,DESKTOP,,0,240,0.0,13.629166666666666,page_device,2026-07-27 13:01:02
8044,2026-07-27,2025-04-03,,https://www.advich.com/xycdcdqgll/,MOBILE,,0,40,0.0,6.725,page_device,2026-07-27 13:01:02
8045,2026-07-27,2025-04-03,,https://www.advich.com/xycdcdqgll/,TABLET,,0,2,0.0,6.5,page_device,2026-07-27 13:01:02
8046,2026-07-27,2025-04-03,,https://www.advich.com/xysssggggg/,DESKTOP,,0,6,0.0,122.33333333333333,page_device,2026-07-27 13:01:02
8047,2026-07-27,2025-04-03,,https://www.advich.com/xysssggxzs/,DESKTOP,,0,8,0.0,59.625,page_device,2026-07-27 13:01:02
8048,2026-07-27,2025-04-03,,https://www.advich.com/xysssggydt/,DESKTOP,,0,6,0.0,48.0,page_device,2026-07-27 13:01:02
8049,2026-07-27,2025-04-03,,https://www.advich.com/xysxsggdzy/,DESKTOP,,0,4,0.0,10.25,page_device,2026-07-27 13:01:02
8050,2026-07-27,2025-04-03,,https://www.advich.com/yandex/,DESKTOP,,0,6,0.0,197.83333333333334,page_device,2026-07-27 13:01:02
8051,2026-07-27,2025-04-03,,https://www.advich.com/yandex/,MOBILE,,0,1,0.0,80.0,page_device,2026-07-27 13:01:02
8052,2026-07-27,2025-04-03,,https://www.advich.com/ycjcslzggt/,DESKTOP,,0,14,0.0,10.857142857142858,page_device,2026-07-27 13:01:02
8053,2026-07-27,2025-04-03,,https://www.advich.com/ydhddggggh/,DESKTOP,,0,16,0.0,84.125,page_device,2026-07-27 13:01:02
8054,2026-07-27,2025-04-03,,https://www.advich.com/ykqsyhbhsp/,DESKTOP,,0,6,0.0,25.0,page_device,2026-07-27 13:01:02
8055,2026-07-27,2025-04-03,,https://www.advich.com/youtube-advertising-type/,DESKTOP,,0,25,0.0,79.28,page_device,2026-07-27 13:01:02
8056,2026-07-27,2025-04-03,,https://www.advich.com/yqstslzzyg/,DESKTOP,,0,1,0.0,88.0,page_device,2026-07-27 13:01:02
8057,2026-07-27,2025-04-03,,https://www.advich.com/ytb/,DESKTOP,,0,17,0.0,84.82352941176471,page_device,2026-07-27 13:01:02
8058,2026-07-27,2025-04-03,,https://www.advich.com/yxdsjkshsl/,DESKTOP,,0,6,0.0,26.0,page_device,2026-07-27 13:01:02
8059,2026-07-27,2025-04-03,,https://www.advich.com/yxfxhzsdcj/,DESKTOP,,0,15,0.0,44.86666666666667,page_device,2026-07-27 13:01:02
8060,2026-07-27,2025-04-03,,https://www.advich.com/yxpljyxzhd/,DESKTOP,,0,46,0.0,38.80434782608695,page_device,2026-07-27 13:01:02
8061,2026-07-27,2025-04-03,,https://www.advich.com/yxswmzictm/,MOBILE,,0,2,0.0,93.0,page_device,2026-07-27 13:01:02
8062,2026-07-27,2025-04-03,,https://www.advich.com/yxszhsmssz/,DESKTOP,,0,117,0.0,81.23076923076923,page_device,2026-07-27 13:01:02
8063,2026-07-27,2025-04-03,,https://www.advich.com/yyzxcjsdtd/,DESKTOP,,0,4,0.0,60.75,page_device,2026-07-27 13:01:02
8064,2026-07-27,2025-04-03,,https://www.advich.com/zggszdsggc/,DESKTOP,,0,8,0.0,168.75,page_device,2026-07-27 13:01:02
8065,2026-07-27,2025-04-03,,https://www.advich.com/zhjsrhjndg/,DESKTOP,,0,8,0.0,140.75,page_device,2026-07-27 13:01:02
8066,2026-07-27,2025-04-03,,https://www.advich.com/zhyhdbzssm/,DESKTOP,,0,22,0.0,16.590909090909093,page_device,2026-07-27 13:01:02
8067,2026-07-27,2025-04-03,,https://www.advich.com/zhyxcbdjtl/,DESKTOP,,0,249,0.0,61.88353413654618,page_device,2026-07-27 13:01:02
8068,2026-07-27,2025-04-03,,https://www.advich.com/zjdgggggxk/,DESKTOP,,0,21,0.0,11.714285714285714,page_device,2026-07-27 13:01:02
8069,2026-07-27,2025-04-03,,https://www.advich.com/zjggxsggsl/,DESKTOP,,0,67,0.0,56.43283582089552,page_device,2026-07-27 13:01:02
8070,2026-07-27,2025-04-03,,https://www.advich.com/zjggxsggsl/,MOBILE,,0,33,0.0,32.75757575757576,page_device,2026-07-27 13:01:02
8071,2026-07-27,2025-04-03,,https://www.advich.com/zjsjkshgjn/,DESKTOP,,0,6,0.0,93.66666666666667,page_device,2026-07-27 13:01:02
8072,2026-07-27,2025-04-03,,https://www.advich.com/zlrnyzxdyw/,DESKTOP,,0,6,0.0,185.83333333333334,page_device,2026-07-27 13:01:02
8073,2026-07-27,2025-04-03,,https://www.advich.com/zmggzszspk/,DESKTOP,,0,6,0.0,163.83333333333334,page_device,2026-07-27 13:01:02
8074,2026-07-27,2025-04-03,,https://www.advich.com/zngwhdybzh/,DESKTOP,,0,36,0.0,64.91666666666666,page_device,2026-07-27 13:01:02
8075,2026-07-27,2025-04-03,,https://www.advich.com/zngwhdybzh/,MOBILE,,0,1,0.0,36.0,page_device,2026-07-27 13:01:02
8076,2026-07-27,2025-04-03,,https://www.advich.com/zqhwsyggptjsyqdfyfx/,DESKTOP,,0,116,0.0,50.87068965517241,page_device,2026-07-27 13:01:02
8077,2026-07-27,2025-04-03,,https://www.advich.com/zqhwsyggptjsyqdfyfx/,MOBILE,,0,10,0.0,56.4,page_device,2026-07-27 13:01:02
8078,2026-07-27,2025-04-03,,https://www.advich.com/zwbcxggdwz/,DESKTOP,,0,6,0.0,176.83333333333334,page_device,2026-07-27 13:01:02
8079,2026-07-27,2025-04-03,,https://www.advich.com/zwggggzdtz/,DESKTOP,,0,10,0.0,49.4,page_device,2026-07-27 13:01:02
8080,2026-07-27,2025-04-03,,https://www.advich.com/zwggggzdtz/,MOBILE,,0,2,0.0,62.0,page_device,2026-07-27 13:01:02
8081,2026-07-27,2025-04-03,,https://www.advich.com/zxggdhcssm/,DESKTOP,,0,6,0.0,153.66666666666666,page_device,2026-07-27 13:01:02
8082,2026-07-27,2025-04-03,,https://www.advich.com/zxyxgczdcx/,DESKTOP,,0,6,0.0,133.83333333333334,page_device,2026-07-27 13:01:02
8083,2026-07-27,2025-04-03,,https://www.advich.com/zyxgtbclzj/,DESKTOP,,0,11,0.0,111.0909090909091,page_device,2026-07-27 13:01:02
8084,2026-07-27,2025-04-03,,https://www.advich.com/zyxgtbclzj/,MOBILE,,0,7,0.0,77.42857142857143,page_device,2026-07-27 13:01:02
