id,fetch_date,data_date,query,page,device,country,clicks,impressions,ctr,position,dimension_type,created_at
175802,2026-07-27,2026-06-27,,,,arg,0,1,0.0,3.0,by_country,2026-07-27 13:04:38
175803,2026-07-27,2026-06-27,,,,can,0,3,0.0,44.333333333333336,by_country,2026-07-27 13:04:38
175804,2026-07-27,2026-06-27,,,,chn,0,1,0.0,9.0,by_country,2026-07-27 13:04:38
175805,2026-07-27,2026-06-27,,,,cze,0,1,0.0,5.0,by_country,2026-07-27 13:04:38
175806,2026-07-27,2026-06-27,,,,dza,0,1,0.0,25.0,by_country,2026-07-27 13:04:38
175807,2026-07-27,2026-06-27,,,,esp,0,1,0.0,46.0,by_country,2026-07-27 13:04:38
175808,2026-07-27,2026-06-27,,,,fra,0,1,0.0,5.0,by_country,2026-07-27 13:04:38
175809,2026-07-27,2026-06-27,,,,hkg,0,2,0.0,37.0,by_country,2026-07-27 13:04:38
175810,2026-07-27,2026-06-27,,,,idn,0,2,0.0,41.5,by_country,2026-07-27 13:04:38
175811,2026-07-27,2026-06-27,,,,ind,0,7,0.0,1.7142857142857144,by_country,2026-07-27 13:04:38
175812,2026-07-27,2026-06-27,,,,jpn,0,1,0.0,6.0,by_country,2026-07-27 13:04:38
175813,2026-07-27,2026-06-27,,,,kaz,0,1,0.0,1.0,by_country,2026-07-27 13:04:38
175814,2026-07-27,2026-06-27,,,,sgp,0,8,0.0,2.0,by_country,2026-07-27 13:04:38
175815,2026-07-27,2026-06-27,,,,usa,0,22,0.0,21.90909090909091,by_country,2026-07-27 13:04:38
175816,2026-07-27,2026-06-27,,,,vnm,0,9,0.0,1.0,by_country,2026-07-27 13:04:38
174448,2026-07-27,2026-05-28,,,,hkg,4,105,0.0380952380952381,52.72380952380952,by_country,2026-07-27 13:04:26
174449,2026-07-27,2026-05-28,,,,ind,1,4,0.25,17.0,by_country,2026-07-27 13:04:26
174450,2026-07-27,2026-05-28,,,,vnm,1,19,0.05263157894736842,15.789473684210526,by_country,2026-07-27 13:04:26
174451,2026-07-27,2026-05-28,,,,are,0,1,0.0,13.0,by_country,2026-07-27 13:04:26
174452,2026-07-27,2026-05-28,,,,arg,0,4,0.0,61.75,by_country,2026-07-27 13:04:26
174453,2026-07-27,2026-05-28,,,,aus,0,9,0.0,67.88888888888889,by_country,2026-07-27 13:04:26
174454,2026-07-27,2026-05-28,,,,aze,0,1,0.0,81.0,by_country,2026-07-27 13:04:26
174455,2026-07-27,2026-05-28,,,,bgd,0,3,0.0,57.333333333333336,by_country,2026-07-27 13:04:26
174456,2026-07-27,2026-05-28,,,,bra,0,10,0.0,53.7,by_country,2026-07-27 13:04:26
174457,2026-07-27,2026-05-28,,,,can,0,17,0.0,64.29411764705883,by_country,2026-07-27 13:04:26
174458,2026-07-27,2026-05-28,,,,chn,0,34,0.0,13.882352941176471,by_country,2026-07-27 13:04:26
174459,2026-07-27,2026-05-28,,,,col,0,3,0.0,42.0,by_country,2026-07-27 13:04:26
174460,2026-07-27,2026-05-28,,,,deu,0,1,0.0,85.0,by_country,2026-07-27 13:04:26
174461,2026-07-27,2026-05-28,,,,dom,0,1,0.0,72.0,by_country,2026-07-27 13:04:26
174462,2026-07-27,2026-05-28,,,,dza,0,1,0.0,2.0,by_country,2026-07-27 13:04:26
174463,2026-07-27,2026-05-28,,,,ecu,0,2,0.0,25.0,by_country,2026-07-27 13:04:26
174464,2026-07-27,2026-05-28,,,,eth,0,2,0.0,45.5,by_country,2026-07-27 13:04:26
174465,2026-07-27,2026-05-28,,,,fra,0,1,0.0,28.0,by_country,2026-07-27 13:04:26
174466,2026-07-27,2026-05-28,,,,gbr,0,1,0.0,78.0,by_country,2026-07-27 13:04:26
174467,2026-07-27,2026-05-28,,,,gnb,0,1,0.0,15.0,by_country,2026-07-27 13:04:26
174468,2026-07-27,2026-05-28,,,,idn,0,1,0.0,9.0,by_country,2026-07-27 13:04:26
174469,2026-07-27,2026-05-28,,,,irq,0,1,0.0,40.0,by_country,2026-07-27 13:04:26
174470,2026-07-27,2026-05-28,,,,isr,0,4,0.0,42.5,by_country,2026-07-27 13:04:26
174471,2026-07-27,2026-05-28,,,,ita,0,2,0.0,10.0,by_country,2026-07-27 13:04:26
174472,2026-07-27,2026-05-28,,,,jpn,0,21,0.0,62.285714285714285,by_country,2026-07-27 13:04:26
174473,2026-07-27,2026-05-28,,,,kaz,0,3,0.0,69.33333333333333,by_country,2026-07-27 13:04:26
174474,2026-07-27,2026-05-28,,,,khm,0,2,0.0,6.0,by_country,2026-07-27 13:04:26
174475,2026-07-27,2026-05-28,,,,kor,0,3,0.0,7.333333333333333,by_country,2026-07-27 13:04:26
174476,2026-07-27,2026-05-28,,,,kwt,0,3,0.0,71.33333333333333,by_country,2026-07-27 13:04:26
174477,2026-07-27,2026-05-28,,,,lso,0,1,0.0,84.0,by_country,2026-07-27 13:04:26
174478,2026-07-27,2026-05-28,,,,mar,0,5,0.0,64.6,by_country,2026-07-27 13:04:26
174479,2026-07-27,2026-05-28,,,,mex,0,6,0.0,77.33333333333333,by_country,2026-07-27 13:04:26
174480,2026-07-27,2026-05-28,,,,mys,0,3,0.0,20.333333333333332,by_country,2026-07-27 13:04:26
174481,2026-07-27,2026-05-28,,,,nld,0,1,0.0,8.0,by_country,2026-07-27 13:04:26
174482,2026-07-27,2026-05-28,,,,omn,0,1,0.0,73.0,by_country,2026-07-27 13:04:26
174483,2026-07-27,2026-05-28,,,,pak,0,1,0.0,1.0,by_country,2026-07-27 13:04:26
174484,2026-07-27,2026-05-28,,,,pan,0,1,0.0,44.0,by_country,2026-07-27 13:04:26
174485,2026-07-27,2026-05-28,,,,per,0,1,0.0,66.0,by_country,2026-07-27 13:04:26
174486,2026-07-27,2026-05-28,,,,phl,0,3,0.0,12.666666666666666,by_country,2026-07-27 13:04:26
174487,2026-07-27,2026-05-28,,,,prt,0,1,0.0,9.0,by_country,2026-07-27 13:04:26
174488,2026-07-27,2026-05-28,,,,pry,0,1,0.0,69.0,by_country,2026-07-27 13:04:26
174489,2026-07-27,2026-05-28,,,,rus,0,4,0.0,38.0,by_country,2026-07-27 13:04:26
174490,2026-07-27,2026-05-28,,,,sau,0,3,0.0,47.333333333333336,by_country,2026-07-27 13:04:26
174491,2026-07-27,2026-05-28,,,,sen,0,1,0.0,67.0,by_country,2026-07-27 13:04:26
174492,2026-07-27,2026-05-28,,,,sgp,0,14,0.0,7.428571428571429,by_country,2026-07-27 13:04:26
174493,2026-07-27,2026-05-28,,,,tha,0,3,0.0,73.33333333333333,by_country,2026-07-27 13:04:26
174494,2026-07-27,2026-05-28,,,,tur,0,1,0.0,11.0,by_country,2026-07-27 13:04:26
174495,2026-07-27,2026-05-28,,,,twn,0,21,0.0,47.904761904761905,by_country,2026-07-27 13:04:26
174496,2026-07-27,2026-05-28,,,,ukr,0,1,0.0,8.0,by_country,2026-07-27 13:04:26
174497,2026-07-27,2026-05-28,,,,usa,0,203,0.0,50.65024630541872,by_country,2026-07-27 13:04:26
174498,2026-07-27,2026-05-28,,,,uzb,0,4,0.0,30.5,by_country,2026-07-27 13:04:26
174499,2026-07-27,2026-05-28,,,,ven,0,1,0.0,49.0,by_country,2026-07-27 13:04:26
171457,2026-07-27,2026-04-28,,,,chn,8,159,0.050314465408805034,15.50314465408805,by_country,2026-07-27 13:04:14
171458,2026-07-27,2026-04-28,,,,hkg,3,170,0.01764705882352941,45.38823529411765,by_country,2026-07-27 13:04:14
171459,2026-07-27,2026-04-28,,,,twn,3,111,0.02702702702702703,30.37837837837838,by_country,2026-07-27 13:04:14
171460,2026-07-27,2026-04-28,,,,usa,2,597,0.0033500837520938024,28.54103852596315,by_country,2026-07-27 13:04:14
171461,2026-07-27,2026-04-28,,,,ind,1,43,0.023255813953488372,11.325581395348838,by_country,2026-07-27 13:04:14
171462,2026-07-27,2026-04-28,,,,jpn,1,45,0.022222222222222223,24.177777777777777,by_country,2026-07-27 13:04:14
171463,2026-07-27,2026-04-28,,,,kor,1,8,0.125,23.75,by_country,2026-07-27 13:04:14
171464,2026-07-27,2026-04-28,,,,pak,1,24,0.041666666666666664,12.208333333333334,by_country,2026-07-27 13:04:14
171465,2026-07-27,2026-04-28,,,,alb,0,2,0.0,25.0,by_country,2026-07-27 13:04:14
171466,2026-07-27,2026-04-28,,,,are,0,6,0.0,17.666666666666668,by_country,2026-07-27 13:04:14
171467,2026-07-27,2026-04-28,,,,arg,0,28,0.0,16.607142857142858,by_country,2026-07-27 13:04:14
171468,2026-07-27,2026-04-28,,,,arm,0,2,0.0,11.5,by_country,2026-07-27 13:04:14
171469,2026-07-27,2026-04-28,,,,aus,0,36,0.0,59.02777777777778,by_country,2026-07-27 13:04:14
171470,2026-07-27,2026-04-28,,,,aze,0,5,0.0,24.6,by_country,2026-07-27 13:04:14
171471,2026-07-27,2026-04-28,,,,bgd,0,18,0.0,15.666666666666666,by_country,2026-07-27 13:04:14
171472,2026-07-27,2026-04-28,,,,bgr,0,1,0.0,8.0,by_country,2026-07-27 13:04:14
171473,2026-07-27,2026-04-28,,,,blr,0,1,0.0,23.0,by_country,2026-07-27 13:04:14
171474,2026-07-27,2026-04-28,,,,bra,0,28,0.0,19.964285714285715,by_country,2026-07-27 13:04:14
171475,2026-07-27,2026-04-28,,,,can,0,30,0.0,34.53333333333333,by_country,2026-07-27 13:04:14
171476,2026-07-27,2026-04-28,,,,che,0,1,0.0,20.0,by_country,2026-07-27 13:04:14
171477,2026-07-27,2026-04-28,,,,chl,0,8,0.0,17.0,by_country,2026-07-27 13:04:14
171478,2026-07-27,2026-04-28,,,,cog,0,1,0.0,18.0,by_country,2026-07-27 13:04:14
171479,2026-07-27,2026-04-28,,,,col,0,7,0.0,15.714285714285714,by_country,2026-07-27 13:04:14
171480,2026-07-27,2026-04-28,,,,cri,0,4,0.0,18.5,by_country,2026-07-27 13:04:14
171481,2026-07-27,2026-04-28,,,,cub,0,1,0.0,9.0,by_country,2026-07-27 13:04:14
171482,2026-07-27,2026-04-28,,,,cze,0,1,0.0,3.0,by_country,2026-07-27 13:04:14
171483,2026-07-27,2026-04-28,,,,deu,0,1,0.0,92.0,by_country,2026-07-27 13:04:14
171484,2026-07-27,2026-04-28,,,,dnk,0,2,0.0,10.0,by_country,2026-07-27 13:04:14
171485,2026-07-27,2026-04-28,,,,dom,0,2,0.0,17.0,by_country,2026-07-27 13:04:14
171486,2026-07-27,2026-04-28,,,,dza,0,1,0.0,19.0,by_country,2026-07-27 13:04:14
171487,2026-07-27,2026-04-28,,,,ecu,0,4,0.0,19.75,by_country,2026-07-27 13:04:14
171488,2026-07-27,2026-04-28,,,,egy,0,4,0.0,14.75,by_country,2026-07-27 13:04:14
171489,2026-07-27,2026-04-28,,,,esh,0,1,0.0,20.0,by_country,2026-07-27 13:04:14
171490,2026-07-27,2026-04-28,,,,esp,0,5,0.0,26.6,by_country,2026-07-27 13:04:14
171491,2026-07-27,2026-04-28,,,,eth,0,1,0.0,24.0,by_country,2026-07-27 13:04:14
171492,2026-07-27,2026-04-28,,,,fra,0,8,0.0,8.125,by_country,2026-07-27 13:04:14
171493,2026-07-27,2026-04-28,,,,gab,0,2,0.0,24.0,by_country,2026-07-27 13:04:14
171494,2026-07-27,2026-04-28,,,,gbr,0,15,0.0,15.4,by_country,2026-07-27 13:04:14
171495,2026-07-27,2026-04-28,,,,geo,0,3,0.0,16.0,by_country,2026-07-27 13:04:14
171496,2026-07-27,2026-04-28,,,,gnb,0,4,0.0,15.5,by_country,2026-07-27 13:04:14
171497,2026-07-27,2026-04-28,,,,hnd,0,5,0.0,21.8,by_country,2026-07-27 13:04:14
171498,2026-07-27,2026-04-28,,,,idn,0,19,0.0,12.157894736842104,by_country,2026-07-27 13:04:14
171499,2026-07-27,2026-04-28,,,,irl,0,1,0.0,6.0,by_country,2026-07-27 13:04:14
171500,2026-07-27,2026-04-28,,,,irn,0,1,0.0,19.0,by_country,2026-07-27 13:04:14
171501,2026-07-27,2026-04-28,,,,irq,0,16,0.0,16.6875,by_country,2026-07-27 13:04:14
171502,2026-07-27,2026-04-28,,,,isr,0,4,0.0,24.0,by_country,2026-07-27 13:04:14
171503,2026-07-27,2026-04-28,,,,ita,0,4,0.0,4.75,by_country,2026-07-27 13:04:14
171504,2026-07-27,2026-04-28,,,,jam,0,2,0.0,19.0,by_country,2026-07-27 13:04:14
171505,2026-07-27,2026-04-28,,,,jor,0,2,0.0,16.5,by_country,2026-07-27 13:04:14
171506,2026-07-27,2026-04-28,,,,kaz,0,2,0.0,12.0,by_country,2026-07-27 13:04:14
171507,2026-07-27,2026-04-28,,,,ken,0,2,0.0,22.0,by_country,2026-07-27 13:04:14
171508,2026-07-27,2026-04-28,,,,kgz,0,2,0.0,21.0,by_country,2026-07-27 13:04:14
171509,2026-07-27,2026-04-28,,,,khm,0,2,0.0,13.0,by_country,2026-07-27 13:04:14
171510,2026-07-27,2026-04-28,,,,kwt,0,3,0.0,24.333333333333332,by_country,2026-07-27 13:04:14
171511,2026-07-27,2026-04-28,,,,lbn,0,2,0.0,24.0,by_country,2026-07-27 13:04:14
171512,2026-07-27,2026-04-28,,,,lby,0,2,0.0,16.0,by_country,2026-07-27 13:04:14
171513,2026-07-27,2026-04-28,,,,lka,0,2,0.0,6.5,by_country,2026-07-27 13:04:14
171514,2026-07-27,2026-04-28,,,,mac,0,2,0.0,21.0,by_country,2026-07-27 13:04:14
171515,2026-07-27,2026-04-28,,,,mar,0,14,0.0,12.142857142857142,by_country,2026-07-27 13:04:14
171516,2026-07-27,2026-04-28,,,,mda,0,2,0.0,21.5,by_country,2026-07-27 13:04:14
171517,2026-07-27,2026-04-28,,,,mex,0,42,0.0,16.714285714285715,by_country,2026-07-27 13:04:14
171518,2026-07-27,2026-04-28,,,,mmr,0,2,0.0,9.5,by_country,2026-07-27 13:04:14
171519,2026-07-27,2026-04-28,,,,mng,0,2,0.0,11.5,by_country,2026-07-27 13:04:14
171520,2026-07-27,2026-04-28,,,,mys,0,18,0.0,14.055555555555555,by_country,2026-07-27 13:04:14
171521,2026-07-27,2026-04-28,,,,nga,0,4,0.0,20.25,by_country,2026-07-27 13:04:14
171522,2026-07-27,2026-04-28,,,,nic,0,1,0.0,5.0,by_country,2026-07-27 13:04:14
171523,2026-07-27,2026-04-28,,,,nld,0,3,0.0,10.333333333333334,by_country,2026-07-27 13:04:14
171524,2026-07-27,2026-04-28,,,,npl,0,1,0.0,23.0,by_country,2026-07-27 13:04:14
171525,2026-07-27,2026-04-28,,,,nzl,0,3,0.0,9.333333333333334,by_country,2026-07-27 13:04:14
171526,2026-07-27,2026-04-28,,,,omn,0,1,0.0,13.0,by_country,2026-07-27 13:04:14
171527,2026-07-27,2026-04-28,,,,pan,0,4,0.0,13.75,by_country,2026-07-27 13:04:14
171528,2026-07-27,2026-04-28,,,,per,0,5,0.0,14.8,by_country,2026-07-27 13:04:14
171529,2026-07-27,2026-04-28,,,,phl,0,14,0.0,11.357142857142858,by_country,2026-07-27 13:04:14
171530,2026-07-27,2026-04-28,,,,pol,0,1,0.0,4.0,by_country,2026-07-27 13:04:14
171531,2026-07-27,2026-04-28,,,,pri,0,1,0.0,9.0,by_country,2026-07-27 13:04:14
171532,2026-07-27,2026-04-28,,,,prt,0,1,0.0,12.0,by_country,2026-07-27 13:04:14
171533,2026-07-27,2026-04-28,,,,pry,0,3,0.0,16.666666666666664,by_country,2026-07-27 13:04:14
171534,2026-07-27,2026-04-28,,,,pse,0,1,0.0,9.0,by_country,2026-07-27 13:04:14
171535,2026-07-27,2026-04-28,,,,rou,0,2,0.0,8.5,by_country,2026-07-27 13:04:14
171536,2026-07-27,2026-04-28,,,,rus,0,18,0.0,27.555555555555557,by_country,2026-07-27 13:04:14
171537,2026-07-27,2026-04-28,,,,sau,0,6,0.0,9.166666666666666,by_country,2026-07-27 13:04:14
171538,2026-07-27,2026-04-28,,,,sgp,0,96,0.0,9.958333333333334,by_country,2026-07-27 13:04:14
171539,2026-07-27,2026-04-28,,,,sle,0,1,0.0,25.0,by_country,2026-07-27 13:04:14
171540,2026-07-27,2026-04-28,,,,srb,0,1,0.0,22.0,by_country,2026-07-27 13:04:14
171541,2026-07-27,2026-04-28,,,,swe,0,1,0.0,7.0,by_country,2026-07-27 13:04:14
171542,2026-07-27,2026-04-28,,,,tgo,0,2,0.0,12.0,by_country,2026-07-27 13:04:14
171543,2026-07-27,2026-04-28,,,,tha,0,10,0.0,10.6,by_country,2026-07-27 13:04:14
171544,2026-07-27,2026-04-28,,,,tto,0,1,0.0,4.0,by_country,2026-07-27 13:04:14
171545,2026-07-27,2026-04-28,,,,tun,0,3,0.0,23.333333333333332,by_country,2026-07-27 13:04:14
171546,2026-07-27,2026-04-28,,,,tur,0,3,0.0,12.333333333333334,by_country,2026-07-27 13:04:14
171547,2026-07-27,2026-04-28,,,,ukr,0,5,0.0,13.6,by_country,2026-07-27 13:04:14
171548,2026-07-27,2026-04-28,,,,ury,0,4,0.0,13.25,by_country,2026-07-27 13:04:14
171549,2026-07-27,2026-04-28,,,,uzb,0,5,0.0,16.8,by_country,2026-07-27 13:04:14
171550,2026-07-27,2026-04-28,,,,ven,0,11,0.0,16.272727272727273,by_country,2026-07-27 13:04:14
171551,2026-07-27,2026-04-28,,,,vnm,0,126,0.0,16.1031746031746,by_country,2026-07-27 13:04:14
171552,2026-07-27,2026-04-28,,,,zaf,0,4,0.0,22.25,by_country,2026-07-27 13:04:14
168786,2026-07-27,2026-03-29,,,,hkg,8,166,0.04819277108433735,26.704819277108435,by_country,2026-07-27 13:04:00
168787,2026-07-27,2026-03-29,,,,chn,5,301,0.016611295681063124,9.950166112956811,by_country,2026-07-27 13:04:00
168788,2026-07-27,2026-03-29,,,,sgp,5,135,0.037037037037037035,9.318518518518518,by_country,2026-07-27 13:04:00
168789,2026-07-27,2026-03-29,,,,usa,3,671,0.004470938897168405,20.524590163934427,by_country,2026-07-27 13:04:00
168790,2026-07-27,2026-03-29,,,,idn,1,27,0.037037037037037035,9.592592592592593,by_country,2026-07-27 13:04:00
168791,2026-07-27,2026-03-29,,,,ind,1,26,0.038461538461538464,6.961538461538462,by_country,2026-07-27 13:04:00
168792,2026-07-27,2026-03-29,,,,jpn,1,46,0.021739130434782608,13.847826086956522,by_country,2026-07-27 13:04:00
168793,2026-07-27,2026-03-29,,,,kor,1,17,0.058823529411764705,5.529411764705882,by_country,2026-07-27 13:04:00
168794,2026-07-27,2026-03-29,,,,ago,0,1,0.0,10.0,by_country,2026-07-27 13:04:00
168795,2026-07-27,2026-03-29,,,,alb,0,3,0.0,27.0,by_country,2026-07-27 13:04:00
168796,2026-07-27,2026-03-29,,,,are,0,3,0.0,10.333333333333334,by_country,2026-07-27 13:04:00
168797,2026-07-27,2026-03-29,,,,arg,0,3,0.0,8.666666666666668,by_country,2026-07-27 13:04:00
168798,2026-07-27,2026-03-29,,,,aus,0,31,0.0,56.16129032258065,by_country,2026-07-27 13:04:00
168799,2026-07-27,2026-03-29,,,,aut,0,2,0.0,8.5,by_country,2026-07-27 13:04:00
168800,2026-07-27,2026-03-29,,,,aze,0,1,0.0,3.0,by_country,2026-07-27 13:04:00
168801,2026-07-27,2026-03-29,,,,bgd,0,10,0.0,16.9,by_country,2026-07-27 13:04:00
168802,2026-07-27,2026-03-29,,,,bgr,0,1,0.0,1.0,by_country,2026-07-27 13:04:00
168803,2026-07-27,2026-03-29,,,,blr,0,2,0.0,8.0,by_country,2026-07-27 13:04:00
168804,2026-07-27,2026-03-29,,,,blz,0,2,0.0,38.0,by_country,2026-07-27 13:04:00
168805,2026-07-27,2026-03-29,,,,bol,0,1,0.0,10.0,by_country,2026-07-27 13:04:00
168806,2026-07-27,2026-03-29,,,,bra,0,23,0.0,11.434782608695652,by_country,2026-07-27 13:04:00
168807,2026-07-27,2026-03-29,,,,can,0,29,0.0,15.89655172413793,by_country,2026-07-27 13:04:00
168808,2026-07-27,2026-03-29,,,,che,0,5,0.0,28.0,by_country,2026-07-27 13:04:00
168809,2026-07-27,2026-03-29,,,,chl,0,2,0.0,25.0,by_country,2026-07-27 13:04:00
168810,2026-07-27,2026-03-29,,,,cog,0,3,0.0,17.333333333333332,by_country,2026-07-27 13:04:00
168811,2026-07-27,2026-03-29,,,,col,0,8,0.0,15.625,by_country,2026-07-27 13:04:00
168812,2026-07-27,2026-03-29,,,,deu,0,8,0.0,16.75,by_country,2026-07-27 13:04:00
168813,2026-07-27,2026-03-29,,,,dza,0,3,0.0,20.333333333333332,by_country,2026-07-27 13:04:00
168814,2026-07-27,2026-03-29,,,,ecu,0,4,0.0,12.25,by_country,2026-07-27 13:04:00
168815,2026-07-27,2026-03-29,,,,egy,0,4,0.0,11.5,by_country,2026-07-27 13:04:00
168816,2026-07-27,2026-03-29,,,,esp,0,11,0.0,7.454545454545454,by_country,2026-07-27 13:04:00
168817,2026-07-27,2026-03-29,,,,est,0,1,0.0,4.0,by_country,2026-07-27 13:04:00
168818,2026-07-27,2026-03-29,,,,eth,0,1,0.0,9.0,by_country,2026-07-27 13:04:00
168819,2026-07-27,2026-03-29,,,,fra,0,9,0.0,8.88888888888889,by_country,2026-07-27 13:04:00
168820,2026-07-27,2026-03-29,,,,gbr,0,10,0.0,15.3,by_country,2026-07-27 13:04:00
168821,2026-07-27,2026-03-29,,,,geo,0,1,0.0,8.0,by_country,2026-07-27 13:04:00
168822,2026-07-27,2026-03-29,,,,grc,0,3,0.0,13.333333333333334,by_country,2026-07-27 13:04:00
168823,2026-07-27,2026-03-29,,,,gtm,0,1,0.0,16.0,by_country,2026-07-27 13:04:00
168824,2026-07-27,2026-03-29,,,,hnd,0,1,0.0,6.0,by_country,2026-07-27 13:04:00
168825,2026-07-27,2026-03-29,,,,hrv,0,2,0.0,5.5,by_country,2026-07-27 13:04:00
168826,2026-07-27,2026-03-29,,,,irn,0,4,0.0,7.75,by_country,2026-07-27 13:04:00
168827,2026-07-27,2026-03-29,,,,irq,0,7,0.0,10.428571428571429,by_country,2026-07-27 13:04:00
168828,2026-07-27,2026-03-29,,,,isl,0,1,0.0,8.0,by_country,2026-07-27 13:04:00
168829,2026-07-27,2026-03-29,,,,isr,0,1,0.0,19.0,by_country,2026-07-27 13:04:00
168830,2026-07-27,2026-03-29,,,,ita,0,10,0.0,10.4,by_country,2026-07-27 13:04:00
168831,2026-07-27,2026-03-29,,,,jam,0,1,0.0,3.0,by_country,2026-07-27 13:04:00
168832,2026-07-27,2026-03-29,,,,jor,0,3,0.0,9.666666666666666,by_country,2026-07-27 13:04:00
168833,2026-07-27,2026-03-29,,,,kaz,0,1,0.0,11.0,by_country,2026-07-27 13:04:00
168834,2026-07-27,2026-03-29,,,,kgz,0,2,0.0,26.5,by_country,2026-07-27 13:04:00
168835,2026-07-27,2026-03-29,,,,khm,0,2,0.0,8.5,by_country,2026-07-27 13:04:00
168836,2026-07-27,2026-03-29,,,,kwt,0,1,0.0,9.0,by_country,2026-07-27 13:04:00
168837,2026-07-27,2026-03-29,,,,lao,0,2,0.0,7.0,by_country,2026-07-27 13:04:00
168838,2026-07-27,2026-03-29,,,,lbn,0,2,0.0,11.0,by_country,2026-07-27 13:04:00
168839,2026-07-27,2026-03-29,,,,mac,0,2,0.0,12.0,by_country,2026-07-27 13:04:00
168840,2026-07-27,2026-03-29,,,,mex,0,11,0.0,11.181818181818182,by_country,2026-07-27 13:04:00
168841,2026-07-27,2026-03-29,,,,mwi,0,1,0.0,6.0,by_country,2026-07-27 13:04:00
168842,2026-07-27,2026-03-29,,,,mys,0,28,0.0,9.714285714285714,by_country,2026-07-27 13:04:00
168843,2026-07-27,2026-03-29,,,,nam,0,1,0.0,5.0,by_country,2026-07-27 13:04:00
168844,2026-07-27,2026-03-29,,,,nga,0,1,0.0,3.0,by_country,2026-07-27 13:04:00
168845,2026-07-27,2026-03-29,,,,nic,0,1,0.0,4.0,by_country,2026-07-27 13:04:00
168846,2026-07-27,2026-03-29,,,,nld,0,5,0.0,8.6,by_country,2026-07-27 13:04:00
168847,2026-07-27,2026-03-29,,,,npl,0,1,0.0,10.0,by_country,2026-07-27 13:04:00
168848,2026-07-27,2026-03-29,,,,nzl,0,1,0.0,7.0,by_country,2026-07-27 13:04:00
168849,2026-07-27,2026-03-29,,,,omn,0,1,0.0,5.0,by_country,2026-07-27 13:04:00
168850,2026-07-27,2026-03-29,,,,pak,0,7,0.0,12.142857142857142,by_country,2026-07-27 13:04:00
168851,2026-07-27,2026-03-29,,,,per,0,2,0.0,12.0,by_country,2026-07-27 13:04:00
168852,2026-07-27,2026-03-29,,,,phl,0,12,0.0,5.333333333333333,by_country,2026-07-27 13:04:00
168853,2026-07-27,2026-03-29,,,,pol,0,5,0.0,10.4,by_country,2026-07-27 13:04:00
168854,2026-07-27,2026-03-29,,,,pri,0,3,0.0,10.666666666666666,by_country,2026-07-27 13:04:00
168855,2026-07-27,2026-03-29,,,,prt,0,2,0.0,19.0,by_country,2026-07-27 13:04:00
168856,2026-07-27,2026-03-29,,,,pry,0,1,0.0,6.0,by_country,2026-07-27 13:04:00
168857,2026-07-27,2026-03-29,,,,pse,0,1,0.0,11.0,by_country,2026-07-27 13:04:00
168858,2026-07-27,2026-03-29,,,,rou,0,3,0.0,6.333333333333333,by_country,2026-07-27 13:04:00
168859,2026-07-27,2026-03-29,,,,rus,0,22,0.0,8.40909090909091,by_country,2026-07-27 13:04:00
168860,2026-07-27,2026-03-29,,,,sau,0,5,0.0,16.6,by_country,2026-07-27 13:04:00
168861,2026-07-27,2026-03-29,,,,sen,0,1,0.0,12.0,by_country,2026-07-27 13:04:00
168862,2026-07-27,2026-03-29,,,,slv,0,1,0.0,11.0,by_country,2026-07-27 13:04:00
168863,2026-07-27,2026-03-29,,,,swe,0,2,0.0,11.0,by_country,2026-07-27 13:04:00
168864,2026-07-27,2026-03-29,,,,tha,0,15,0.0,3.8666666666666667,by_country,2026-07-27 13:04:00
168865,2026-07-27,2026-03-29,,,,tun,0,1,0.0,16.0,by_country,2026-07-27 13:04:00
168866,2026-07-27,2026-03-29,,,,tur,0,5,0.0,5.4,by_country,2026-07-27 13:04:00
168867,2026-07-27,2026-03-29,,,,twn,0,89,0.0,14.47191011235955,by_country,2026-07-27 13:04:00
168868,2026-07-27,2026-03-29,,,,ukr,0,5,0.0,5.2,by_country,2026-07-27 13:04:00
168869,2026-07-27,2026-03-29,,,,uzb,0,2,0.0,9.0,by_country,2026-07-27 13:04:00
168870,2026-07-27,2026-03-29,,,,ven,0,1,0.0,8.0,by_country,2026-07-27 13:04:00
168871,2026-07-27,2026-03-29,,,,vnm,0,38,0.0,7.605263157894737,by_country,2026-07-27 13:04:00
168872,2026-07-27,2026-03-29,,,,zaf,0,2,0.0,12.5,by_country,2026-07-27 13:04:00
164017,2026-07-27,2026-02-27,,,,hkg,10,508,0.01968503937007874,45.669291338582674,by_country,2026-07-27 13:03:45
164018,2026-07-27,2026-02-27,,,,chn,9,1056,0.008522727272727272,8.214962121212121,by_country,2026-07-27 13:03:45
164019,2026-07-27,2026-02-27,,,,usa,6,2299,0.0026098303610265334,14.068290561113528,by_country,2026-07-27 13:03:45
164020,2026-07-27,2026-02-27,,,,ind,3,115,0.02608695652173913,6.930434782608696,by_country,2026-07-27 13:03:45
164021,2026-07-27,2026-02-27,,,,twn,3,212,0.014150943396226415,33.113207547169814,by_country,2026-07-27 13:03:45
164022,2026-07-27,2026-02-27,,,,jpn,2,91,0.02197802197802198,14.967032967032967,by_country,2026-07-27 13:03:45
164023,2026-07-27,2026-02-27,,,,sgp,2,153,0.013071895424836602,9.42483660130719,by_country,2026-07-27 13:03:45
164024,2026-07-27,2026-02-27,,,,vnm,2,47,0.0425531914893617,7.829787234042553,by_country,2026-07-27 13:03:45
164025,2026-07-27,2026-02-27,,,,gbr,1,37,0.02702702702702703,9.864864864864865,by_country,2026-07-27 13:03:45
164026,2026-07-27,2026-02-27,,,,kor,1,30,0.03333333333333333,8.066666666666666,by_country,2026-07-27 13:03:45
164027,2026-07-27,2026-02-27,,,,nld,1,11,0.09090909090909091,14.545454545454545,by_country,2026-07-27 13:03:45
164028,2026-07-27,2026-02-27,,,,afg,0,1,0.0,10.0,by_country,2026-07-27 13:03:45
164029,2026-07-27,2026-02-27,,,,alb,0,1,0.0,6.0,by_country,2026-07-27 13:03:45
164030,2026-07-27,2026-02-27,,,,are,0,7,0.0,5.571428571428571,by_country,2026-07-27 13:03:45
164031,2026-07-27,2026-02-27,,,,arg,0,13,0.0,11.923076923076923,by_country,2026-07-27 13:03:45
164032,2026-07-27,2026-02-27,,,,arm,0,1,0.0,9.0,by_country,2026-07-27 13:03:45
164033,2026-07-27,2026-02-27,,,,aus,0,132,0.0,62.46969696969697,by_country,2026-07-27 13:03:45
164034,2026-07-27,2026-02-27,,,,aut,0,3,0.0,6.666666666666667,by_country,2026-07-27 13:03:45
164035,2026-07-27,2026-02-27,,,,bel,0,7,0.0,10.428571428571429,by_country,2026-07-27 13:03:45
164036,2026-07-27,2026-02-27,,,,bgd,0,6,0.0,6.833333333333333,by_country,2026-07-27 13:03:45
164037,2026-07-27,2026-02-27,,,,bgr,0,2,0.0,14.5,by_country,2026-07-27 13:03:45
164038,2026-07-27,2026-02-27,,,,bhs,0,1,0.0,7.0,by_country,2026-07-27 13:03:45
164039,2026-07-27,2026-02-27,,,,blr,0,10,0.0,6.5,by_country,2026-07-27 13:03:45
164040,2026-07-27,2026-02-27,,,,bol,0,1,0.0,9.0,by_country,2026-07-27 13:03:45
164041,2026-07-27,2026-02-27,,,,bra,0,48,0.0,10.9375,by_country,2026-07-27 13:03:45
164042,2026-07-27,2026-02-27,,,,brb,0,1,0.0,4.0,by_country,2026-07-27 13:03:45
164043,2026-07-27,2026-02-27,,,,btn,0,1,0.0,14.0,by_country,2026-07-27 13:03:45
164044,2026-07-27,2026-02-27,,,,can,0,45,0.0,9.177777777777777,by_country,2026-07-27 13:03:45
164045,2026-07-27,2026-02-27,,,,che,0,4,0.0,17.5,by_country,2026-07-27 13:03:45
164046,2026-07-27,2026-02-27,,,,chl,0,3,0.0,7.0,by_country,2026-07-27 13:03:45
164047,2026-07-27,2026-02-27,,,,col,0,9,0.0,8.0,by_country,2026-07-27 13:03:45
164048,2026-07-27,2026-02-27,,,,cub,0,1,0.0,10.0,by_country,2026-07-27 13:03:45
164049,2026-07-27,2026-02-27,,,,cze,0,1,0.0,10.0,by_country,2026-07-27 13:03:45
164050,2026-07-27,2026-02-27,,,,deu,0,19,0.0,8.210526315789473,by_country,2026-07-27 13:03:45
164051,2026-07-27,2026-02-27,,,,dji,0,1,0.0,10.0,by_country,2026-07-27 13:03:45
164052,2026-07-27,2026-02-27,,,,dnk,0,1,0.0,5.0,by_country,2026-07-27 13:03:45
164053,2026-07-27,2026-02-27,,,,dom,0,4,0.0,8.75,by_country,2026-07-27 13:03:45
164054,2026-07-27,2026-02-27,,,,dza,0,9,0.0,9.444444444444445,by_country,2026-07-27 13:03:45
164055,2026-07-27,2026-02-27,,,,ecu,0,4,0.0,5.75,by_country,2026-07-27 13:03:45
164056,2026-07-27,2026-02-27,,,,egy,0,4,0.0,9.25,by_country,2026-07-27 13:03:45
164057,2026-07-27,2026-02-27,,,,esp,0,25,0.0,6.72,by_country,2026-07-27 13:03:45
164058,2026-07-27,2026-02-27,,,,eth,0,1,0.0,9.0,by_country,2026-07-27 13:03:45
164059,2026-07-27,2026-02-27,,,,fin,0,4,0.0,10.5,by_country,2026-07-27 13:03:45
164060,2026-07-27,2026-02-27,,,,fra,0,35,0.0,8.0,by_country,2026-07-27 13:03:45
164061,2026-07-27,2026-02-27,,,,gnb,0,1,0.0,14.0,by_country,2026-07-27 13:03:45
164062,2026-07-27,2026-02-27,,,,grc,0,5,0.0,9.4,by_country,2026-07-27 13:03:45
164063,2026-07-27,2026-02-27,,,,gtm,0,3,0.0,11.0,by_country,2026-07-27 13:03:45
164064,2026-07-27,2026-02-27,,,,hrv,0,3,0.0,10.666666666666666,by_country,2026-07-27 13:03:45
164065,2026-07-27,2026-02-27,,,,hun,0,2,0.0,7.5,by_country,2026-07-27 13:03:45
164066,2026-07-27,2026-02-27,,,,idn,0,50,0.0,8.440000000000001,by_country,2026-07-27 13:03:45
164067,2026-07-27,2026-02-27,,,,irl,0,4,0.0,16.75,by_country,2026-07-27 13:03:45
164068,2026-07-27,2026-02-27,,,,irn,0,10,0.0,6.6,by_country,2026-07-27 13:03:45
164069,2026-07-27,2026-02-27,,,,irq,0,3,0.0,7.666666666666667,by_country,2026-07-27 13:03:45
164070,2026-07-27,2026-02-27,,,,isr,0,4,0.0,7.5,by_country,2026-07-27 13:03:45
164071,2026-07-27,2026-02-27,,,,ita,0,20,0.0,8.2,by_country,2026-07-27 13:03:45
164072,2026-07-27,2026-02-27,,,,jam,0,2,0.0,4.0,by_country,2026-07-27 13:03:45
164073,2026-07-27,2026-02-27,,,,jor,0,1,0.0,9.0,by_country,2026-07-27 13:03:45
164074,2026-07-27,2026-02-27,,,,kaz,0,5,0.0,6.2,by_country,2026-07-27 13:03:45
164075,2026-07-27,2026-02-27,,,,ken,0,1,0.0,10.0,by_country,2026-07-27 13:03:45
164076,2026-07-27,2026-02-27,,,,kgz,0,1,0.0,8.0,by_country,2026-07-27 13:03:45
164077,2026-07-27,2026-02-27,,,,khm,0,4,0.0,11.0,by_country,2026-07-27 13:03:45
164078,2026-07-27,2026-02-27,,,,kwt,0,1,0.0,8.0,by_country,2026-07-27 13:03:45
164079,2026-07-27,2026-02-27,,,,lao,0,2,0.0,10.5,by_country,2026-07-27 13:03:45
164080,2026-07-27,2026-02-27,,,,lbn,0,1,0.0,9.0,by_country,2026-07-27 13:03:45
164081,2026-07-27,2026-02-27,,,,lka,0,1,0.0,16.0,by_country,2026-07-27 13:03:45
164082,2026-07-27,2026-02-27,,,,ltu,0,3,0.0,9.0,by_country,2026-07-27 13:03:45
164083,2026-07-27,2026-02-27,,,,lva,0,1,0.0,7.0,by_country,2026-07-27 13:03:45
164084,2026-07-27,2026-02-27,,,,mac,0,3,0.0,9.0,by_country,2026-07-27 13:03:45
164085,2026-07-27,2026-02-27,,,,mar,0,1,0.0,6.0,by_country,2026-07-27 13:03:45
164086,2026-07-27,2026-02-27,,,,mda,0,2,0.0,8.0,by_country,2026-07-27 13:03:45
164087,2026-07-27,2026-02-27,,,,mdg,0,1,0.0,20.0,by_country,2026-07-27 13:03:45
164088,2026-07-27,2026-02-27,,,,mex,0,10,0.0,7.1,by_country,2026-07-27 13:03:45
164089,2026-07-27,2026-02-27,,,,mli,0,1,0.0,10.0,by_country,2026-07-27 13:03:45
164090,2026-07-27,2026-02-27,,,,mmr,0,6,0.0,12.333333333333334,by_country,2026-07-27 13:03:45
164091,2026-07-27,2026-02-27,,,,mne,0,1,0.0,5.0,by_country,2026-07-27 13:03:45
164092,2026-07-27,2026-02-27,,,,mng,0,4,0.0,8.5,by_country,2026-07-27 13:03:45
164093,2026-07-27,2026-02-27,,,,moz,0,1,0.0,6.0,by_country,2026-07-27 13:03:45
164094,2026-07-27,2026-02-27,,,,mys,0,36,0.0,9.444444444444445,by_country,2026-07-27 13:03:45
164095,2026-07-27,2026-02-27,,,,nga,0,2,0.0,7.0,by_country,2026-07-27 13:03:45
164096,2026-07-27,2026-02-27,,,,nor,0,3,0.0,7.0,by_country,2026-07-27 13:03:45
164097,2026-07-27,2026-02-27,,,,npl,0,3,0.0,9.333333333333334,by_country,2026-07-27 13:03:45
164098,2026-07-27,2026-02-27,,,,nzl,0,5,0.0,7.2,by_country,2026-07-27 13:03:45
164099,2026-07-27,2026-02-27,,,,pak,0,9,0.0,7.111111111111111,by_country,2026-07-27 13:03:45
164100,2026-07-27,2026-02-27,,,,per,0,6,0.0,7.5,by_country,2026-07-27 13:03:45
164101,2026-07-27,2026-02-27,,,,phl,0,12,0.0,7.333333333333333,by_country,2026-07-27 13:03:45
164102,2026-07-27,2026-02-27,,,,pol,0,3,0.0,7.666666666666667,by_country,2026-07-27 13:03:45
164103,2026-07-27,2026-02-27,,,,pri,0,2,0.0,4.0,by_country,2026-07-27 13:03:45
164104,2026-07-27,2026-02-27,,,,prt,0,4,0.0,10.0,by_country,2026-07-27 13:03:45
164105,2026-07-27,2026-02-27,,,,pry,0,1,0.0,72.0,by_country,2026-07-27 13:03:45
164106,2026-07-27,2026-02-27,,,,reu,0,1,0.0,1.0,by_country,2026-07-27 13:03:45
164107,2026-07-27,2026-02-27,,,,rou,0,4,0.0,11.0,by_country,2026-07-27 13:03:45
164108,2026-07-27,2026-02-27,,,,rus,0,102,0.0,7.029411764705882,by_country,2026-07-27 13:03:45
164109,2026-07-27,2026-02-27,,,,sau,0,5,0.0,8.4,by_country,2026-07-27 13:03:45
164110,2026-07-27,2026-02-27,,,,sen,0,1,0.0,3.0,by_country,2026-07-27 13:03:45
164111,2026-07-27,2026-02-27,,,,slv,0,3,0.0,10.666666666666666,by_country,2026-07-27 13:03:45
164112,2026-07-27,2026-02-27,,,,srb,0,3,0.0,6.333333333333333,by_country,2026-07-27 13:03:45
164113,2026-07-27,2026-02-27,,,,ssd,0,1,0.0,9.0,by_country,2026-07-27 13:03:45
164114,2026-07-27,2026-02-27,,,,sur,0,1,0.0,6.0,by_country,2026-07-27 13:03:45
164115,2026-07-27,2026-02-27,,,,svk,0,2,0.0,10.0,by_country,2026-07-27 13:03:45
164116,2026-07-27,2026-02-27,,,,swe,0,4,0.0,6.75,by_country,2026-07-27 13:03:45
164117,2026-07-27,2026-02-27,,,,syr,0,1,0.0,10.0,by_country,2026-07-27 13:03:45
164118,2026-07-27,2026-02-27,,,,tha,0,17,0.0,13.705882352941176,by_country,2026-07-27 13:03:45
164119,2026-07-27,2026-02-27,,,,tjk,0,1,0.0,5.0,by_country,2026-07-27 13:03:45
164120,2026-07-27,2026-02-27,,,,tls,0,1,0.0,5.0,by_country,2026-07-27 13:03:45
164121,2026-07-27,2026-02-27,,,,tun,0,3,0.0,10.333333333333334,by_country,2026-07-27 13:03:45
164122,2026-07-27,2026-02-27,,,,tur,0,11,0.0,10.363636363636363,by_country,2026-07-27 13:03:45
164123,2026-07-27,2026-02-27,,,,tza,0,1,0.0,3.0,by_country,2026-07-27 13:03:45
164124,2026-07-27,2026-02-27,,,,ukr,0,9,0.0,6.666666666666667,by_country,2026-07-27 13:03:45
164125,2026-07-27,2026-02-27,,,,uzb,0,2,0.0,8.0,by_country,2026-07-27 13:03:45
164126,2026-07-27,2026-02-27,,,,ven,0,8,0.0,7.0,by_country,2026-07-27 13:03:45
164127,2026-07-27,2026-02-27,,,,xkk,0,1,0.0,9.0,by_country,2026-07-27 13:03:45
164128,2026-07-27,2026-02-27,,,,zaf,0,2,0.0,3.0,by_country,2026-07-27 13:03:45
164129,2026-07-27,2026-02-27,,,,zwe,0,1,0.0,6.0,by_country,2026-07-27 13:03:45
159674,2026-07-27,2026-01-28,,,,hkg,6,197,0.030456852791878174,34.568527918781726,by_country,2026-07-27 13:03:31
159675,2026-07-27,2026-01-28,,,,sgp,6,121,0.049586776859504134,8.578512396694215,by_country,2026-07-27 13:03:31
159676,2026-07-27,2026-01-28,,,,twn,6,162,0.037037037037037035,25.52469135802469,by_country,2026-07-27 13:03:31
159677,2026-07-27,2026-01-28,,,,chn,4,177,0.022598870056497175,16.44632768361582,by_country,2026-07-27 13:03:31
159678,2026-07-27,2026-01-28,,,,usa,3,391,0.0076726342710997444,24.682864450127877,by_country,2026-07-27 13:03:31
159679,2026-07-27,2026-01-28,,,,can,2,117,0.017094017094017096,28.128205128205128,by_country,2026-07-27 13:03:31
159680,2026-07-27,2026-01-28,,,,ind,2,477,0.0041928721174004195,27.59748427672956,by_country,2026-07-27 13:03:31
159681,2026-07-27,2026-01-28,,,,are,1,4,0.25,8.25,by_country,2026-07-27 13:03:31
159682,2026-07-27,2026-01-28,,,,esp,1,119,0.008403361344537815,34.680672268907564,by_country,2026-07-27 13:03:31
159683,2026-07-27,2026-01-28,,,,hun,1,2,0.5,7.5,by_country,2026-07-27 13:03:31
159684,2026-07-27,2026-01-28,,,,ita,1,385,0.0025974025974025974,28.275324675324676,by_country,2026-07-27 13:03:31
159685,2026-07-27,2026-01-28,,,,jpn,1,55,0.01818181818181818,23.490909090909092,by_country,2026-07-27 13:03:31
159686,2026-07-27,2026-01-28,,,,mys,1,225,0.0044444444444444444,27.315555555555555,by_country,2026-07-27 13:03:31
159687,2026-07-27,2026-01-28,,,,alb,0,1,0.0,2.0,by_country,2026-07-27 13:03:31
159688,2026-07-27,2026-01-28,,,,arg,0,8,0.0,17.25,by_country,2026-07-27 13:03:31
159689,2026-07-27,2026-01-28,,,,aus,0,28,0.0,65.85714285714286,by_country,2026-07-27 13:03:31
159690,2026-07-27,2026-01-28,,,,aze,0,2,0.0,7.5,by_country,2026-07-27 13:03:31
159691,2026-07-27,2026-01-28,,,,bel,0,4,0.0,9.5,by_country,2026-07-27 13:03:31
159692,2026-07-27,2026-01-28,,,,bgd,0,209,0.0,29.52153110047847,by_country,2026-07-27 13:03:31
159693,2026-07-27,2026-01-28,,,,bgr,0,4,0.0,9.0,by_country,2026-07-27 13:03:31
159694,2026-07-27,2026-01-28,,,,bra,0,202,0.0,26.876237623762375,by_country,2026-07-27 13:03:31
159695,2026-07-27,2026-01-28,,,,brn,0,1,0.0,19.0,by_country,2026-07-27 13:03:31
159696,2026-07-27,2026-01-28,,,,che,0,9,0.0,21.555555555555557,by_country,2026-07-27 13:03:31
159697,2026-07-27,2026-01-28,,,,chl,0,160,0.0,28.4875,by_country,2026-07-27 13:03:31
159698,2026-07-27,2026-01-28,,,,col,0,125,0.0,29.208,by_country,2026-07-27 13:03:31
159699,2026-07-27,2026-01-28,,,,cri,0,1,0.0,12.0,by_country,2026-07-27 13:03:31
159700,2026-07-27,2026-01-28,,,,cze,0,4,0.0,14.0,by_country,2026-07-27 13:03:31
159701,2026-07-27,2026-01-28,,,,deu,0,6,0.0,8.0,by_country,2026-07-27 13:03:31
159702,2026-07-27,2026-01-28,,,,dom,0,1,0.0,5.0,by_country,2026-07-27 13:03:31
159703,2026-07-27,2026-01-28,,,,dza,0,238,0.0,29.936974789915965,by_country,2026-07-27 13:03:31
159704,2026-07-27,2026-01-28,,,,ecu,0,225,0.0,29.533333333333335,by_country,2026-07-27 13:03:31
159705,2026-07-27,2026-01-28,,,,egy,0,308,0.0,28.704545454545453,by_country,2026-07-27 13:03:31
159706,2026-07-27,2026-01-28,,,,esh,0,1,0.0,21.0,by_country,2026-07-27 13:03:31
159707,2026-07-27,2026-01-28,,,,eth,0,162,0.0,28.166666666666668,by_country,2026-07-27 13:03:31
159708,2026-07-27,2026-01-28,,,,fra,0,32,0.0,10.75,by_country,2026-07-27 13:03:31
159709,2026-07-27,2026-01-28,,,,gbr,0,31,0.0,10.806451612903226,by_country,2026-07-27 13:03:31
159710,2026-07-27,2026-01-28,,,,gha,0,1,0.0,10.0,by_country,2026-07-27 13:03:31
159711,2026-07-27,2026-01-28,,,,grc,0,3,0.0,5.666666666666667,by_country,2026-07-27 13:03:31
159712,2026-07-27,2026-01-28,,,,gtm,0,3,0.0,14.666666666666666,by_country,2026-07-27 13:03:31
159713,2026-07-27,2026-01-28,,,,hnd,0,1,0.0,12.0,by_country,2026-07-27 13:03:31
159714,2026-07-27,2026-01-28,,,,hrv,0,2,0.0,11.0,by_country,2026-07-27 13:03:31
159715,2026-07-27,2026-01-28,,,,idn,0,297,0.0,29.013468013468014,by_country,2026-07-27 13:03:31
159716,2026-07-27,2026-01-28,,,,irl,0,3,0.0,10.0,by_country,2026-07-27 13:03:31
159717,2026-07-27,2026-01-28,,,,irn,0,1,0.0,8.0,by_country,2026-07-27 13:03:31
159718,2026-07-27,2026-01-28,,,,irq,0,1,0.0,7.0,by_country,2026-07-27 13:03:31
159719,2026-07-27,2026-01-28,,,,isr,0,2,0.0,7.0,by_country,2026-07-27 13:03:31
159720,2026-07-27,2026-01-28,,,,jam,0,1,0.0,8.0,by_country,2026-07-27 13:03:31
159721,2026-07-27,2026-01-28,,,,jor,0,2,0.0,10.0,by_country,2026-07-27 13:03:31
159722,2026-07-27,2026-01-28,,,,kaz,0,1,0.0,9.0,by_country,2026-07-27 13:03:31
159723,2026-07-27,2026-01-28,,,,ken,0,3,0.0,11.666666666666666,by_country,2026-07-27 13:03:31
159724,2026-07-27,2026-01-28,,,,khm,0,1,0.0,1.0,by_country,2026-07-27 13:03:31
159725,2026-07-27,2026-01-28,,,,kna,0,2,0.0,25.5,by_country,2026-07-27 13:03:31
159726,2026-07-27,2026-01-28,,,,kor,0,27,0.0,17.037037037037038,by_country,2026-07-27 13:03:31
159727,2026-07-27,2026-01-28,,,,lao,0,2,0.0,12.0,by_country,2026-07-27 13:03:31
159728,2026-07-27,2026-01-28,,,,lbr,0,1,0.0,11.0,by_country,2026-07-27 13:03:31
159729,2026-07-27,2026-01-28,,,,lka,0,1,0.0,6.0,by_country,2026-07-27 13:03:31
159730,2026-07-27,2026-01-28,,,,ltu,0,1,0.0,19.0,by_country,2026-07-27 13:03:31
159731,2026-07-27,2026-01-28,,,,mac,0,8,0.0,8.375,by_country,2026-07-27 13:03:31
159732,2026-07-27,2026-01-28,,,,mar,0,249,0.0,28.55421686746988,by_country,2026-07-27 13:03:31
159733,2026-07-27,2026-01-28,,,,mex,0,11,0.0,10.636363636363637,by_country,2026-07-27 13:03:31
159734,2026-07-27,2026-01-28,,,,mmr,0,1,0.0,9.0,by_country,2026-07-27 13:03:31
159735,2026-07-27,2026-01-28,,,,moz,0,2,0.0,23.0,by_country,2026-07-27 13:03:31
159736,2026-07-27,2026-01-28,,,,nga,0,144,0.0,28.131944444444443,by_country,2026-07-27 13:03:31
159737,2026-07-27,2026-01-28,,,,nld,0,7,0.0,9.857142857142858,by_country,2026-07-27 13:03:31
159738,2026-07-27,2026-01-28,,,,npl,0,1,0.0,13.0,by_country,2026-07-27 13:03:31
159739,2026-07-27,2026-01-28,,,,nzl,0,14,0.0,8.642857142857142,by_country,2026-07-27 13:03:31
159740,2026-07-27,2026-01-28,,,,omn,0,187,0.0,27.967914438502675,by_country,2026-07-27 13:03:31
159741,2026-07-27,2026-01-28,,,,pak,0,220,0.0,29.822727272727274,by_country,2026-07-27 13:03:31
159742,2026-07-27,2026-01-28,,,,per,0,105,0.0,28.36190476190476,by_country,2026-07-27 13:03:31
159743,2026-07-27,2026-01-28,,,,phl,0,373,0.0,29.142091152815013,by_country,2026-07-27 13:03:31
159744,2026-07-27,2026-01-28,,,,pol,0,9,0.0,8.88888888888889,by_country,2026-07-27 13:03:31
159745,2026-07-27,2026-01-28,,,,prt,0,118,0.0,28.593220338983052,by_country,2026-07-27 13:03:31
159746,2026-07-27,2026-01-28,,,,reu,0,1,0.0,8.0,by_country,2026-07-27 13:03:31
159747,2026-07-27,2026-01-28,,,,rou,0,8,0.0,7.375,by_country,2026-07-27 13:03:31
159748,2026-07-27,2026-01-28,,,,rus,0,3,0.0,10.666666666666666,by_country,2026-07-27 13:03:31
159749,2026-07-27,2026-01-28,,,,sau,0,305,0.0,28.57377049180328,by_country,2026-07-27 13:03:31
159750,2026-07-27,2026-01-28,,,,srb,0,3,0.0,5.333333333333333,by_country,2026-07-27 13:03:31
159751,2026-07-27,2026-01-28,,,,swe,0,1,0.0,14.0,by_country,2026-07-27 13:03:31
159752,2026-07-27,2026-01-28,,,,syr,0,1,0.0,8.0,by_country,2026-07-27 13:03:31
159753,2026-07-27,2026-01-28,,,,tha,0,326,0.0,29.65644171779141,by_country,2026-07-27 13:03:31
159754,2026-07-27,2026-01-28,,,,tto,0,31,0.0,30.903225806451612,by_country,2026-07-27 13:03:31
159755,2026-07-27,2026-01-28,,,,tur,0,242,0.0,28.297520661157026,by_country,2026-07-27 13:03:31
159756,2026-07-27,2026-01-28,,,,tza,0,1,0.0,7.0,by_country,2026-07-27 13:03:31
159757,2026-07-27,2026-01-28,,,,ukr,0,6,0.0,13.833333333333334,by_country,2026-07-27 13:03:31
159758,2026-07-27,2026-01-28,,,,ury,0,1,0.0,3.0,by_country,2026-07-27 13:03:31
159759,2026-07-27,2026-01-28,,,,ven,0,184,0.0,30.630434782608695,by_country,2026-07-27 13:03:31
159760,2026-07-27,2026-01-28,,,,vnm,0,336,0.0,28.479166666666668,by_country,2026-07-27 13:03:31
159761,2026-07-27,2026-01-28,,,,xkk,0,1,0.0,16.0,by_country,2026-07-27 13:03:31
159762,2026-07-27,2026-01-28,,,,zmb,0,2,0.0,8.0,by_country,2026-07-27 13:03:31
159763,2026-07-27,2026-01-28,,,,zzz,0,2,0.0,15.0,by_country,2026-07-27 13:03:31
155027,2026-07-27,2025-12-29,,,,chn,11,227,0.048458149779735685,14.973568281938325,by_country,2026-07-27 13:03:18
155028,2026-07-27,2025-12-29,,,,hkg,10,275,0.03636363636363636,32.30909090909091,by_country,2026-07-27 13:03:18
155029,2026-07-27,2025-12-29,,,,can,5,24,0.20833333333333334,10.291666666666666,by_country,2026-07-27 13:03:18
155030,2026-07-27,2025-12-29,,,,sgp,5,244,0.020491803278688523,7.934426229508197,by_country,2026-07-27 13:03:18
155031,2026-07-27,2025-12-29,,,,usa,5,1876,0.0026652452025586353,31.019722814498934,by_country,2026-07-27 13:03:18
155032,2026-07-27,2025-12-29,,,,gbr,4,33,0.12121212121212122,12.636363636363637,by_country,2026-07-27 13:03:18
155033,2026-07-27,2025-12-29,,,,ind,4,55,0.07272727272727272,16.78181818181818,by_country,2026-07-27 13:03:18
155034,2026-07-27,2025-12-29,,,,khm,4,22,0.18181818181818182,10.090909090909092,by_country,2026-07-27 13:03:18
155035,2026-07-27,2025-12-29,,,,twn,3,186,0.016129032258064516,29.602150537634408,by_country,2026-07-27 13:03:18
155036,2026-07-27,2025-12-29,,,,fra,1,25,0.04,7.16,by_country,2026-07-27 13:03:18
155037,2026-07-27,2025-12-29,,,,jpn,1,75,0.013333333333333334,18.4,by_country,2026-07-27 13:03:18
155038,2026-07-27,2025-12-29,,,,mac,1,10,0.1,8.1,by_country,2026-07-27 13:03:18
155039,2026-07-27,2025-12-29,,,,mys,1,31,0.03225806451612903,17.387096774193548,by_country,2026-07-27 13:03:18
155040,2026-07-27,2025-12-29,,,,phl,1,36,0.027777777777777776,25.194444444444443,by_country,2026-07-27 13:03:18
155041,2026-07-27,2025-12-29,,,,tur,1,6,0.16666666666666666,20.166666666666668,by_country,2026-07-27 13:03:18
155042,2026-07-27,2025-12-29,,,,are,0,2,0.0,14.0,by_country,2026-07-27 13:03:18
155043,2026-07-27,2025-12-29,,,,arg,0,18,0.0,8.61111111111111,by_country,2026-07-27 13:03:18
155044,2026-07-27,2025-12-29,,,,arm,0,1,0.0,7.0,by_country,2026-07-27 13:03:18
155045,2026-07-27,2025-12-29,,,,aus,0,17,0.0,55.76470588235294,by_country,2026-07-27 13:03:18
155046,2026-07-27,2025-12-29,,,,aut,0,2,0.0,5.0,by_country,2026-07-27 13:03:18
155047,2026-07-27,2025-12-29,,,,bel,0,1,0.0,11.0,by_country,2026-07-27 13:03:18
155048,2026-07-27,2025-12-29,,,,bes,0,1,0.0,7.0,by_country,2026-07-27 13:03:18
155049,2026-07-27,2025-12-29,,,,bgd,0,14,0.0,14.857142857142858,by_country,2026-07-27 13:03:18
155050,2026-07-27,2025-12-29,,,,bgr,0,2,0.0,9.0,by_country,2026-07-27 13:03:18
155051,2026-07-27,2025-12-29,,,,blz,0,1,0.0,10.0,by_country,2026-07-27 13:03:18
155052,2026-07-27,2025-12-29,,,,bol,0,2,0.0,8.5,by_country,2026-07-27 13:03:18
155053,2026-07-27,2025-12-29,,,,bra,0,51,0.0,15.588235294117647,by_country,2026-07-27 13:03:18
155054,2026-07-27,2025-12-29,,,,che,0,3,0.0,10.333333333333334,by_country,2026-07-27 13:03:18
155055,2026-07-27,2025-12-29,,,,chl,0,7,0.0,7.714285714285714,by_country,2026-07-27 13:03:18
155056,2026-07-27,2025-12-29,,,,civ,0,1,0.0,13.0,by_country,2026-07-27 13:03:18
155057,2026-07-27,2025-12-29,,,,cod,0,1,0.0,6.0,by_country,2026-07-27 13:03:18
155058,2026-07-27,2025-12-29,,,,col,0,9,0.0,16.555555555555557,by_country,2026-07-27 13:03:18
155059,2026-07-27,2025-12-29,,,,cri,0,1,0.0,6.0,by_country,2026-07-27 13:03:18
155060,2026-07-27,2025-12-29,,,,cub,0,1,0.0,40.0,by_country,2026-07-27 13:03:18
155061,2026-07-27,2025-12-29,,,,deu,0,6,0.0,7.5,by_country,2026-07-27 13:03:18
155062,2026-07-27,2025-12-29,,,,dnk,0,1,0.0,8.0,by_country,2026-07-27 13:03:18
155063,2026-07-27,2025-12-29,,,,dom,0,4,0.0,11.75,by_country,2026-07-27 13:03:18
155064,2026-07-27,2025-12-29,,,,dza,0,4,0.0,11.0,by_country,2026-07-27 13:03:18
155065,2026-07-27,2025-12-29,,,,ecu,0,13,0.0,14.538461538461538,by_country,2026-07-27 13:03:18
155066,2026-07-27,2025-12-29,,,,egy,0,16,0.0,22.375,by_country,2026-07-27 13:03:18
155067,2026-07-27,2025-12-29,,,,esp,0,8,0.0,23.5,by_country,2026-07-27 13:03:18
155068,2026-07-27,2025-12-29,,,,est,0,1,0.0,9.0,by_country,2026-07-27 13:03:18
155069,2026-07-27,2025-12-29,,,,eth,0,2,0.0,38.0,by_country,2026-07-27 13:03:18
155070,2026-07-27,2025-12-29,,,,fin,0,2,0.0,6.0,by_country,2026-07-27 13:03:18
155071,2026-07-27,2025-12-29,,,,geo,0,1,0.0,7.0,by_country,2026-07-27 13:03:18
155072,2026-07-27,2025-12-29,,,,gib,0,1,0.0,9.0,by_country,2026-07-27 13:03:18
155073,2026-07-27,2025-12-29,,,,gnb,0,3,0.0,13.666666666666666,by_country,2026-07-27 13:03:18
155074,2026-07-27,2025-12-29,,,,grc,0,1,0.0,7.0,by_country,2026-07-27 13:03:18
155075,2026-07-27,2025-12-29,,,,guy,0,2,0.0,14.5,by_country,2026-07-27 13:03:18
155076,2026-07-27,2025-12-29,,,,hnd,0,4,0.0,10.25,by_country,2026-07-27 13:03:18
155077,2026-07-27,2025-12-29,,,,hrv,0,3,0.0,3.3333333333333335,by_country,2026-07-27 13:03:18
155078,2026-07-27,2025-12-29,,,,hun,0,1,0.0,4.0,by_country,2026-07-27 13:03:18
155079,2026-07-27,2025-12-29,,,,idn,0,14,0.0,21.857142857142858,by_country,2026-07-27 13:03:18
155080,2026-07-27,2025-12-29,,,,irl,0,2,0.0,3.0,by_country,2026-07-27 13:03:18
155081,2026-07-27,2025-12-29,,,,irn,0,1,0.0,9.0,by_country,2026-07-27 13:03:18
155082,2026-07-27,2025-12-29,,,,irq,0,3,0.0,10.666666666666666,by_country,2026-07-27 13:03:18
155083,2026-07-27,2025-12-29,,,,ita,0,32,0.0,25.46875,by_country,2026-07-27 13:03:18
155084,2026-07-27,2025-12-29,,,,ken,0,1,0.0,12.0,by_country,2026-07-27 13:03:18
155085,2026-07-27,2025-12-29,,,,kna,0,2,0.0,39.0,by_country,2026-07-27 13:03:18
155086,2026-07-27,2025-12-29,,,,kor,0,21,0.0,18.666666666666668,by_country,2026-07-27 13:03:18
155087,2026-07-27,2025-12-29,,,,kwt,0,2,0.0,15.0,by_country,2026-07-27 13:03:18
155088,2026-07-27,2025-12-29,,,,lao,0,2,0.0,13.5,by_country,2026-07-27 13:03:18
155089,2026-07-27,2025-12-29,,,,lby,0,1,0.0,10.0,by_country,2026-07-27 13:03:18
155090,2026-07-27,2025-12-29,,,,lka,0,1,0.0,8.0,by_country,2026-07-27 13:03:18
155091,2026-07-27,2025-12-29,,,,ltu,0,1,0.0,10.0,by_country,2026-07-27 13:03:18
155092,2026-07-27,2025-12-29,,,,lva,0,1,0.0,7.0,by_country,2026-07-27 13:03:18
155093,2026-07-27,2025-12-29,,,,mar,0,3,0.0,8.666666666666668,by_country,2026-07-27 13:03:18
155094,2026-07-27,2025-12-29,,,,mex,0,16,0.0,12.0625,by_country,2026-07-27 13:03:18
155095,2026-07-27,2025-12-29,,,,mmr,0,2,0.0,5.5,by_country,2026-07-27 13:03:18
155096,2026-07-27,2025-12-29,,,,mng,0,1,0.0,3.0,by_country,2026-07-27 13:03:18
155097,2026-07-27,2025-12-29,,,,nga,0,11,0.0,24.818181818181817,by_country,2026-07-27 13:03:18
155098,2026-07-27,2025-12-29,,,,nld,0,1,0.0,1.0,by_country,2026-07-27 13:03:18
155099,2026-07-27,2025-12-29,,,,nor,0,2,0.0,6.0,by_country,2026-07-27 13:03:18
155100,2026-07-27,2025-12-29,,,,npl,0,4,0.0,32.25,by_country,2026-07-27 13:03:18
155101,2026-07-27,2025-12-29,,,,nzl,0,5,0.0,9.0,by_country,2026-07-27 13:03:18
155102,2026-07-27,2025-12-29,,,,omn,0,11,0.0,22.181818181818183,by_country,2026-07-27 13:03:18
155103,2026-07-27,2025-12-29,,,,pak,0,5,0.0,17.0,by_country,2026-07-27 13:03:18
155104,2026-07-27,2025-12-29,,,,per,0,7,0.0,11.571428571428571,by_country,2026-07-27 13:03:18
155105,2026-07-27,2025-12-29,,,,pol,0,3,0.0,5.666666666666667,by_country,2026-07-27 13:03:18
155106,2026-07-27,2025-12-29,,,,prt,0,6,0.0,13.666666666666666,by_country,2026-07-27 13:03:18
155107,2026-07-27,2025-12-29,,,,pry,0,3,0.0,6.0,by_country,2026-07-27 13:03:18
155108,2026-07-27,2025-12-29,,,,qat,0,1,0.0,4.0,by_country,2026-07-27 13:03:18
155109,2026-07-27,2025-12-29,,,,rus,0,4,0.0,11.5,by_country,2026-07-27 13:03:18
155110,2026-07-27,2025-12-29,,,,sau,0,18,0.0,25.22222222222222,by_country,2026-07-27 13:03:18
155111,2026-07-27,2025-12-29,,,,srb,0,2,0.0,6.5,by_country,2026-07-27 13:03:18
155112,2026-07-27,2025-12-29,,,,svk,0,1,0.0,3.0,by_country,2026-07-27 13:03:18
155113,2026-07-27,2025-12-29,,,,swe,0,1,0.0,11.0,by_country,2026-07-27 13:03:18
155114,2026-07-27,2025-12-29,,,,syc,0,19,0.0,6.684210526315789,by_country,2026-07-27 13:03:18
155115,2026-07-27,2025-12-29,,,,tha,0,50,0.0,26.64,by_country,2026-07-27 13:03:18
155116,2026-07-27,2025-12-29,,,,tjk,0,2,0.0,17.0,by_country,2026-07-27 13:03:18
155117,2026-07-27,2025-12-29,,,,tto,0,5,0.0,29.8,by_country,2026-07-27 13:03:18
155118,2026-07-27,2025-12-29,,,,ukr,0,2,0.0,8.0,by_country,2026-07-27 13:03:18
155119,2026-07-27,2025-12-29,,,,uzb,0,5,0.0,8.6,by_country,2026-07-27 13:03:18
155120,2026-07-27,2025-12-29,,,,ven,0,6,0.0,21.0,by_country,2026-07-27 13:03:18
155121,2026-07-27,2025-12-29,,,,vnm,0,66,0.0,18.439393939393938,by_country,2026-07-27 13:03:18
155122,2026-07-27,2025-12-29,,,,vut,0,2,0.0,2.0,by_country,2026-07-27 13:03:18
155123,2026-07-27,2025-12-29,,,,zaf,0,4,0.0,6.5,by_country,2026-07-27 13:03:18
155124,2026-07-27,2025-12-29,,,,zmb,0,1,0.0,9.0,by_country,2026-07-27 13:03:18
155125,2026-07-27,2025-12-29,,,,zzz,0,4,0.0,6.25,by_country,2026-07-27 13:03:18
147848,2026-07-27,2025-11-29,,,,hkg,29,689,0.0420899854862119,17.92743105950653,by_country,2026-07-27 13:03:02
147849,2026-07-27,2025-11-29,,,,chn,24,2163,0.011095700416088766,18.933425797503467,by_country,2026-07-27 13:03:02
147850,2026-07-27,2025-11-29,,,,twn,13,662,0.019637462235649546,12.74773413897281,by_country,2026-07-27 13:03:02
147851,2026-07-27,2025-11-29,,,,sgp,9,473,0.019027484143763214,8.167019027484145,by_country,2026-07-27 13:03:02
147852,2026-07-27,2025-11-29,,,,usa,9,1191,0.007556675062972292,32.7632241813602,by_country,2026-07-27 13:03:02
147853,2026-07-27,2025-11-29,,,,can,6,31,0.1935483870967742,13.548387096774194,by_country,2026-07-27 13:03:02
147854,2026-07-27,2025-11-29,,,,jpn,5,240,0.020833333333333332,9.920833333333333,by_country,2026-07-27 13:03:02
147855,2026-07-27,2025-11-29,,,,ind,3,82,0.036585365853658534,16.182926829268293,by_country,2026-07-27 13:03:02
147856,2026-07-27,2025-11-29,,,,fra,2,26,0.07692307692307693,7.461538461538462,by_country,2026-07-27 13:03:02
147857,2026-07-27,2025-11-29,,,,khm,2,52,0.038461538461538464,10.01923076923077,by_country,2026-07-27 13:03:02
147858,2026-07-27,2025-11-29,,,,kor,2,66,0.030303030303030304,6.2727272727272725,by_country,2026-07-27 13:03:02
147859,2026-07-27,2025-11-29,,,,tha,2,34,0.058823529411764705,17.61764705882353,by_country,2026-07-27 13:03:02
147860,2026-07-27,2025-11-29,,,,aut,1,6,0.16666666666666666,29.666666666666668,by_country,2026-07-27 13:03:02
147861,2026-07-27,2025-11-29,,,,chl,1,12,0.08333333333333333,21.416666666666668,by_country,2026-07-27 13:03:02
147862,2026-07-27,2025-11-29,,,,deu,1,14,0.07142857142857142,15.142857142857142,by_country,2026-07-27 13:03:02
147863,2026-07-27,2025-11-29,,,,gib,1,2,0.5,6.5,by_country,2026-07-27 13:03:02
147864,2026-07-27,2025-11-29,,,,mng,1,14,0.07142857142857142,13.928571428571429,by_country,2026-07-27 13:03:02
147865,2026-07-27,2025-11-29,,,,per,1,17,0.058823529411764705,10.705882352941176,by_country,2026-07-27 13:03:02
147866,2026-07-27,2025-11-29,,,,phl,1,36,0.027777777777777776,19.416666666666668,by_country,2026-07-27 13:03:02
147867,2026-07-27,2025-11-29,,,,prt,1,3,0.3333333333333333,5.0,by_country,2026-07-27 13:03:02
147868,2026-07-27,2025-11-29,,,,ago,0,3,0.0,10.666666666666666,by_country,2026-07-27 13:03:02
147869,2026-07-27,2025-11-29,,,,alb,0,2,0.0,10.0,by_country,2026-07-27 13:03:02
147870,2026-07-27,2025-11-29,,,,are,0,15,0.0,19.2,by_country,2026-07-27 13:03:02
147871,2026-07-27,2025-11-29,,,,arg,0,62,0.0,23.64516129032258,by_country,2026-07-27 13:03:02
147872,2026-07-27,2025-11-29,,,,arm,0,2,0.0,23.0,by_country,2026-07-27 13:03:02
147873,2026-07-27,2025-11-29,,,,aus,0,64,0.0,72.234375,by_country,2026-07-27 13:03:02
147874,2026-07-27,2025-11-29,,,,aze,0,8,0.0,21.0,by_country,2026-07-27 13:03:02
147875,2026-07-27,2025-11-29,,,,bel,0,7,0.0,7.0,by_country,2026-07-27 13:03:02
147876,2026-07-27,2025-11-29,,,,bgd,0,16,0.0,12.25,by_country,2026-07-27 13:03:02
147877,2026-07-27,2025-11-29,,,,bgr,0,4,0.0,5.5,by_country,2026-07-27 13:03:02
147878,2026-07-27,2025-11-29,,,,bhr,0,2,0.0,30.5,by_country,2026-07-27 13:03:02
147879,2026-07-27,2025-11-29,,,,blr,0,4,0.0,20.25,by_country,2026-07-27 13:03:02
147880,2026-07-27,2025-11-29,,,,bol,0,7,0.0,9.714285714285714,by_country,2026-07-27 13:03:02
147881,2026-07-27,2025-11-29,,,,bra,0,245,0.0,24.073469387755104,by_country,2026-07-27 13:03:02
147882,2026-07-27,2025-11-29,,,,brb,0,2,0.0,42.5,by_country,2026-07-27 13:03:02
147883,2026-07-27,2025-11-29,,,,brn,0,3,0.0,9.0,by_country,2026-07-27 13:03:02
147884,2026-07-27,2025-11-29,,,,bwa,0,1,0.0,39.0,by_country,2026-07-27 13:03:02
147885,2026-07-27,2025-11-29,,,,che,0,4,0.0,11.25,by_country,2026-07-27 13:03:02
147886,2026-07-27,2025-11-29,,,,civ,0,3,0.0,5.0,by_country,2026-07-27 13:03:02
147887,2026-07-27,2025-11-29,,,,cmr,0,1,0.0,5.0,by_country,2026-07-27 13:03:02
147888,2026-07-27,2025-11-29,,,,cog,0,1,0.0,31.0,by_country,2026-07-27 13:03:02
147889,2026-07-27,2025-11-29,,,,col,0,17,0.0,12.529411764705882,by_country,2026-07-27 13:03:02
147890,2026-07-27,2025-11-29,,,,cri,0,5,0.0,24.8,by_country,2026-07-27 13:03:02
147891,2026-07-27,2025-11-29,,,,cze,0,2,0.0,9.5,by_country,2026-07-27 13:03:02
147892,2026-07-27,2025-11-29,,,,dom,0,8,0.0,18.125,by_country,2026-07-27 13:03:02
147893,2026-07-27,2025-11-29,,,,dza,0,3,0.0,23.666666666666668,by_country,2026-07-27 13:03:02
147894,2026-07-27,2025-11-29,,,,ecu,0,8,0.0,37.75,by_country,2026-07-27 13:03:02
147895,2026-07-27,2025-11-29,,,,egy,0,10,0.0,27.9,by_country,2026-07-27 13:03:02
147896,2026-07-27,2025-11-29,,,,esp,0,11,0.0,36.45454545454545,by_country,2026-07-27 13:03:02
147897,2026-07-27,2025-11-29,,,,est,0,2,0.0,7.0,by_country,2026-07-27 13:03:02
147898,2026-07-27,2025-11-29,,,,eth,0,9,0.0,13.555555555555555,by_country,2026-07-27 13:03:02
147899,2026-07-27,2025-11-29,,,,fin,0,1,0.0,7.0,by_country,2026-07-27 13:03:02
147900,2026-07-27,2025-11-29,,,,fji,0,1,0.0,9.0,by_country,2026-07-27 13:03:02
147901,2026-07-27,2025-11-29,,,,gbr,0,101,0.0,59.67326732673267,by_country,2026-07-27 13:03:02
147902,2026-07-27,2025-11-29,,,,geo,0,1,0.0,19.0,by_country,2026-07-27 13:03:02
147903,2026-07-27,2025-11-29,,,,grc,0,1,0.0,1.0,by_country,2026-07-27 13:03:02
147904,2026-07-27,2025-11-29,,,,gtm,0,1,0.0,91.0,by_country,2026-07-27 13:03:02
147905,2026-07-27,2025-11-29,,,,hnd,0,4,0.0,22.75,by_country,2026-07-27 13:03:02
147906,2026-07-27,2025-11-29,,,,hrv,0,4,0.0,5.5,by_country,2026-07-27 13:03:02
147907,2026-07-27,2025-11-29,,,,hun,0,6,0.0,11.666666666666666,by_country,2026-07-27 13:03:02
147908,2026-07-27,2025-11-29,,,,idn,0,28,0.0,15.214285714285714,by_country,2026-07-27 13:03:02
147909,2026-07-27,2025-11-29,,,,irn,0,6,0.0,15.0,by_country,2026-07-27 13:03:02
147910,2026-07-27,2025-11-29,,,,irq,0,25,0.0,17.96,by_country,2026-07-27 13:03:02
147911,2026-07-27,2025-11-29,,,,isl,0,1,0.0,8.0,by_country,2026-07-27 13:03:02
147912,2026-07-27,2025-11-29,,,,isr,0,5,0.0,10.4,by_country,2026-07-27 13:03:02
147913,2026-07-27,2025-11-29,,,,ita,0,12,0.0,15.166666666666666,by_country,2026-07-27 13:03:02
147914,2026-07-27,2025-11-29,,,,jam,0,2,0.0,23.0,by_country,2026-07-27 13:03:02
147915,2026-07-27,2025-11-29,,,,jor,0,10,0.0,13.7,by_country,2026-07-27 13:03:02
147916,2026-07-27,2025-11-29,,,,kaz,0,7,0.0,14.0,by_country,2026-07-27 13:03:02
147917,2026-07-27,2025-11-29,,,,ken,0,7,0.0,24.142857142857142,by_country,2026-07-27 13:03:02
147918,2026-07-27,2025-11-29,,,,lao,0,7,0.0,10.285714285714286,by_country,2026-07-27 13:03:02
147919,2026-07-27,2025-11-29,,,,lbn,0,6,0.0,26.333333333333332,by_country,2026-07-27 13:03:02
147920,2026-07-27,2025-11-29,,,,lby,0,3,0.0,25.333333333333332,by_country,2026-07-27 13:03:02
147921,2026-07-27,2025-11-29,,,,ltu,0,44,0.0,7.454545454545454,by_country,2026-07-27 13:03:02
147922,2026-07-27,2025-11-29,,,,lva,0,1,0.0,6.0,by_country,2026-07-27 13:03:02
147923,2026-07-27,2025-11-29,,,,mac,0,24,0.0,7.041666666666667,by_country,2026-07-27 13:03:02
147924,2026-07-27,2025-11-29,,,,mar,0,15,0.0,27.533333333333335,by_country,2026-07-27 13:03:02
147925,2026-07-27,2025-11-29,,,,mex,0,34,0.0,18.029411764705884,by_country,2026-07-27 13:03:02
147926,2026-07-27,2025-11-29,,,,mkd,0,2,0.0,8.0,by_country,2026-07-27 13:03:02
147927,2026-07-27,2025-11-29,,,,mmr,0,11,0.0,7.7272727272727275,by_country,2026-07-27 13:03:02
147928,2026-07-27,2025-11-29,,,,mys,0,82,0.0,11.024390243902438,by_country,2026-07-27 13:03:02
147929,2026-07-27,2025-11-29,,,,nga,0,1,0.0,6.0,by_country,2026-07-27 13:03:02
147930,2026-07-27,2025-11-29,,,,nic,0,3,0.0,30.333333333333332,by_country,2026-07-27 13:03:02
147931,2026-07-27,2025-11-29,,,,nld,0,5,0.0,3.2,by_country,2026-07-27 13:03:02
147932,2026-07-27,2025-11-29,,,,nor,0,1,0.0,46.0,by_country,2026-07-27 13:03:02
147933,2026-07-27,2025-11-29,,,,npl,0,6,0.0,22.0,by_country,2026-07-27 13:03:02
147934,2026-07-27,2025-11-29,,,,nzl,0,9,0.0,3.888888888888889,by_country,2026-07-27 13:03:02
147935,2026-07-27,2025-11-29,,,,omn,0,6,0.0,23.666666666666668,by_country,2026-07-27 13:03:02
147936,2026-07-27,2025-11-29,,,,pak,0,33,0.0,17.87878787878788,by_country,2026-07-27 13:03:02
147937,2026-07-27,2025-11-29,,,,pan,0,3,0.0,21.333333333333332,by_country,2026-07-27 13:03:02
147938,2026-07-27,2025-11-29,,,,pol,0,6,0.0,6.0,by_country,2026-07-27 13:03:02
147939,2026-07-27,2025-11-29,,,,pry,0,9,0.0,21.88888888888889,by_country,2026-07-27 13:03:02
147940,2026-07-27,2025-11-29,,,,pse,0,6,0.0,14.0,by_country,2026-07-27 13:03:02
147941,2026-07-27,2025-11-29,,,,pyf,0,1,0.0,11.0,by_country,2026-07-27 13:03:02
147942,2026-07-27,2025-11-29,,,,qat,0,3,0.0,15.0,by_country,2026-07-27 13:03:02
147943,2026-07-27,2025-11-29,,,,rou,0,10,0.0,11.8,by_country,2026-07-27 13:03:02
147944,2026-07-27,2025-11-29,,,,rus,0,11,0.0,29.454545454545453,by_country,2026-07-27 13:03:02
147945,2026-07-27,2025-11-29,,,,sau,0,21,0.0,26.19047619047619,by_country,2026-07-27 13:03:02
147946,2026-07-27,2025-11-29,,,,sen,0,1,0.0,23.0,by_country,2026-07-27 13:03:02
147947,2026-07-27,2025-11-29,,,,slv,0,1,0.0,9.0,by_country,2026-07-27 13:03:02
147948,2026-07-27,2025-11-29,,,,srb,0,3,0.0,6.333333333333333,by_country,2026-07-27 13:03:02
147949,2026-07-27,2025-11-29,,,,svk,0,1,0.0,6.0,by_country,2026-07-27 13:03:02
147950,2026-07-27,2025-11-29,,,,swe,0,1,0.0,3.0,by_country,2026-07-27 13:03:02
147951,2026-07-27,2025-11-29,,,,syc,0,201,0.0,6.54726368159204,by_country,2026-07-27 13:03:02
147952,2026-07-27,2025-11-29,,,,syr,0,5,0.0,21.0,by_country,2026-07-27 13:03:02
147953,2026-07-27,2025-11-29,,,,tto,0,4,0.0,19.5,by_country,2026-07-27 13:03:02
147954,2026-07-27,2025-11-29,,,,tun,0,2,0.0,28.0,by_country,2026-07-27 13:03:02
147955,2026-07-27,2025-11-29,,,,tur,0,32,0.0,21.5,by_country,2026-07-27 13:03:02
147956,2026-07-27,2025-11-29,,,,tza,0,1,0.0,23.0,by_country,2026-07-27 13:03:02
147957,2026-07-27,2025-11-29,,,,uga,0,1,0.0,5.0,by_country,2026-07-27 13:03:02
147958,2026-07-27,2025-11-29,,,,ukr,0,11,0.0,15.545454545454545,by_country,2026-07-27 13:03:02
147959,2026-07-27,2025-11-29,,,,ury,0,9,0.0,17.0,by_country,2026-07-27 13:03:02
147960,2026-07-27,2025-11-29,,,,uzb,0,11,0.0,20.727272727272727,by_country,2026-07-27 13:03:02
147961,2026-07-27,2025-11-29,,,,ven,0,18,0.0,16.5,by_country,2026-07-27 13:03:02
147962,2026-07-27,2025-11-29,,,,vnm,0,82,0.0,24.9390243902439,by_country,2026-07-27 13:03:02
147963,2026-07-27,2025-11-29,,,,zaf,0,28,0.0,20.285714285714285,by_country,2026-07-27 13:03:02
147964,2026-07-27,2025-11-29,,,,zzz,0,14,0.0,13.142857142857142,by_country,2026-07-27 13:03:02
137208,2026-07-27,2025-10-30,,,,chn,61,2813,0.021685033771773908,8.182723071453964,by_country,2026-07-27 13:02:47
137209,2026-07-27,2025-10-30,,,,hkg,47,1429,0.032890132960111965,12.884534639608118,by_country,2026-07-27 13:02:47
137210,2026-07-27,2025-10-30,,,,twn,24,1169,0.020530367835757058,9.428571428571429,by_country,2026-07-27 13:02:47
137211,2026-07-27,2025-10-30,,,,sgp,12,688,0.01744186046511628,11.027616279069768,by_country,2026-07-27 13:02:47
137212,2026-07-27,2025-10-30,,,,usa,10,1457,0.0068634179821551134,12.959505833905284,by_country,2026-07-27 13:02:47
137213,2026-07-27,2025-10-30,,,,jpn,8,502,0.01593625498007968,10.601593625498008,by_country,2026-07-27 13:02:47
137214,2026-07-27,2025-10-30,,,,kor,5,241,0.02074688796680498,16.730290456431533,by_country,2026-07-27 13:02:47
137215,2026-07-27,2025-10-30,,,,mys,5,278,0.017985611510791366,15.60431654676259,by_country,2026-07-27 13:02:47
137216,2026-07-27,2025-10-30,,,,gbr,4,60,0.06666666666666667,9.066666666666666,by_country,2026-07-27 13:02:47
137217,2026-07-27,2025-10-30,,,,can,2,55,0.03636363636363636,11.436363636363636,by_country,2026-07-27 13:02:47
137218,2026-07-27,2025-10-30,,,,khm,2,93,0.021505376344086023,8.344086021505376,by_country,2026-07-27 13:02:47
137219,2026-07-27,2025-10-30,,,,mmr,2,33,0.06060606060606061,13.272727272727273,by_country,2026-07-27 13:02:47
137220,2026-07-27,2025-10-30,,,,che,1,13,0.07692307692307693,8.23076923076923,by_country,2026-07-27 13:02:47
137221,2026-07-27,2025-10-30,,,,deu,1,26,0.038461538461538464,10.153846153846153,by_country,2026-07-27 13:02:47
137222,2026-07-27,2025-10-30,,,,fra,1,50,0.02,8.26,by_country,2026-07-27 13:02:47
137223,2026-07-27,2025-10-30,,,,ind,1,235,0.00425531914893617,23.374468085106383,by_country,2026-07-27 13:02:47
137224,2026-07-27,2025-10-30,,,,nzl,1,26,0.038461538461538464,10.384615384615385,by_country,2026-07-27 13:02:47
137225,2026-07-27,2025-10-30,,,,vnm,1,191,0.005235602094240838,22.670157068062828,by_country,2026-07-27 13:02:47
137226,2026-07-27,2025-10-30,,,,afg,0,1,0.0,4.0,by_country,2026-07-27 13:02:47
137227,2026-07-27,2025-10-30,,,,ago,0,2,0.0,27.0,by_country,2026-07-27 13:02:47
137228,2026-07-27,2025-10-30,,,,alb,0,5,0.0,22.4,by_country,2026-07-27 13:02:47
137229,2026-07-27,2025-10-30,,,,and,0,2,0.0,4.5,by_country,2026-07-27 13:02:47
137230,2026-07-27,2025-10-30,,,,are,0,30,0.0,23.933333333333334,by_country,2026-07-27 13:02:47
137231,2026-07-27,2025-10-30,,,,arg,0,58,0.0,28.620689655172413,by_country,2026-07-27 13:02:47
137232,2026-07-27,2025-10-30,,,,arm,0,4,0.0,27.75,by_country,2026-07-27 13:02:47
137233,2026-07-27,2025-10-30,,,,aus,0,183,0.0,42.36612021857923,by_country,2026-07-27 13:02:47
137234,2026-07-27,2025-10-30,,,,aut,0,8,0.0,13.0,by_country,2026-07-27 13:02:47
137235,2026-07-27,2025-10-30,,,,aze,0,3,0.0,26.0,by_country,2026-07-27 13:02:47
137236,2026-07-27,2025-10-30,,,,bel,0,6,0.0,6.333333333333333,by_country,2026-07-27 13:02:47
137237,2026-07-27,2025-10-30,,,,bgd,0,39,0.0,15.615384615384615,by_country,2026-07-27 13:02:47
137238,2026-07-27,2025-10-30,,,,bgr,0,4,0.0,21.25,by_country,2026-07-27 13:02:47
137239,2026-07-27,2025-10-30,,,,bhr,0,8,0.0,14.0,by_country,2026-07-27 13:02:47
137240,2026-07-27,2025-10-30,,,,bhs,0,3,0.0,8.666666666666668,by_country,2026-07-27 13:02:47
137241,2026-07-27,2025-10-30,,,,bih,0,2,0.0,16.0,by_country,2026-07-27 13:02:47
137242,2026-07-27,2025-10-30,,,,blr,0,8,0.0,8.25,by_country,2026-07-27 13:02:47
137243,2026-07-27,2025-10-30,,,,bol,0,12,0.0,26.583333333333332,by_country,2026-07-27 13:02:47
137244,2026-07-27,2025-10-30,,,,bra,0,347,0.0,23.014409221902017,by_country,2026-07-27 13:02:47
137245,2026-07-27,2025-10-30,,,,brb,0,2,0.0,35.0,by_country,2026-07-27 13:02:47
137246,2026-07-27,2025-10-30,,,,brn,0,10,0.0,8.4,by_country,2026-07-27 13:02:47
137247,2026-07-27,2025-10-30,,,,btn,0,4,0.0,4.75,by_country,2026-07-27 13:02:47
137248,2026-07-27,2025-10-30,,,,bwa,0,1,0.0,12.0,by_country,2026-07-27 13:02:47
137249,2026-07-27,2025-10-30,,,,chl,0,13,0.0,25.53846153846154,by_country,2026-07-27 13:02:47
137250,2026-07-27,2025-10-30,,,,civ,0,1,0.0,12.0,by_country,2026-07-27 13:02:47
137251,2026-07-27,2025-10-30,,,,cmr,0,1,0.0,6.0,by_country,2026-07-27 13:02:47
137252,2026-07-27,2025-10-30,,,,col,0,19,0.0,37.73684210526316,by_country,2026-07-27 13:02:47
137253,2026-07-27,2025-10-30,,,,cri,0,3,0.0,40.666666666666664,by_country,2026-07-27 13:02:47
137254,2026-07-27,2025-10-30,,,,cyp,0,4,0.0,7.5,by_country,2026-07-27 13:02:47
137255,2026-07-27,2025-10-30,,,,cze,0,12,0.0,10.083333333333334,by_country,2026-07-27 13:02:47
137256,2026-07-27,2025-10-30,,,,dnk,0,6,0.0,7.0,by_country,2026-07-27 13:02:47
137257,2026-07-27,2025-10-30,,,,dom,0,3,0.0,9.333333333333334,by_country,2026-07-27 13:02:47
137258,2026-07-27,2025-10-30,,,,dza,0,12,0.0,35.0,by_country,2026-07-27 13:02:47
137259,2026-07-27,2025-10-30,,,,ecu,0,16,0.0,27.0,by_country,2026-07-27 13:02:47
137260,2026-07-27,2025-10-30,,,,egy,0,24,0.0,27.208333333333332,by_country,2026-07-27 13:02:47
137261,2026-07-27,2025-10-30,,,,esh,0,2,0.0,29.0,by_country,2026-07-27 13:02:47
137262,2026-07-27,2025-10-30,,,,esp,0,12,0.0,6.916666666666667,by_country,2026-07-27 13:02:47
137263,2026-07-27,2025-10-30,,,,est,0,4,0.0,4.25,by_country,2026-07-27 13:02:47
137264,2026-07-27,2025-10-30,,,,eth,0,8,0.0,24.125,by_country,2026-07-27 13:02:47
137265,2026-07-27,2025-10-30,,,,fin,0,5,0.0,7.4,by_country,2026-07-27 13:02:47
137266,2026-07-27,2025-10-30,,,,gab,0,2,0.0,8.5,by_country,2026-07-27 13:02:47
137267,2026-07-27,2025-10-30,,,,geo,0,4,0.0,5.0,by_country,2026-07-27 13:02:47
137268,2026-07-27,2025-10-30,,,,gnb,0,1,0.0,17.0,by_country,2026-07-27 13:02:47
137269,2026-07-27,2025-10-30,,,,grc,0,8,0.0,6.375,by_country,2026-07-27 13:02:47
137270,2026-07-27,2025-10-30,,,,gtm,0,4,0.0,59.5,by_country,2026-07-27 13:02:47
137271,2026-07-27,2025-10-30,,,,gum,0,1,0.0,10.0,by_country,2026-07-27 13:02:47
137272,2026-07-27,2025-10-30,,,,hrv,0,3,0.0,4.0,by_country,2026-07-27 13:02:47
137273,2026-07-27,2025-10-30,,,,hun,0,4,0.0,5.5,by_country,2026-07-27 13:02:47
137274,2026-07-27,2025-10-30,,,,idn,0,150,0.0,19.086666666666666,by_country,2026-07-27 13:02:47
137275,2026-07-27,2025-10-30,,,,irl,0,11,0.0,8.181818181818182,by_country,2026-07-27 13:02:47
137276,2026-07-27,2025-10-30,,,,irn,0,10,0.0,23.4,by_country,2026-07-27 13:02:47
137277,2026-07-27,2025-10-30,,,,irq,0,70,0.0,25.685714285714287,by_country,2026-07-27 13:02:47
137278,2026-07-27,2025-10-30,,,,isl,0,3,0.0,7.666666666666667,by_country,2026-07-27 13:02:47
137279,2026-07-27,2025-10-30,,,,isr,0,9,0.0,37.77777777777778,by_country,2026-07-27 13:02:47
137280,2026-07-27,2025-10-30,,,,ita,0,38,0.0,20.07894736842105,by_country,2026-07-27 13:02:47
137281,2026-07-27,2025-10-30,,,,jam,0,5,0.0,32.0,by_country,2026-07-27 13:02:47
137282,2026-07-27,2025-10-30,,,,jor,0,22,0.0,40.27272727272727,by_country,2026-07-27 13:02:47
137283,2026-07-27,2025-10-30,,,,kaz,0,13,0.0,25.76923076923077,by_country,2026-07-27 13:02:47
137284,2026-07-27,2025-10-30,,,,ken,0,16,0.0,33.625,by_country,2026-07-27 13:02:47
137285,2026-07-27,2025-10-30,,,,kgz,0,3,0.0,58.666666666666664,by_country,2026-07-27 13:02:47
137286,2026-07-27,2025-10-30,,,,kwt,0,4,0.0,30.75,by_country,2026-07-27 13:02:47
137287,2026-07-27,2025-10-30,,,,lao,0,16,0.0,8.125,by_country,2026-07-27 13:02:47
137288,2026-07-27,2025-10-30,,,,lbn,0,6,0.0,20.0,by_country,2026-07-27 13:02:47
137289,2026-07-27,2025-10-30,,,,lby,0,3,0.0,9.0,by_country,2026-07-27 13:02:47
137290,2026-07-27,2025-10-30,,,,lka,0,7,0.0,11.857142857142858,by_country,2026-07-27 13:02:47
137291,2026-07-27,2025-10-30,,,,lso,0,1,0.0,5.0,by_country,2026-07-27 13:02:47
137292,2026-07-27,2025-10-30,,,,ltu,0,3,0.0,7.0,by_country,2026-07-27 13:02:47
137293,2026-07-27,2025-10-30,,,,lux,0,3,0.0,9.0,by_country,2026-07-27 13:02:47
137294,2026-07-27,2025-10-30,,,,lva,0,2,0.0,5.0,by_country,2026-07-27 13:02:47
137295,2026-07-27,2025-10-30,,,,mac,0,49,0.0,7.142857142857143,by_country,2026-07-27 13:02:47
137296,2026-07-27,2025-10-30,,,,mar,0,36,0.0,36.138888888888886,by_country,2026-07-27 13:02:47
137297,2026-07-27,2025-10-30,,,,mda,0,9,0.0,11.0,by_country,2026-07-27 13:02:47
137298,2026-07-27,2025-10-30,,,,mdv,0,12,0.0,8.833333333333332,by_country,2026-07-27 13:02:47
137299,2026-07-27,2025-10-30,,,,mex,0,53,0.0,11.415094339622641,by_country,2026-07-27 13:02:47
137300,2026-07-27,2025-10-30,,,,mkd,0,10,0.0,6.7,by_country,2026-07-27 13:02:47
137301,2026-07-27,2025-10-30,,,,mlt,0,4,0.0,7.0,by_country,2026-07-27 13:02:47
137302,2026-07-27,2025-10-30,,,,mne,0,6,0.0,6.0,by_country,2026-07-27 13:02:47
137303,2026-07-27,2025-10-30,,,,mng,0,19,0.0,12.368421052631579,by_country,2026-07-27 13:02:47
137304,2026-07-27,2025-10-30,,,,mrt,0,10,0.0,6.2,by_country,2026-07-27 13:02:47
137305,2026-07-27,2025-10-30,,,,nga,0,5,0.0,56.8,by_country,2026-07-27 13:02:47
137306,2026-07-27,2025-10-30,,,,nic,0,1,0.0,3.0,by_country,2026-07-27 13:02:47
137307,2026-07-27,2025-10-30,,,,nld,0,18,0.0,11.055555555555555,by_country,2026-07-27 13:02:47
137308,2026-07-27,2025-10-30,,,,nor,0,7,0.0,12.857142857142858,by_country,2026-07-27 13:02:47
137309,2026-07-27,2025-10-30,,,,npl,0,25,0.0,15.96,by_country,2026-07-27 13:02:47
137310,2026-07-27,2025-10-30,,,,omn,0,8,0.0,11.625,by_country,2026-07-27 13:02:47
137311,2026-07-27,2025-10-30,,,,pak,0,58,0.0,29.32758620689655,by_country,2026-07-27 13:02:47
137312,2026-07-27,2025-10-30,,,,pan,0,2,0.0,9.0,by_country,2026-07-27 13:02:47
137313,2026-07-27,2025-10-30,,,,per,0,13,0.0,16.923076923076923,by_country,2026-07-27 13:02:47
137314,2026-07-27,2025-10-30,,,,phl,0,191,0.0,25.586387434554975,by_country,2026-07-27 13:02:47
137315,2026-07-27,2025-10-30,,,,pol,0,7,0.0,5.857142857142857,by_country,2026-07-27 13:02:47
137316,2026-07-27,2025-10-30,,,,prt,0,9,0.0,5.777777777777778,by_country,2026-07-27 13:02:47
137317,2026-07-27,2025-10-30,,,,pry,0,7,0.0,19.571428571428573,by_country,2026-07-27 13:02:47
137318,2026-07-27,2025-10-30,,,,pse,0,6,0.0,15.0,by_country,2026-07-27 13:02:47
137319,2026-07-27,2025-10-30,,,,qat,0,7,0.0,10.142857142857142,by_country,2026-07-27 13:02:47
137320,2026-07-27,2025-10-30,,,,rou,0,8,0.0,11.0,by_country,2026-07-27 13:02:47
137321,2026-07-27,2025-10-30,,,,rus,0,27,0.0,12.925925925925926,by_country,2026-07-27 13:02:47
137322,2026-07-27,2025-10-30,,,,sau,0,44,0.0,18.068181818181817,by_country,2026-07-27 13:02:47
137323,2026-07-27,2025-10-30,,,,sen,0,5,0.0,61.4,by_country,2026-07-27 13:02:47
137324,2026-07-27,2025-10-30,,,,slv,0,4,0.0,17.0,by_country,2026-07-27 13:02:47
137325,2026-07-27,2025-10-30,,,,srb,0,8,0.0,6.625,by_country,2026-07-27 13:02:47
137326,2026-07-27,2025-10-30,,,,svk,0,6,0.0,6.833333333333333,by_country,2026-07-27 13:02:47
137327,2026-07-27,2025-10-30,,,,svn,0,4,0.0,6.0,by_country,2026-07-27 13:02:47
137328,2026-07-27,2025-10-30,,,,swe,0,12,0.0,5.833333333333333,by_country,2026-07-27 13:02:47
137329,2026-07-27,2025-10-30,,,,syc,0,82,0.0,6.902439024390244,by_country,2026-07-27 13:02:47
137330,2026-07-27,2025-10-30,,,,syr,0,11,0.0,22.181818181818183,by_country,2026-07-27 13:02:47
137331,2026-07-27,2025-10-30,,,,tha,0,182,0.0,19.521978021978022,by_country,2026-07-27 13:02:47
137332,2026-07-27,2025-10-30,,,,tto,0,2,0.0,26.5,by_country,2026-07-27 13:02:47
137333,2026-07-27,2025-10-30,,,,tun,0,5,0.0,29.8,by_country,2026-07-27 13:02:47
137334,2026-07-27,2025-10-30,,,,tur,0,30,0.0,16.633333333333333,by_country,2026-07-27 13:02:47
137335,2026-07-27,2025-10-30,,,,tza,0,1,0.0,31.0,by_country,2026-07-27 13:02:47
137336,2026-07-27,2025-10-30,,,,uga,0,2,0.0,13.0,by_country,2026-07-27 13:02:47
137337,2026-07-27,2025-10-30,,,,ukr,0,12,0.0,19.416666666666668,by_country,2026-07-27 13:02:47
137338,2026-07-27,2025-10-30,,,,ury,0,7,0.0,29.142857142857142,by_country,2026-07-27 13:02:47
137339,2026-07-27,2025-10-30,,,,uzb,0,14,0.0,16.642857142857142,by_country,2026-07-27 13:02:47
137340,2026-07-27,2025-10-30,,,,ven,0,7,0.0,27.428571428571427,by_country,2026-07-27 13:02:47
137341,2026-07-27,2025-10-30,,,,xkk,0,2,0.0,65.5,by_country,2026-07-27 13:02:47
137342,2026-07-27,2025-10-30,,,,zaf,0,45,0.0,41.06666666666667,by_country,2026-07-27 13:02:47
137343,2026-07-27,2025-10-30,,,,zmb,0,1,0.0,2.0,by_country,2026-07-27 13:02:47
137344,2026-07-27,2025-10-30,,,,zzz,0,31,0.0,6.096774193548387,by_country,2026-07-27 13:02:47
129432,2026-07-27,2025-09-30,,,,hkg,47,1131,0.04155614500442087,15.50839964633068,by_country,2026-07-27 13:02:32
129433,2026-07-27,2025-09-30,,,,chn,39,1701,0.02292768959435626,10.956496178718401,by_country,2026-07-27 13:02:32
129434,2026-07-27,2025-09-30,,,,twn,31,1026,0.030214424951267055,9.869395711500974,by_country,2026-07-27 13:02:32
129435,2026-07-27,2025-09-30,,,,jpn,15,308,0.048701298701298704,9.087662337662337,by_country,2026-07-27 13:02:32
129436,2026-07-27,2025-09-30,,,,usa,11,1420,0.007746478873239437,13.432394366197183,by_country,2026-07-27 13:02:32
129437,2026-07-27,2025-09-30,,,,sgp,8,535,0.014953271028037384,8.297196261682242,by_country,2026-07-27 13:02:32
129438,2026-07-27,2025-09-30,,,,gbr,4,68,0.058823529411764705,10.308823529411764,by_country,2026-07-27 13:02:32
129439,2026-07-27,2025-09-30,,,,kor,4,63,0.06349206349206349,7.380952380952381,by_country,2026-07-27 13:02:32
129440,2026-07-27,2025-09-30,,,,mac,4,35,0.11428571428571428,7.6,by_country,2026-07-27 13:02:32
129441,2026-07-27,2025-09-30,,,,khm,3,55,0.05454545454545454,8.345454545454546,by_country,2026-07-27 13:02:32
129442,2026-07-27,2025-09-30,,,,mys,3,134,0.022388059701492536,8.932835820895523,by_country,2026-07-27 13:02:32
129443,2026-07-27,2025-09-30,,,,pak,2,39,0.05128205128205128,16.743589743589745,by_country,2026-07-27 13:02:32
129444,2026-07-27,2025-09-30,,,,blr,1,5,0.2,17.4,by_country,2026-07-27 13:02:32
129445,2026-07-27,2025-09-30,,,,can,1,51,0.0196078431372549,11.294117647058824,by_country,2026-07-27 13:02:32
129446,2026-07-27,2025-09-30,,,,cri,1,7,0.14285714285714285,18.142857142857142,by_country,2026-07-27 13:02:32
129447,2026-07-27,2025-09-30,,,,fra,1,29,0.034482758620689655,9.931034482758621,by_country,2026-07-27 13:02:32
129448,2026-07-27,2025-09-30,,,,nld,1,15,0.06666666666666667,7.133333333333334,by_country,2026-07-27 13:02:32
129449,2026-07-27,2025-09-30,,,,nzl,1,15,0.06666666666666667,6.266666666666667,by_country,2026-07-27 13:02:32
129450,2026-07-27,2025-09-30,,,,rus,1,30,0.03333333333333333,11.333333333333334,by_country,2026-07-27 13:02:32
129451,2026-07-27,2025-09-30,,,,tha,1,49,0.02040816326530612,8.959183673469388,by_country,2026-07-27 13:02:32
129452,2026-07-27,2025-09-30,,,,ago,0,1,0.0,12.0,by_country,2026-07-27 13:02:32
129453,2026-07-27,2025-09-30,,,,alb,0,9,0.0,13.777777777777779,by_country,2026-07-27 13:02:32
129454,2026-07-27,2025-09-30,,,,are,0,29,0.0,15.379310344827585,by_country,2026-07-27 13:02:32
129455,2026-07-27,2025-09-30,,,,arg,0,24,0.0,21.25,by_country,2026-07-27 13:02:32
129456,2026-07-27,2025-09-30,,,,arm,0,2,0.0,5.5,by_country,2026-07-27 13:02:32
129457,2026-07-27,2025-09-30,,,,aus,0,104,0.0,56.52884615384615,by_country,2026-07-27 13:02:32
129458,2026-07-27,2025-09-30,,,,aut,0,6,0.0,5.5,by_country,2026-07-27 13:02:32
129459,2026-07-27,2025-09-30,,,,aze,0,4,0.0,17.75,by_country,2026-07-27 13:02:32
129460,2026-07-27,2025-09-30,,,,bel,0,4,0.0,19.25,by_country,2026-07-27 13:02:32
129461,2026-07-27,2025-09-30,,,,ben,0,1,0.0,42.0,by_country,2026-07-27 13:02:32
129462,2026-07-27,2025-09-30,,,,bgd,0,6,0.0,7.0,by_country,2026-07-27 13:02:32
129463,2026-07-27,2025-09-30,,,,bgr,0,7,0.0,8.285714285714285,by_country,2026-07-27 13:02:32
129464,2026-07-27,2025-09-30,,,,bhr,0,7,0.0,9.714285714285714,by_country,2026-07-27 13:02:32
129465,2026-07-27,2025-09-30,,,,bih,0,1,0.0,2.0,by_country,2026-07-27 13:02:32
129466,2026-07-27,2025-09-30,,,,bol,0,2,0.0,21.0,by_country,2026-07-27 13:02:32
129467,2026-07-27,2025-09-30,,,,bra,0,262,0.0,17.099236641221374,by_country,2026-07-27 13:02:32
129468,2026-07-27,2025-09-30,,,,brb,0,2,0.0,30.0,by_country,2026-07-27 13:02:32
129469,2026-07-27,2025-09-30,,,,brn,0,3,0.0,5.333333333333333,by_country,2026-07-27 13:02:32
129470,2026-07-27,2025-09-30,,,,btn,0,1,0.0,2.0,by_country,2026-07-27 13:02:32
129471,2026-07-27,2025-09-30,,,,che,0,8,0.0,6.375,by_country,2026-07-27 13:02:32
129472,2026-07-27,2025-09-30,,,,chl,0,7,0.0,17.142857142857142,by_country,2026-07-27 13:02:32
129473,2026-07-27,2025-09-30,,,,civ,0,4,0.0,19.25,by_country,2026-07-27 13:02:32
129474,2026-07-27,2025-09-30,,,,cog,0,2,0.0,6.0,by_country,2026-07-27 13:02:32
129475,2026-07-27,2025-09-30,,,,col,0,10,0.0,17.0,by_country,2026-07-27 13:02:32
129476,2026-07-27,2025-09-30,,,,cyp,0,3,0.0,8.666666666666668,by_country,2026-07-27 13:02:32
129477,2026-07-27,2025-09-30,,,,cze,0,7,0.0,7.142857142857143,by_country,2026-07-27 13:02:32
129478,2026-07-27,2025-09-30,,,,deu,0,43,0.0,7.046511627906977,by_country,2026-07-27 13:02:32
129479,2026-07-27,2025-09-30,,,,dnk,0,2,0.0,65.5,by_country,2026-07-27 13:02:32
129480,2026-07-27,2025-09-30,,,,dom,0,6,0.0,19.0,by_country,2026-07-27 13:02:32
129481,2026-07-27,2025-09-30,,,,dza,0,12,0.0,27.833333333333332,by_country,2026-07-27 13:02:32
129482,2026-07-27,2025-09-30,,,,ecu,0,17,0.0,19.176470588235293,by_country,2026-07-27 13:02:32
129483,2026-07-27,2025-09-30,,,,egy,0,5,0.0,17.8,by_country,2026-07-27 13:02:32
129484,2026-07-27,2025-09-30,,,,esp,0,13,0.0,12.0,by_country,2026-07-27 13:02:32
129485,2026-07-27,2025-09-30,,,,est,0,4,0.0,6.25,by_country,2026-07-27 13:02:32
129486,2026-07-27,2025-09-30,,,,eth,0,19,0.0,27.05263157894737,by_country,2026-07-27 13:02:32
129487,2026-07-27,2025-09-30,,,,fin,0,5,0.0,11.2,by_country,2026-07-27 13:02:32
129488,2026-07-27,2025-09-30,,,,gab,0,2,0.0,35.5,by_country,2026-07-27 13:02:32
129489,2026-07-27,2025-09-30,,,,geo,0,1,0.0,3.0,by_country,2026-07-27 13:02:32
129490,2026-07-27,2025-09-30,,,,gha,0,5,0.0,33.0,by_country,2026-07-27 13:02:32
129491,2026-07-27,2025-09-30,,,,glp,0,1,0.0,7.0,by_country,2026-07-27 13:02:32
129492,2026-07-27,2025-09-30,,,,gnb,0,1,0.0,17.0,by_country,2026-07-27 13:02:32
129493,2026-07-27,2025-09-30,,,,grc,0,5,0.0,21.2,by_country,2026-07-27 13:02:32
129494,2026-07-27,2025-09-30,,,,gum,0,1,0.0,6.0,by_country,2026-07-27 13:02:32
129495,2026-07-27,2025-09-30,,,,guy,0,1,0.0,38.0,by_country,2026-07-27 13:02:32
129496,2026-07-27,2025-09-30,,,,hnd,0,1,0.0,49.0,by_country,2026-07-27 13:02:32
129497,2026-07-27,2025-09-30,,,,hrv,0,2,0.0,4.5,by_country,2026-07-27 13:02:32
129498,2026-07-27,2025-09-30,,,,hun,0,5,0.0,8.0,by_country,2026-07-27 13:02:32
129499,2026-07-27,2025-09-30,,,,idn,0,24,0.0,12.5,by_country,2026-07-27 13:02:32
129500,2026-07-27,2025-09-30,,,,ind,0,38,0.0,5.552631578947368,by_country,2026-07-27 13:02:32
129501,2026-07-27,2025-09-30,,,,irl,0,5,0.0,6.8,by_country,2026-07-27 13:02:32
129502,2026-07-27,2025-09-30,,,,irn,0,6,0.0,8.666666666666668,by_country,2026-07-27 13:02:32
129503,2026-07-27,2025-09-30,,,,irq,0,54,0.0,22.72222222222222,by_country,2026-07-27 13:02:32
129504,2026-07-27,2025-09-30,,,,isl,0,2,0.0,6.5,by_country,2026-07-27 13:02:32
129505,2026-07-27,2025-09-30,,,,isr,0,6,0.0,23.833333333333332,by_country,2026-07-27 13:02:32
129506,2026-07-27,2025-09-30,,,,ita,0,23,0.0,11.0,by_country,2026-07-27 13:02:32
129507,2026-07-27,2025-09-30,,,,jam,0,6,0.0,20.166666666666668,by_country,2026-07-27 13:02:32
129508,2026-07-27,2025-09-30,,,,jor,0,14,0.0,25.857142857142858,by_country,2026-07-27 13:02:32
129509,2026-07-27,2025-09-30,,,,kaz,0,5,0.0,8.6,by_country,2026-07-27 13:02:32
129510,2026-07-27,2025-09-30,,,,ken,0,30,0.0,25.466666666666665,by_country,2026-07-27 13:02:32
129511,2026-07-27,2025-09-30,,,,kgz,0,5,0.0,14.2,by_country,2026-07-27 13:02:32
129512,2026-07-27,2025-09-30,,,,kwt,0,4,0.0,30.0,by_country,2026-07-27 13:02:32
129513,2026-07-27,2025-09-30,,,,lao,0,6,0.0,6.333333333333333,by_country,2026-07-27 13:02:32
129514,2026-07-27,2025-09-30,,,,lbn,0,6,0.0,6.166666666666667,by_country,2026-07-27 13:02:32
129515,2026-07-27,2025-09-30,,,,lby,0,2,0.0,26.5,by_country,2026-07-27 13:02:32
129516,2026-07-27,2025-09-30,,,,lka,0,9,0.0,8.88888888888889,by_country,2026-07-27 13:02:32
129517,2026-07-27,2025-09-30,,,,ltu,0,16,0.0,10.9375,by_country,2026-07-27 13:02:32
129518,2026-07-27,2025-09-30,,,,lux,0,3,0.0,3.0,by_country,2026-07-27 13:02:32
129519,2026-07-27,2025-09-30,,,,mar,0,20,0.0,21.1,by_country,2026-07-27 13:02:32
129520,2026-07-27,2025-09-30,,,,mda,0,4,0.0,11.5,by_country,2026-07-27 13:02:32
129521,2026-07-27,2025-09-30,,,,mdv,0,2,0.0,5.5,by_country,2026-07-27 13:02:32
129522,2026-07-27,2025-09-30,,,,mex,0,34,0.0,18.264705882352942,by_country,2026-07-27 13:02:32
129523,2026-07-27,2025-09-30,,,,mkd,0,5,0.0,7.6,by_country,2026-07-27 13:02:32
129524,2026-07-27,2025-09-30,,,,mlt,0,2,0.0,6.0,by_country,2026-07-27 13:02:32
129525,2026-07-27,2025-09-30,,,,mmr,0,10,0.0,15.8,by_country,2026-07-27 13:02:32
129526,2026-07-27,2025-09-30,,,,mne,0,4,0.0,4.75,by_country,2026-07-27 13:02:32
129527,2026-07-27,2025-09-30,,,,mng,0,6,0.0,6.333333333333333,by_country,2026-07-27 13:02:32
129528,2026-07-27,2025-09-30,,,,moz,0,1,0.0,6.0,by_country,2026-07-27 13:02:32
129529,2026-07-27,2025-09-30,,,,mrt,0,2,0.0,3.0,by_country,2026-07-27 13:02:32
129530,2026-07-27,2025-09-30,,,,mwi,0,3,0.0,9.0,by_country,2026-07-27 13:02:32
129531,2026-07-27,2025-09-30,,,,nga,0,7,0.0,7.857142857142857,by_country,2026-07-27 13:02:32
129532,2026-07-27,2025-09-30,,,,nic,0,1,0.0,25.0,by_country,2026-07-27 13:02:32
129533,2026-07-27,2025-09-30,,,,nor,0,4,0.0,22.0,by_country,2026-07-27 13:02:32
129534,2026-07-27,2025-09-30,,,,npl,0,7,0.0,12.857142857142858,by_country,2026-07-27 13:02:32
129535,2026-07-27,2025-09-30,,,,omn,0,12,0.0,15.75,by_country,2026-07-27 13:02:32
129536,2026-07-27,2025-09-30,,,,pan,0,5,0.0,26.6,by_country,2026-07-27 13:02:32
129537,2026-07-27,2025-09-30,,,,per,0,3,0.0,17.666666666666668,by_country,2026-07-27 13:02:32
129538,2026-07-27,2025-09-30,,,,phl,0,41,0.0,15.707317073170731,by_country,2026-07-27 13:02:32
129539,2026-07-27,2025-09-30,,,,pol,0,5,0.0,9.2,by_country,2026-07-27 13:02:32
129540,2026-07-27,2025-09-30,,,,prt,0,3,0.0,8.666666666666668,by_country,2026-07-27 13:02:32
129541,2026-07-27,2025-09-30,,,,pry,0,8,0.0,26.125,by_country,2026-07-27 13:02:32
129542,2026-07-27,2025-09-30,,,,qat,0,9,0.0,11.0,by_country,2026-07-27 13:02:32
129543,2026-07-27,2025-09-30,,,,rou,0,7,0.0,16.57142857142857,by_country,2026-07-27 13:02:32
129544,2026-07-27,2025-09-30,,,,sau,0,29,0.0,22.03448275862069,by_country,2026-07-27 13:02:32
129545,2026-07-27,2025-09-30,,,,sen,0,4,0.0,24.0,by_country,2026-07-27 13:02:32
129546,2026-07-27,2025-09-30,,,,slv,0,1,0.0,12.0,by_country,2026-07-27 13:02:32
129547,2026-07-27,2025-09-30,,,,smr,0,1,0.0,4.0,by_country,2026-07-27 13:02:32
129548,2026-07-27,2025-09-30,,,,srb,0,6,0.0,13.166666666666666,by_country,2026-07-27 13:02:32
129549,2026-07-27,2025-09-30,,,,svk,0,2,0.0,3.0,by_country,2026-07-27 13:02:32
129550,2026-07-27,2025-09-30,,,,svn,0,6,0.0,5.333333333333333,by_country,2026-07-27 13:02:32
129551,2026-07-27,2025-09-30,,,,swe,0,4,0.0,6.5,by_country,2026-07-27 13:02:32
129552,2026-07-27,2025-09-30,,,,syc,0,121,0.0,6.735537190082645,by_country,2026-07-27 13:02:32
129553,2026-07-27,2025-09-30,,,,syr,0,11,0.0,18.363636363636363,by_country,2026-07-27 13:02:32
129554,2026-07-27,2025-09-30,,,,tjk,0,1,0.0,20.0,by_country,2026-07-27 13:02:32
129555,2026-07-27,2025-09-30,,,,tto,0,6,0.0,28.166666666666668,by_country,2026-07-27 13:02:32
129556,2026-07-27,2025-09-30,,,,tun,0,10,0.0,20.2,by_country,2026-07-27 13:02:32
129557,2026-07-27,2025-09-30,,,,tur,0,46,0.0,22.282608695652176,by_country,2026-07-27 13:02:32
129558,2026-07-27,2025-09-30,,,,tza,0,1,0.0,12.0,by_country,2026-07-27 13:02:32
129559,2026-07-27,2025-09-30,,,,uga,0,1,0.0,8.0,by_country,2026-07-27 13:02:32
129560,2026-07-27,2025-09-30,,,,ukr,0,18,0.0,19.444444444444443,by_country,2026-07-27 13:02:32
129561,2026-07-27,2025-09-30,,,,ury,0,9,0.0,23.22222222222222,by_country,2026-07-27 13:02:32
129562,2026-07-27,2025-09-30,,,,uzb,0,13,0.0,20.384615384615383,by_country,2026-07-27 13:02:32
129563,2026-07-27,2025-09-30,,,,ven,0,22,0.0,32.22727272727273,by_country,2026-07-27 13:02:32
129564,2026-07-27,2025-09-30,,,,vnm,0,51,0.0,12.0,by_country,2026-07-27 13:02:32
129565,2026-07-27,2025-09-30,,,,xkk,0,1,0.0,9.0,by_country,2026-07-27 13:02:32
129566,2026-07-27,2025-09-30,,,,zaf,0,39,0.0,18.025641025641026,by_country,2026-07-27 13:02:32
129567,2026-07-27,2025-09-30,,,,zmb,0,3,0.0,21.0,by_country,2026-07-27 13:02:32
129568,2026-07-27,2025-09-30,,,,zzz,0,21,0.0,6.571428571428571,by_country,2026-07-27 13:02:32
118770,2026-07-27,2025-08-31,,,,chn,69,1361,0.050698016164584865,16.157972079353417,by_country,2026-07-27 13:02:17
118771,2026-07-27,2025-08-31,,,,hkg,36,1161,0.031007751937984496,27.88027562446167,by_country,2026-07-27 13:02:17
118772,2026-07-27,2025-08-31,,,,twn,25,964,0.025933609958506226,25.977178423236513,by_country,2026-07-27 13:02:17
118773,2026-07-27,2025-08-31,,,,sgp,16,491,0.032586558044806514,17.69246435845214,by_country,2026-07-27 13:02:17
118774,2026-07-27,2025-08-31,,,,usa,15,2294,0.006538796861377506,32.61290322580645,by_country,2026-07-27 13:02:17
118775,2026-07-27,2025-08-31,,,,jpn,10,403,0.02481389578163772,13.915632754342433,by_country,2026-07-27 13:02:17
118776,2026-07-27,2025-08-31,,,,khm,6,73,0.0821917808219178,10.246575342465754,by_country,2026-07-27 13:02:17
118777,2026-07-27,2025-08-31,,,,mac,4,41,0.0975609756097561,6.414634146341464,by_country,2026-07-27 13:02:17
118778,2026-07-27,2025-08-31,,,,mys,4,106,0.03773584905660377,13.245283018867925,by_country,2026-07-27 13:02:17
118779,2026-07-27,2025-08-31,,,,phl,3,37,0.08108108108108109,14.621621621621621,by_country,2026-07-27 13:02:17
118780,2026-07-27,2025-08-31,,,,aus,1,237,0.004219409282700422,59.962025316455694,by_country,2026-07-27 13:02:17
118781,2026-07-27,2025-08-31,,,,bra,1,277,0.0036101083032490976,25.101083032490976,by_country,2026-07-27 13:02:17
118782,2026-07-27,2025-08-31,,,,can,1,225,0.0044444444444444444,41.23111111111111,by_country,2026-07-27 13:02:17
118783,2026-07-27,2025-08-31,,,,fra,1,32,0.03125,13.96875,by_country,2026-07-27 13:02:17
118784,2026-07-27,2025-08-31,,,,gbr,1,134,0.007462686567164179,36.67164179104478,by_country,2026-07-27 13:02:17
118785,2026-07-27,2025-08-31,,,,gtm,1,2,0.5,27.0,by_country,2026-07-27 13:02:17
118786,2026-07-27,2025-08-31,,,,hun,1,2,0.5,10.5,by_country,2026-07-27 13:02:17
118787,2026-07-27,2025-08-31,,,,ind,1,70,0.014285714285714285,17.728571428571428,by_country,2026-07-27 13:02:17
118788,2026-07-27,2025-08-31,,,,ita,1,23,0.043478260869565216,21.652173913043477,by_country,2026-07-27 13:02:17
118789,2026-07-27,2025-08-31,,,,nld,1,11,0.09090909090909091,13.0,by_country,2026-07-27 13:02:17
118790,2026-07-27,2025-08-31,,,,nzl,1,15,0.06666666666666667,11.0,by_country,2026-07-27 13:02:17
118791,2026-07-27,2025-08-31,,,,pol,1,7,0.14285714285714285,19.857142857142858,by_country,2026-07-27 13:02:17
118792,2026-07-27,2025-08-31,,,,uga,1,4,0.25,36.75,by_country,2026-07-27 13:02:17
118793,2026-07-27,2025-08-31,,,,zzz,1,9,0.1111111111111111,10.11111111111111,by_country,2026-07-27 13:02:17
118794,2026-07-27,2025-08-31,,,,afg,0,1,0.0,74.0,by_country,2026-07-27 13:02:17
118795,2026-07-27,2025-08-31,,,,ago,0,2,0.0,26.0,by_country,2026-07-27 13:02:17
118796,2026-07-27,2025-08-31,,,,alb,0,2,0.0,45.5,by_country,2026-07-27 13:02:17
118797,2026-07-27,2025-08-31,,,,are,0,22,0.0,16.363636363636363,by_country,2026-07-27 13:02:17
118798,2026-07-27,2025-08-31,,,,arg,0,31,0.0,25.741935483870968,by_country,2026-07-27 13:02:17
118799,2026-07-27,2025-08-31,,,,arm,0,1,0.0,18.0,by_country,2026-07-27 13:02:17
118800,2026-07-27,2025-08-31,,,,aut,0,3,0.0,8.333333333333332,by_country,2026-07-27 13:02:17
118801,2026-07-27,2025-08-31,,,,aze,0,2,0.0,46.5,by_country,2026-07-27 13:02:17
118802,2026-07-27,2025-08-31,,,,bel,0,1,0.0,8.0,by_country,2026-07-27 13:02:17
118803,2026-07-27,2025-08-31,,,,bfa,0,1,0.0,18.0,by_country,2026-07-27 13:02:17
118804,2026-07-27,2025-08-31,,,,bgd,0,5,0.0,13.6,by_country,2026-07-27 13:02:17
118805,2026-07-27,2025-08-31,,,,bgr,0,1,0.0,6.0,by_country,2026-07-27 13:02:17
118806,2026-07-27,2025-08-31,,,,bhr,0,1,0.0,38.0,by_country,2026-07-27 13:02:17
118807,2026-07-27,2025-08-31,,,,blr,0,4,0.0,33.5,by_country,2026-07-27 13:02:17
118808,2026-07-27,2025-08-31,,,,bol,0,3,0.0,43.0,by_country,2026-07-27 13:02:17
118809,2026-07-27,2025-08-31,,,,brb,0,5,0.0,28.4,by_country,2026-07-27 13:02:17
118810,2026-07-27,2025-08-31,,,,che,0,4,0.0,24.25,by_country,2026-07-27 13:02:17
118811,2026-07-27,2025-08-31,,,,chl,0,4,0.0,21.5,by_country,2026-07-27 13:02:17
118812,2026-07-27,2025-08-31,,,,civ,0,5,0.0,10.6,by_country,2026-07-27 13:02:17
118813,2026-07-27,2025-08-31,,,,cog,0,1,0.0,49.0,by_country,2026-07-27 13:02:17
118814,2026-07-27,2025-08-31,,,,col,0,13,0.0,32.84615384615385,by_country,2026-07-27 13:02:17
118815,2026-07-27,2025-08-31,,,,cri,0,5,0.0,24.0,by_country,2026-07-27 13:02:17
118816,2026-07-27,2025-08-31,,,,deu,0,39,0.0,32.69230769230769,by_country,2026-07-27 13:02:17
118817,2026-07-27,2025-08-31,,,,dnk,0,1,0.0,34.0,by_country,2026-07-27 13:02:17
118818,2026-07-27,2025-08-31,,,,dom,0,3,0.0,24.666666666666668,by_country,2026-07-27 13:02:17
118819,2026-07-27,2025-08-31,,,,dza,0,17,0.0,23.352941176470587,by_country,2026-07-27 13:02:17
118820,2026-07-27,2025-08-31,,,,ecu,0,12,0.0,20.833333333333332,by_country,2026-07-27 13:02:17
118821,2026-07-27,2025-08-31,,,,egy,0,12,0.0,23.916666666666668,by_country,2026-07-27 13:02:17
118822,2026-07-27,2025-08-31,,,,esp,0,15,0.0,56.333333333333336,by_country,2026-07-27 13:02:17
118823,2026-07-27,2025-08-31,,,,eth,0,15,0.0,30.8,by_country,2026-07-27 13:02:17
118824,2026-07-27,2025-08-31,,,,fin,0,3,0.0,14.666666666666666,by_country,2026-07-27 13:02:17
118825,2026-07-27,2025-08-31,,,,fji,0,1,0.0,48.0,by_country,2026-07-27 13:02:17
118826,2026-07-27,2025-08-31,,,,geo,0,3,0.0,19.333333333333332,by_country,2026-07-27 13:02:17
118827,2026-07-27,2025-08-31,,,,gha,0,2,0.0,24.0,by_country,2026-07-27 13:02:17
118828,2026-07-27,2025-08-31,,,,grc,0,2,0.0,3.5,by_country,2026-07-27 13:02:17
118829,2026-07-27,2025-08-31,,,,guy,0,1,0.0,6.0,by_country,2026-07-27 13:02:17
118830,2026-07-27,2025-08-31,,,,hnd,0,3,0.0,29.0,by_country,2026-07-27 13:02:17
118831,2026-07-27,2025-08-31,,,,idn,0,36,0.0,32.33333333333333,by_country,2026-07-27 13:02:17
118832,2026-07-27,2025-08-31,,,,irl,0,5,0.0,19.2,by_country,2026-07-27 13:02:17
118833,2026-07-27,2025-08-31,,,,irn,0,2,0.0,39.0,by_country,2026-07-27 13:02:17
118834,2026-07-27,2025-08-31,,,,irq,0,44,0.0,25.204545454545453,by_country,2026-07-27 13:02:17
118835,2026-07-27,2025-08-31,,,,isr,0,6,0.0,42.166666666666664,by_country,2026-07-27 13:02:17
118836,2026-07-27,2025-08-31,,,,jam,0,6,0.0,20.5,by_country,2026-07-27 13:02:17
118837,2026-07-27,2025-08-31,,,,jor,0,6,0.0,27.166666666666668,by_country,2026-07-27 13:02:17
118838,2026-07-27,2025-08-31,,,,kaz,0,8,0.0,20.25,by_country,2026-07-27 13:02:17
118839,2026-07-27,2025-08-31,,,,ken,0,19,0.0,20.05263157894737,by_country,2026-07-27 13:02:17
118840,2026-07-27,2025-08-31,,,,kgz,0,3,0.0,15.666666666666666,by_country,2026-07-27 13:02:17
118841,2026-07-27,2025-08-31,,,,kna,0,1,0.0,5.0,by_country,2026-07-27 13:02:17
118842,2026-07-27,2025-08-31,,,,kor,0,44,0.0,12.613636363636363,by_country,2026-07-27 13:02:17
118843,2026-07-27,2025-08-31,,,,kwt,0,1,0.0,3.0,by_country,2026-07-27 13:02:17
118844,2026-07-27,2025-08-31,,,,lao,0,6,0.0,5.166666666666667,by_country,2026-07-27 13:02:17
118845,2026-07-27,2025-08-31,,,,lbn,0,4,0.0,21.25,by_country,2026-07-27 13:02:17
118846,2026-07-27,2025-08-31,,,,ltu,0,3,0.0,15.0,by_country,2026-07-27 13:02:17
118847,2026-07-27,2025-08-31,,,,lux,0,1,0.0,81.0,by_country,2026-07-27 13:02:17
118848,2026-07-27,2025-08-31,,,,mar,0,7,0.0,27.714285714285715,by_country,2026-07-27 13:02:17
118849,2026-07-27,2025-08-31,,,,mda,0,3,0.0,10.666666666666666,by_country,2026-07-27 13:02:17
118850,2026-07-27,2025-08-31,,,,mex,0,29,0.0,28.724137931034484,by_country,2026-07-27 13:02:17
118851,2026-07-27,2025-08-31,,,,mlt,0,1,0.0,91.0,by_country,2026-07-27 13:02:17
118852,2026-07-27,2025-08-31,,,,mmr,0,9,0.0,14.777777777777779,by_country,2026-07-27 13:02:17
118853,2026-07-27,2025-08-31,,,,moz,0,1,0.0,4.0,by_country,2026-07-27 13:02:17
118854,2026-07-27,2025-08-31,,,,mrt,0,2,0.0,4.0,by_country,2026-07-27 13:02:17
118855,2026-07-27,2025-08-31,,,,mus,0,1,0.0,3.0,by_country,2026-07-27 13:02:17
118856,2026-07-27,2025-08-31,,,,nam,0,1,0.0,4.0,by_country,2026-07-27 13:02:17
118857,2026-07-27,2025-08-31,,,,nga,0,4,0.0,44.0,by_country,2026-07-27 13:02:17
118858,2026-07-27,2025-08-31,,,,nic,0,5,0.0,38.0,by_country,2026-07-27 13:02:17
118859,2026-07-27,2025-08-31,,,,nor,0,2,0.0,44.5,by_country,2026-07-27 13:02:17
118860,2026-07-27,2025-08-31,,,,npl,0,2,0.0,34.0,by_country,2026-07-27 13:02:17
118861,2026-07-27,2025-08-31,,,,omn,0,4,0.0,17.25,by_country,2026-07-27 13:02:17
118862,2026-07-27,2025-08-31,,,,pak,0,40,0.0,31.475,by_country,2026-07-27 13:02:17
118863,2026-07-27,2025-08-31,,,,pan,0,4,0.0,19.75,by_country,2026-07-27 13:02:17
118864,2026-07-27,2025-08-31,,,,per,0,12,0.0,20.25,by_country,2026-07-27 13:02:17
118865,2026-07-27,2025-08-31,,,,prt,0,5,0.0,22.2,by_country,2026-07-27 13:02:17
118866,2026-07-27,2025-08-31,,,,pry,0,6,0.0,22.833333333333332,by_country,2026-07-27 13:02:17
118867,2026-07-27,2025-08-31,,,,pse,0,4,0.0,35.75,by_country,2026-07-27 13:02:17
118868,2026-07-27,2025-08-31,,,,reu,0,2,0.0,22.5,by_country,2026-07-27 13:02:17
118869,2026-07-27,2025-08-31,,,,rus,0,26,0.0,36.38461538461539,by_country,2026-07-27 13:02:17
118870,2026-07-27,2025-08-31,,,,sau,0,32,0.0,23.9375,by_country,2026-07-27 13:02:17
118871,2026-07-27,2025-08-31,,,,sen,0,5,0.0,28.4,by_country,2026-07-27 13:02:17
118872,2026-07-27,2025-08-31,,,,slv,0,1,0.0,36.0,by_country,2026-07-27 13:02:17
118873,2026-07-27,2025-08-31,,,,srb,0,4,0.0,15.75,by_country,2026-07-27 13:02:17
118874,2026-07-27,2025-08-31,,,,svn,0,1,0.0,34.0,by_country,2026-07-27 13:02:17
118875,2026-07-27,2025-08-31,,,,swe,0,2,0.0,4.0,by_country,2026-07-27 13:02:17
118876,2026-07-27,2025-08-31,,,,syr,0,6,0.0,21.666666666666668,by_country,2026-07-27 13:02:17
118877,2026-07-27,2025-08-31,,,,tha,0,52,0.0,32.96153846153846,by_country,2026-07-27 13:02:17
118878,2026-07-27,2025-08-31,,,,tto,0,2,0.0,28.5,by_country,2026-07-27 13:02:17
118879,2026-07-27,2025-08-31,,,,tun,0,7,0.0,19.0,by_country,2026-07-27 13:02:17
118880,2026-07-27,2025-08-31,,,,tur,0,22,0.0,27.363636363636363,by_country,2026-07-27 13:02:17
118881,2026-07-27,2025-08-31,,,,tza,0,2,0.0,20.5,by_country,2026-07-27 13:02:17
118882,2026-07-27,2025-08-31,,,,ukr,0,14,0.0,34.214285714285715,by_country,2026-07-27 13:02:17
118883,2026-07-27,2025-08-31,,,,ury,0,9,0.0,25.11111111111111,by_country,2026-07-27 13:02:17
118884,2026-07-27,2025-08-31,,,,uzb,0,12,0.0,29.333333333333332,by_country,2026-07-27 13:02:17
118885,2026-07-27,2025-08-31,,,,vct,0,1,0.0,3.0,by_country,2026-07-27 13:02:17
118886,2026-07-27,2025-08-31,,,,ven,0,14,0.0,34.92857142857143,by_country,2026-07-27 13:02:17
118887,2026-07-27,2025-08-31,,,,vnm,0,43,0.0,18.976744186046513,by_country,2026-07-27 13:02:17
118888,2026-07-27,2025-08-31,,,,xkk,0,4,0.0,37.75,by_country,2026-07-27 13:02:17
118889,2026-07-27,2025-08-31,,,,zaf,0,26,0.0,25.26923076923077,by_country,2026-07-27 13:02:17
102843,2026-07-27,2025-08-01,,,,chn,50,1349,0.037064492216456635,22.42624166048925,by_country,2026-07-27 13:02:03
102844,2026-07-27,2025-08-01,,,,hkg,41,1410,0.029078014184397163,34.14113475177305,by_country,2026-07-27 13:02:03
102845,2026-07-27,2025-08-01,,,,jpn,40,687,0.05822416302765648,20.655021834061134,by_country,2026-07-27 13:02:03
102846,2026-07-27,2025-08-01,,,,sgp,15,345,0.043478260869565216,13.31304347826087,by_country,2026-07-27 13:02:03
102847,2026-07-27,2025-08-01,,,,usa,15,3556,0.00421822272215973,41.905793025871766,by_country,2026-07-27 13:02:03
102848,2026-07-27,2025-08-01,,,,twn,11,1031,0.01066925315227934,38.43355965082444,by_country,2026-07-27 13:02:03
102849,2026-07-27,2025-08-01,,,,khm,5,85,0.058823529411764705,11.705882352941176,by_country,2026-07-27 13:02:03
102850,2026-07-27,2025-08-01,,,,vnm,3,36,0.08333333333333333,30.555555555555557,by_country,2026-07-27 13:02:03
102851,2026-07-27,2025-08-01,,,,ind,2,67,0.029850746268656716,23.940298507462686,by_country,2026-07-27 13:02:03
102852,2026-07-27,2025-08-01,,,,kor,2,85,0.023529411764705882,17.51764705882353,by_country,2026-07-27 13:02:03
102853,2026-07-27,2025-08-01,,,,phl,2,31,0.06451612903225806,30.70967741935484,by_country,2026-07-27 13:02:03
102854,2026-07-27,2025-08-01,,,,aus,1,865,0.0011560693641618498,69.0150289017341,by_country,2026-07-27 13:02:03
102855,2026-07-27,2025-08-01,,,,bgd,1,9,0.1111111111111111,34.55555555555556,by_country,2026-07-27 13:02:03
102856,2026-07-27,2025-08-01,,,,can,1,446,0.002242152466367713,52.7085201793722,by_country,2026-07-27 13:02:03
102857,2026-07-27,2025-08-01,,,,che,1,6,0.16666666666666666,56.166666666666664,by_country,2026-07-27 13:02:03
102858,2026-07-27,2025-08-01,,,,deu,1,96,0.010416666666666666,30.395833333333332,by_country,2026-07-27 13:02:03
102859,2026-07-27,2025-08-01,,,,fra,1,34,0.029411764705882353,29.764705882352942,by_country,2026-07-27 13:02:03
102860,2026-07-27,2025-08-01,,,,idn,1,56,0.017857142857142856,27.625,by_country,2026-07-27 13:02:03
102861,2026-07-27,2025-08-01,,,,mys,1,97,0.010309278350515464,13.474226804123711,by_country,2026-07-27 13:02:03
102862,2026-07-27,2025-08-01,,,,tha,1,40,0.025,22.025,by_country,2026-07-27 13:02:03
102863,2026-07-27,2025-08-01,,,,ukr,1,11,0.09090909090909091,27.90909090909091,by_country,2026-07-27 13:02:03
102864,2026-07-27,2025-08-01,,,,afg,0,3,0.0,37.666666666666664,by_country,2026-07-27 13:02:03
102865,2026-07-27,2025-08-01,,,,ago,0,2,0.0,26.0,by_country,2026-07-27 13:02:03
102866,2026-07-27,2025-08-01,,,,alb,0,3,0.0,21.666666666666668,by_country,2026-07-27 13:02:03
102867,2026-07-27,2025-08-01,,,,are,0,18,0.0,29.944444444444443,by_country,2026-07-27 13:02:03
102868,2026-07-27,2025-08-01,,,,arg,0,35,0.0,31.428571428571427,by_country,2026-07-27 13:02:03
102869,2026-07-27,2025-08-01,,,,aut,0,2,0.0,79.5,by_country,2026-07-27 13:02:03
102870,2026-07-27,2025-08-01,,,,aze,0,8,0.0,27.625,by_country,2026-07-27 13:02:03
102871,2026-07-27,2025-08-01,,,,bel,0,5,0.0,41.6,by_country,2026-07-27 13:02:03
102872,2026-07-27,2025-08-01,,,,bfa,0,2,0.0,12.5,by_country,2026-07-27 13:02:03
102873,2026-07-27,2025-08-01,,,,bgr,0,1,0.0,68.0,by_country,2026-07-27 13:02:03
102874,2026-07-27,2025-08-01,,,,bhr,0,2,0.0,23.0,by_country,2026-07-27 13:02:03
102875,2026-07-27,2025-08-01,,,,bhs,0,4,0.0,40.0,by_country,2026-07-27 13:02:03
102876,2026-07-27,2025-08-01,,,,blr,0,4,0.0,55.25,by_country,2026-07-27 13:02:03
102877,2026-07-27,2025-08-01,,,,bol,0,7,0.0,39.142857142857146,by_country,2026-07-27 13:02:03
102878,2026-07-27,2025-08-01,,,,bra,0,447,0.0,28.190156599552573,by_country,2026-07-27 13:02:03
102879,2026-07-27,2025-08-01,,,,brb,0,3,0.0,43.666666666666664,by_country,2026-07-27 13:02:03
102880,2026-07-27,2025-08-01,,,,chl,0,7,0.0,31.571428571428573,by_country,2026-07-27 13:02:03
102881,2026-07-27,2025-08-01,,,,civ,0,5,0.0,29.0,by_country,2026-07-27 13:02:03
102882,2026-07-27,2025-08-01,,,,cog,0,2,0.0,30.5,by_country,2026-07-27 13:02:03
102883,2026-07-27,2025-08-01,,,,col,0,17,0.0,33.470588235294116,by_country,2026-07-27 13:02:03
102884,2026-07-27,2025-08-01,,,,cri,0,7,0.0,27.285714285714285,by_country,2026-07-27 13:02:03
102885,2026-07-27,2025-08-01,,,,cze,0,2,0.0,67.0,by_country,2026-07-27 13:02:03
102886,2026-07-27,2025-08-01,,,,dnk,0,3,0.0,16.666666666666664,by_country,2026-07-27 13:02:03
102887,2026-07-27,2025-08-01,,,,dom,0,4,0.0,40.0,by_country,2026-07-27 13:02:03
102888,2026-07-27,2025-08-01,,,,dza,0,8,0.0,31.5,by_country,2026-07-27 13:02:03
102889,2026-07-27,2025-08-01,,,,ecu,0,19,0.0,31.105263157894736,by_country,2026-07-27 13:02:03
102890,2026-07-27,2025-08-01,,,,egy,0,13,0.0,39.38461538461539,by_country,2026-07-27 13:02:03
102891,2026-07-27,2025-08-01,,,,esp,0,35,0.0,49.885714285714286,by_country,2026-07-27 13:02:03
102892,2026-07-27,2025-08-01,,,,est,0,1,0.0,70.0,by_country,2026-07-27 13:02:03
102893,2026-07-27,2025-08-01,,,,eth,0,9,0.0,24.22222222222222,by_country,2026-07-27 13:02:03
102894,2026-07-27,2025-08-01,,,,fin,0,1,0.0,43.0,by_country,2026-07-27 13:02:03
102895,2026-07-27,2025-08-01,,,,gab,0,1,0.0,9.0,by_country,2026-07-27 13:02:03
102896,2026-07-27,2025-08-01,,,,gbr,0,128,0.0,45.3046875,by_country,2026-07-27 13:02:03
102897,2026-07-27,2025-08-01,,,,geo,0,3,0.0,42.666666666666664,by_country,2026-07-27 13:02:03
102898,2026-07-27,2025-08-01,,,,gha,0,6,0.0,49.5,by_country,2026-07-27 13:02:03
102899,2026-07-27,2025-08-01,,,,gnb,0,8,0.0,68.25,by_country,2026-07-27 13:02:03
102900,2026-07-27,2025-08-01,,,,grc,0,1,0.0,11.0,by_country,2026-07-27 13:02:03
102901,2026-07-27,2025-08-01,,,,gtm,0,3,0.0,50.333333333333336,by_country,2026-07-27 13:02:03
102902,2026-07-27,2025-08-01,,,,guy,0,1,0.0,25.0,by_country,2026-07-27 13:02:03
102903,2026-07-27,2025-08-01,,,,hnd,0,4,0.0,30.5,by_country,2026-07-27 13:02:03
102904,2026-07-27,2025-08-01,,,,hun,0,3,0.0,22.0,by_country,2026-07-27 13:02:03
102905,2026-07-27,2025-08-01,,,,irl,0,3,0.0,10.0,by_country,2026-07-27 13:02:03
102906,2026-07-27,2025-08-01,,,,irn,0,6,0.0,28.166666666666668,by_country,2026-07-27 13:02:03
102907,2026-07-27,2025-08-01,,,,irq,0,41,0.0,32.75609756097561,by_country,2026-07-27 13:02:03
102908,2026-07-27,2025-08-01,,,,isr,0,2,0.0,32.0,by_country,2026-07-27 13:02:03
102909,2026-07-27,2025-08-01,,,,ita,0,15,0.0,33.93333333333333,by_country,2026-07-27 13:02:03
102910,2026-07-27,2025-08-01,,,,jam,0,4,0.0,25.0,by_country,2026-07-27 13:02:03
102911,2026-07-27,2025-08-01,,,,jor,0,11,0.0,27.545454545454547,by_country,2026-07-27 13:02:03
102912,2026-07-27,2025-08-01,,,,kaz,0,5,0.0,54.6,by_country,2026-07-27 13:02:03
102913,2026-07-27,2025-08-01,,,,ken,0,13,0.0,25.23076923076923,by_country,2026-07-27 13:02:03
102914,2026-07-27,2025-08-01,,,,kgz,0,3,0.0,24.666666666666668,by_country,2026-07-27 13:02:03
102915,2026-07-27,2025-08-01,,,,lao,0,6,0.0,11.666666666666666,by_country,2026-07-27 13:02:03
102916,2026-07-27,2025-08-01,,,,lbn,0,2,0.0,12.0,by_country,2026-07-27 13:02:03
102917,2026-07-27,2025-08-01,,,,lby,0,1,0.0,36.0,by_country,2026-07-27 13:02:03
102918,2026-07-27,2025-08-01,,,,lca,0,1,0.0,35.0,by_country,2026-07-27 13:02:03
102919,2026-07-27,2025-08-01,,,,lka,0,4,0.0,11.0,by_country,2026-07-27 13:02:03
102920,2026-07-27,2025-08-01,,,,ltu,0,2,0.0,41.5,by_country,2026-07-27 13:02:03
102921,2026-07-27,2025-08-01,,,,lux,0,1,0.0,86.0,by_country,2026-07-27 13:02:03
102922,2026-07-27,2025-08-01,,,,lva,0,2,0.0,11.5,by_country,2026-07-27 13:02:03
102923,2026-07-27,2025-08-01,,,,mac,0,19,0.0,9.842105263157896,by_country,2026-07-27 13:02:03
102924,2026-07-27,2025-08-01,,,,mar,0,12,0.0,36.75,by_country,2026-07-27 13:02:03
102925,2026-07-27,2025-08-01,,,,mda,0,3,0.0,22.0,by_country,2026-07-27 13:02:03
102926,2026-07-27,2025-08-01,,,,mdg,0,1,0.0,78.0,by_country,2026-07-27 13:02:03
102927,2026-07-27,2025-08-01,,,,mex,0,62,0.0,25.322580645161292,by_country,2026-07-27 13:02:03
102928,2026-07-27,2025-08-01,,,,mmr,0,6,0.0,7.5,by_country,2026-07-27 13:02:03
102929,2026-07-27,2025-08-01,,,,moz,0,1,0.0,55.0,by_country,2026-07-27 13:02:03
102930,2026-07-27,2025-08-01,,,,nga,0,5,0.0,25.4,by_country,2026-07-27 13:02:03
102931,2026-07-27,2025-08-01,,,,nld,0,11,0.0,35.0,by_country,2026-07-27 13:02:03
102932,2026-07-27,2025-08-01,,,,nor,0,2,0.0,69.5,by_country,2026-07-27 13:02:03
102933,2026-07-27,2025-08-01,,,,npl,0,11,0.0,21.90909090909091,by_country,2026-07-27 13:02:03
102934,2026-07-27,2025-08-01,,,,nzl,0,24,0.0,34.833333333333336,by_country,2026-07-27 13:02:03
102935,2026-07-27,2025-08-01,,,,omn,0,1,0.0,23.0,by_country,2026-07-27 13:02:03
102936,2026-07-27,2025-08-01,,,,pak,0,41,0.0,39.09756097560975,by_country,2026-07-27 13:02:03
102937,2026-07-27,2025-08-01,,,,pan,0,5,0.0,40.2,by_country,2026-07-27 13:02:03
102938,2026-07-27,2025-08-01,,,,per,0,6,0.0,28.666666666666668,by_country,2026-07-27 13:02:03
102939,2026-07-27,2025-08-01,,,,pol,0,15,0.0,73.4,by_country,2026-07-27 13:02:03
102940,2026-07-27,2025-08-01,,,,pri,0,1,0.0,2.0,by_country,2026-07-27 13:02:03
102941,2026-07-27,2025-08-01,,,,prt,0,1,0.0,9.0,by_country,2026-07-27 13:02:03
102942,2026-07-27,2025-08-01,,,,pry,0,8,0.0,23.0,by_country,2026-07-27 13:02:03
102943,2026-07-27,2025-08-01,,,,pse,0,4,0.0,16.5,by_country,2026-07-27 13:02:03
102944,2026-07-27,2025-08-01,,,,qat,0,1,0.0,14.0,by_country,2026-07-27 13:02:03
102945,2026-07-27,2025-08-01,,,,rou,0,3,0.0,51.333333333333336,by_country,2026-07-27 13:02:03
102946,2026-07-27,2025-08-01,,,,rus,0,53,0.0,41.43396226415094,by_country,2026-07-27 13:02:03
102947,2026-07-27,2025-08-01,,,,sau,0,33,0.0,25.939393939393938,by_country,2026-07-27 13:02:03
102948,2026-07-27,2025-08-01,,,,sen,0,2,0.0,35.0,by_country,2026-07-27 13:02:03
102949,2026-07-27,2025-08-01,,,,slv,0,1,0.0,43.0,by_country,2026-07-27 13:02:03
102950,2026-07-27,2025-08-01,,,,srb,0,3,0.0,28.333333333333332,by_country,2026-07-27 13:02:03
102951,2026-07-27,2025-08-01,,,,svk,0,1,0.0,5.0,by_country,2026-07-27 13:02:03
102952,2026-07-27,2025-08-01,,,,svn,0,5,0.0,2.6,by_country,2026-07-27 13:02:03
102953,2026-07-27,2025-08-01,,,,swe,0,1,0.0,61.0,by_country,2026-07-27 13:02:03
102954,2026-07-27,2025-08-01,,,,syr,0,5,0.0,22.8,by_country,2026-07-27 13:02:03
102955,2026-07-27,2025-08-01,,,,tgo,0,1,0.0,34.0,by_country,2026-07-27 13:02:03
102956,2026-07-27,2025-08-01,,,,tjk,0,1,0.0,47.0,by_country,2026-07-27 13:02:03
102957,2026-07-27,2025-08-01,,,,tto,0,4,0.0,21.5,by_country,2026-07-27 13:02:03
102958,2026-07-27,2025-08-01,,,,tun,0,6,0.0,16.5,by_country,2026-07-27 13:02:03
102959,2026-07-27,2025-08-01,,,,tur,0,32,0.0,27.71875,by_country,2026-07-27 13:02:03
102960,2026-07-27,2025-08-01,,,,tza,0,4,0.0,34.75,by_country,2026-07-27 13:02:03
102961,2026-07-27,2025-08-01,,,,uga,0,4,0.0,46.75,by_country,2026-07-27 13:02:03
102962,2026-07-27,2025-08-01,,,,ury,0,16,0.0,31.4375,by_country,2026-07-27 13:02:03
102963,2026-07-27,2025-08-01,,,,uzb,0,9,0.0,27.666666666666668,by_country,2026-07-27 13:02:03
102964,2026-07-27,2025-08-01,,,,ven,0,21,0.0,32.66666666666667,by_country,2026-07-27 13:02:03
102965,2026-07-27,2025-08-01,,,,xkk,0,2,0.0,20.5,by_country,2026-07-27 13:02:03
102966,2026-07-27,2025-08-01,,,,zaf,0,32,0.0,24.5,by_country,2026-07-27 13:02:03
102967,2026-07-27,2025-08-01,,,,zzz,0,8,0.0,6.0,by_country,2026-07-27 13:02:03
83833,2026-07-27,2025-07-02,,,,chn,63,1564,0.04028132992327366,21.248081841432224,by_country,2026-07-27 13:01:45
83834,2026-07-27,2025-07-02,,,,hkg,62,1550,0.04,25.999354838709678,by_country,2026-07-27 13:01:45
83835,2026-07-27,2025-07-02,,,,usa,25,6520,0.003834355828220859,36.77147239263804,by_country,2026-07-27 13:01:45
83836,2026-07-27,2025-07-02,,,,twn,17,1030,0.01650485436893204,25.255339805825244,by_country,2026-07-27 13:01:45
83837,2026-07-27,2025-07-02,,,,sgp,16,522,0.03065134099616858,15.189655172413794,by_country,2026-07-27 13:01:45
83838,2026-07-27,2025-07-02,,,,jpn,11,630,0.01746031746031746,43.67936507936508,by_country,2026-07-27 13:01:45
83839,2026-07-27,2025-07-02,,,,mys,5,161,0.031055900621118012,15.863354037267081,by_country,2026-07-27 13:01:45
83840,2026-07-27,2025-07-02,,,,can,4,603,0.006633499170812604,46.0,by_country,2026-07-27 13:01:45
83841,2026-07-27,2025-07-02,,,,kor,4,45,0.08888888888888889,7.177777777777778,by_country,2026-07-27 13:01:45
83842,2026-07-27,2025-07-02,,,,aus,3,833,0.003601440576230492,65.60504201680672,by_country,2026-07-27 13:01:45
83843,2026-07-27,2025-07-02,,,,khm,3,47,0.06382978723404255,10.893617021276595,by_country,2026-07-27 13:01:45
83844,2026-07-27,2025-07-02,,,,vnm,3,137,0.021897810218978103,29.175182481751825,by_country,2026-07-27 13:01:45
83845,2026-07-27,2025-07-02,,,,pak,2,139,0.014388489208633094,29.37410071942446,by_country,2026-07-27 13:01:45
83846,2026-07-27,2025-07-02,,,,tha,2,78,0.02564102564102564,19.41025641025641,by_country,2026-07-27 13:01:45
83847,2026-07-27,2025-07-02,,,,dza,1,24,0.041666666666666664,29.541666666666668,by_country,2026-07-27 13:01:45
83848,2026-07-27,2025-07-02,,,,fra,1,40,0.025,24.35,by_country,2026-07-27 13:01:45
83849,2026-07-27,2025-07-02,,,,ind,1,65,0.015384615384615385,20.03076923076923,by_country,2026-07-27 13:01:45
83850,2026-07-27,2025-07-02,,,,ltu,1,4,0.25,32.25,by_country,2026-07-27 13:01:45
83851,2026-07-27,2025-07-02,,,,nga,1,17,0.058823529411764705,29.176470588235293,by_country,2026-07-27 13:01:45
83852,2026-07-27,2025-07-02,,,,phl,1,195,0.005128205128205128,21.61025641025641,by_country,2026-07-27 13:01:45
83853,2026-07-27,2025-07-02,,,,rus,1,69,0.014492753623188406,46.69565217391305,by_country,2026-07-27 13:01:45
83854,2026-07-27,2025-07-02,,,,zzz,1,13,0.07692307692307693,6.923076923076923,by_country,2026-07-27 13:01:45
83855,2026-07-27,2025-07-02,,,,ago,0,15,0.0,28.866666666666667,by_country,2026-07-27 13:01:45
83856,2026-07-27,2025-07-02,,,,alb,0,14,0.0,23.5,by_country,2026-07-27 13:01:45
83857,2026-07-27,2025-07-02,,,,are,0,48,0.0,20.145833333333332,by_country,2026-07-27 13:01:45
83858,2026-07-27,2025-07-02,,,,arg,0,95,0.0,30.789473684210527,by_country,2026-07-27 13:01:45
83859,2026-07-27,2025-07-02,,,,arm,0,3,0.0,22.333333333333332,by_country,2026-07-27 13:01:45
83860,2026-07-27,2025-07-02,,,,atg,0,1,0.0,49.0,by_country,2026-07-27 13:01:45
83861,2026-07-27,2025-07-02,,,,aut,0,8,0.0,59.5,by_country,2026-07-27 13:01:45
83862,2026-07-27,2025-07-02,,,,aze,0,10,0.0,24.7,by_country,2026-07-27 13:01:45
83863,2026-07-27,2025-07-02,,,,bel,0,2,0.0,55.0,by_country,2026-07-27 13:01:45
83864,2026-07-27,2025-07-02,,,,ben,0,1,0.0,26.0,by_country,2026-07-27 13:01:45
83865,2026-07-27,2025-07-02,,,,bfa,0,4,0.0,36.25,by_country,2026-07-27 13:01:45
83866,2026-07-27,2025-07-02,,,,bgd,0,4,0.0,26.0,by_country,2026-07-27 13:01:45
83867,2026-07-27,2025-07-02,,,,bgr,0,2,0.0,37.0,by_country,2026-07-27 13:01:45
83868,2026-07-27,2025-07-02,,,,bhr,0,12,0.0,22.083333333333332,by_country,2026-07-27 13:01:45
83869,2026-07-27,2025-07-02,,,,bhs,0,5,0.0,29.8,by_country,2026-07-27 13:01:45
83870,2026-07-27,2025-07-02,,,,blr,0,14,0.0,38.714285714285715,by_country,2026-07-27 13:01:45
83871,2026-07-27,2025-07-02,,,,blz,0,2,0.0,39.5,by_country,2026-07-27 13:01:45
83872,2026-07-27,2025-07-02,,,,bol,0,19,0.0,35.10526315789474,by_country,2026-07-27 13:01:45
83873,2026-07-27,2025-07-02,,,,bra,0,1070,0.0,26.34392523364486,by_country,2026-07-27 13:01:45
83874,2026-07-27,2025-07-02,,,,brb,0,25,0.0,26.84,by_country,2026-07-27 13:01:45
83875,2026-07-27,2025-07-02,,,,bwa,0,1,0.0,3.0,by_country,2026-07-27 13:01:45
83876,2026-07-27,2025-07-02,,,,che,0,8,0.0,47.125,by_country,2026-07-27 13:01:45
83877,2026-07-27,2025-07-02,,,,chl,0,9,0.0,29.88888888888889,by_country,2026-07-27 13:01:45
83878,2026-07-27,2025-07-02,,,,civ,0,3,0.0,10.0,by_country,2026-07-27 13:01:45
83879,2026-07-27,2025-07-02,,,,cod,0,1,0.0,5.0,by_country,2026-07-27 13:01:45
83880,2026-07-27,2025-07-02,,,,cog,0,6,0.0,27.5,by_country,2026-07-27 13:01:45
83881,2026-07-27,2025-07-02,,,,col,0,51,0.0,29.54901960784314,by_country,2026-07-27 13:01:45
83882,2026-07-27,2025-07-02,,,,cri,0,27,0.0,23.51851851851852,by_country,2026-07-27 13:01:45
83883,2026-07-27,2025-07-02,,,,cub,0,2,0.0,38.0,by_country,2026-07-27 13:01:45
83884,2026-07-27,2025-07-02,,,,cze,0,5,0.0,69.6,by_country,2026-07-27 13:01:45
83885,2026-07-27,2025-07-02,,,,deu,0,119,0.0,59.05042016806723,by_country,2026-07-27 13:01:45
83886,2026-07-27,2025-07-02,,,,dnk,0,1,0.0,6.0,by_country,2026-07-27 13:01:45
83887,2026-07-27,2025-07-02,,,,dom,0,7,0.0,25.857142857142858,by_country,2026-07-27 13:01:45
83888,2026-07-27,2025-07-02,,,,ecu,0,52,0.0,25.403846153846153,by_country,2026-07-27 13:01:45
83889,2026-07-27,2025-07-02,,,,egy,0,54,0.0,24.166666666666668,by_country,2026-07-27 13:01:45
83890,2026-07-27,2025-07-02,,,,esp,0,69,0.0,53.85507246376812,by_country,2026-07-27 13:01:45
83891,2026-07-27,2025-07-02,,,,eth,0,36,0.0,24.305555555555557,by_country,2026-07-27 13:01:45
83892,2026-07-27,2025-07-02,,,,fin,0,3,0.0,72.66666666666667,by_country,2026-07-27 13:01:45
83893,2026-07-27,2025-07-02,,,,gab,0,7,0.0,23.714285714285715,by_country,2026-07-27 13:01:45
83894,2026-07-27,2025-07-02,,,,gbr,0,193,0.0,50.626943005181346,by_country,2026-07-27 13:01:45
83895,2026-07-27,2025-07-02,,,,geo,0,9,0.0,39.666666666666664,by_country,2026-07-27 13:01:45
83896,2026-07-27,2025-07-02,,,,gha,0,3,0.0,22.666666666666668,by_country,2026-07-27 13:01:45
83897,2026-07-27,2025-07-02,,,,gnb,0,7,0.0,49.285714285714285,by_country,2026-07-27 13:01:45
83898,2026-07-27,2025-07-02,,,,grd,0,2,0.0,47.0,by_country,2026-07-27 13:01:45
83899,2026-07-27,2025-07-02,,,,grl,0,1,0.0,6.0,by_country,2026-07-27 13:01:45
83900,2026-07-27,2025-07-02,,,,gtm,0,8,0.0,20.375,by_country,2026-07-27 13:01:45
83901,2026-07-27,2025-07-02,,,,guy,0,7,0.0,32.14285714285714,by_country,2026-07-27 13:01:45
83902,2026-07-27,2025-07-02,,,,hnd,0,22,0.0,28.272727272727273,by_country,2026-07-27 13:01:45
83903,2026-07-27,2025-07-02,,,,hun,0,2,0.0,32.0,by_country,2026-07-27 13:01:45
83904,2026-07-27,2025-07-02,,,,idn,0,125,0.0,27.408,by_country,2026-07-27 13:01:45
83905,2026-07-27,2025-07-02,,,,irl,0,3,0.0,12.666666666666666,by_country,2026-07-27 13:01:45
83906,2026-07-27,2025-07-02,,,,irn,0,14,0.0,18.0,by_country,2026-07-27 13:01:45
83907,2026-07-27,2025-07-02,,,,irq,0,209,0.0,25.435406698564595,by_country,2026-07-27 13:01:45
83908,2026-07-27,2025-07-02,,,,isr,0,18,0.0,22.88888888888889,by_country,2026-07-27 13:01:45
83909,2026-07-27,2025-07-02,,,,ita,0,34,0.0,32.94117647058823,by_country,2026-07-27 13:01:45
83910,2026-07-27,2025-07-02,,,,jam,0,52,0.0,26.942307692307693,by_country,2026-07-27 13:01:45
83911,2026-07-27,2025-07-02,,,,jor,0,44,0.0,26.0,by_country,2026-07-27 13:01:45
83912,2026-07-27,2025-07-02,,,,kaz,0,25,0.0,29.84,by_country,2026-07-27 13:01:45
83913,2026-07-27,2025-07-02,,,,ken,0,35,0.0,24.514285714285716,by_country,2026-07-27 13:01:45
83914,2026-07-27,2025-07-02,,,,kgz,0,9,0.0,23.444444444444443,by_country,2026-07-27 13:01:45
83915,2026-07-27,2025-07-02,,,,kwt,0,10,0.0,24.5,by_country,2026-07-27 13:01:45
83916,2026-07-27,2025-07-02,,,,lao,0,8,0.0,10.75,by_country,2026-07-27 13:01:45
83917,2026-07-27,2025-07-02,,,,lbn,0,30,0.0,24.166666666666668,by_country,2026-07-27 13:01:45
83918,2026-07-27,2025-07-02,,,,lby,0,17,0.0,27.58823529411765,by_country,2026-07-27 13:01:45
83919,2026-07-27,2025-07-02,,,,lka,0,5,0.0,16.2,by_country,2026-07-27 13:01:45
83920,2026-07-27,2025-07-02,,,,lva,0,1,0.0,54.0,by_country,2026-07-27 13:01:45
83921,2026-07-27,2025-07-02,,,,mac,0,21,0.0,9.380952380952381,by_country,2026-07-27 13:01:45
83922,2026-07-27,2025-07-02,,,,mar,0,52,0.0,24.48076923076923,by_country,2026-07-27 13:01:45
83923,2026-07-27,2025-07-02,,,,mda,0,10,0.0,41.0,by_country,2026-07-27 13:01:45
83924,2026-07-27,2025-07-02,,,,mdv,0,1,0.0,50.0,by_country,2026-07-27 13:01:45
83925,2026-07-27,2025-07-02,,,,mex,0,161,0.0,25.440993788819874,by_country,2026-07-27 13:01:45
83926,2026-07-27,2025-07-02,,,,mkd,0,1,0.0,61.0,by_country,2026-07-27 13:01:45
83927,2026-07-27,2025-07-02,,,,mli,0,1,0.0,9.0,by_country,2026-07-27 13:01:45
83928,2026-07-27,2025-07-02,,,,mmr,0,11,0.0,11.454545454545455,by_country,2026-07-27 13:01:45
83929,2026-07-27,2025-07-02,,,,mng,0,7,0.0,22.428571428571427,by_country,2026-07-27 13:01:45
83930,2026-07-27,2025-07-02,,,,nic,0,17,0.0,29.823529411764707,by_country,2026-07-27 13:01:45
83931,2026-07-27,2025-07-02,,,,nld,0,17,0.0,30.058823529411764,by_country,2026-07-27 13:01:45
83932,2026-07-27,2025-07-02,,,,nor,0,3,0.0,55.666666666666664,by_country,2026-07-27 13:01:45
83933,2026-07-27,2025-07-02,,,,npl,0,44,0.0,25.522727272727273,by_country,2026-07-27 13:01:45
83934,2026-07-27,2025-07-02,,,,nzl,0,26,0.0,29.73076923076923,by_country,2026-07-27 13:01:45
83935,2026-07-27,2025-07-02,,,,omn,0,31,0.0,26.93548387096774,by_country,2026-07-27 13:01:45
83936,2026-07-27,2025-07-02,,,,pan,0,13,0.0,28.0,by_country,2026-07-27 13:01:45
83937,2026-07-27,2025-07-02,,,,per,0,18,0.0,29.833333333333332,by_country,2026-07-27 13:01:45
83938,2026-07-27,2025-07-02,,,,pol,0,17,0.0,63.0,by_country,2026-07-27 13:01:45
83939,2026-07-27,2025-07-02,,,,pri,0,6,0.0,25.0,by_country,2026-07-27 13:01:45
83940,2026-07-27,2025-07-02,,,,prt,0,3,0.0,48.0,by_country,2026-07-27 13:01:45
83941,2026-07-27,2025-07-02,,,,pry,0,28,0.0,27.107142857142858,by_country,2026-07-27 13:01:45
83942,2026-07-27,2025-07-02,,,,pse,0,19,0.0,29.05263157894737,by_country,2026-07-27 13:01:45
83943,2026-07-27,2025-07-02,,,,qat,0,23,0.0,26.08695652173913,by_country,2026-07-27 13:01:45
83944,2026-07-27,2025-07-02,,,,rou,0,3,0.0,60.0,by_country,2026-07-27 13:01:45
83945,2026-07-27,2025-07-02,,,,sau,0,163,0.0,25.613496932515336,by_country,2026-07-27 13:01:45
83946,2026-07-27,2025-07-02,,,,sen,0,14,0.0,24.5,by_country,2026-07-27 13:01:45
83947,2026-07-27,2025-07-02,,,,slv,0,2,0.0,33.0,by_country,2026-07-27 13:01:45
83948,2026-07-27,2025-07-02,,,,som,0,2,0.0,9.5,by_country,2026-07-27 13:01:45
83949,2026-07-27,2025-07-02,,,,srb,0,9,0.0,18.0,by_country,2026-07-27 13:01:45
83950,2026-07-27,2025-07-02,,,,svk,0,2,0.0,33.0,by_country,2026-07-27 13:01:45
83951,2026-07-27,2025-07-02,,,,swe,0,2,0.0,4.0,by_country,2026-07-27 13:01:45
83952,2026-07-27,2025-07-02,,,,syc,0,3,0.0,7.666666666666667,by_country,2026-07-27 13:01:45
83953,2026-07-27,2025-07-02,,,,syr,0,39,0.0,25.41025641025641,by_country,2026-07-27 13:01:45
83954,2026-07-27,2025-07-02,,,,tto,0,57,0.0,23.789473684210527,by_country,2026-07-27 13:01:45
83955,2026-07-27,2025-07-02,,,,tun,0,29,0.0,27.93103448275862,by_country,2026-07-27 13:01:45
83956,2026-07-27,2025-07-02,,,,tur,0,93,0.0,25.010752688172044,by_country,2026-07-27 13:01:45
83957,2026-07-27,2025-07-02,,,,tza,0,2,0.0,60.5,by_country,2026-07-27 13:01:45
83958,2026-07-27,2025-07-02,,,,uga,0,2,0.0,17.5,by_country,2026-07-27 13:01:45
83959,2026-07-27,2025-07-02,,,,ukr,0,52,0.0,39.07692307692308,by_country,2026-07-27 13:01:45
83960,2026-07-27,2025-07-02,,,,ury,0,52,0.0,28.21153846153846,by_country,2026-07-27 13:01:45
83961,2026-07-27,2025-07-02,,,,uzb,0,69,0.0,27.594202898550726,by_country,2026-07-27 13:01:45
83962,2026-07-27,2025-07-02,,,,ven,0,123,0.0,25.902439024390244,by_country,2026-07-27 13:01:45
83963,2026-07-27,2025-07-02,,,,xkk,0,3,0.0,25.666666666666668,by_country,2026-07-27 13:01:45
83964,2026-07-27,2025-07-02,,,,yem,0,1,0.0,53.0,by_country,2026-07-27 13:01:45
83965,2026-07-27,2025-07-02,,,,zaf,0,110,0.0,25.663636363636364,by_country,2026-07-27 13:01:45
57351,2026-07-27,2025-06-02,,,,hkg,68,1581,0.043010752688172046,13.72549019607843,by_country,2026-07-27 13:01:29
57352,2026-07-27,2025-06-02,,,,chn,61,1484,0.04110512129380054,9.233827493261456,by_country,2026-07-27 13:01:29
57353,2026-07-27,2025-06-02,,,,usa,56,6763,0.008280348957563211,23.219429247375427,by_country,2026-07-27 13:01:29
57354,2026-07-27,2025-06-02,,,,twn,39,1024,0.0380859375,14.7412109375,by_country,2026-07-27 13:01:29
57355,2026-07-27,2025-06-02,,,,sgp,26,782,0.03324808184143223,9.973145780051151,by_country,2026-07-27 13:01:29
57356,2026-07-27,2025-06-02,,,,jpn,19,581,0.03270223752151463,17.311531841652325,by_country,2026-07-27 13:01:29
57357,2026-07-27,2025-06-02,,,,zzz,8,142,0.056338028169014086,18.781690140845072,by_country,2026-07-27 13:01:29
57358,2026-07-27,2025-06-02,,,,gbr,4,491,0.008146639511201629,41.12016293279022,by_country,2026-07-27 13:01:29
57359,2026-07-27,2025-06-02,,,,khm,4,61,0.06557377049180328,11.704918032786885,by_country,2026-07-27 13:01:29
57360,2026-07-27,2025-06-02,,,,kor,4,376,0.010638297872340425,36.87234042553192,by_country,2026-07-27 13:01:29
57361,2026-07-27,2025-06-02,,,,idn,3,301,0.009966777408637873,24.548172757475083,by_country,2026-07-27 13:01:29
57362,2026-07-27,2025-06-02,,,,mys,3,351,0.008547008547008548,20.299145299145298,by_country,2026-07-27 13:01:29
57363,2026-07-27,2025-06-02,,,,fra,2,145,0.013793103448275862,30.868965517241378,by_country,2026-07-27 13:01:29
57364,2026-07-27,2025-06-02,,,,ind,2,941,0.0021253985122210413,30.337938363443147,by_country,2026-07-27 13:01:29
57365,2026-07-27,2025-06-02,,,,pol,2,57,0.03508771929824561,39.8421052631579,by_country,2026-07-27 13:01:29
57366,2026-07-27,2025-06-02,,,,vnm,2,791,0.0025284450063211127,35.13274336283186,by_country,2026-07-27 13:01:29
57367,2026-07-27,2025-06-02,,,,aus,1,306,0.0032679738562091504,26.477124183006534,by_country,2026-07-27 13:01:29
57368,2026-07-27,2025-06-02,,,,can,1,434,0.002304147465437788,22.919354838709676,by_country,2026-07-27 13:01:29
57369,2026-07-27,2025-06-02,,,,deu,1,218,0.0045871559633027525,43.19266055045872,by_country,2026-07-27 13:01:29
57370,2026-07-27,2025-06-02,,,,egy,1,80,0.0125,39.125,by_country,2026-07-27 13:01:29
57371,2026-07-27,2025-06-02,,,,ita,1,89,0.011235955056179775,47.13483146067416,by_country,2026-07-27 13:01:29
57372,2026-07-27,2025-06-02,,,,mac,1,27,0.037037037037037035,7.074074074074074,by_country,2026-07-27 13:01:29
57373,2026-07-27,2025-06-02,,,,nld,1,107,0.009345794392523364,37.33644859813084,by_country,2026-07-27 13:01:29
57374,2026-07-27,2025-06-02,,,,nzl,1,51,0.0196078431372549,13.156862745098039,by_country,2026-07-27 13:01:29
57375,2026-07-27,2025-06-02,,,,rou,1,31,0.03225806451612903,31.806451612903224,by_country,2026-07-27 13:01:29
57376,2026-07-27,2025-06-02,,,,tcd,1,1,1.0,24.0,by_country,2026-07-27 13:01:29
57377,2026-07-27,2025-06-02,,,,afg,0,2,0.0,9.5,by_country,2026-07-27 13:01:29
57378,2026-07-27,2025-06-02,,,,ago,0,15,0.0,30.8,by_country,2026-07-27 13:01:29
57379,2026-07-27,2025-06-02,,,,alb,0,8,0.0,23.875,by_country,2026-07-27 13:01:29
57380,2026-07-27,2025-06-02,,,,are,0,57,0.0,31.75438596491228,by_country,2026-07-27 13:01:29
57381,2026-07-27,2025-06-02,,,,arg,0,193,0.0,41.87564766839378,by_country,2026-07-27 13:01:29
57382,2026-07-27,2025-06-02,,,,arm,0,4,0.0,23.0,by_country,2026-07-27 13:01:29
57383,2026-07-27,2025-06-02,,,,atg,0,2,0.0,75.5,by_country,2026-07-27 13:01:29
57384,2026-07-27,2025-06-02,,,,aut,0,10,0.0,42.2,by_country,2026-07-27 13:01:29
57385,2026-07-27,2025-06-02,,,,aze,0,17,0.0,40.294117647058826,by_country,2026-07-27 13:01:29
57386,2026-07-27,2025-06-02,,,,bel,0,18,0.0,30.944444444444443,by_country,2026-07-27 13:01:29
57387,2026-07-27,2025-06-02,,,,ben,0,2,0.0,60.0,by_country,2026-07-27 13:01:29
57388,2026-07-27,2025-06-02,,,,bfa,0,1,0.0,24.0,by_country,2026-07-27 13:01:29
57389,2026-07-27,2025-06-02,,,,bgd,0,75,0.0,36.32,by_country,2026-07-27 13:01:29
57390,2026-07-27,2025-06-02,,,,bgr,0,24,0.0,44.875,by_country,2026-07-27 13:01:29
57391,2026-07-27,2025-06-02,,,,bhr,0,19,0.0,26.42105263157895,by_country,2026-07-27 13:01:29
57392,2026-07-27,2025-06-02,,,,bhs,0,11,0.0,39.36363636363637,by_country,2026-07-27 13:01:29
57393,2026-07-27,2025-06-02,,,,bih,0,13,0.0,59.84615384615385,by_country,2026-07-27 13:01:29
57394,2026-07-27,2025-06-02,,,,blr,0,28,0.0,51.17857142857143,by_country,2026-07-27 13:01:29
57395,2026-07-27,2025-06-02,,,,blz,0,4,0.0,26.0,by_country,2026-07-27 13:01:29
57396,2026-07-27,2025-06-02,,,,bmu,0,1,0.0,31.0,by_country,2026-07-27 13:01:29
57397,2026-07-27,2025-06-02,,,,bol,0,19,0.0,27.894736842105264,by_country,2026-07-27 13:01:29
57398,2026-07-27,2025-06-02,,,,bra,0,2262,0.0,42.784261715296196,by_country,2026-07-27 13:01:29
57399,2026-07-27,2025-06-02,,,,brb,0,28,0.0,34.107142857142854,by_country,2026-07-27 13:01:29
57400,2026-07-27,2025-06-02,,,,brn,0,2,0.0,14.0,by_country,2026-07-27 13:01:29
57401,2026-07-27,2025-06-02,,,,bwa,0,2,0.0,63.5,by_country,2026-07-27 13:01:29
57402,2026-07-27,2025-06-02,,,,che,0,9,0.0,40.55555555555556,by_country,2026-07-27 13:01:29
57403,2026-07-27,2025-06-02,,,,chl,0,44,0.0,41.65909090909091,by_country,2026-07-27 13:01:29
57404,2026-07-27,2025-06-02,,,,civ,0,11,0.0,46.27272727272727,by_country,2026-07-27 13:01:29
57405,2026-07-27,2025-06-02,,,,cog,0,5,0.0,17.8,by_country,2026-07-27 13:01:29
57406,2026-07-27,2025-06-02,,,,col,0,98,0.0,35.183673469387756,by_country,2026-07-27 13:01:29
57407,2026-07-27,2025-06-02,,,,cpv,0,1,0.0,91.0,by_country,2026-07-27 13:01:29
57408,2026-07-27,2025-06-02,,,,cri,0,32,0.0,32.28125,by_country,2026-07-27 13:01:29
57409,2026-07-27,2025-06-02,,,,cub,0,1,0.0,8.0,by_country,2026-07-27 13:01:29
57410,2026-07-27,2025-06-02,,,,cuw,0,1,0.0,61.0,by_country,2026-07-27 13:01:29
57411,2026-07-27,2025-06-02,,,,cym,0,1,0.0,88.0,by_country,2026-07-27 13:01:29
57412,2026-07-27,2025-06-02,,,,cyp,0,16,0.0,56.625,by_country,2026-07-27 13:01:29
57413,2026-07-27,2025-06-02,,,,cze,0,27,0.0,50.0,by_country,2026-07-27 13:01:29
57414,2026-07-27,2025-06-02,,,,dnk,0,4,0.0,29.5,by_country,2026-07-27 13:01:29
57415,2026-07-27,2025-06-02,,,,dom,0,30,0.0,34.333333333333336,by_country,2026-07-27 13:01:29
57416,2026-07-27,2025-06-02,,,,dza,0,36,0.0,32.361111111111114,by_country,2026-07-27 13:01:29
57417,2026-07-27,2025-06-02,,,,ecu,0,117,0.0,41.47863247863248,by_country,2026-07-27 13:01:29
57418,2026-07-27,2025-06-02,,,,esp,0,117,0.0,37.18803418803419,by_country,2026-07-27 13:01:29
57419,2026-07-27,2025-06-02,,,,est,0,4,0.0,29.25,by_country,2026-07-27 13:01:29
57420,2026-07-27,2025-06-02,,,,eth,0,20,0.0,24.35,by_country,2026-07-27 13:01:29
57421,2026-07-27,2025-06-02,,,,fin,0,12,0.0,43.916666666666664,by_country,2026-07-27 13:01:29
57422,2026-07-27,2025-06-02,,,,fji,0,1,0.0,46.0,by_country,2026-07-27 13:01:29
57423,2026-07-27,2025-06-02,,,,gab,0,4,0.0,18.25,by_country,2026-07-27 13:01:29
57424,2026-07-27,2025-06-02,,,,geo,0,6,0.0,36.166666666666664,by_country,2026-07-27 13:01:29
57425,2026-07-27,2025-06-02,,,,ggy,0,1,0.0,53.0,by_country,2026-07-27 13:01:29
57426,2026-07-27,2025-06-02,,,,gha,0,3,0.0,37.666666666666664,by_country,2026-07-27 13:01:29
57427,2026-07-27,2025-06-02,,,,grc,0,15,0.0,32.93333333333334,by_country,2026-07-27 13:01:29
57428,2026-07-27,2025-06-02,,,,grd,0,5,0.0,50.8,by_country,2026-07-27 13:01:29
57429,2026-07-27,2025-06-02,,,,gtm,0,19,0.0,34.0,by_country,2026-07-27 13:01:29
57430,2026-07-27,2025-06-02,,,,guy,0,10,0.0,25.0,by_country,2026-07-27 13:01:29
57431,2026-07-27,2025-06-02,,,,hnd,0,25,0.0,24.08,by_country,2026-07-27 13:01:29
57432,2026-07-27,2025-06-02,,,,hrv,0,4,0.0,52.0,by_country,2026-07-27 13:01:29
57433,2026-07-27,2025-06-02,,,,hti,0,2,0.0,30.0,by_country,2026-07-27 13:01:29
57434,2026-07-27,2025-06-02,,,,hun,0,15,0.0,37.8,by_country,2026-07-27 13:01:29
57435,2026-07-27,2025-06-02,,,,imn,0,3,0.0,39.666666666666664,by_country,2026-07-27 13:01:29
57436,2026-07-27,2025-06-02,,,,irl,0,15,0.0,46.8,by_country,2026-07-27 13:01:29
57437,2026-07-27,2025-06-02,,,,irn,0,19,0.0,39.05263157894737,by_country,2026-07-27 13:01:29
57438,2026-07-27,2025-06-02,,,,irq,0,167,0.0,30.437125748502993,by_country,2026-07-27 13:01:29
57439,2026-07-27,2025-06-02,,,,isr,0,47,0.0,40.808510638297875,by_country,2026-07-27 13:01:29
57440,2026-07-27,2025-06-02,,,,jam,0,55,0.0,25.98181818181818,by_country,2026-07-27 13:01:29
57441,2026-07-27,2025-06-02,,,,jor,0,50,0.0,27.2,by_country,2026-07-27 13:01:29
57442,2026-07-27,2025-06-02,,,,kaz,0,32,0.0,39.53125,by_country,2026-07-27 13:01:29
57443,2026-07-27,2025-06-02,,,,ken,0,55,0.0,29.036363636363635,by_country,2026-07-27 13:01:29
57444,2026-07-27,2025-06-02,,,,kgz,0,14,0.0,31.5,by_country,2026-07-27 13:01:29
57445,2026-07-27,2025-06-02,,,,kwt,0,23,0.0,41.04347826086956,by_country,2026-07-27 13:01:29
57446,2026-07-27,2025-06-02,,,,lao,0,18,0.0,17.5,by_country,2026-07-27 13:01:29
57447,2026-07-27,2025-06-02,,,,lbn,0,16,0.0,36.5,by_country,2026-07-27 13:01:29
57448,2026-07-27,2025-06-02,,,,lby,0,9,0.0,35.22222222222222,by_country,2026-07-27 13:01:29
57449,2026-07-27,2025-06-02,,,,lca,0,3,0.0,12.333333333333334,by_country,2026-07-27 13:01:29
57450,2026-07-27,2025-06-02,,,,lka,0,14,0.0,20.714285714285715,by_country,2026-07-27 13:01:29
57451,2026-07-27,2025-06-02,,,,ltu,0,20,0.0,48.5,by_country,2026-07-27 13:01:29
57452,2026-07-27,2025-06-02,,,,lux,0,2,0.0,63.0,by_country,2026-07-27 13:01:29
57453,2026-07-27,2025-06-02,,,,lva,0,9,0.0,43.55555555555556,by_country,2026-07-27 13:01:29
57454,2026-07-27,2025-06-02,,,,mar,0,76,0.0,33.5,by_country,2026-07-27 13:01:29
57455,2026-07-27,2025-06-02,,,,mda,0,20,0.0,39.25,by_country,2026-07-27 13:01:29
57456,2026-07-27,2025-06-02,,,,mdg,0,4,0.0,21.5,by_country,2026-07-27 13:01:29
57457,2026-07-27,2025-06-02,,,,mdv,0,5,0.0,11.6,by_country,2026-07-27 13:01:29
57458,2026-07-27,2025-06-02,,,,mex,0,210,0.0,32.01904761904762,by_country,2026-07-27 13:01:29
57459,2026-07-27,2025-06-02,,,,mkd,0,3,0.0,27.333333333333332,by_country,2026-07-27 13:01:29
57460,2026-07-27,2025-06-02,,,,mli,0,1,0.0,82.0,by_country,2026-07-27 13:01:29
57461,2026-07-27,2025-06-02,,,,mlt,0,2,0.0,17.5,by_country,2026-07-27 13:01:29
57462,2026-07-27,2025-06-02,,,,mmr,0,18,0.0,18.166666666666668,by_country,2026-07-27 13:01:29
57463,2026-07-27,2025-06-02,,,,mne,0,1,0.0,61.0,by_country,2026-07-27 13:01:29
57464,2026-07-27,2025-06-02,,,,mng,0,11,0.0,17.545454545454547,by_country,2026-07-27 13:01:29
57465,2026-07-27,2025-06-02,,,,moz,0,2,0.0,38.0,by_country,2026-07-27 13:01:29
57466,2026-07-27,2025-06-02,,,,mus,0,1,0.0,55.0,by_country,2026-07-27 13:01:29
57467,2026-07-27,2025-06-02,,,,ncl,0,1,0.0,1.0,by_country,2026-07-27 13:01:29
57468,2026-07-27,2025-06-02,,,,nga,0,21,0.0,34.285714285714285,by_country,2026-07-27 13:01:29
57469,2026-07-27,2025-06-02,,,,nic,0,12,0.0,35.5,by_country,2026-07-27 13:01:29
57470,2026-07-27,2025-06-02,,,,nor,0,13,0.0,58.38461538461539,by_country,2026-07-27 13:01:29
57471,2026-07-27,2025-06-02,,,,npl,0,62,0.0,29.20967741935484,by_country,2026-07-27 13:01:29
57472,2026-07-27,2025-06-02,,,,omn,0,25,0.0,32.8,by_country,2026-07-27 13:01:29
57473,2026-07-27,2025-06-02,,,,pak,0,161,0.0,29.422360248447205,by_country,2026-07-27 13:01:29
57474,2026-07-27,2025-06-02,,,,pan,0,22,0.0,29.954545454545453,by_country,2026-07-27 13:01:29
57475,2026-07-27,2025-06-02,,,,per,0,49,0.0,30.551020408163264,by_country,2026-07-27 13:01:29
57476,2026-07-27,2025-06-02,,,,phl,0,298,0.0,27.40268456375839,by_country,2026-07-27 13:01:29
57477,2026-07-27,2025-06-02,,,,pri,0,11,0.0,36.18181818181818,by_country,2026-07-27 13:01:29
57478,2026-07-27,2025-06-02,,,,prt,0,19,0.0,61.473684210526315,by_country,2026-07-27 13:01:29
57479,2026-07-27,2025-06-02,,,,pry,0,40,0.0,39.05,by_country,2026-07-27 13:01:29
57480,2026-07-27,2025-06-02,,,,pse,0,23,0.0,28.695652173913043,by_country,2026-07-27 13:01:29
57481,2026-07-27,2025-06-02,,,,qat,0,12,0.0,31.0,by_country,2026-07-27 13:01:29
57482,2026-07-27,2025-06-02,,,,rus,0,359,0.0,50.401114206128135,by_country,2026-07-27 13:01:29
57483,2026-07-27,2025-06-02,,,,rwa,0,1,0.0,99.0,by_country,2026-07-27 13:01:29
57484,2026-07-27,2025-06-02,,,,sau,0,177,0.0,30.71186440677966,by_country,2026-07-27 13:01:29
57485,2026-07-27,2025-06-02,,,,sen,0,23,0.0,30.347826086956523,by_country,2026-07-27 13:01:29
57486,2026-07-27,2025-06-02,,,,sle,0,1,0.0,9.0,by_country,2026-07-27 13:01:29
57487,2026-07-27,2025-06-02,,,,slv,0,6,0.0,17.666666666666668,by_country,2026-07-27 13:01:29
57488,2026-07-27,2025-06-02,,,,srb,0,18,0.0,22.666666666666668,by_country,2026-07-27 13:01:29
57489,2026-07-27,2025-06-02,,,,sur,0,7,0.0,41.285714285714285,by_country,2026-07-27 13:01:29
57490,2026-07-27,2025-06-02,,,,svk,0,3,0.0,37.0,by_country,2026-07-27 13:01:29
57491,2026-07-27,2025-06-02,,,,svn,0,6,0.0,38.333333333333336,by_country,2026-07-27 13:01:29
57492,2026-07-27,2025-06-02,,,,swe,0,20,0.0,49.45,by_country,2026-07-27 13:01:29
57493,2026-07-27,2025-06-02,,,,sxm,0,1,0.0,44.0,by_country,2026-07-27 13:01:29
57494,2026-07-27,2025-06-02,,,,syc,0,2,0.0,55.5,by_country,2026-07-27 13:01:29
57495,2026-07-27,2025-06-02,,,,syr,0,18,0.0,31.666666666666668,by_country,2026-07-27 13:01:29
57496,2026-07-27,2025-06-02,,,,tca,0,1,0.0,48.0,by_country,2026-07-27 13:01:29
57497,2026-07-27,2025-06-02,,,,tgo,0,2,0.0,30.0,by_country,2026-07-27 13:01:29
57498,2026-07-27,2025-06-02,,,,tha,0,173,0.0,20.786127167630056,by_country,2026-07-27 13:01:29
57499,2026-07-27,2025-06-02,,,,tto,0,68,0.0,36.26470588235294,by_country,2026-07-27 13:01:29
57500,2026-07-27,2025-06-02,,,,tun,0,36,0.0,39.083333333333336,by_country,2026-07-27 13:01:29
57501,2026-07-27,2025-06-02,,,,tur,0,137,0.0,38.21167883211679,by_country,2026-07-27 13:01:29
57502,2026-07-27,2025-06-02,,,,tza,0,6,0.0,34.833333333333336,by_country,2026-07-27 13:01:29
57503,2026-07-27,2025-06-02,,,,uga,0,3,0.0,7.0,by_country,2026-07-27 13:01:29
57504,2026-07-27,2025-06-02,,,,ukr,0,111,0.0,40.08108108108108,by_country,2026-07-27 13:01:29
57505,2026-07-27,2025-06-02,,,,ury,0,55,0.0,31.236363636363638,by_country,2026-07-27 13:01:29
57506,2026-07-27,2025-06-02,,,,uzb,0,68,0.0,31.455882352941178,by_country,2026-07-27 13:01:29
57507,2026-07-27,2025-06-02,,,,ven,0,151,0.0,31.509933774834437,by_country,2026-07-27 13:01:29
57508,2026-07-27,2025-06-02,,,,vgb,0,1,0.0,84.0,by_country,2026-07-27 13:01:29
57509,2026-07-27,2025-06-02,,,,xkk,0,6,0.0,21.333333333333332,by_country,2026-07-27 13:01:29
57510,2026-07-27,2025-06-02,,,,zaf,0,159,0.0,36.79245283018868,by_country,2026-07-27 13:01:29
27617,2026-07-27,2025-05-03,,,,usa,76,8957,0.008484983811544044,24.324662275315397,by_country,2026-07-27 13:01:13
27618,2026-07-27,2025-05-03,,,,chn,63,1507,0.0418049104180491,9.329130723291307,by_country,2026-07-27 13:01:13
27619,2026-07-27,2025-05-03,,,,hkg,53,1624,0.03263546798029557,13.138546798029557,by_country,2026-07-27 13:01:13
27620,2026-07-27,2025-05-03,,,,twn,46,1209,0.0380479735318445,13.224979321753516,by_country,2026-07-27 13:01:13
27621,2026-07-27,2025-05-03,,,,jpn,33,746,0.04423592493297587,14.32975871313673,by_country,2026-07-27 13:01:13
27622,2026-07-27,2025-05-03,,,,sgp,28,853,0.032825322391559206,9.908558030480657,by_country,2026-07-27 13:01:13
27623,2026-07-27,2025-05-03,,,,can,10,361,0.027700831024930747,23.817174515235457,by_country,2026-07-27 13:01:13
27624,2026-07-27,2025-05-03,,,,zzz,9,196,0.04591836734693878,14.607142857142858,by_country,2026-07-27 13:01:13
27625,2026-07-27,2025-05-03,,,,mys,8,412,0.019417475728155338,16.065533980582522,by_country,2026-07-27 13:01:13
27626,2026-07-27,2025-05-03,,,,aus,7,319,0.0219435736677116,20.63322884012539,by_country,2026-07-27 13:01:13
27627,2026-07-27,2025-05-03,,,,gbr,7,607,0.011532125205930808,41.790774299835256,by_country,2026-07-27 13:01:13
27628,2026-07-27,2025-05-03,,,,deu,6,278,0.02158273381294964,36.931654676258994,by_country,2026-07-27 13:01:13
27629,2026-07-27,2025-05-03,,,,khm,5,101,0.04950495049504951,12.415841584158416,by_country,2026-07-27 13:01:13
27630,2026-07-27,2025-05-03,,,,kor,5,607,0.008237232289950576,38.92586490939045,by_country,2026-07-27 13:01:13
27631,2026-07-27,2025-05-03,,,,tha,4,189,0.021164021164021163,21.67195767195767,by_country,2026-07-27 13:01:13
27632,2026-07-27,2025-05-03,,,,ind,3,820,0.003658536585365854,29.945121951219512,by_country,2026-07-27 13:01:13
27633,2026-07-27,2025-05-03,,,,nld,2,91,0.02197802197802198,31.63736263736264,by_country,2026-07-27 13:01:13
27634,2026-07-27,2025-05-03,,,,phl,2,236,0.00847457627118644,26.699152542372882,by_country,2026-07-27 13:01:13
27635,2026-07-27,2025-05-03,,,,rus,2,464,0.004310344827586207,47.73275862068966,by_country,2026-07-27 13:01:13
27636,2026-07-27,2025-05-03,,,,are,1,24,0.041666666666666664,21.083333333333332,by_country,2026-07-27 13:01:13
27637,2026-07-27,2025-05-03,,,,idn,1,791,0.0012642225031605564,12.99873577749684,by_country,2026-07-27 13:01:13
27638,2026-07-27,2025-05-03,,,,irn,1,33,0.030303030303030304,29.78787878787879,by_country,2026-07-27 13:01:13
27639,2026-07-27,2025-05-03,,,,ita,1,110,0.00909090909090909,47.14545454545455,by_country,2026-07-27 13:01:13
27640,2026-07-27,2025-05-03,,,,srb,1,11,0.09090909090909091,31.727272727272727,by_country,2026-07-27 13:01:13
27641,2026-07-27,2025-05-03,,,,ukr,1,96,0.010416666666666666,39.802083333333336,by_country,2026-07-27 13:01:13
27642,2026-07-27,2025-05-03,,,,ven,1,65,0.015384615384615385,42.4,by_country,2026-07-27 13:01:13
27643,2026-07-27,2025-05-03,,,,abw,0,2,0.0,43.0,by_country,2026-07-27 13:01:13
27644,2026-07-27,2025-05-03,,,,afg,0,1,0.0,6.0,by_country,2026-07-27 13:01:13
27645,2026-07-27,2025-05-03,,,,ago,0,3,0.0,52.333333333333336,by_country,2026-07-27 13:01:13
27646,2026-07-27,2025-05-03,,,,alb,0,7,0.0,55.42857142857143,by_country,2026-07-27 13:01:13
27647,2026-07-27,2025-05-03,,,,arg,0,157,0.0,48.152866242038215,by_country,2026-07-27 13:01:13
27648,2026-07-27,2025-05-03,,,,arm,0,4,0.0,50.75,by_country,2026-07-27 13:01:13
27649,2026-07-27,2025-05-03,,,,asm,0,1,0.0,50.0,by_country,2026-07-27 13:01:13
27650,2026-07-27,2025-05-03,,,,atg,0,1,0.0,15.0,by_country,2026-07-27 13:01:13
27651,2026-07-27,2025-05-03,,,,aut,0,9,0.0,46.22222222222222,by_country,2026-07-27 13:01:13
27652,2026-07-27,2025-05-03,,,,aze,0,17,0.0,37.94117647058823,by_country,2026-07-27 13:01:13
27653,2026-07-27,2025-05-03,,,,bel,0,24,0.0,40.5,by_country,2026-07-27 13:01:13
27654,2026-07-27,2025-05-03,,,,ben,0,1,0.0,38.0,by_country,2026-07-27 13:01:13
27655,2026-07-27,2025-05-03,,,,bfa,0,6,0.0,42.166666666666664,by_country,2026-07-27 13:01:13
27656,2026-07-27,2025-05-03,,,,bgd,0,49,0.0,43.08163265306123,by_country,2026-07-27 13:01:13
27657,2026-07-27,2025-05-03,,,,bgr,0,18,0.0,54.833333333333336,by_country,2026-07-27 13:01:13
27658,2026-07-27,2025-05-03,,,,bhr,0,6,0.0,73.0,by_country,2026-07-27 13:01:13
27659,2026-07-27,2025-05-03,,,,bhs,0,6,0.0,34.5,by_country,2026-07-27 13:01:13
27660,2026-07-27,2025-05-03,,,,bih,0,7,0.0,55.857142857142854,by_country,2026-07-27 13:01:13
27661,2026-07-27,2025-05-03,,,,blr,0,22,0.0,48.90909090909091,by_country,2026-07-27 13:01:13
27662,2026-07-27,2025-05-03,,,,blz,0,4,0.0,32.5,by_country,2026-07-27 13:01:13
27663,2026-07-27,2025-05-03,,,,bmu,0,3,0.0,40.333333333333336,by_country,2026-07-27 13:01:13
27664,2026-07-27,2025-05-03,,,,bol,0,17,0.0,29.11764705882353,by_country,2026-07-27 13:01:13
27665,2026-07-27,2025-05-03,,,,bra,0,1381,0.0,51.62201303403331,by_country,2026-07-27 13:01:13
27666,2026-07-27,2025-05-03,,,,brb,0,8,0.0,60.125,by_country,2026-07-27 13:01:13
27667,2026-07-27,2025-05-03,,,,che,0,22,0.0,46.0,by_country,2026-07-27 13:01:13
27668,2026-07-27,2025-05-03,,,,chl,0,36,0.0,45.861111111111114,by_country,2026-07-27 13:01:13
27669,2026-07-27,2025-05-03,,,,civ,0,5,0.0,31.6,by_country,2026-07-27 13:01:13
27670,2026-07-27,2025-05-03,,,,cog,0,1,0.0,38.0,by_country,2026-07-27 13:01:13
27671,2026-07-27,2025-05-03,,,,col,0,78,0.0,40.08974358974359,by_country,2026-07-27 13:01:13
27672,2026-07-27,2025-05-03,,,,cpv,0,3,0.0,32.33333333333333,by_country,2026-07-27 13:01:13
27673,2026-07-27,2025-05-03,,,,cri,0,13,0.0,30.923076923076923,by_country,2026-07-27 13:01:13
27674,2026-07-27,2025-05-03,,,,cub,0,2,0.0,5.5,by_country,2026-07-27 13:01:13
27675,2026-07-27,2025-05-03,,,,cuw,0,1,0.0,44.0,by_country,2026-07-27 13:01:13
27676,2026-07-27,2025-05-03,,,,cyp,0,6,0.0,45.166666666666664,by_country,2026-07-27 13:01:13
27677,2026-07-27,2025-05-03,,,,cze,0,17,0.0,36.05882352941177,by_country,2026-07-27 13:01:13
27678,2026-07-27,2025-05-03,,,,dnk,0,13,0.0,19.923076923076923,by_country,2026-07-27 13:01:13
27679,2026-07-27,2025-05-03,,,,dom,0,23,0.0,46.17391304347826,by_country,2026-07-27 13:01:13
27680,2026-07-27,2025-05-03,,,,dza,0,22,0.0,61.13636363636363,by_country,2026-07-27 13:01:13
27681,2026-07-27,2025-05-03,,,,ecu,0,106,0.0,48.764150943396224,by_country,2026-07-27 13:01:13
27682,2026-07-27,2025-05-03,,,,egy,0,64,0.0,45.890625,by_country,2026-07-27 13:01:13
27683,2026-07-27,2025-05-03,,,,esp,0,105,0.0,35.42857142857143,by_country,2026-07-27 13:01:13
27684,2026-07-27,2025-05-03,,,,est,0,5,0.0,33.6,by_country,2026-07-27 13:01:13
27685,2026-07-27,2025-05-03,,,,eth,0,1,0.0,48.0,by_country,2026-07-27 13:01:13
27686,2026-07-27,2025-05-03,,,,fin,0,15,0.0,48.6,by_country,2026-07-27 13:01:13
27687,2026-07-27,2025-05-03,,,,fji,0,3,0.0,14.0,by_country,2026-07-27 13:01:13
27688,2026-07-27,2025-05-03,,,,fra,0,142,0.0,33.92253521126761,by_country,2026-07-27 13:01:13
27689,2026-07-27,2025-05-03,,,,fro,0,1,0.0,99.0,by_country,2026-07-27 13:01:13
27690,2026-07-27,2025-05-03,,,,gab,0,5,0.0,62.0,by_country,2026-07-27 13:01:13
27691,2026-07-27,2025-05-03,,,,geo,0,8,0.0,41.75,by_country,2026-07-27 13:01:13
27692,2026-07-27,2025-05-03,,,,gha,0,2,0.0,59.5,by_country,2026-07-27 13:01:13
27693,2026-07-27,2025-05-03,,,,gmb,0,1,0.0,22.0,by_country,2026-07-27 13:01:13
27694,2026-07-27,2025-05-03,,,,grc,0,23,0.0,52.08695652173913,by_country,2026-07-27 13:01:13
27695,2026-07-27,2025-05-03,,,,grd,0,2,0.0,95.5,by_country,2026-07-27 13:01:13
27696,2026-07-27,2025-05-03,,,,gtm,0,15,0.0,12.666666666666666,by_country,2026-07-27 13:01:13
27697,2026-07-27,2025-05-03,,,,gum,0,1,0.0,16.0,by_country,2026-07-27 13:01:13
27698,2026-07-27,2025-05-03,,,,guy,0,4,0.0,50.25,by_country,2026-07-27 13:01:13
27699,2026-07-27,2025-05-03,,,,hnd,0,13,0.0,51.76923076923077,by_country,2026-07-27 13:01:13
27700,2026-07-27,2025-05-03,,,,hrv,0,3,0.0,71.33333333333333,by_country,2026-07-27 13:01:13
27701,2026-07-27,2025-05-03,,,,hti,0,1,0.0,8.0,by_country,2026-07-27 13:01:13
27702,2026-07-27,2025-05-03,,,,hun,0,13,0.0,49.0,by_country,2026-07-27 13:01:13
27703,2026-07-27,2025-05-03,,,,imn,0,1,0.0,47.0,by_country,2026-07-27 13:01:13
27704,2026-07-27,2025-05-03,,,,irl,0,29,0.0,41.37931034482759,by_country,2026-07-27 13:01:13
27705,2026-07-27,2025-05-03,,,,irq,0,40,0.0,46.15,by_country,2026-07-27 13:01:13
27706,2026-07-27,2025-05-03,,,,isr,0,7,0.0,41.0,by_country,2026-07-27 13:01:13
27707,2026-07-27,2025-05-03,,,,jam,0,18,0.0,47.611111111111114,by_country,2026-07-27 13:01:13
27708,2026-07-27,2025-05-03,,,,jey,0,1,0.0,5.0,by_country,2026-07-27 13:01:13
27709,2026-07-27,2025-05-03,,,,jor,0,28,0.0,30.392857142857142,by_country,2026-07-27 13:01:13
27710,2026-07-27,2025-05-03,,,,kaz,0,19,0.0,48.421052631578945,by_country,2026-07-27 13:01:13
27711,2026-07-27,2025-05-03,,,,ken,0,13,0.0,26.615384615384617,by_country,2026-07-27 13:01:13
27712,2026-07-27,2025-05-03,,,,kgz,0,9,0.0,58.22222222222222,by_country,2026-07-27 13:01:13
27713,2026-07-27,2025-05-03,,,,kwt,0,5,0.0,48.8,by_country,2026-07-27 13:01:13
27714,2026-07-27,2025-05-03,,,,lao,0,20,0.0,15.95,by_country,2026-07-27 13:01:13
27715,2026-07-27,2025-05-03,,,,lbn,0,7,0.0,40.714285714285715,by_country,2026-07-27 13:01:13
27716,2026-07-27,2025-05-03,,,,lca,0,2,0.0,82.0,by_country,2026-07-27 13:01:13
27717,2026-07-27,2025-05-03,,,,lka,0,18,0.0,23.444444444444443,by_country,2026-07-27 13:01:13
27718,2026-07-27,2025-05-03,,,,ltu,0,33,0.0,48.96969696969697,by_country,2026-07-27 13:01:13
27719,2026-07-27,2025-05-03,,,,lux,0,4,0.0,47.25,by_country,2026-07-27 13:01:13
27720,2026-07-27,2025-05-03,,,,lva,0,8,0.0,44.25,by_country,2026-07-27 13:01:13
27721,2026-07-27,2025-05-03,,,,mac,0,40,0.0,8.2,by_country,2026-07-27 13:01:13
27722,2026-07-27,2025-05-03,,,,mar,0,54,0.0,46.574074074074076,by_country,2026-07-27 13:01:13
27723,2026-07-27,2025-05-03,,,,mda,0,11,0.0,52.72727272727273,by_country,2026-07-27 13:01:13
27724,2026-07-27,2025-05-03,,,,mdg,0,2,0.0,74.0,by_country,2026-07-27 13:01:13
27725,2026-07-27,2025-05-03,,,,mdv,0,4,0.0,29.5,by_country,2026-07-27 13:01:13
27726,2026-07-27,2025-05-03,,,,mex,0,201,0.0,35.25373134328358,by_country,2026-07-27 13:01:13
27727,2026-07-27,2025-05-03,,,,mkd,0,4,0.0,43.5,by_country,2026-07-27 13:01:13
27728,2026-07-27,2025-05-03,,,,mli,0,1,0.0,27.0,by_country,2026-07-27 13:01:13
27729,2026-07-27,2025-05-03,,,,mlt,0,2,0.0,60.5,by_country,2026-07-27 13:01:13
27730,2026-07-27,2025-05-03,,,,mmr,0,56,0.0,14.017857142857142,by_country,2026-07-27 13:01:13
27731,2026-07-27,2025-05-03,,,,mng,0,14,0.0,23.357142857142858,by_country,2026-07-27 13:01:13
27732,2026-07-27,2025-05-03,,,,moz,0,2,0.0,45.5,by_country,2026-07-27 13:01:13
27733,2026-07-27,2025-05-03,,,,mus,0,2,0.0,36.0,by_country,2026-07-27 13:01:13
27734,2026-07-27,2025-05-03,,,,mwi,0,1,0.0,50.0,by_country,2026-07-27 13:01:13
27735,2026-07-27,2025-05-03,,,,nam,0,2,0.0,25.0,by_country,2026-07-27 13:01:13
27736,2026-07-27,2025-05-03,,,,nga,0,10,0.0,38.2,by_country,2026-07-27 13:01:13
27737,2026-07-27,2025-05-03,,,,nic,0,6,0.0,35.833333333333336,by_country,2026-07-27 13:01:13
27738,2026-07-27,2025-05-03,,,,nor,0,11,0.0,28.181818181818183,by_country,2026-07-27 13:01:13
27739,2026-07-27,2025-05-03,,,,npl,0,38,0.0,26.710526315789473,by_country,2026-07-27 13:01:13
27740,2026-07-27,2025-05-03,,,,nzl,0,55,0.0,20.854545454545455,by_country,2026-07-27 13:01:13
27741,2026-07-27,2025-05-03,,,,omn,0,3,0.0,46.666666666666664,by_country,2026-07-27 13:01:13
27742,2026-07-27,2025-05-03,,,,pak,0,87,0.0,30.64367816091954,by_country,2026-07-27 13:01:13
27743,2026-07-27,2025-05-03,,,,pan,0,8,0.0,33.625,by_country,2026-07-27 13:01:13
27744,2026-07-27,2025-05-03,,,,per,0,42,0.0,36.5,by_country,2026-07-27 13:01:13
27745,2026-07-27,2025-05-03,,,,png,0,1,0.0,26.0,by_country,2026-07-27 13:01:13
27746,2026-07-27,2025-05-03,,,,pol,0,51,0.0,39.333333333333336,by_country,2026-07-27 13:01:13
27747,2026-07-27,2025-05-03,,,,pri,0,7,0.0,46.57142857142857,by_country,2026-07-27 13:01:13
27748,2026-07-27,2025-05-03,,,,prt,0,16,0.0,37.375,by_country,2026-07-27 13:01:13
27749,2026-07-27,2025-05-03,,,,pry,0,23,0.0,46.130434782608695,by_country,2026-07-27 13:01:13
27750,2026-07-27,2025-05-03,,,,pse,0,10,0.0,16.1,by_country,2026-07-27 13:01:13
27751,2026-07-27,2025-05-03,,,,qat,0,4,0.0,55.5,by_country,2026-07-27 13:01:13
27752,2026-07-27,2025-05-03,,,,reu,0,2,0.0,36.5,by_country,2026-07-27 13:01:13
27753,2026-07-27,2025-05-03,,,,rou,0,21,0.0,43.333333333333336,by_country,2026-07-27 13:01:13
27754,2026-07-27,2025-05-03,,,,rwa,0,2,0.0,5.5,by_country,2026-07-27 13:01:13
27755,2026-07-27,2025-05-03,,,,sau,0,42,0.0,44.95238095238095,by_country,2026-07-27 13:01:13
27756,2026-07-27,2025-05-03,,,,sen,0,6,0.0,27.166666666666668,by_country,2026-07-27 13:01:13
27757,2026-07-27,2025-05-03,,,,slb,0,1,0.0,4.0,by_country,2026-07-27 13:01:13
27758,2026-07-27,2025-05-03,,,,sle,0,1,0.0,56.0,by_country,2026-07-27 13:01:13
27759,2026-07-27,2025-05-03,,,,slv,0,3,0.0,42.666666666666664,by_country,2026-07-27 13:01:13
27760,2026-07-27,2025-05-03,,,,som,0,1,0.0,44.0,by_country,2026-07-27 13:01:13
27761,2026-07-27,2025-05-03,,,,ssd,0,1,0.0,9.0,by_country,2026-07-27 13:01:13
27762,2026-07-27,2025-05-03,,,,svk,0,8,0.0,42.625,by_country,2026-07-27 13:01:13
27763,2026-07-27,2025-05-03,,,,svn,0,4,0.0,34.0,by_country,2026-07-27 13:01:13
27764,2026-07-27,2025-05-03,,,,swe,0,30,0.0,31.333333333333332,by_country,2026-07-27 13:01:13
27765,2026-07-27,2025-05-03,,,,syc,0,2,0.0,101.5,by_country,2026-07-27 13:01:13
27766,2026-07-27,2025-05-03,,,,syr,0,4,0.0,40.75,by_country,2026-07-27 13:01:13
27767,2026-07-27,2025-05-03,,,,tkm,0,2,0.0,31.0,by_country,2026-07-27 13:01:13
27768,2026-07-27,2025-05-03,,,,tto,0,20,0.0,44.85,by_country,2026-07-27 13:01:13
27769,2026-07-27,2025-05-03,,,,tun,0,19,0.0,61.526315789473685,by_country,2026-07-27 13:01:13
27770,2026-07-27,2025-05-03,,,,tur,0,101,0.0,46.366336633663366,by_country,2026-07-27 13:01:13
27771,2026-07-27,2025-05-03,,,,uga,0,1,0.0,98.0,by_country,2026-07-27 13:01:13
27772,2026-07-27,2025-05-03,,,,ury,0,24,0.0,47.583333333333336,by_country,2026-07-27 13:01:13
27773,2026-07-27,2025-05-03,,,,uzb,0,33,0.0,35.42424242424242,by_country,2026-07-27 13:01:13
27774,2026-07-27,2025-05-03,,,,vnm,0,752,0.0,32.795212765957444,by_country,2026-07-27 13:01:13
27775,2026-07-27,2025-05-03,,,,zaf,0,63,0.0,46.03174603174603,by_country,2026-07-27 13:01:13
27776,2026-07-27,2025-05-03,,,,zwe,0,1,0.0,39.0,by_country,2026-07-27 13:01:13
1656,2026-07-27,2025-04-03,,,,usa,98,7016,0.013968072976054732,22.98275370581528,by_country,2026-07-27 13:00:57
1657,2026-07-27,2025-04-03,,,,chn,80,1608,0.04975124378109453,9.230099502487562,by_country,2026-07-27 13:00:57
1658,2026-07-27,2025-04-03,,,,hkg,70,1723,0.04062681369704005,12.635519442832269,by_country,2026-07-27 13:00:57
1659,2026-07-27,2025-04-03,,,,twn,56,1440,0.03888888888888889,11.040972222222223,by_country,2026-07-27 13:00:57
1660,2026-07-27,2025-04-03,,,,sgp,22,2631,0.008361839604713038,7.958950969213227,by_country,2026-07-27 13:00:57
1661,2026-07-27,2025-04-03,,,,jpn,15,568,0.02640845070422535,17.910211267605632,by_country,2026-07-27 13:00:57
1662,2026-07-27,2025-04-03,,,,can,10,346,0.028901734104046242,20.112716763005782,by_country,2026-07-27 13:00:57
1663,2026-07-27,2025-04-03,,,,zzz,8,644,0.012422360248447204,9.945652173913043,by_country,2026-07-27 13:00:57
1664,2026-07-27,2025-04-03,,,,mys,6,1175,0.005106382978723404,10.118297872340426,by_country,2026-07-27 13:00:57
1665,2026-07-27,2025-04-03,,,,nld,5,89,0.056179775280898875,32.921348314606746,by_country,2026-07-27 13:00:57
1666,2026-07-27,2025-04-03,,,,fra,4,160,0.025,36.05625,by_country,2026-07-27 13:00:57
1667,2026-07-27,2025-04-03,,,,tha,4,128,0.03125,20.984375,by_country,2026-07-27 13:00:57
1668,2026-07-27,2025-04-03,,,,mac,3,58,0.05172413793103448,8.327586206896552,by_country,2026-07-27 13:00:57
1669,2026-07-27,2025-04-03,,,,aus,2,264,0.007575757575757576,16.026515151515152,by_country,2026-07-27 13:00:57
1670,2026-07-27,2025-04-03,,,,deu,2,222,0.009009009009009009,36.81981981981982,by_country,2026-07-27 13:00:57
1671,2026-07-27,2025-04-03,,,,gbr,2,462,0.004329004329004329,38.02813852813853,by_country,2026-07-27 13:00:57
1672,2026-07-27,2025-04-03,,,,khm,2,77,0.025974025974025976,12.428571428571429,by_country,2026-07-27 13:00:57
1673,2026-07-27,2025-04-03,,,,kor,2,580,0.0034482758620689655,43.06551724137931,by_country,2026-07-27 13:00:57
1674,2026-07-27,2025-04-03,,,,vnm,2,484,0.004132231404958678,34.985537190082646,by_country,2026-07-27 13:00:57
1675,2026-07-27,2025-04-03,,,,bel,1,26,0.038461538461538464,26.423076923076923,by_country,2026-07-27 13:00:57
1676,2026-07-27,2025-04-03,,,,bra,1,1295,0.0007722007722007722,51.96756756756757,by_country,2026-07-27 13:00:57
1677,2026-07-27,2025-04-03,,,,ind,1,578,0.0017301038062283738,32.25432525951557,by_country,2026-07-27 13:00:57
1678,2026-07-27,2025-04-03,,,,mmr,1,47,0.02127659574468085,18.4468085106383,by_country,2026-07-27 13:00:57
1679,2026-07-27,2025-04-03,,,,nzl,1,36,0.027777777777777776,11.416666666666666,by_country,2026-07-27 13:00:57
1680,2026-07-27,2025-04-03,,,,phl,1,158,0.006329113924050633,32.411392405063296,by_country,2026-07-27 13:00:57
1681,2026-07-27,2025-04-03,,,,sau,1,38,0.02631578947368421,38.526315789473685,by_country,2026-07-27 13:00:57
1682,2026-07-27,2025-04-03,,,,abw,0,2,0.0,27.5,by_country,2026-07-27 13:00:57
1683,2026-07-27,2025-04-03,,,,afg,0,1,0.0,18.0,by_country,2026-07-27 13:00:57
1684,2026-07-27,2025-04-03,,,,alb,0,14,0.0,37.714285714285715,by_country,2026-07-27 13:00:57
1685,2026-07-27,2025-04-03,,,,and,0,2,0.0,48.5,by_country,2026-07-27 13:00:57
1686,2026-07-27,2025-04-03,,,,are,0,33,0.0,19.303030303030305,by_country,2026-07-27 13:00:57
1687,2026-07-27,2025-04-03,,,,arg,0,102,0.0,48.48039215686274,by_country,2026-07-27 13:00:57
1688,2026-07-27,2025-04-03,,,,arm,0,6,0.0,58.0,by_country,2026-07-27 13:00:57
1689,2026-07-27,2025-04-03,,,,aut,0,12,0.0,44.583333333333336,by_country,2026-07-27 13:00:57
1690,2026-07-27,2025-04-03,,,,aze,0,20,0.0,43.1,by_country,2026-07-27 13:00:57
1691,2026-07-27,2025-04-03,,,,bfa,0,1,0.0,31.0,by_country,2026-07-27 13:00:57
1692,2026-07-27,2025-04-03,,,,bgd,0,46,0.0,38.08695652173913,by_country,2026-07-27 13:00:57
1693,2026-07-27,2025-04-03,,,,bgr,0,17,0.0,52.64705882352941,by_country,2026-07-27 13:00:57
1694,2026-07-27,2025-04-03,,,,bhr,0,9,0.0,31.444444444444443,by_country,2026-07-27 13:00:57
1695,2026-07-27,2025-04-03,,,,bhs,0,3,0.0,43.666666666666664,by_country,2026-07-27 13:00:57
1696,2026-07-27,2025-04-03,,,,bih,0,3,0.0,42.333333333333336,by_country,2026-07-27 13:00:57
1697,2026-07-27,2025-04-03,,,,blr,0,11,0.0,47.81818181818182,by_country,2026-07-27 13:00:57
1698,2026-07-27,2025-04-03,,,,blz,0,3,0.0,64.66666666666666,by_country,2026-07-27 13:00:57
1699,2026-07-27,2025-04-03,,,,bol,0,16,0.0,47.25,by_country,2026-07-27 13:00:57
1700,2026-07-27,2025-04-03,,,,brb,0,6,0.0,54.333333333333336,by_country,2026-07-27 13:00:57
1701,2026-07-27,2025-04-03,,,,brn,0,2,0.0,22.0,by_country,2026-07-27 13:00:57
1702,2026-07-27,2025-04-03,,,,btn,0,2,0.0,10.5,by_country,2026-07-27 13:00:57
1703,2026-07-27,2025-04-03,,,,bwa,0,2,0.0,76.5,by_country,2026-07-27 13:00:57
1704,2026-07-27,2025-04-03,,,,che,0,17,0.0,19.41176470588235,by_country,2026-07-27 13:00:57
1705,2026-07-27,2025-04-03,,,,chl,0,18,0.0,46.94444444444444,by_country,2026-07-27 13:00:57
1706,2026-07-27,2025-04-03,,,,civ,0,2,0.0,51.0,by_country,2026-07-27 13:00:57
1707,2026-07-27,2025-04-03,,,,cog,0,1,0.0,76.0,by_country,2026-07-27 13:00:57
1708,2026-07-27,2025-04-03,,,,col,0,68,0.0,43.9264705882353,by_country,2026-07-27 13:00:57
1709,2026-07-27,2025-04-03,,,,cri,0,11,0.0,33.09090909090909,by_country,2026-07-27 13:00:57
1710,2026-07-27,2025-04-03,,,,cyp,0,9,0.0,42.0,by_country,2026-07-27 13:00:57
1711,2026-07-27,2025-04-03,,,,cze,0,15,0.0,38.666666666666664,by_country,2026-07-27 13:00:57
1712,2026-07-27,2025-04-03,,,,dnk,0,8,0.0,64.75,by_country,2026-07-27 13:00:57
1713,2026-07-27,2025-04-03,,,,dom,0,15,0.0,37.733333333333334,by_country,2026-07-27 13:00:57
1714,2026-07-27,2025-04-03,,,,dza,0,15,0.0,44.666666666666664,by_country,2026-07-27 13:00:57
1715,2026-07-27,2025-04-03,,,,ecu,0,62,0.0,51.54838709677419,by_country,2026-07-27 13:00:57
1716,2026-07-27,2025-04-03,,,,egy,0,58,0.0,55.310344827586206,by_country,2026-07-27 13:00:57
1717,2026-07-27,2025-04-03,,,,esp,0,91,0.0,32.714285714285715,by_country,2026-07-27 13:00:57
1718,2026-07-27,2025-04-03,,,,est,0,3,0.0,34.666666666666664,by_country,2026-07-27 13:00:57
1719,2026-07-27,2025-04-03,,,,eth,0,6,0.0,25.166666666666668,by_country,2026-07-27 13:00:57
1720,2026-07-27,2025-04-03,,,,fin,0,8,0.0,46.625,by_country,2026-07-27 13:00:57
1721,2026-07-27,2025-04-03,,,,fji,0,4,0.0,15.25,by_country,2026-07-27 13:00:57
1722,2026-07-27,2025-04-03,,,,gab,0,1,0.0,14.0,by_country,2026-07-27 13:00:57
1723,2026-07-27,2025-04-03,,,,geo,0,10,0.0,35.4,by_country,2026-07-27 13:00:57
1724,2026-07-27,2025-04-03,,,,gha,0,6,0.0,32.33333333333333,by_country,2026-07-27 13:00:57
1725,2026-07-27,2025-04-03,,,,glp,0,1,0.0,3.0,by_country,2026-07-27 13:00:57
1726,2026-07-27,2025-04-03,,,,gmb,0,1,0.0,7.0,by_country,2026-07-27 13:00:57
1727,2026-07-27,2025-04-03,,,,grc,0,15,0.0,41.0,by_country,2026-07-27 13:00:57
1728,2026-07-27,2025-04-03,,,,gtm,0,10,0.0,22.8,by_country,2026-07-27 13:00:57
1729,2026-07-27,2025-04-03,,,,guf,0,1,0.0,31.0,by_country,2026-07-27 13:00:57
1730,2026-07-27,2025-04-03,,,,gum,0,1,0.0,2.0,by_country,2026-07-27 13:00:57
1731,2026-07-27,2025-04-03,,,,guy,0,4,0.0,56.75,by_country,2026-07-27 13:00:57
1732,2026-07-27,2025-04-03,,,,hnd,0,10,0.0,52.4,by_country,2026-07-27 13:00:57
1733,2026-07-27,2025-04-03,,,,hrv,0,12,0.0,33.333333333333336,by_country,2026-07-27 13:00:57
1734,2026-07-27,2025-04-03,,,,hun,0,13,0.0,54.92307692307692,by_country,2026-07-27 13:00:57
1735,2026-07-27,2025-04-03,,,,idn,0,1094,0.0,10.46252285191956,by_country,2026-07-27 13:00:57
1736,2026-07-27,2025-04-03,,,,irl,0,29,0.0,37.827586206896555,by_country,2026-07-27 13:00:57
1737,2026-07-27,2025-04-03,,,,irn,0,53,0.0,38.094339622641506,by_country,2026-07-27 13:00:57
1738,2026-07-27,2025-04-03,,,,irq,0,37,0.0,43.729729729729726,by_country,2026-07-27 13:00:57
1739,2026-07-27,2025-04-03,,,,isl,0,3,0.0,6.333333333333333,by_country,2026-07-27 13:00:57
1740,2026-07-27,2025-04-03,,,,isr,0,14,0.0,38.357142857142854,by_country,2026-07-27 13:00:57
1741,2026-07-27,2025-04-03,,,,ita,0,108,0.0,44.574074074074076,by_country,2026-07-27 13:00:57
1742,2026-07-27,2025-04-03,,,,jam,0,15,0.0,27.133333333333333,by_country,2026-07-27 13:00:57
1743,2026-07-27,2025-04-03,,,,jey,0,1,0.0,2.0,by_country,2026-07-27 13:00:57
1744,2026-07-27,2025-04-03,,,,jor,0,17,0.0,54.23529411764706,by_country,2026-07-27 13:00:57
1745,2026-07-27,2025-04-03,,,,kaz,0,26,0.0,38.38461538461539,by_country,2026-07-27 13:00:57
1746,2026-07-27,2025-04-03,,,,ken,0,20,0.0,50.2,by_country,2026-07-27 13:00:57
1747,2026-07-27,2025-04-03,,,,kgz,0,7,0.0,35.0,by_country,2026-07-27 13:00:57
1748,2026-07-27,2025-04-03,,,,kwt,0,7,0.0,42.142857142857146,by_country,2026-07-27 13:00:57
1749,2026-07-27,2025-04-03,,,,lao,0,8,0.0,19.375,by_country,2026-07-27 13:00:57
1750,2026-07-27,2025-04-03,,,,lbn,0,6,0.0,37.5,by_country,2026-07-27 13:00:57
1751,2026-07-27,2025-04-03,,,,lby,0,1,0.0,70.0,by_country,2026-07-27 13:00:57
1752,2026-07-27,2025-04-03,,,,lie,0,1,0.0,4.0,by_country,2026-07-27 13:00:57
1753,2026-07-27,2025-04-03,,,,lka,0,14,0.0,26.357142857142858,by_country,2026-07-27 13:00:57
1754,2026-07-27,2025-04-03,,,,ltu,0,19,0.0,43.36842105263158,by_country,2026-07-27 13:00:57
1755,2026-07-27,2025-04-03,,,,lux,0,2,0.0,12.5,by_country,2026-07-27 13:00:57
1756,2026-07-27,2025-04-03,,,,lva,0,6,0.0,30.0,by_country,2026-07-27 13:00:57
1757,2026-07-27,2025-04-03,,,,mar,0,46,0.0,41.21739130434783,by_country,2026-07-27 13:00:57
1758,2026-07-27,2025-04-03,,,,mda,0,3,0.0,29.333333333333332,by_country,2026-07-27 13:00:57
1759,2026-07-27,2025-04-03,,,,mdv,0,1,0.0,21.0,by_country,2026-07-27 13:00:57
1760,2026-07-27,2025-04-03,,,,mex,0,216,0.0,33.98148148148148,by_country,2026-07-27 13:00:57
1761,2026-07-27,2025-04-03,,,,mli,0,1,0.0,22.0,by_country,2026-07-27 13:00:57
1762,2026-07-27,2025-04-03,,,,mne,0,4,0.0,7.0,by_country,2026-07-27 13:00:57
1763,2026-07-27,2025-04-03,,,,mng,0,6,0.0,15.666666666666666,by_country,2026-07-27 13:00:57
1764,2026-07-27,2025-04-03,,,,moz,0,2,0.0,29.0,by_country,2026-07-27 13:00:57
1765,2026-07-27,2025-04-03,,,,mus,0,3,0.0,59.666666666666664,by_country,2026-07-27 13:00:57
1766,2026-07-27,2025-04-03,,,,nam,0,1,0.0,76.0,by_country,2026-07-27 13:00:57
1767,2026-07-27,2025-04-03,,,,nga,0,10,0.0,35.6,by_country,2026-07-27 13:00:57
1768,2026-07-27,2025-04-03,,,,nor,0,12,0.0,27.416666666666668,by_country,2026-07-27 13:00:57
1769,2026-07-27,2025-04-03,,,,npl,0,26,0.0,29.115384615384617,by_country,2026-07-27 13:00:57
1770,2026-07-27,2025-04-03,,,,omn,0,2,0.0,92.0,by_country,2026-07-27 13:00:57
1771,2026-07-27,2025-04-03,,,,pak,0,63,0.0,27.50793650793651,by_country,2026-07-27 13:00:57
1772,2026-07-27,2025-04-03,,,,pan,0,10,0.0,36.2,by_country,2026-07-27 13:00:57
1773,2026-07-27,2025-04-03,,,,per,0,38,0.0,33.05263157894737,by_country,2026-07-27 13:00:57
1774,2026-07-27,2025-04-03,,,,pol,0,48,0.0,40.5,by_country,2026-07-27 13:00:57
1775,2026-07-27,2025-04-03,,,,pri,0,7,0.0,54.142857142857146,by_country,2026-07-27 13:00:57
1776,2026-07-27,2025-04-03,,,,prt,0,15,0.0,27.266666666666666,by_country,2026-07-27 13:00:57
1777,2026-07-27,2025-04-03,,,,pry,0,33,0.0,45.06060606060606,by_country,2026-07-27 13:00:57
1778,2026-07-27,2025-04-03,,,,pse,0,11,0.0,30.272727272727273,by_country,2026-07-27 13:00:57
1779,2026-07-27,2025-04-03,,,,pyf,0,1,0.0,7.0,by_country,2026-07-27 13:00:57
1780,2026-07-27,2025-04-03,,,,qat,0,6,0.0,15.166666666666666,by_country,2026-07-27 13:00:57
1781,2026-07-27,2025-04-03,,,,rou,0,37,0.0,40.189189189189186,by_country,2026-07-27 13:00:57
1782,2026-07-27,2025-04-03,,,,rus,0,546,0.0,51.27472527472528,by_country,2026-07-27 13:00:57
1783,2026-07-27,2025-04-03,,,,rwa,0,1,0.0,81.0,by_country,2026-07-27 13:00:57
1784,2026-07-27,2025-04-03,,,,sen,0,7,0.0,38.42857142857143,by_country,2026-07-27 13:00:57
1785,2026-07-27,2025-04-03,,,,slb,0,1,0.0,28.0,by_country,2026-07-27 13:00:57
1786,2026-07-27,2025-04-03,,,,slv,0,1,0.0,31.0,by_country,2026-07-27 13:00:57
1787,2026-07-27,2025-04-03,,,,srb,0,14,0.0,56.642857142857146,by_country,2026-07-27 13:00:57
1788,2026-07-27,2025-04-03,,,,svk,0,5,0.0,62.4,by_country,2026-07-27 13:00:57
1789,2026-07-27,2025-04-03,,,,svn,0,5,0.0,46.2,by_country,2026-07-27 13:00:57
1790,2026-07-27,2025-04-03,,,,swe,0,35,0.0,37.77142857142857,by_country,2026-07-27 13:00:57
1791,2026-07-27,2025-04-03,,,,syc,0,3,0.0,18.666666666666668,by_country,2026-07-27 13:00:57
1792,2026-07-27,2025-04-03,,,,syr,0,3,0.0,33.666666666666664,by_country,2026-07-27 13:00:57
1793,2026-07-27,2025-04-03,,,,tgo,0,2,0.0,56.0,by_country,2026-07-27 13:00:57
1794,2026-07-27,2025-04-03,,,,tjk,0,1,0.0,72.0,by_country,2026-07-27 13:00:57
1795,2026-07-27,2025-04-03,,,,tto,0,15,0.0,42.8,by_country,2026-07-27 13:00:57
1796,2026-07-27,2025-04-03,,,,tun,0,18,0.0,58.111111111111114,by_country,2026-07-27 13:00:57
1797,2026-07-27,2025-04-03,,,,tur,0,107,0.0,49.16822429906542,by_country,2026-07-27 13:00:57
1798,2026-07-27,2025-04-03,,,,tza,0,3,0.0,48.0,by_country,2026-07-27 13:00:57
1799,2026-07-27,2025-04-03,,,,uga,0,3,0.0,65.66666666666667,by_country,2026-07-27 13:00:57
1800,2026-07-27,2025-04-03,,,,ukr,0,72,0.0,43.333333333333336,by_country,2026-07-27 13:00:57
1801,2026-07-27,2025-04-03,,,,ury,0,21,0.0,37.61904761904762,by_country,2026-07-27 13:00:57
1802,2026-07-27,2025-04-03,,,,uzb,0,30,0.0,39.233333333333334,by_country,2026-07-27 13:00:57
1803,2026-07-27,2025-04-03,,,,ven,0,54,0.0,35.888888888888886,by_country,2026-07-27 13:00:57
1804,2026-07-27,2025-04-03,,,,vgb,0,1,0.0,8.0,by_country,2026-07-27 13:00:57
1805,2026-07-27,2025-04-03,,,,vut,0,1,0.0,7.0,by_country,2026-07-27 13:00:57
1806,2026-07-27,2025-04-03,,,,xkk,0,1,0.0,6.0,by_country,2026-07-27 13:00:57
1807,2026-07-27,2025-04-03,,,,yem,0,3,0.0,14.333333333333334,by_country,2026-07-27 13:00:57
1808,2026-07-27,2025-04-03,,,,zaf,0,56,0.0,52.17857142857143,by_country,2026-07-27 13:00:57
1809,2026-07-27,2025-04-03,,,,zmb,0,1,0.0,78.0,by_country,2026-07-27 13:00:57
