id,fetch_date,data_date,query,page,device,country,clicks,impressions,ctr,position,dimension_type,created_at
175828,2026-07-27,2026-06-27,google 再營銷,,MOBILE,,0,1,0.0,65.0,query_device,2026-07-27 13:04:40
175829,2026-07-27,2026-06-27,site:advich.com,,DESKTOP,,0,3,0.0,1.6666666666666665,query_device,2026-07-27 13:04:40
175830,2026-07-27,2026-06-27,site:www.advich.com,,DESKTOP,,0,16,0.0,1.0,query_device,2026-07-27 13:04:40
175831,2026-07-27,2026-06-27,程序化展示广告,,DESKTOP,,0,4,0.0,84.25,query_device,2026-07-27 13:04:40
175832,2026-07-27,2026-06-27,谷歌ppc优化,,DESKTOP,,0,2,0.0,65.0,query_device,2026-07-27 13:04:40
174647,2026-07-27,2026-05-28,advich,,DESKTOP,,1,4,0.25,4.25,query_device,2026-07-27 13:04:28
174648,2026-07-27,2026-05-28,3軸グラフ,,DESKTOP,,0,1,0.0,91.0,query_device,2026-07-27 13:04:28
174649,2026-07-27,2026-05-28,advich group limited,,DESKTOP,,0,1,0.0,1.0,query_device,2026-07-27 13:04:28
174650,2026-07-27,2026-05-28,ctr 意思,,DESKTOP,,0,1,0.0,85.0,query_device,2026-07-27 13:04:28
174651,2026-07-27,2026-05-28,ctr 是 什么,,DESKTOP,,0,2,0.0,88.5,query_device,2026-07-27 13:04:28
174652,2026-07-27,2026-05-28,ctr 是 什麼,,DESKTOP,,0,1,0.0,85.0,query_device,2026-07-27 13:04:28
174653,2026-07-27,2026-05-28,ctr 是什麼,,DESKTOP,,0,2,0.0,82.5,query_device,2026-07-27 13:04:28
174654,2026-07-27,2026-05-28,ctr是什么,,DESKTOP,,0,1,0.0,100.0,query_device,2026-07-27 13:04:28
174655,2026-07-27,2026-05-28,ctr是什麼,,DESKTOP,,0,1,0.0,86.0,query_device,2026-07-27 13:04:28
174656,2026-07-27,2026-05-28,dsp ssp,,DESKTOP,,0,1,0.0,28.0,query_device,2026-07-27 13:04:28
174657,2026-07-27,2026-05-28,excel 3軸 グラフ,,DESKTOP,,0,1,0.0,84.0,query_device,2026-07-27 13:04:28
174658,2026-07-27,2026-05-28,excel 3軸グラフ,,DESKTOP,,0,1,0.0,88.0,query_device,2026-07-27 13:04:28
174659,2026-07-27,2026-05-28,excel グラフ 3軸,,DESKTOP,,0,2,0.0,56.0,query_device,2026-07-27 13:04:28
174660,2026-07-27,2026-05-28,excelグラフ 3軸,,DESKTOP,,0,1,0.0,85.0,query_device,2026-07-27 13:04:28
174661,2026-07-27,2026-05-28,facebook营销,,MOBILE,,0,1,0.0,60.0,query_device,2026-07-27 13:04:28
174662,2026-07-27,2026-05-28,fb表单获客,,DESKTOP,,0,2,0.0,42.5,query_device,2026-07-27 13:04:28
174663,2026-07-27,2026-05-28,googe 推荐搜索广告数量,,DESKTOP,,0,10,0.0,21.1,query_device,2026-07-27 13:04:28
174664,2026-07-27,2026-05-28,google ads creative studio,,DESKTOP,,0,1,0.0,78.0,query_device,2026-07-27 13:04:28
174665,2026-07-27,2026-05-28,google ads 促销 代码,,DESKTOP,,0,1,0.0,46.0,query_device,2026-07-27 13:04:28
174666,2026-07-27,2026-05-28,google gtm,,DESKTOP,,0,1,0.0,84.0,query_device,2026-07-27 13:04:28
174667,2026-07-27,2026-05-28,google map 推广,,DESKTOP,,0,2,0.0,67.0,query_device,2026-07-27 13:04:28
174668,2026-07-27,2026-05-28,google map 推广,,MOBILE,,0,1,0.0,65.0,query_device,2026-07-27 13:04:28
174669,2026-07-27,2026-05-28,google seo推广,,DESKTOP,,0,1,0.0,20.0,query_device,2026-07-27 13:04:28
174670,2026-07-27,2026-05-28,google sheets sankey,,DESKTOP,,0,1,0.0,68.0,query_device,2026-07-27 13:04:28
174671,2026-07-27,2026-05-28,google sheets sankey diagram,,DESKTOP,,0,2,0.0,81.5,query_device,2026-07-27 13:04:28
174672,2026-07-27,2026-05-28,google 再營銷,,DESKTOP,,0,2,0.0,71.5,query_device,2026-07-27 13:04:28
174673,2026-07-27,2026-05-28,google 再營銷,,MOBILE,,0,1,0.0,67.0,query_device,2026-07-27 13:04:28
174674,2026-07-27,2026-05-28,google 广告 关键 词,,DESKTOP,,0,3,0.0,78.33333333333333,query_device,2026-07-27 13:04:28
174675,2026-07-27,2026-05-28,google 廣告 有用 嗎,,DESKTOP,,0,8,0.0,80.5,query_device,2026-07-27 13:04:28
174676,2026-07-27,2026-05-28,google 關鍵字廣告,,DESKTOP,,0,15,0.0,74.53333333333333,query_device,2026-07-27 13:04:28
174677,2026-07-27,2026-05-28,google 關鍵字廣告,,MOBILE,,0,11,0.0,76.9090909090909,query_device,2026-07-27 13:04:28
174678,2026-07-27,2026-05-28,google 關鍵字廣告,,TABLET,,0,3,0.0,77.0,query_device,2026-07-27 13:04:28
174679,2026-07-27,2026-05-28,google合作伙伴,,DESKTOP,,0,1,0.0,47.0,query_device,2026-07-27 13:04:28
174680,2026-07-27,2026-05-28,gtm,,DESKTOP,,0,5,0.0,96.2,query_device,2026-07-27 13:04:28
174681,2026-07-27,2026-05-28,gtm 意思,,DESKTOP,,0,1,0.0,92.0,query_device,2026-07-27 13:04:28
174682,2026-07-27,2026-05-28,how to make a pareto chart in google sheets,,DESKTOP,,0,4,0.0,86.5,query_device,2026-07-27 13:04:28
174683,2026-07-27,2026-05-28,how to make a pareto chart in google sheets,,MOBILE,,0,3,0.0,83.33333333333333,query_device,2026-07-27 13:04:28
174684,2026-07-27,2026-05-28,openx ad exchange,,DESKTOP,,0,1,0.0,39.0,query_device,2026-07-27 13:04:28
174685,2026-07-27,2026-05-28,pareto chart google sheets,,DESKTOP,,0,1,0.0,64.0,query_device,2026-07-27 13:04:28
174686,2026-07-27,2026-05-28,pareto principle,,DESKTOP,,0,3,0.0,85.0,query_device,2026-07-27 13:04:28
174687,2026-07-27,2026-05-28,ppc 運用,,DESKTOP,,0,1,0.0,85.0,query_device,2026-07-27 13:04:28
174688,2026-07-27,2026-05-28,roas 式,,DESKTOP,,0,1,0.0,94.0,query_device,2026-07-27 13:04:28
174689,2026-07-27,2026-05-28,roas 計算式,,DESKTOP,,0,1,0.0,73.0,query_device,2026-07-27 13:04:28
174690,2026-07-27,2026-05-28,sa360,,DESKTOP,,0,1,0.0,62.0,query_device,2026-07-27 13:04:28
174691,2026-07-27,2026-05-28,sankey chart google sheets,,DESKTOP,,0,1,0.0,79.0,query_device,2026-07-27 13:04:28
174692,2026-07-27,2026-05-28,sankey diagram google sheets,,DESKTOP,,0,2,0.0,71.5,query_device,2026-07-27 13:04:28
174693,2026-07-27,2026-05-28,sankey diagram in google sheets,,DESKTOP,,0,1,0.0,80.0,query_device,2026-07-27 13:04:28
174694,2026-07-27,2026-05-28,site:advich.com,,DESKTOP,,0,5,0.0,1.0,query_device,2026-07-27 13:04:28
174695,2026-07-27,2026-05-28,site:www.advich.com,,DESKTOP,,0,8,0.0,1.0,query_device,2026-07-27 13:04:28
174696,2026-07-27,2026-05-28,tcpa是什么,,DESKTOP,,0,1,0.0,27.0,query_device,2026-07-27 13:04:28
174697,2026-07-27,2026-05-28,troas是什么,,DESKTOP,,0,2,0.0,20.0,query_device,2026-07-27 13:04:28
174698,2026-07-27,2026-05-28,エクセル グラフ 3 軸,,DESKTOP,,0,3,0.0,81.66666666666667,query_device,2026-07-27 13:04:28
174699,2026-07-27,2026-05-28,エクセル グラフ 3軸,,DESKTOP,,0,2,0.0,35.0,query_device,2026-07-27 13:04:28
174700,2026-07-27,2026-05-28,グラフ 3軸,,DESKTOP,,0,1,0.0,75.0,query_device,2026-07-27 13:04:28
174701,2026-07-27,2026-05-28,供应方平台,,DESKTOP,,0,20,0.0,78.7,query_device,2026-07-27 13:04:28
174702,2026-07-27,2026-05-28,启用自动调整功能来自动优化广告系列表现,,DESKTOP,,0,2,0.0,27.0,query_device,2026-07-27 13:04:28
174703,2026-07-27,2026-05-28,品牌seo整合,,MOBILE,,0,1,0.0,27.0,query_device,2026-07-27 13:04:28
174704,2026-07-27,2026-05-28,广告定位,,MOBILE,,0,1,0.0,42.0,query_device,2026-07-27 13:04:28
174705,2026-07-27,2026-05-28,廣告 平台,,DESKTOP,,0,1,0.0,82.0,query_device,2026-07-27 13:04:28
174706,2026-07-27,2026-05-28,扩展,,DESKTOP,,0,1,0.0,47.0,query_device,2026-07-27 13:04:28
174707,2026-07-27,2026-05-28,数字广告,,DESKTOP,,0,16,0.0,80.6875,query_device,2026-07-27 13:04:28
174708,2026-07-27,2026-05-28,数字广告,,MOBILE,,0,1,0.0,79.0,query_device,2026-07-27 13:04:28
174709,2026-07-27,2026-05-28,整合行銷 例子,,DESKTOP,,0,1,0.0,71.0,query_device,2026-07-27 13:04:28
174710,2026-07-27,2026-05-28,整合行銷 策略,,DESKTOP,,0,1,0.0,67.0,query_device,2026-07-27 13:04:28
174711,2026-07-27,2026-05-28,未迟,,DESKTOP,,0,2,0.0,14.5,query_device,2026-07-27 13:04:28
174712,2026-07-27,2026-05-28,未迟咨询,,DESKTOP,,0,1,0.0,3.0,query_device,2026-07-27 13:04:28
174713,2026-07-27,2026-05-28,未迟咨询集团,,DESKTOP,,0,1,0.0,6.0,query_device,2026-07-27 13:04:28
174714,2026-07-27,2026-05-28,桑基圖excel,,DESKTOP,,0,1,0.0,26.0,query_device,2026-07-27 13:04:28
174715,2026-07-27,2026-05-28,海外推广平台,,DESKTOP,,0,1,0.0,66.0,query_device,2026-07-27 13:04:28
174716,2026-07-27,2026-05-28,点击率,,DESKTOP,,0,2,0.0,86.0,query_device,2026-07-27 13:04:28
174717,2026-07-27,2026-05-28,独立站是什么,,DESKTOP,,0,1,0.0,56.0,query_device,2026-07-27 13:04:28
174718,2026-07-27,2026-05-28,獨立 站,,DESKTOP,,0,1,0.0,82.0,query_device,2026-07-27 13:04:28
174719,2026-07-27,2026-05-28,程序化展示广告,,DESKTOP,,0,12,0.0,79.0,query_device,2026-07-27 13:04:28
174720,2026-07-27,2026-05-28,谷歌 广告 关键 词,,DESKTOP,,0,3,0.0,87.66666666666667,query_device,2026-07-27 13:04:28
174721,2026-07-27,2026-05-28,谷歌cro优化,,DESKTOP,,0,3,0.0,45.666666666666664,query_device,2026-07-27 13:04:28
174722,2026-07-27,2026-05-28,谷歌ppc优化,,DESKTOP,,0,4,0.0,68.5,query_device,2026-07-27 13:04:28
174723,2026-07-27,2026-05-28,谷歌seo推广,,DESKTOP,,0,1,0.0,40.0,query_device,2026-07-27 13:04:28
174724,2026-07-27,2026-05-28,谷歌关键词规划师,,DESKTOP,,0,3,0.0,65.66666666666667,query_device,2026-07-27 13:04:28
174725,2026-07-27,2026-05-28,谷歌商机洞察,,DESKTOP,,0,1,0.0,48.0,query_device,2026-07-27 13:04:28
174726,2026-07-27,2026-05-28,谷歌地图推广,,DESKTOP,,0,1,0.0,77.0,query_device,2026-07-27 13:04:28
174727,2026-07-27,2026-05-28,谷歌地图推广,,MOBILE,,0,3,0.0,72.66666666666667,query_device,2026-07-27 13:04:28
174728,2026-07-27,2026-05-28,谷歌广告代运营,,DESKTOP,,0,1,0.0,77.0,query_device,2026-07-27 13:04:28
174729,2026-07-27,2026-05-28,谷歌购物广告如何出价,,DESKTOP,,0,1,0.0,58.0,query_device,2026-07-27 13:04:28
174730,2026-07-27,2026-05-28,质量得分,,DESKTOP,,0,1,0.0,50.0,query_device,2026-07-27 13:04:28
174731,2026-07-27,2026-05-28,购物 广告,,DESKTOP,,0,1,0.0,87.0,query_device,2026-07-27 13:04:28
174732,2026-07-27,2026-05-28,购物广告出价方式,,DESKTOP,,0,3,0.0,66.66666666666667,query_device,2026-07-27 13:04:28
174733,2026-07-27,2026-05-28,购物广告用哪个出价,,DESKTOP,,0,5,0.0,34.8,query_device,2026-07-27 13:04:28
174734,2026-07-27,2026-05-28,转换成本,,DESKTOP,,0,1,0.0,7.0,query_device,2026-07-27 13:04:28
174735,2026-07-27,2026-05-28,需求方平台,,DESKTOP,,0,3,0.0,73.0,query_device,2026-07-27 13:04:28
174736,2026-07-27,2026-05-28,高效数字市场营销,,MOBILE,,0,1,0.0,30.0,query_device,2026-07-27 13:04:28
174737,2026-07-27,2026-05-28,點擊 率,,DESKTOP,,0,1,0.0,61.0,query_device,2026-07-27 13:04:28
174738,2026-07-27,2026-05-28,點擊付費,,DESKTOP,,0,2,0.0,71.0,query_device,2026-07-27 13:04:28
174739,2026-07-27,2026-05-28,點擊收費,,DESKTOP,,0,11,0.0,76.81818181818181,query_device,2026-07-27 13:04:28
171752,2026-07-27,2026-04-28,advich group limited,,DESKTOP,,3,30,0.1,5.233333333333333,query_device,2026-07-27 13:04:15
171753,2026-07-27,2026-04-28,advich,,DESKTOP,,2,9,0.2222222222222222,6.111111111111111,query_device,2026-07-27 13:04:15
171754,2026-07-27,2026-04-28,未迟,,DESKTOP,,2,4,0.5,3.75,query_device,2026-07-27 13:04:15
171755,2026-07-27,2026-04-28,江苏未迟,,DESKTOP,,2,3,0.6666666666666666,2.0,query_device,2026-07-27 13:04:15
171756,2026-07-27,2026-04-28,江苏未迟数字技术有限公司,,DESKTOP,,2,14,0.14285714285714285,2.357142857142857,query_device,2026-07-27 13:04:15
171757,2026-07-27,2026-04-28,未迟咨询集团,,MOBILE,,1,4,0.25,2.75,query_device,2026-07-27 13:04:15
171758,2026-07-27,2026-04-28,3軸グラフ エクセル,,DESKTOP,,0,1,0.0,79.0,query_device,2026-07-27 13:04:15
171759,2026-07-27,2026-04-28,advich,,MOBILE,,0,6,0.0,6.833333333333333,query_device,2026-07-27 13:04:15
171760,2026-07-27,2026-04-28,advich group limited,,MOBILE,,0,13,0.0,10.076923076923077,query_device,2026-07-27 13:04:15
171761,2026-07-27,2026-04-28,ctr 是 什么,,DESKTOP,,0,3,0.0,64.33333333333334,query_device,2026-07-27 13:04:15
171762,2026-07-27,2026-04-28,ctr 是 什么 意思,,DESKTOP,,0,1,0.0,86.0,query_device,2026-07-27 13:04:15
171763,2026-07-27,2026-04-28,ctr是什么意思,,DESKTOP,,0,1,0.0,89.0,query_device,2026-07-27 13:04:15
171764,2026-07-27,2026-04-28,dsa,,DESKTOP,,0,1,0.0,87.0,query_device,2026-07-27 13:04:15
171765,2026-07-27,2026-04-28,excel 雙y軸,,DESKTOP,,0,1,0.0,48.0,query_device,2026-07-27 13:04:15
171766,2026-07-27,2026-04-28,facebook营销,,MOBILE,,0,2,0.0,63.5,query_device,2026-07-27 13:04:15
171767,2026-07-27,2026-04-28,googe 推荐搜索广告数量,,DESKTOP,,0,11,0.0,21.636363636363637,query_device,2026-07-27 13:04:15
171768,2026-07-27,2026-04-28,google ads editor,,DESKTOP,,0,1,0.0,69.0,query_device,2026-07-27 13:04:15
171769,2026-07-27,2026-04-28,google ads 促销 代码,,DESKTOP,,0,1,0.0,17.0,query_device,2026-07-27 13:04:15
171770,2026-07-27,2026-04-28,google ads 關鍵 字,,DESKTOP,,0,2,0.0,77.0,query_device,2026-07-27 13:04:15
171771,2026-07-27,2026-04-28,google adwords html5,,DESKTOP,,0,1,0.0,93.0,query_device,2026-07-27 13:04:15
171772,2026-07-27,2026-04-28,google amp,,DESKTOP,,0,3,0.0,58.0,query_device,2026-07-27 13:04:15
171773,2026-07-27,2026-04-28,google editor,,DESKTOP,,0,3,0.0,69.66666666666667,query_device,2026-07-27 13:04:15
171774,2026-07-27,2026-04-28,google gtm,,DESKTOP,,0,1,0.0,12.0,query_device,2026-07-27 13:04:15
171775,2026-07-27,2026-04-28,google map 推广,,DESKTOP,,0,3,0.0,51.333333333333336,query_device,2026-07-27 13:04:15
171776,2026-07-27,2026-04-28,google map 推广,,MOBILE,,0,2,0.0,65.0,query_device,2026-07-27 13:04:15
171777,2026-07-27,2026-04-28,google mcc,,DESKTOP,,0,1,0.0,43.0,query_device,2026-07-27 13:04:15
171778,2026-07-27,2026-04-28,google sheets sankey chart,,DESKTOP,,0,2,0.0,72.5,query_device,2026-07-27 13:04:15
171779,2026-07-27,2026-04-28,google sheets sankey diagram,,DESKTOP,,0,1,0.0,71.0,query_device,2026-07-27 13:04:15
171780,2026-07-27,2026-04-28,google tag manager,,DESKTOP,,0,1,0.0,87.0,query_device,2026-07-27 13:04:15
171781,2026-07-27,2026-04-28,google 再營銷,,MOBILE,,0,1,0.0,77.0,query_device,2026-07-27 13:04:15
171782,2026-07-27,2026-04-28,google 广告 价格,,DESKTOP,,0,1,0.0,49.0,query_device,2026-07-27 13:04:15
171783,2026-07-27,2026-04-28,google 广告 关键 词,,DESKTOP,,0,3,0.0,75.33333333333333,query_device,2026-07-27 13:04:15
171784,2026-07-27,2026-04-28,google 廣告 有用 嗎,,DESKTOP,,0,3,0.0,84.33333333333333,query_device,2026-07-27 13:04:15
171785,2026-07-27,2026-04-28,google 關鍵 字 廣告,,DESKTOP,,0,1,0.0,86.0,query_device,2026-07-27 13:04:15
171786,2026-07-27,2026-04-28,google 關鍵字廣告,,DESKTOP,,0,15,0.0,73.26666666666667,query_device,2026-07-27 13:04:15
171787,2026-07-27,2026-04-28,google 關鍵字廣告,,MOBILE,,0,18,0.0,77.77777777777777,query_device,2026-07-27 13:04:15
171788,2026-07-27,2026-04-28,google 關鍵字廣告,,TABLET,,0,1,0.0,69.0,query_device,2026-07-27 13:04:15
171789,2026-07-27,2026-04-28,google广告拒登,,MOBILE,,0,2,0.0,49.0,query_device,2026-07-27 13:04:15
171790,2026-07-27,2026-04-28,google廣告創作,,DESKTOP,,0,3,0.0,43.666666666666664,query_device,2026-07-27 13:04:15
171791,2026-07-27,2026-04-28,google關鍵字廣告,,DESKTOP,,0,2,0.0,90.0,query_device,2026-07-27 13:04:15
171792,2026-07-27,2026-04-28,gtm,,DESKTOP,,0,3,0.0,90.66666666666667,query_device,2026-07-27 13:04:15
171793,2026-07-27,2026-04-28,gtm google,,DESKTOP,,0,1,0.0,76.0,query_device,2026-07-27 13:04:15
171794,2026-07-27,2026-04-28,gtm 是 什麼,,DESKTOP,,0,2,0.0,90.0,query_device,2026-07-27 13:04:15
171795,2026-07-27,2026-04-28,gtm是什麼,,DESKTOP,,0,1,0.0,70.0,query_device,2026-07-27 13:04:15
171796,2026-07-27,2026-04-28,how to make a pareto chart in google sheets,,DESKTOP,,0,12,0.0,82.58333333333333,query_device,2026-07-27 13:04:15
171797,2026-07-27,2026-04-28,how to make a pareto chart in google sheets,,MOBILE,,0,9,0.0,87.11111111111111,query_device,2026-07-27 13:04:15
171798,2026-07-27,2026-04-28,likert 五 點 量 表,,DESKTOP,,0,2,0.0,46.5,query_device,2026-07-27 13:04:15
171799,2026-07-27,2026-04-28,mcc经理,,DESKTOP,,0,1,0.0,45.0,query_device,2026-07-27 13:04:15
171800,2026-07-27,2026-04-28,microsoft advertising 搜索广告,,DESKTOP,,0,1,0.0,68.0,query_device,2026-07-27 13:04:15
171801,2026-07-27,2026-04-28,microsoft advertising 竞价机制,,DESKTOP,,0,1,0.0,75.0,query_device,2026-07-27 13:04:15
171802,2026-07-27,2026-04-28,pareto chart google sheets,,DESKTOP,,0,4,0.0,65.0,query_device,2026-07-27 13:04:15
171803,2026-07-27,2026-04-28,pareto chart in google sheets,,DESKTOP,,0,4,0.0,77.75,query_device,2026-07-27 13:04:15
171804,2026-07-27,2026-04-28,roas 式,,DESKTOP,,0,13,0.0,88.15384615384616,query_device,2026-07-27 13:04:15
171805,2026-07-27,2026-04-28,roas 指標,,DESKTOP,,0,3,0.0,77.0,query_device,2026-07-27 13:04:15
171806,2026-07-27,2026-04-28,roas 是 什么,,DESKTOP,,0,1,0.0,98.0,query_device,2026-07-27 13:04:15
171807,2026-07-27,2026-04-28,roas 目標,,DESKTOP,,0,1,0.0,81.0,query_device,2026-07-27 13:04:15
171808,2026-07-27,2026-04-28,roas 計算,,DESKTOP,,0,1,0.0,85.0,query_device,2026-07-27 13:04:15
171809,2026-07-27,2026-04-28,roas 計算式,,DESKTOP,,0,7,0.0,77.28571428571429,query_device,2026-07-27 13:04:15
171810,2026-07-27,2026-04-28,roas 計算方法,,DESKTOP,,0,10,0.0,70.1,query_device,2026-07-27 13:04:15
171811,2026-07-27,2026-04-28,roas模型,,DESKTOP,,0,1,0.0,61.0,query_device,2026-07-27 13:04:15
171812,2026-07-27,2026-04-28,sa360,,DESKTOP,,0,5,0.0,75.4,query_device,2026-07-27 13:04:15
171813,2026-07-27,2026-04-28,sa360,,MOBILE,,0,1,0.0,80.0,query_device,2026-07-27 13:04:15
171814,2026-07-27,2026-04-28,sankey chart in google sheets,,DESKTOP,,0,1,0.0,82.0,query_device,2026-07-27 13:04:15
171815,2026-07-27,2026-04-28,sankey diagram google sheets,,DESKTOP,,0,5,0.0,72.2,query_device,2026-07-27 13:04:15
171816,2026-07-27,2026-04-28,seo 可視化,,MOBILE,,0,23,0.0,31.043478260869566,query_device,2026-07-27 13:04:15
171817,2026-07-27,2026-04-28,site:advich.com,,DESKTOP,,0,16,0.0,4.75,query_device,2026-07-27 13:04:15
171818,2026-07-27,2026-04-28,site:www.advich.com,,DESKTOP,,0,5,0.0,1.0,query_device,2026-07-27 13:04:15
171819,2026-07-27,2026-04-28,sunburst diagram,,DESKTOP,,0,2,0.0,80.5,query_device,2026-07-27 13:04:15
171820,2026-07-27,2026-04-28,tiktok代投,,DESKTOP,,0,2,0.0,32.5,query_device,2026-07-27 13:04:15
171821,2026-07-27,2026-04-28,tiktok代运营,,DESKTOP,,0,3,0.0,56.333333333333336,query_device,2026-07-27 13:04:15
171822,2026-07-27,2026-04-28,エクセル 3軸 グラフ,,DESKTOP,,0,1,0.0,77.0,query_device,2026-07-27 13:04:15
171823,2026-07-27,2026-04-28,エクセル グラフ 3軸,,DESKTOP,,0,1,0.0,77.0,query_device,2026-07-27 13:04:15
171824,2026-07-27,2026-04-28,エクセルグラフ 3軸,,DESKTOP,,0,1,0.0,81.0,query_device,2026-07-27 13:04:15
171825,2026-07-27,2026-04-28,一站式购买海外主流媒体广告 平台,,DESKTOP,,0,1,0.0,15.0,query_device,2026-07-27 13:04:15
171826,2026-07-27,2026-04-28,三轴图,,DESKTOP,,0,2,0.0,20.0,query_device,2026-07-27 13:04:15
171827,2026-07-27,2026-04-28,付费广告服务,,DESKTOP,,0,1,0.0,49.0,query_device,2026-07-27 13:04:15
171828,2026-07-27,2026-04-28,供应方平台,,DESKTOP,,0,8,0.0,67.0,query_device,2026-07-27 13:04:15
171829,2026-07-27,2026-04-28,內容行銷整合,,DESKTOP,,0,10,0.0,50.1,query_device,2026-07-27 13:04:15
171830,2026-07-27,2026-04-28,关键词规划师,,DESKTOP,,0,5,0.0,61.6,query_device,2026-07-27 13:04:15
171831,2026-07-27,2026-04-28,出海 google seo,,DESKTOP,,0,2,0.0,78.5,query_device,2026-07-27 13:04:15
171832,2026-07-27,2026-04-28,出海 google 广告,,DESKTOP,,0,7,0.0,78.85714285714286,query_device,2026-07-27 13:04:15
171833,2026-07-27,2026-04-28,出海谷歌广告,,DESKTOP,,0,3,0.0,86.0,query_device,2026-07-27 13:04:15
171834,2026-07-27,2026-04-28,品牌seo報表範例,,DESKTOP,,0,1,0.0,16.0,query_device,2026-07-27 13:04:15
171835,2026-07-27,2026-04-28,客户增加,,DESKTOP,,0,1,0.0,67.0,query_device,2026-07-27 13:04:15
171836,2026-07-27,2026-04-28,工具 统一监控 google ads facebook ads 数据,,DESKTOP,,0,1,0.0,18.0,query_device,2026-07-27 13:04:15
171837,2026-07-27,2026-04-28,帕累托法則,,DESKTOP,,0,1,0.0,78.0,query_device,2026-07-27 13:04:15
171838,2026-07-27,2026-04-28,廣告 平台,,DESKTOP,,0,1,0.0,99.0,query_device,2026-07-27 13:04:15
171839,2026-07-27,2026-04-28,扩展,,DESKTOP,,0,2,0.0,45.0,query_device,2026-07-27 13:04:15
171840,2026-07-27,2026-04-28,找到合適關鍵字,,DESKTOP,,0,36,0.0,49.5,query_device,2026-07-27 13:04:15
171841,2026-07-27,2026-04-28,推特怎么发语音,,MOBILE,,0,1,0.0,10.0,query_device,2026-07-27 13:04:15
171842,2026-07-27,2026-04-28,推特私信怎么发语音,,MOBILE,,0,1,0.0,8.0,query_device,2026-07-27 13:04:15
171843,2026-07-27,2026-04-28,提高 ppc 性能,,DESKTOP,,0,18,0.0,13.61111111111111,query_device,2026-07-27 13:04:15
171844,2026-07-27,2026-04-28,提高 ppc 性能,,MOBILE,,0,23,0.0,13.869565217391305,query_device,2026-07-27 13:04:15
171845,2026-07-27,2026-04-28,搜索引擎优化seo和谷歌付费广告ppc,,DESKTOP,,0,1,0.0,50.0,query_device,2026-07-27 13:04:15
171846,2026-07-27,2026-04-28,数字广告,,DESKTOP,,0,13,0.0,83.15384615384616,query_device,2026-07-27 13:04:15
171847,2026-07-27,2026-04-28,数字广告,,MOBILE,,0,1,0.0,82.0,query_device,2026-07-27 13:04:15
171848,2026-07-27,2026-04-28,數字 營銷,,DESKTOP,,0,1,0.0,93.0,query_device,2026-07-27 13:04:15
171849,2026-07-27,2026-04-28,斜率图,,DESKTOP,,0,1,0.0,36.0,query_device,2026-07-27 13:04:15
171850,2026-07-27,2026-04-28,旭日图,,DESKTOP,,0,1,0.0,69.0,query_device,2026-07-27 13:04:15
171851,2026-07-27,2026-04-28,未迟咨询,,DESKTOP,,0,2,0.0,4.0,query_device,2026-07-27 13:04:15
171852,2026-07-27,2026-04-28,未迟咨询,,MOBILE,,0,4,0.0,3.5,query_device,2026-07-27 13:04:15
171853,2026-07-27,2026-04-28,未迟咨询集团,,DESKTOP,,0,6,0.0,2.833333333333333,query_device,2026-07-27 13:04:15
171854,2026-07-27,2026-04-28,未迟咨询集团,,TABLET,,0,1,0.0,3.0,query_device,2026-07-27 13:04:15
171855,2026-07-27,2026-04-28,桑基圖excel,,MOBILE,,0,1,0.0,34.0,query_device,2026-07-27 13:04:15
171856,2026-07-27,2026-04-28,海外推广平台,,DESKTOP,,0,1,0.0,61.0,query_device,2026-07-27 13:04:15
171857,2026-07-27,2026-04-28,海外推广平台的优缺点,,DESKTOP,,0,3,0.0,7.333333333333333,query_device,2026-07-27 13:04:15
171858,2026-07-27,2026-04-28,海外推广服务商的费用,,DESKTOP,,0,1,0.0,9.0,query_device,2026-07-27 13:04:15
171859,2026-07-27,2026-04-28,海外推广渠道的优缺点,,DESKTOP,,0,21,0.0,7.571428571428571,query_device,2026-07-27 13:04:15
171860,2026-07-27,2026-04-28,海外推广的常见方式,,DESKTOP,,0,1,0.0,8.0,query_device,2026-07-27 13:04:15
171861,2026-07-27,2026-04-28,海外数字营销,,DESKTOP,,0,5,0.0,37.0,query_device,2026-07-27 13:04:15
171862,2026-07-27,2026-04-28,海外社媒平台,,DESKTOP,,0,1,0.0,25.0,query_device,2026-07-27 13:04:15
171863,2026-07-27,2026-04-28,独立 站,,DESKTOP,,0,1,0.0,73.0,query_device,2026-07-27 13:04:15
171864,2026-07-27,2026-04-28,独立站,,DESKTOP,,0,17,0.0,64.70588235294117,query_device,2026-07-27 13:04:15
171865,2026-07-27,2026-04-28,独立站是什么,,DESKTOP,,0,1,0.0,60.0,query_device,2026-07-27 13:04:15
171866,2026-07-27,2026-04-28,獨立 站,,DESKTOP,,0,2,0.0,90.0,query_device,2026-07-27 13:04:15
171867,2026-07-27,2026-04-28,程序化展示广告,,DESKTOP,,0,10,0.0,76.1,query_device,2026-07-27 13:04:15
171868,2026-07-27,2026-04-28,营销组合,,DESKTOP,,0,2,0.0,62.0,query_device,2026-07-27 13:04:15
171869,2026-07-27,2026-04-28,谷歌 关键 词 规划 师,,DESKTOP,,0,1,0.0,78.0,query_device,2026-07-27 13:04:15
171870,2026-07-27,2026-04-28,谷歌 广告 关键 词,,DESKTOP,,0,1,0.0,82.0,query_device,2026-07-27 13:04:15
171871,2026-07-27,2026-04-28,谷歌 推广 效果,,DESKTOP,,0,1,0.0,47.0,query_device,2026-07-27 13:04:15
171872,2026-07-27,2026-04-28,谷歌cro优化,,DESKTOP,,0,1,0.0,33.0,query_device,2026-07-27 13:04:15
171873,2026-07-27,2026-04-28,谷歌ppc优化,,DESKTOP,,0,3,0.0,50.333333333333336,query_device,2026-07-27 13:04:15
171874,2026-07-27,2026-04-28,谷歌seo推广,,MOBILE,,0,1,0.0,36.0,query_device,2026-07-27 13:04:15
171875,2026-07-27,2026-04-28,谷歌关键词规划师,,DESKTOP,,0,2,0.0,63.0,query_device,2026-07-27 13:04:15
171876,2026-07-27,2026-04-28,谷歌地图推广,,DESKTOP,,0,3,0.0,77.66666666666667,query_device,2026-07-27 13:04:15
171877,2026-07-27,2026-04-28,谷歌地图推广,,MOBILE,,0,3,0.0,76.0,query_device,2026-07-27 13:04:15
171878,2026-07-27,2026-04-28,谷歌竞价开户,,DESKTOP,,0,1,0.0,45.0,query_device,2026-07-27 13:04:15
171879,2026-07-27,2026-04-28,谷歌网络推广,,DESKTOP,,0,1,0.0,45.0,query_device,2026-07-27 13:04:15
171880,2026-07-27,2026-04-28,谷歌购物广告如何出价,,DESKTOP,,0,8,0.0,22.75,query_device,2026-07-27 13:04:15
171881,2026-07-27,2026-04-28,购物 广告,,DESKTOP,,0,2,0.0,87.0,query_device,2026-07-27 13:04:15
171882,2026-07-27,2026-04-28,购物广告出价方式,,DESKTOP,,0,4,0.0,29.75,query_device,2026-07-27 13:04:15
171883,2026-07-27,2026-04-28,轉換成本,,DESKTOP,,0,2,0.0,10.0,query_device,2026-07-27 13:04:15
171884,2026-07-27,2026-04-28,轉換成本,,MOBILE,,0,2,0.0,7.0,query_device,2026-07-27 13:04:15
171885,2026-07-27,2026-04-28,轉換率公式,,DESKTOP,,0,2,0.0,58.5,query_device,2026-07-27 13:04:15
171886,2026-07-27,2026-04-28,转换成本,,DESKTOP,,0,4,0.0,12.25,query_device,2026-07-27 13:04:15
171887,2026-07-27,2026-04-28,转换成本,,MOBILE,,0,1,0.0,6.0,query_device,2026-07-27 13:04:15
171888,2026-07-27,2026-04-28,關鍵 字 廣告 行銷,,DESKTOP,,0,2,0.0,76.0,query_device,2026-07-27 13:04:15
171889,2026-07-27,2026-04-28,關鍵字廣告,,DESKTOP,,0,8,0.0,70.25,query_device,2026-07-27 13:04:15
171890,2026-07-27,2026-04-28,關鍵字廣告,,MOBILE,,0,4,0.0,81.25,query_device,2026-07-27 13:04:15
171891,2026-07-27,2026-04-28,需求方平台,,DESKTOP,,0,9,0.0,68.77777777777777,query_device,2026-07-27 13:04:15
171892,2026-07-27,2026-04-28,领英推广,,DESKTOP,,0,1,0.0,48.0,query_device,2026-07-27 13:04:15
171893,2026-07-27,2026-04-28,點擊付費,,DESKTOP,,0,6,0.0,65.33333333333333,query_device,2026-07-27 13:04:15
169017,2026-07-27,2026-03-29,advich group limited,,DESKTOP,,2,13,0.15384615384615385,3.0,query_device,2026-07-27 13:04:02
169018,2026-07-27,2026-03-29,江苏未迟,,MOBILE,,2,93,0.021505376344086023,1.827956989247312,query_device,2026-07-27 13:04:02
169019,2026-07-27,2026-03-29,advich,,DESKTOP,,1,7,0.14285714285714285,5.428571428571429,query_device,2026-07-27 13:04:02
169020,2026-07-27,2026-03-29,advich,,MOBILE,,0,5,0.0,7.8,query_device,2026-07-27 13:04:02
169021,2026-07-27,2026-03-29,advich group limited,,MOBILE,,0,2,0.0,5.5,query_device,2026-07-27 13:04:02
169022,2026-07-27,2026-03-29,ctr 是 什么,,DESKTOP,,0,1,0.0,98.0,query_device,2026-07-27 13:04:02
169023,2026-07-27,2026-03-29,ctr什么意思,,DESKTOP,,0,1,0.0,86.0,query_device,2026-07-27 13:04:02
169024,2026-07-27,2026-03-29,ctr是什么意思,,DESKTOP,,0,1,0.0,99.0,query_device,2026-07-27 13:04:02
169025,2026-07-27,2026-03-29,ctr是什麼,,DESKTOP,,0,1,0.0,97.0,query_device,2026-07-27 13:04:02
169026,2026-07-27,2026-03-29,destination mismatch,,DESKTOP,,0,1,0.0,10.0,query_device,2026-07-27 13:04:02
169027,2026-07-27,2026-03-29,dsa,,DESKTOP,,0,1,0.0,32.0,query_device,2026-07-27 13:04:02
169028,2026-07-27,2026-03-29,dsp ssp,,DESKTOP,,0,2,0.0,28.0,query_device,2026-07-27 13:04:02
169029,2026-07-27,2026-03-29,duckduckgo download for iphone,,DESKTOP,,0,1,0.0,25.0,query_device,2026-07-27 13:04:02
169030,2026-07-27,2026-03-29,facebook营销,,DESKTOP,,0,1,0.0,72.0,query_device,2026-07-27 13:04:02
169031,2026-07-27,2026-03-29,google ads html5,,DESKTOP,,0,1,0.0,25.0,query_device,2026-07-27 13:04:02
169032,2026-07-27,2026-03-29,google ads 關鍵 字 規劃 工具,,DESKTOP,,0,1,0.0,83.0,query_device,2026-07-27 13:04:02
169033,2026-07-27,2026-03-29,google adwords or seo,,DESKTOP,,0,1,0.0,93.0,query_device,2026-07-27 13:04:02
169034,2026-07-27,2026-03-29,google com safesearch,,DESKTOP,,0,1,0.0,44.0,query_device,2026-07-27 13:04:02
169035,2026-07-27,2026-03-29,google keyword planner gratis,,DESKTOP,,0,1,0.0,8.0,query_device,2026-07-27 13:04:02
169036,2026-07-27,2026-03-29,google map 推广,,DESKTOP,,0,1,0.0,71.0,query_device,2026-07-27 13:04:02
169037,2026-07-27,2026-03-29,google sem,,DESKTOP,,0,2,0.0,78.5,query_device,2026-07-27 13:04:02
169038,2026-07-27,2026-03-29,google sem,,MOBILE,,0,3,0.0,46.333333333333336,query_device,2026-07-27 13:04:02
169039,2026-07-27,2026-03-29,google seo处罚政策,,DESKTOP,,0,1,0.0,10.0,query_device,2026-07-27 13:04:02
169040,2026-07-27,2026-03-29,google sheets sankey,,DESKTOP,,0,1,0.0,67.0,query_device,2026-07-27 13:04:02
169041,2026-07-27,2026-03-29,google sheets sankey diagram,,DESKTOP,,0,2,0.0,52.0,query_device,2026-07-27 13:04:02
169042,2026-07-27,2026-03-29,google tag manager gtm,,DESKTOP,,0,1,0.0,83.0,query_device,2026-07-27 13:04:02
169043,2026-07-27,2026-03-29,google tag manager tag,,DESKTOP,,0,1,0.0,73.0,query_device,2026-07-27 13:04:02
169044,2026-07-27,2026-03-29,google 再營銷,,DESKTOP,,0,1,0.0,41.0,query_device,2026-07-27 13:04:02
169045,2026-07-27,2026-03-29,google 表示,,DESKTOP,,0,4,0.0,50.75,query_device,2026-07-27 13:04:02
169046,2026-07-27,2026-03-29,google 關鍵字廣告,,DESKTOP,,0,7,0.0,72.14285714285714,query_device,2026-07-27 13:04:02
169047,2026-07-27,2026-03-29,google 關鍵字廣告,,MOBILE,,0,5,0.0,79.6,query_device,2026-07-27 13:04:02
169048,2026-07-27,2026-03-29,google廣告創作,,DESKTOP,,0,1,0.0,48.0,query_device,2026-07-27 13:04:02
169049,2026-07-27,2026-03-29,google网站管理员指南 操纵排名 惩罚,,DESKTOP,,0,3,0.0,10.0,query_device,2026-07-27 13:04:02
169050,2026-07-27,2026-03-29,how to make a dot plot in google sheets,,DESKTOP,,0,1,0.0,83.0,query_device,2026-07-27 13:04:02
169051,2026-07-27,2026-03-29,how to make a pareto chart in google sheets,,DESKTOP,,0,13,0.0,86.92307692307692,query_device,2026-07-27 13:04:02
169052,2026-07-27,2026-03-29,how to make a pareto chart in google sheets,,MOBILE,,0,4,0.0,87.25,query_device,2026-07-27 13:04:02
169053,2026-07-27,2026-03-29,html5 google ads,,DESKTOP,,0,1,0.0,26.0,query_device,2026-07-27 13:04:02
169054,2026-07-27,2026-03-29,imc是什么岗位,,DESKTOP,,0,1,0.0,45.0,query_device,2026-07-27 13:04:02
169055,2026-07-27,2026-03-29,likert五點量表,,DESKTOP,,0,1,0.0,36.0,query_device,2026-07-27 13:04:02
169056,2026-07-27,2026-03-29,microsoft advertising 搜索广告,,DESKTOP,,0,1,0.0,66.0,query_device,2026-07-27 13:04:02
169057,2026-07-27,2026-03-29,microsoft advertising 竞价机制,,DESKTOP,,0,1,0.0,73.0,query_device,2026-07-27 13:04:02
169058,2026-07-27,2026-03-29,pareto chart google sheets,,DESKTOP,,0,5,0.0,70.8,query_device,2026-07-27 13:04:02
169059,2026-07-27,2026-03-29,roas是什么,,DESKTOP,,0,1,0.0,98.0,query_device,2026-07-27 13:04:02
169060,2026-07-27,2026-03-29,sa360,,DESKTOP,,0,5,0.0,68.4,query_device,2026-07-27 13:04:02
169061,2026-07-27,2026-03-29,sankey chart google sheets,,DESKTOP,,0,1,0.0,72.0,query_device,2026-07-27 13:04:02
169062,2026-07-27,2026-03-29,sankey diagram google,,DESKTOP,,0,1,0.0,6.0,query_device,2026-07-27 13:04:02
169063,2026-07-27,2026-03-29,sankey diagram google sheets,,DESKTOP,,0,3,0.0,58.0,query_device,2026-07-27 13:04:02
169064,2026-07-27,2026-03-29,sankey diagram in google sheets,,DESKTOP,,0,1,0.0,77.0,query_device,2026-07-27 13:04:02
169065,2026-07-27,2026-03-29,seo 可視化,,MOBILE,,0,19,0.0,32.526315789473685,query_device,2026-07-27 13:04:02
169066,2026-07-27,2026-03-29,site:advich.com,,DESKTOP,,0,16,0.0,4.375,query_device,2026-07-27 13:04:02
169067,2026-07-27,2026-03-29,tiktok代运营,,DESKTOP,,0,2,0.0,59.0,query_device,2026-07-27 13:04:02
169068,2026-07-27,2026-03-29,tiktok广告代投,,DESKTOP,,0,1,0.0,55.0,query_device,2026-07-27 13:04:02
169069,2026-07-27,2026-03-29,tiktok广告代理,,DESKTOP,,0,1,0.0,19.0,query_device,2026-07-27 13:04:02
169070,2026-07-27,2026-03-29,五點量表,,DESKTOP,,0,1,0.0,46.0,query_device,2026-07-27 13:04:02
169071,2026-07-27,2026-03-29,供应方平台,,DESKTOP,,0,16,0.0,66.625,query_device,2026-07-27 13:04:02
169072,2026-07-27,2026-03-29,出海 google 广告,,DESKTOP,,0,10,0.0,79.6,query_device,2026-07-27 13:04:02
169073,2026-07-27,2026-03-29,出海营销整合管理平台的使用场景,,DESKTOP,,0,2,0.0,10.0,query_device,2026-07-27 13:04:02
169074,2026-07-27,2026-03-29,出海谷歌广告,,DESKTOP,,0,9,0.0,81.33333333333333,query_device,2026-07-27 13:04:02
169075,2026-07-27,2026-03-29,动态广告,,DESKTOP,,0,5,0.0,48.4,query_device,2026-07-27 13:04:02
169076,2026-07-27,2026-03-29,动态广告,,MOBILE,,0,1,0.0,68.0,query_device,2026-07-27 13:04:02
169077,2026-07-27,2026-03-29,即時競價/實時競價,,DESKTOP,,0,1,0.0,98.0,query_device,2026-07-27 13:04:02
169078,2026-07-27,2026-03-29,即時競價/實時競價,,MOBILE,,0,1,0.0,98.0,query_device,2026-07-27 13:04:02
169079,2026-07-27,2026-03-29,在效果规划工具中，为什么应将具有不同营销目标的广告系列分别纳入不同的方案中？,,DESKTOP,,0,1,0.0,10.0,query_device,2026-07-27 13:04:02
169080,2026-07-27,2026-03-29,实时竞价,,DESKTOP,,0,9,0.0,75.22222222222223,query_device,2026-07-27 13:04:02
169081,2026-07-27,2026-03-29,展示广告,,DESKTOP,,0,2,0.0,87.0,query_device,2026-07-27 13:04:02
169082,2026-07-27,2026-03-29,帕累托法则,,DESKTOP,,0,1,0.0,79.0,query_device,2026-07-27 13:04:02
169083,2026-07-27,2026-03-29,广告网络,,DESKTOP,,0,3,0.0,93.66666666666667,query_device,2026-07-27 13:04:02
169084,2026-07-27,2026-03-29,找到合適關鍵字,,DESKTOP,,0,2,0.0,17.0,query_device,2026-07-27 13:04:02
169085,2026-07-27,2026-03-29,推特怎么发语音,,DESKTOP,,0,1,0.0,17.0,query_device,2026-07-27 13:04:02
169086,2026-07-27,2026-03-29,推特私信怎么发语音,,DESKTOP,,0,3,0.0,11.666666666666666,query_device,2026-07-27 13:04:02
169087,2026-07-27,2026-03-29,推特私信怎么发语音,,MOBILE,,0,1,0.0,9.0,query_device,2026-07-27 13:04:02
169088,2026-07-27,2026-03-29,提高 ppc 性能,,DESKTOP,,0,5,0.0,9.2,query_device,2026-07-27 13:04:02
169089,2026-07-27,2026-03-29,提高 ppc 性能,,MOBILE,,0,5,0.0,9.6,query_device,2026-07-27 13:04:02
169090,2026-07-27,2026-03-29,未迟咨询集团,,DESKTOP,,0,8,0.0,5.75,query_device,2026-07-27 13:04:02
169091,2026-07-27,2026-03-29,李克特五點量表,,DESKTOP,,0,1,0.0,18.0,query_device,2026-07-27 13:04:02
169092,2026-07-27,2026-03-29,李克特五點量表範例,,DESKTOP,,0,2,0.0,17.0,query_device,2026-07-27 13:04:02
169093,2026-07-27,2026-03-29,李克特量表,,DESKTOP,,0,1,0.0,12.0,query_device,2026-07-27 13:04:02
169094,2026-07-27,2026-03-29,桑基图生成器,,DESKTOP,,0,1,0.0,60.0,query_device,2026-07-27 13:04:02
169095,2026-07-27,2026-03-29,江苏未迟,,DESKTOP,,0,2,0.0,2.0,query_device,2026-07-27 13:04:02
169096,2026-07-27,2026-03-29,江苏未迟数字技术有限公司,,DESKTOP,,0,5,0.0,3.8,query_device,2026-07-27 13:04:02
169097,2026-07-27,2026-03-29,海外推广服务商的优缺点,,DESKTOP,,0,1,0.0,9.0,query_device,2026-07-27 13:04:02
169098,2026-07-27,2026-03-29,海外推广渠道的优缺点,,DESKTOP,,0,11,0.0,8.181818181818182,query_device,2026-07-27 13:04:02
169099,2026-07-27,2026-03-29,海外数字营销,,DESKTOP,,0,1,0.0,48.0,query_device,2026-07-27 13:04:02
169100,2026-07-27,2026-03-29,海外营销服务的优缺点,,DESKTOP,,0,2,0.0,11.0,query_device,2026-07-27 13:04:02
169101,2026-07-27,2026-03-29,独立 站,,DESKTOP,,0,1,0.0,77.0,query_device,2026-07-27 13:04:02
169102,2026-07-27,2026-03-29,独立站,,DESKTOP,,0,4,0.0,65.0,query_device,2026-07-27 13:04:02
169103,2026-07-27,2026-03-29,独立站,,MOBILE,,0,1,0.0,5.0,query_device,2026-07-27 13:04:02
169104,2026-07-27,2026-03-29,营销组合,,DESKTOP,,0,1,0.0,55.0,query_device,2026-07-27 13:04:02
169105,2026-07-27,2026-03-29,谷歌 mcc,,DESKTOP,,0,1,0.0,70.0,query_device,2026-07-27 13:04:02
169106,2026-07-27,2026-03-29,谷歌 搜索 广告,,DESKTOP,,0,1,0.0,48.0,query_device,2026-07-27 13:04:02
169107,2026-07-27,2026-03-29,谷歌cro优化,,DESKTOP,,0,1,0.0,40.0,query_device,2026-07-27 13:04:02
169108,2026-07-27,2026-03-29,谷歌ppc优化,,DESKTOP,,0,3,0.0,36.0,query_device,2026-07-27 13:04:02
169109,2026-07-27,2026-03-29,谷歌关键词规划师,,DESKTOP,,0,1,0.0,70.0,query_device,2026-07-27 13:04:02
169110,2026-07-27,2026-03-29,谷歌对网站的惩罚措施,,DESKTOP,,0,6,0.0,9.333333333333334,query_device,2026-07-27 13:04:02
169111,2026-07-27,2026-03-29,谷歌对网站的惩罚标准,,DESKTOP,,0,13,0.0,10.153846153846153,query_device,2026-07-27 13:04:02
169112,2026-07-27,2026-03-29,谷歌惩罚措施,,DESKTOP,,0,1,0.0,8.0,query_device,2026-07-27 13:04:02
169113,2026-07-27,2026-03-29,谷歌惩罚的定义,,DESKTOP,,0,18,0.0,7.944444444444445,query_device,2026-07-27 13:04:02
169114,2026-07-27,2026-03-29,谷歌惩罚策略,,DESKTOP,,0,81,0.0,8.62962962962963,query_device,2026-07-27 13:04:02
169115,2026-07-27,2026-03-29,谷歌搜索广告,,DESKTOP,,0,1,0.0,43.0,query_device,2026-07-27 13:04:02
169116,2026-07-27,2026-03-29,谷歌搜索质量指南 操纵排名 处罚,,DESKTOP,,0,16,0.0,9.8125,query_device,2026-07-27 13:04:02
169117,2026-07-27,2026-03-29,谷歌搜索质量指南 操纵排名 惩罚,,DESKTOP,,0,6,0.0,7.833333333333333,query_device,2026-07-27 13:04:02
169118,2026-07-27,2026-03-29,谷歌搜索质量指南 操纵排名处罚,,DESKTOP,,0,3,0.0,9.666666666666666,query_device,2026-07-27 13:04:02
169119,2026-07-27,2026-03-29,谷歌竞价开户,,DESKTOP,,0,2,0.0,50.5,query_device,2026-07-27 13:04:02
169120,2026-07-27,2026-03-29,谷歌竞价开户,,MOBILE,,0,1,0.0,33.0,query_device,2026-07-27 13:04:02
169121,2026-07-27,2026-03-29,谷歌算法惩罚的定义,,DESKTOP,,0,6,0.0,9.333333333333334,query_device,2026-07-27 13:04:02
169122,2026-07-27,2026-03-29,谷歌编辑器,,DESKTOP,,0,1,0.0,83.0,query_device,2026-07-27 13:04:02
169123,2026-07-27,2026-03-29,谷歌网站管理员指南 人工操作处罚,,DESKTOP,,0,3,0.0,10.0,query_device,2026-07-27 13:04:02
169124,2026-07-27,2026-03-29,谷歌网站管理员指南 惩罚,,DESKTOP,,0,7,0.0,8.571428571428571,query_device,2026-07-27 13:04:02
169125,2026-07-27,2026-03-29,谷歌购物广告如何出价,,DESKTOP,,0,3,0.0,31.666666666666668,query_device,2026-07-27 13:04:02
169126,2026-07-27,2026-03-29,跨境电商facebook引流,,DESKTOP,,0,2,0.0,66.5,query_device,2026-07-27 13:04:02
169127,2026-07-27,2026-03-29,轉換率公式,,DESKTOP,,0,2,0.0,63.0,query_device,2026-07-27 13:04:02
169128,2026-07-27,2026-03-29,關鍵 字 廣告,,DESKTOP,,0,1,0.0,68.0,query_device,2026-07-27 13:04:02
169129,2026-07-27,2026-03-29,關鍵字廣告,,DESKTOP,,0,6,0.0,67.33333333333333,query_device,2026-07-27 13:04:02
169130,2026-07-27,2026-03-29,關鍵字廣告,,MOBILE,,0,1,0.0,79.0,query_device,2026-07-27 13:04:02
169131,2026-07-27,2026-03-29,需求方平台,,DESKTOP,,0,9,0.0,72.11111111111111,query_device,2026-07-27 13:04:02
169132,2026-07-27,2026-03-29,领英推广,,DESKTOP,,0,1,0.0,65.0,query_device,2026-07-27 13:04:02
169133,2026-07-27,2026-03-29,點擊付費,,DESKTOP,,0,5,0.0,73.2,query_device,2026-07-27 13:04:02
169134,2026-07-27,2026-03-29,點擊率,,DESKTOP,,0,1,0.0,88.0,query_device,2026-07-27 13:04:02
164394,2026-07-27,2026-02-27,advich,,DESKTOP,,2,7,0.2857142857142857,5.428571428571429,query_device,2026-07-27 13:03:47
164395,2026-07-27,2026-02-27,advich group limited,,DESKTOP,,2,28,0.07142857142857142,3.75,query_device,2026-07-27 13:03:47
164396,2026-07-27,2026-02-27,advich group limited,,MOBILE,,2,7,0.2857142857142857,3.857142857142857,query_device,2026-07-27 13:03:47
164397,2026-07-27,2026-02-27,江苏未迟,,DESKTOP,,2,7,0.2857142857142857,4.285714285714286,query_device,2026-07-27 13:03:47
164398,2026-07-27,2026-02-27,advich,,MOBILE,,1,20,0.05,6.6,query_device,2026-07-27 13:03:47
164399,2026-07-27,2026-02-27,江苏未迟数字技术有限公司,,MOBILE,,1,3,0.3333333333333333,5.666666666666667,query_device,2026-07-27 13:03:47
164400,2026-07-27,2026-02-27,3 axis graph excel,,DESKTOP,,0,1,0.0,59.0,query_device,2026-07-27 13:03:47
164401,2026-07-27,2026-02-27,advich group limited,,TABLET,,0,2,0.0,4.5,query_device,2026-07-27 13:03:47
164402,2026-07-27,2026-02-27,aida 是 什麼,,DESKTOP,,0,1,0.0,77.0,query_device,2026-07-27 13:03:47
164403,2026-07-27,2026-02-27,aida是什麼,,DESKTOP,,0,2,0.0,72.5,query_device,2026-07-27 13:03:47
164404,2026-07-27,2026-02-27,available market,,DESKTOP,,0,1,0.0,96.0,query_device,2026-07-27 13:03:47
164405,2026-07-27,2026-02-27,bing ads 2026新功能,,DESKTOP,,0,1,0.0,9.0,query_device,2026-07-27 13:03:47
164406,2026-07-27,2026-02-27,bing ads 中国代理商,,DESKTOP,,0,8,0.0,11.0,query_device,2026-07-27 13:03:47
164407,2026-07-27,2026-02-27,bing ads代理商,,DESKTOP,,0,1,0.0,10.0,query_device,2026-07-27 13:03:47
164408,2026-07-27,2026-02-27,bing ads代理商 中国,,DESKTOP,,0,1,0.0,10.0,query_device,2026-07-27 13:03:47
164409,2026-07-27,2026-02-27,bing ads代理投放平台,,DESKTOP,,0,1,0.0,10.0,query_device,2026-07-27 13:03:47
164410,2026-07-27,2026-02-27,bing ads竞品词投放案例,,DESKTOP,,0,76,0.0,4.039473684210526,query_device,2026-07-27 13:03:47
164411,2026-07-27,2026-02-27,bing seo 外链推广,,DESKTOP,,0,9,0.0,9.444444444444445,query_device,2026-07-27 13:03:47
164412,2026-07-27,2026-02-27,bing外链推广方法,,DESKTOP,,0,4,0.0,9.25,query_device,2026-07-27 13:03:47
164413,2026-07-27,2026-02-27,bing广告关键词优化案例,,DESKTOP,,0,1,0.0,9.0,query_device,2026-07-27 13:03:47
164414,2026-07-27,2026-02-27,bing广告竞品关键词策略,,DESKTOP,,0,57,0.0,6.0701754385964914,query_device,2026-07-27 13:03:47
164415,2026-07-27,2026-02-27,bing广告竞品词投放策略,,DESKTOP,,0,6,0.0,7.5,query_device,2026-07-27 13:03:47
164416,2026-07-27,2026-02-27,bing推广策略,,DESKTOP,,0,3,0.0,9.333333333333334,query_device,2026-07-27 13:03:47
164417,2026-07-27,2026-02-27,bing搜索广告优化案例,,DESKTOP,,0,4,0.0,8.0,query_device,2026-07-27 13:03:47
164418,2026-07-27,2026-02-27,bing竞价优化案例,,DESKTOP,,0,40,0.0,3.325,query_device,2026-07-27 13:03:47
164419,2026-07-27,2026-02-27,bing竞价广告优化案例,,DESKTOP,,0,2,0.0,2.5,query_device,2026-07-27 13:03:47
164420,2026-07-27,2026-02-27,bing竞价排名优化案例,,DESKTOP,,0,1,0.0,1.0,query_device,2026-07-27 13:03:47
164421,2026-07-27,2026-02-27,bing竞价排名优化策略,,DESKTOP,,0,2,0.0,7.5,query_device,2026-07-27 13:03:47
164422,2026-07-27,2026-02-27,case when google data studio,,DESKTOP,,0,2,0.0,92.5,query_device,2026-07-27 13:03:47
164423,2026-07-27,2026-02-27,clickshare google ads,,DESKTOP,,0,1,0.0,17.0,query_device,2026-07-27 13:03:47
164424,2026-07-27,2026-02-27,clickshare google ads,,MOBILE,,0,1,0.0,6.0,query_device,2026-07-27 13:03:47
164425,2026-07-27,2026-02-27,cpm是什么意思,,DESKTOP,,0,1,0.0,89.0,query_device,2026-07-27 13:03:47
164426,2026-07-27,2026-02-27,ctr,,DESKTOP,,0,2,0.0,80.5,query_device,2026-07-27 13:03:47
164427,2026-07-27,2026-02-27,ctr 意思,,DESKTOP,,0,2,0.0,76.0,query_device,2026-07-27 13:03:47
164428,2026-07-27,2026-02-27,ctr 意思,,MOBILE,,0,1,0.0,72.0,query_device,2026-07-27 13:03:47
164429,2026-07-27,2026-02-27,ctr 是 什么,,DESKTOP,,0,3,0.0,75.66666666666667,query_device,2026-07-27 13:03:47
164430,2026-07-27,2026-02-27,ctr 是 什么 意思,,DESKTOP,,0,1,0.0,63.0,query_device,2026-07-27 13:03:47
164431,2026-07-27,2026-02-27,ctr是什么,,DESKTOP,,0,1,0.0,64.0,query_device,2026-07-27 13:03:47
164432,2026-07-27,2026-02-27,ctr是什么意思,,DESKTOP,,0,1,0.0,63.0,query_device,2026-07-27 13:03:47
164433,2026-07-27,2026-02-27,dot plot in google sheets,,DESKTOP,,0,1,0.0,69.0,query_device,2026-07-27 13:03:47
164434,2026-07-27,2026-02-27,dot plot on google sheets,,DESKTOP,,0,1,0.0,76.0,query_device,2026-07-27 13:03:47
164435,2026-07-27,2026-02-27,dsa,,DESKTOP,,0,1,0.0,72.0,query_device,2026-07-27 13:03:47
164436,2026-07-27,2026-02-27,dsp ssp,,DESKTOP,,0,1,0.0,84.0,query_device,2026-07-27 13:03:47
164437,2026-07-27,2026-02-27,dsp/需求方平台,,DESKTOP,,0,2,0.0,69.5,query_device,2026-07-27 13:03:47
164438,2026-07-27,2026-02-27,excel sunburst chart,,DESKTOP,,0,1,0.0,6.0,query_device,2026-07-27 13:03:47
164439,2026-07-27,2026-02-27,facebook 广告,,DESKTOP,,0,3,0.0,58.333333333333336,query_device,2026-07-27 13:03:47
164440,2026-07-27,2026-02-27,facebook 广告,,MOBILE,,0,1,0.0,63.0,query_device,2026-07-27 13:03:47
164441,2026-07-27,2026-02-27,facebook 营销,,DESKTOP,,0,1,0.0,64.0,query_device,2026-07-27 13:03:47
164442,2026-07-27,2026-02-27,facebook 营销,,MOBILE,,0,1,0.0,66.0,query_device,2026-07-27 13:03:47
164443,2026-07-27,2026-02-27,facebook广告,,DESKTOP,,0,3,0.0,64.66666666666666,query_device,2026-07-27 13:03:47
164444,2026-07-27,2026-02-27,facebook营销,,DESKTOP,,0,2,0.0,55.0,query_device,2026-07-27 13:03:47
164445,2026-07-27,2026-02-27,facebook营销,,MOBILE,,0,1,0.0,66.0,query_device,2026-07-27 13:03:47
164446,2026-07-27,2026-02-27,fb business manager,,DESKTOP,,0,1,0.0,51.0,query_device,2026-07-27 13:03:47
164447,2026-07-27,2026-02-27,fb广告,,DESKTOP,,0,1,0.0,110.0,query_device,2026-07-27 13:03:47
164448,2026-07-27,2026-02-27,godatafeed,,DESKTOP,,0,1,0.0,25.0,query_device,2026-07-27 13:03:47
164449,2026-07-27,2026-02-27,googe 推荐搜索广告数量,,DESKTOP,,0,12,0.0,20.333333333333332,query_device,2026-07-27 13:03:47
164450,2026-07-27,2026-02-27,google ads editor,,DESKTOP,,0,1,0.0,32.0,query_device,2026-07-27 13:03:47
164451,2026-07-27,2026-02-27,google ads editor,,MOBILE,,0,2,0.0,27.0,query_device,2026-07-27 13:03:47
164452,2026-07-27,2026-02-27,google ads html5,,DESKTOP,,0,1,0.0,8.0,query_device,2026-07-27 13:03:47
164453,2026-07-27,2026-02-27,google ads sem最佳实践,,DESKTOP,,0,11,0.0,6.181818181818182,query_device,2026-07-27 13:03:47
164454,2026-07-27,2026-02-27,google ads 認證,,DESKTOP,,0,1,0.0,53.0,query_device,2026-07-27 13:03:47
164455,2026-07-27,2026-02-27,google app广告,,DESKTOP,,0,3,0.0,51.0,query_device,2026-07-27 13:03:47
164456,2026-07-27,2026-02-27,google app广告,,MOBILE,,0,1,0.0,54.0,query_device,2026-07-27 13:03:47
164457,2026-07-27,2026-02-27,google data studio case when,,DESKTOP,,0,14,0.0,80.71428571428571,query_device,2026-07-27 13:03:47
164458,2026-07-27,2026-02-27,google data studio case when,,MOBILE,,0,1,0.0,80.0,query_device,2026-07-27 13:03:47
164459,2026-07-27,2026-02-27,google dsa,,DESKTOP,,0,1,0.0,61.0,query_device,2026-07-27 13:03:47
164460,2026-07-27,2026-02-27,google editor,,DESKTOP,,0,2,0.0,62.5,query_device,2026-07-27 13:03:47
164461,2026-07-27,2026-02-27,google gtm,,DESKTOP,,0,1,0.0,75.0,query_device,2026-07-27 13:03:47
164462,2026-07-27,2026-02-27,google mcc,,DESKTOP,,0,3,0.0,75.66666666666667,query_device,2026-07-27 13:03:47
164463,2026-07-27,2026-02-27,google roas,,DESKTOP,,0,1,0.0,85.0,query_device,2026-07-27 13:03:47
164464,2026-07-27,2026-02-27,google sem,,DESKTOP,,0,15,0.0,73.4,query_device,2026-07-27 13:03:47
164465,2026-07-27,2026-02-27,google sem,,MOBILE,,0,21,0.0,73.9047619047619,query_device,2026-07-27 13:03:47
164466,2026-07-27,2026-02-27,google sheets pareto chart,,DESKTOP,,0,2,0.0,65.5,query_device,2026-07-27 13:03:47
164467,2026-07-27,2026-02-27,google sheets sankey chart,,DESKTOP,,0,1,0.0,71.0,query_device,2026-07-27 13:03:47
164468,2026-07-27,2026-02-27,google sheets sankey diagram,,DESKTOP,,0,1,0.0,73.0,query_device,2026-07-27 13:03:47
164469,2026-07-27,2026-02-27,google shopping roas,,DESKTOP,,0,1,0.0,9.0,query_device,2026-07-27 13:03:47
164470,2026-07-27,2026-02-27,google tag manager,,DESKTOP,,0,2,0.0,77.5,query_device,2026-07-27 13:03:47
164471,2026-07-27,2026-02-27,google tag manager tag,,DESKTOP,,0,1,0.0,82.0,query_device,2026-07-27 13:03:47
164472,2026-07-27,2026-02-27,google tv 廣告,,MOBILE,,0,1,0.0,29.0,query_device,2026-07-27 13:03:47
164473,2026-07-27,2026-02-27,google 再營銷,,DESKTOP,,0,3,0.0,63.0,query_device,2026-07-27 13:03:47
164474,2026-07-27,2026-02-27,google 再營銷,,MOBILE,,0,6,0.0,63.833333333333336,query_device,2026-07-27 13:03:47
164475,2026-07-27,2026-02-27,google 合作 夥伴 名單,,DESKTOP,,0,1,0.0,92.0,query_device,2026-07-27 13:03:47
164476,2026-07-27,2026-02-27,google 广告 价格,,DESKTOP,,0,1,0.0,67.0,query_device,2026-07-27 13:03:47
164477,2026-07-27,2026-02-27,google 广告 价格,,MOBILE,,0,1,0.0,66.0,query_device,2026-07-27 13:03:47
164478,2026-07-27,2026-02-27,google 表示,,DESKTOP,,0,9,0.0,53.111111111111114,query_device,2026-07-27 13:03:47
164479,2026-07-27,2026-02-27,google 關鍵字廣告,,DESKTOP,,0,20,0.0,67.7,query_device,2026-07-27 13:03:47
164480,2026-07-27,2026-02-27,google 關鍵字廣告,,MOBILE,,0,17,0.0,78.76470588235294,query_device,2026-07-27 13:03:47
164481,2026-07-27,2026-02-27,googleadsend,,DESKTOP,,0,1,0.0,62.0,query_device,2026-07-27 13:03:47
164482,2026-07-27,2026-02-27,google展示广告,,DESKTOP,,0,4,0.0,62.0,query_device,2026-07-27 13:03:47
164483,2026-07-27,2026-02-27,google展示广告,,MOBILE,,0,3,0.0,55.0,query_device,2026-07-27 13:03:47
164484,2026-07-27,2026-02-27,google广告拒登,,DESKTOP,,0,2,0.0,60.0,query_device,2026-07-27 13:03:47
164485,2026-07-27,2026-02-27,google广告拒登,,MOBILE,,0,4,0.0,63.75,query_device,2026-07-27 13:03:47
164486,2026-07-27,2026-02-27,google廣告創作,,DESKTOP,,0,1,0.0,50.0,query_device,2026-07-27 13:03:47
164487,2026-07-27,2026-02-27,google搜索广告,,MOBILE,,0,1,0.0,72.0,query_device,2026-07-27 13:03:47
164488,2026-07-27,2026-02-27,google搜索广告成本结构,,DESKTOP,,0,2,0.0,10.0,query_device,2026-07-27 13:03:47
164489,2026-07-27,2026-02-27,google洞察,,DESKTOP,,0,1,0.0,46.0,query_device,2026-07-27 13:03:47
164490,2026-07-27,2026-02-27,google洞察,,MOBILE,,0,1,0.0,49.0,query_device,2026-07-27 13:03:47
164491,2026-07-27,2026-02-27,google洞察搜尋,,DESKTOP,,0,2,0.0,36.0,query_device,2026-07-27 13:03:47
164492,2026-07-27,2026-02-27,google购物广告,,DESKTOP,,0,3,0.0,72.33333333333333,query_device,2026-07-27 13:03:47
164493,2026-07-27,2026-02-27,google购物广告,,MOBILE,,0,1,0.0,76.0,query_device,2026-07-27 13:03:47
164494,2026-07-27,2026-02-27,gtm google,,DESKTOP,,0,1,0.0,80.0,query_device,2026-07-27 13:03:47
164495,2026-07-27,2026-02-27,gtm 是 什麼,,DESKTOP,,0,1,0.0,76.0,query_device,2026-07-27 13:03:47
164496,2026-07-27,2026-02-27,gtm是什麼,,DESKTOP,,0,1,0.0,76.0,query_device,2026-07-27 13:03:47
164497,2026-07-27,2026-02-27,how to create a dot plot in google sheets,,DESKTOP,,0,1,0.0,79.0,query_device,2026-07-27 13:03:47
164498,2026-07-27,2026-02-27,how to make a pareto chart in google sheets,,DESKTOP,,0,14,0.0,84.28571428571429,query_device,2026-07-27 13:03:47
164499,2026-07-27,2026-02-27,how to make a pareto chart in google sheets,,MOBILE,,0,7,0.0,84.0,query_device,2026-07-27 13:03:47
164500,2026-07-27,2026-02-27,how to make dot plot in google sheets,,DESKTOP,,0,1,0.0,77.0,query_device,2026-07-27 13:03:47
164501,2026-07-27,2026-02-27,imc是什么岗位,,DESKTOP,,0,1,0.0,46.0,query_device,2026-07-27 13:03:47
164502,2026-07-27,2026-02-27,instagram欧美引流,,DESKTOP,,0,1,0.0,82.0,query_device,2026-07-27 13:03:47
164503,2026-07-27,2026-02-27,likert 五 點 量 表,,DESKTOP,,0,1,0.0,78.0,query_device,2026-07-27 13:03:47
164504,2026-07-27,2026-02-27,linkedin推广,,MOBILE,,0,1,0.0,66.0,query_device,2026-07-27 13:03:47
164505,2026-07-27,2026-02-27,oath company,,DESKTOP,,0,1,0.0,59.0,query_device,2026-07-27 13:03:47
164506,2026-07-27,2026-02-27,pareto chart google sheets,,DESKTOP,,0,2,0.0,27.5,query_device,2026-07-27 13:03:47
164507,2026-07-27,2026-02-27,pareto chart in google sheets,,DESKTOP,,0,3,0.0,49.333333333333336,query_device,2026-07-27 13:03:47
164508,2026-07-27,2026-02-27,roas意思,,DESKTOP,,0,1,0.0,90.0,query_device,2026-07-27 13:03:47
164509,2026-07-27,2026-02-27,roas意思,,MOBILE,,0,1,0.0,96.0,query_device,2026-07-27 13:03:47
164510,2026-07-27,2026-02-27,roas模型,,DESKTOP,,0,1,0.0,47.0,query_device,2026-07-27 13:03:47
164511,2026-07-27,2026-02-27,sankey,,DESKTOP,,0,1,0.0,79.0,query_device,2026-07-27 13:03:47
164512,2026-07-27,2026-02-27,sankey diagram google sheets,,DESKTOP,,0,2,0.0,71.5,query_device,2026-07-27 13:03:47
164513,2026-07-27,2026-02-27,sem google,,DESKTOP,,0,19,0.0,83.0,query_device,2026-07-27 13:03:47
164514,2026-07-27,2026-02-27,sem google,,MOBILE,,0,13,0.0,87.76923076923077,query_device,2026-07-27 13:03:47
164515,2026-07-27,2026-02-27,sem最佳实践,,DESKTOP,,0,105,0.0,2.0666666666666664,query_device,2026-07-27 13:03:47
164516,2026-07-27,2026-02-27,seo 可視化,,MOBILE,,0,7,0.0,33.714285714285715,query_device,2026-07-27 13:03:47
164517,2026-07-27,2026-02-27,serviceable addressable market,,DESKTOP,,0,1,0.0,99.0,query_device,2026-07-27 13:03:47
164518,2026-07-27,2026-02-27,shopify 代理店,,DESKTOP,,0,1,0.0,12.0,query_device,2026-07-27 13:03:47
164519,2026-07-27,2026-02-27,site:advich.com,,DESKTOP,,0,10,0.0,1.0,query_device,2026-07-27 13:03:47
164520,2026-07-27,2026-02-27,ssp/供應方平台,,DESKTOP,,0,5,0.0,59.4,query_device,2026-07-27 13:03:47
164521,2026-07-27,2026-02-27,ssp/供應方平台,,MOBILE,,0,5,0.0,68.0,query_device,2026-07-27 13:03:47
164522,2026-07-27,2026-02-27,tag manager tags,,DESKTOP,,0,1,0.0,65.0,query_device,2026-07-27 13:03:47
164523,2026-07-27,2026-02-27,tam sam som,,DESKTOP,,0,2,0.0,75.0,query_device,2026-07-27 13:03:47
164524,2026-07-27,2026-02-27,tiktok 广告 开户 代理 公司,,DESKTOP,,0,1,0.0,42.0,query_device,2026-07-27 13:03:47
164525,2026-07-27,2026-02-27,tiktok代投,,DESKTOP,,0,1,0.0,40.0,query_device,2026-07-27 13:03:47
164526,2026-07-27,2026-02-27,tiktok代运营,,DESKTOP,,0,2,0.0,63.0,query_device,2026-07-27 13:03:47
164527,2026-07-27,2026-02-27,tiktok广告代投,,DESKTOP,,0,2,0.0,42.0,query_device,2026-07-27 13:03:47
164528,2026-07-27,2026-02-27,tiktok广告开户,,DESKTOP,,0,1,0.0,37.0,query_device,2026-07-27 13:03:47
164529,2026-07-27,2026-02-27,troas是什么,,DESKTOP,,0,3,0.0,27.666666666666668,query_device,2026-07-27 13:03:47
164530,2026-07-27,2026-02-27,youtube lead form ads,,DESKTOP,,0,3,0.0,45.0,query_device,2026-07-27 13:03:47
164531,2026-07-27,2026-02-27,付费广告,,DESKTOP,,0,2,0.0,73.5,query_device,2026-07-27 13:03:47
164532,2026-07-27,2026-02-27,付费广告,,MOBILE,,0,2,0.0,73.5,query_device,2026-07-27 13:03:47
164533,2026-07-27,2026-02-27,供应方平台,,DESKTOP,,0,17,0.0,71.47058823529412,query_device,2026-07-27 13:03:47
164534,2026-07-27,2026-02-27,再营销,,DESKTOP,,0,3,0.0,84.66666666666667,query_device,2026-07-27 13:03:47
164535,2026-07-27,2026-02-27,再营销,,MOBILE,,0,3,0.0,79.66666666666667,query_device,2026-07-27 13:03:47
164536,2026-07-27,2026-02-27,再营销广告,,DESKTOP,,0,4,0.0,84.75,query_device,2026-07-27 13:03:47
164537,2026-07-27,2026-02-27,再营销广告,,MOBILE,,0,1,0.0,92.0,query_device,2026-07-27 13:03:47
164538,2026-07-27,2026-02-27,出海 google 广告,,DESKTOP,,0,25,0.0,77.6,query_device,2026-07-27 13:03:47
164539,2026-07-27,2026-02-27,出海谷歌广告,,DESKTOP,,0,19,0.0,75.94736842105263,query_device,2026-07-27 13:03:47
164540,2026-07-27,2026-02-27,分析销售数据,,MOBILE,,0,1,0.0,73.0,query_device,2026-07-27 13:03:47
164541,2026-07-27,2026-02-27,动态广告,,DESKTOP,,0,4,0.0,85.0,query_device,2026-07-27 13:03:47
164542,2026-07-27,2026-02-27,动态广告,,MOBILE,,0,4,0.0,82.75,query_device,2026-07-27 13:03:47
164543,2026-07-27,2026-02-27,動態再行銷,,MOBILE,,0,1,0.0,70.0,query_device,2026-07-27 13:03:47
164544,2026-07-27,2026-02-27,即時競價/實時競價,,DESKTOP,,0,4,0.0,88.5,query_device,2026-07-27 13:03:47
164545,2026-07-27,2026-02-27,即時競價/實時競價,,MOBILE,,0,1,0.0,89.0,query_device,2026-07-27 13:03:47
164546,2026-07-27,2026-02-27,哪三个因素会影响搜索广告在竞价时的广告质量？,,DESKTOP,,0,2,0.0,44.0,query_device,2026-07-27 13:03:47
164547,2026-07-27,2026-02-27,商务管理工具 facebook,,DESKTOP,,0,2,0.0,29.0,query_device,2026-07-27 13:03:47
164548,2026-07-27,2026-02-27,商务管理工具 facebook,,MOBILE,,0,1,0.0,30.0,query_device,2026-07-27 13:03:47
164549,2026-07-27,2026-02-27,在效果规划工具中，为什么应将具有不同营销目标的广告系列分别纳入不同的方案中？,,DESKTOP,,0,5,0.0,8.0,query_device,2026-07-27 13:03:47
164550,2026-07-27,2026-02-27,在效果规划工具中，为什么应将具有不同营销目标的广告系列分别纳入不同的方案中？,,TABLET,,0,1,0.0,15.0,query_device,2026-07-27 13:03:47
164551,2026-07-27,2026-02-27,外贸独立站,,DESKTOP,,0,2,0.0,98.0,query_device,2026-07-27 13:03:47
164552,2026-07-27,2026-02-27,实时竞价,,DESKTOP,,0,14,0.0,80.92857142857143,query_device,2026-07-27 13:03:47
164553,2026-07-27,2026-02-27,实时竞价,,MOBILE,,0,1,0.0,96.0,query_device,2026-07-27 13:03:47
164554,2026-07-27,2026-02-27,对于 google 展示广告网络上提供的广告格式，哪种会自动调整显示方式以充分利用页面上的可用空间？,,DESKTOP,,0,1,0.0,24.0,query_device,2026-07-27 13:03:47
164555,2026-07-27,2026-02-27,展示广告,,DESKTOP,,0,10,0.0,87.7,query_device,2026-07-27 13:03:47
164556,2026-07-27,2026-02-27,广告网络,,DESKTOP,,0,7,0.0,87.57142857142857,query_device,2026-07-27 13:03:47
164557,2026-07-27,2026-02-27,广告费用,,MOBILE,,0,1,0.0,74.0,query_device,2026-07-27 13:03:47
164558,2026-07-27,2026-02-27,廣告平台,,DESKTOP,,0,1,0.0,76.0,query_device,2026-07-27 13:03:47
164559,2026-07-27,2026-02-27,廣告格式,,DESKTOP,,0,1,0.0,67.0,query_device,2026-07-27 13:03:47
164560,2026-07-27,2026-02-27,廣告聯盟,,DESKTOP,,0,1,0.0,62.0,query_device,2026-07-27 13:03:47
164561,2026-07-27,2026-02-27,必应推广的优缺点,,DESKTOP,,0,1,0.0,11.0,query_device,2026-07-27 13:03:47
164562,2026-07-27,2026-02-27,必应搜索引擎 外链推广,,DESKTOP,,0,29,0.0,10.03448275862069,query_device,2026-07-27 13:03:47
164563,2026-07-27,2026-02-27,探索式資料分析,,DESKTOP,,0,3,0.0,61.333333333333336,query_device,2026-07-27 13:03:47
164564,2026-07-27,2026-02-27,探索式資料分析,,MOBILE,,0,2,0.0,64.0,query_device,2026-07-27 13:03:47
164565,2026-07-27,2026-02-27,推特怎么发语音,,DESKTOP,,0,1,0.0,11.0,query_device,2026-07-27 13:03:47
164566,2026-07-27,2026-02-27,提高 ppc 性能,,DESKTOP,,0,7,0.0,20.285714285714285,query_device,2026-07-27 13:03:47
164567,2026-07-27,2026-02-27,提高 ppc 性能,,MOBILE,,0,6,0.0,18.166666666666668,query_device,2026-07-27 13:03:47
164568,2026-07-27,2026-02-27,搜索广告,,DESKTOP,,0,1,0.0,11.0,query_device,2026-07-27 13:03:47
164569,2026-07-27,2026-02-27,搜索引擎营销 sem 最佳实践,,DESKTOP,,0,2,0.0,4.5,query_device,2026-07-27 13:03:47
164570,2026-07-27,2026-02-27,搜索引擎营销 sem 的实施步骤,,DESKTOP,,0,24,0.0,7.791666666666667,query_device,2026-07-27 13:03:47
164571,2026-07-27,2026-02-27,搜索引擎营销sem最佳实践,,DESKTOP,,0,1,0.0,5.0,query_device,2026-07-27 13:03:47
164572,2026-07-27,2026-02-27,搜索引擎营销sem的实施步骤,,DESKTOP,,0,73,0.0,7.794520547945205,query_device,2026-07-27 13:03:47
164573,2026-07-27,2026-02-27,文字廣告,,DESKTOP,,0,2,0.0,79.5,query_device,2026-07-27 13:03:47
164574,2026-07-27,2026-02-27,未迟,,DESKTOP,,0,8,0.0,2.625,query_device,2026-07-27 13:03:47
164575,2026-07-27,2026-02-27,未迟,,MOBILE,,0,1,0.0,10.0,query_device,2026-07-27 13:03:47
164576,2026-07-27,2026-02-27,李 克 特 量 表,,DESKTOP,,0,1,0.0,72.0,query_device,2026-07-27 13:03:47
164577,2026-07-27,2026-02-27,李克特量表,,DESKTOP,,0,6,0.0,53.333333333333336,query_device,2026-07-27 13:03:47
164578,2026-07-27,2026-02-27,李克特量表excel,,MOBILE,,0,1,0.0,17.0,query_device,2026-07-27 13:03:47
164579,2026-07-27,2026-02-27,桑基图excel,,DESKTOP,,0,1,0.0,14.0,query_device,2026-07-27 13:03:47
164580,2026-07-27,2026-02-27,桑基图生成器,,MOBILE,,0,1,0.0,36.0,query_device,2026-07-27 13:03:47
164581,2026-07-27,2026-02-27,桑基圖excel,,DESKTOP,,0,1,0.0,9.0,query_device,2026-07-27 13:03:47
164582,2026-07-27,2026-02-27,比較圖表,,DESKTOP,,0,5,0.0,85.2,query_device,2026-07-27 13:03:47
164583,2026-07-27,2026-02-27,比較圖製作,,DESKTOP,,0,3,0.0,69.66666666666667,query_device,2026-07-27 13:03:47
164584,2026-07-27,2026-02-27,比較圖製作,,MOBILE,,0,4,0.0,71.0,query_device,2026-07-27 13:03:47
164585,2026-07-27,2026-02-27,江苏未迟数字技术有限公司,,DESKTOP,,0,11,0.0,3.0,query_device,2026-07-27 13:03:47
164586,2026-07-27,2026-02-27,海外 社 媒 运营,,DESKTOP,,0,1,0.0,66.0,query_device,2026-07-27 13:03:47
164587,2026-07-27,2026-02-27,海外推广渠道的优缺点,,DESKTOP,,0,17,0.0,6.411764705882353,query_device,2026-07-27 13:03:47
164588,2026-07-27,2026-02-27,海外数字营销,,DESKTOP,,0,1,0.0,50.0,query_device,2026-07-27 13:03:47
164589,2026-07-27,2026-02-27,海外数字营销平台的定义和特点,,DESKTOP,,0,1,0.0,7.0,query_device,2026-07-27 13:03:47
164590,2026-07-27,2026-02-27,独立站,,DESKTOP,,0,14,0.0,82.5,query_device,2026-07-27 13:03:47
164591,2026-07-27,2026-02-27,独立站,,MOBILE,,0,5,0.0,71.8,query_device,2026-07-27 13:03:47
164592,2026-07-27,2026-02-27,独立站是什么,,DESKTOP,,0,1,0.0,46.0,query_device,2026-07-27 13:03:47
164593,2026-07-27,2026-02-27,獨立 站,,DESKTOP,,0,1,0.0,62.0,query_device,2026-07-27 13:03:47
164594,2026-07-27,2026-02-27,矩陣圖,,DESKTOP,,0,7,0.0,74.57142857142857,query_device,2026-07-27 13:03:47
164595,2026-07-27,2026-02-27,矩陣圖,,MOBILE,,0,3,0.0,75.0,query_device,2026-07-27 13:03:47
164596,2026-07-27,2026-02-27,竞价词,,DESKTOP,,0,1,0.0,40.0,query_device,2026-07-27 13:03:47
164597,2026-07-27,2026-02-27,自适应展示广告具有哪些特点？,,DESKTOP,,0,1,0.0,41.0,query_device,2026-07-27 13:03:47
164598,2026-07-27,2026-02-27,谷歌 竞价,,DESKTOP,,0,1,0.0,65.0,query_device,2026-07-27 13:03:47
164599,2026-07-27,2026-02-27,谷歌 竞价 开户,,DESKTOP,,0,1,0.0,17.0,query_device,2026-07-27 13:03:47
164600,2026-07-27,2026-02-27,谷歌app广告,,DESKTOP,,0,1,0.0,79.0,query_device,2026-07-27 13:03:47
164601,2026-07-27,2026-02-27,谷歌app广告,,MOBILE,,0,1,0.0,97.0,query_device,2026-07-27 13:03:47
164602,2026-07-27,2026-02-27,谷歌mcc,,DESKTOP,,0,2,0.0,53.5,query_device,2026-07-27 13:03:47
164603,2026-07-27,2026-02-27,谷歌ppc优化,,DESKTOP,,0,1,0.0,39.0,query_device,2026-07-27 13:03:47
164604,2026-07-27,2026-02-27,谷歌sem,,DESKTOP,,0,1,0.0,80.0,query_device,2026-07-27 13:03:47
164605,2026-07-27,2026-02-27,谷歌sem,,MOBILE,,0,1,0.0,78.0,query_device,2026-07-27 13:03:47
164606,2026-07-27,2026-02-27,谷歌发现广告,,DESKTOP,,0,1,0.0,49.0,query_device,2026-07-27 13:03:47
164607,2026-07-27,2026-02-27,谷歌品牌词有哪些,,DESKTOP,,0,20,0.0,9.35,query_device,2026-07-27 13:03:47
164608,2026-07-27,2026-02-27,谷歌展示广告,,DESKTOP,,0,3,0.0,80.66666666666667,query_device,2026-07-27 13:03:47
164609,2026-07-27,2026-02-27,谷歌广告mcc,,DESKTOP,,0,1,0.0,50.0,query_device,2026-07-27 13:03:47
164610,2026-07-27,2026-02-27,谷歌广告不出现,,DESKTOP,,0,4,0.0,63.0,query_device,2026-07-27 13:03:47
164611,2026-07-27,2026-02-27,谷歌广告不出现,,MOBILE,,0,4,0.0,59.75,query_device,2026-07-27 13:03:47
164612,2026-07-27,2026-02-27,谷歌广告关键词,,DESKTOP,,0,1,0.0,120.0,query_device,2026-07-27 13:03:47
164613,2026-07-27,2026-02-27,谷歌广告合作伙伴,,DESKTOP,,0,1,0.0,43.0,query_device,2026-07-27 13:03:47
164614,2026-07-27,2026-02-27,谷歌广告图片尺寸,,DESKTOP,,0,1,0.0,44.0,query_device,2026-07-27 13:03:47
164615,2026-07-27,2026-02-27,谷歌广告拒登,,DESKTOP,,0,3,0.0,65.66666666666667,query_device,2026-07-27 13:03:47
164616,2026-07-27,2026-02-27,谷歌广告拒登,,MOBILE,,0,1,0.0,79.0,query_device,2026-07-27 13:03:47
164617,2026-07-27,2026-02-27,谷歌广告编辑器,,DESKTOP,,0,1,0.0,50.0,query_device,2026-07-27 13:03:47
164618,2026-07-27,2026-02-27,谷歌惩罚措施,,DESKTOP,,0,79,0.0,5.531645569620253,query_device,2026-07-27 13:03:47
164619,2026-07-27,2026-02-27,谷歌惩罚的定义,,DESKTOP,,0,32,0.0,5.84375,query_device,2026-07-27 13:03:47
164620,2026-07-27,2026-02-27,谷歌惩罚策略,,DESKTOP,,0,49,0.0,6.714285714285714,query_device,2026-07-27 13:03:47
164621,2026-07-27,2026-02-27,谷歌搜索广告,,DESKTOP,,0,2,0.0,92.0,query_device,2026-07-27 13:03:47
164622,2026-07-27,2026-02-27,谷歌搜索广告,,MOBILE,,0,3,0.0,89.66666666666667,query_device,2026-07-27 13:03:47
164623,2026-07-27,2026-02-27,谷歌搜索广告流量 2022,,DESKTOP,,0,1,0.0,10.0,query_device,2026-07-27 13:03:47
164624,2026-07-27,2026-02-27,谷歌标签管理器,,DESKTOP,,0,1,0.0,37.0,query_device,2026-07-27 13:03:47
164625,2026-07-27,2026-02-27,谷歌竞价,,DESKTOP,,0,2,0.0,62.5,query_device,2026-07-27 13:03:47
164626,2026-07-27,2026-02-27,谷歌竞价开户,,DESKTOP,,0,2,0.0,23.0,query_device,2026-07-27 13:03:47
164627,2026-07-27,2026-02-27,谷歌经理账号,,DESKTOP,,0,1,0.0,41.0,query_device,2026-07-27 13:03:47
164628,2026-07-27,2026-02-27,谷歌经理账户,,DESKTOP,,0,1,0.0,47.0,query_device,2026-07-27 13:03:47
164629,2026-07-27,2026-02-27,谷歌网站管理员指南 人工操作处罚,,DESKTOP,,0,3,0.0,9.666666666666666,query_device,2026-07-27 13:03:47
164630,2026-07-27,2026-02-27,谷歌购物广告,,DESKTOP,,0,2,0.0,93.5,query_device,2026-07-27 13:03:47
164631,2026-07-27,2026-02-27,谷歌购物广告,,MOBILE,,0,1,0.0,93.0,query_device,2026-07-27 13:03:47
164632,2026-07-27,2026-02-27,谷歌购物广告如何出价,,DESKTOP,,0,2,0.0,31.5,query_device,2026-07-27 13:03:47
164633,2026-07-27,2026-02-27,谷歌购物广告如何出价,,MOBILE,,0,1,0.0,27.0,query_device,2026-07-27 13:03:47
164634,2026-07-27,2026-02-27,買關鍵字,,DESKTOP,,0,10,0.0,49.8,query_device,2026-07-27 13:03:47
164635,2026-07-27,2026-02-27,買關鍵字,,MOBILE,,0,9,0.0,67.22222222222223,query_device,2026-07-27 13:03:47
164636,2026-07-27,2026-02-27,购物广告出价方式,,DESKTOP,,0,1,0.0,26.0,query_device,2026-07-27 13:03:47
164637,2026-07-27,2026-02-27,轉換率公式,,DESKTOP,,0,4,0.0,70.25,query_device,2026-07-27 13:03:47
164638,2026-07-27,2026-02-27,轉換率怎麼算,,DESKTOP,,0,1,0.0,127.0,query_device,2026-07-27 13:03:47
164639,2026-07-27,2026-02-27,轉換率算法,,DESKTOP,,0,2,0.0,82.5,query_device,2026-07-27 13:03:47
164640,2026-07-27,2026-02-27,转化率怎么计算,,DESKTOP,,0,1,0.0,39.0,query_device,2026-07-27 13:03:47
164641,2026-07-27,2026-02-27,關鍵 字 廣告,,DESKTOP,,0,2,0.0,67.0,query_device,2026-07-27 13:03:47
164642,2026-07-27,2026-02-27,關鍵 字 廣告 公司,,DESKTOP,,0,1,0.0,57.0,query_device,2026-07-27 13:03:47
164643,2026-07-27,2026-02-27,關鍵字廣告,,DESKTOP,,0,32,0.0,72.4375,query_device,2026-07-27 13:03:47
164644,2026-07-27,2026-02-27,關鍵字廣告,,MOBILE,,0,12,0.0,75.66666666666667,query_device,2026-07-27 13:03:47
164645,2026-07-27,2026-02-27,關鍵字廣告公司,,DESKTOP,,0,20,0.0,56.4,query_device,2026-07-27 13:03:47
164646,2026-07-27,2026-02-27,關鍵字廣告公司,,MOBILE,,0,7,0.0,68.85714285714286,query_device,2026-07-27 13:03:47
164647,2026-07-27,2026-02-27,關鍵字廣告策略,,DESKTOP,,0,1,0.0,70.0,query_device,2026-07-27 13:03:47
164648,2026-07-27,2026-02-27,關鍵字廣告策略,,MOBILE,,0,1,0.0,97.0,query_device,2026-07-27 13:03:47
164649,2026-07-27,2026-02-27,需求方平台,,DESKTOP,,0,5,0.0,69.6,query_device,2026-07-27 13:03:47
164650,2026-07-27,2026-02-27,领英代运营,,DESKTOP,,0,1,0.0,28.0,query_device,2026-07-27 13:03:47
164651,2026-07-27,2026-02-27,领英推广,,DESKTOP,,0,3,0.0,71.33333333333333,query_device,2026-07-27 13:03:47
164652,2026-07-27,2026-02-27,领英推广,,MOBILE,,0,1,0.0,72.0,query_device,2026-07-27 13:03:47
164653,2026-07-27,2026-02-27,點擊收費,,DESKTOP,,0,10,0.0,73.6,query_device,2026-07-27 13:03:47
164654,2026-07-27,2026-02-27,點擊率,,DESKTOP,,0,1,0.0,81.0,query_device,2026-07-27 13:03:47
159937,2026-07-27,2026-01-28,advich group limited,,DESKTOP,,7,24,0.2916666666666667,2.333333333333333,query_device,2026-07-27 13:03:33
159938,2026-07-27,2026-01-28,advich,,DESKTOP,,2,9,0.2222222222222222,5.0,query_device,2026-07-27 13:03:33
159939,2026-07-27,2026-01-28,advich,,MOBILE,,1,24,0.041666666666666664,6.458333333333333,query_device,2026-07-27 13:03:33
159940,2026-07-27,2026-01-28,advich group limited,,MOBILE,,1,4,0.25,3.5,query_device,2026-07-27 13:03:33
159941,2026-07-27,2026-01-28,advich group limited,,TABLET,,0,1,0.0,4.0,query_device,2026-07-27 13:03:33
159942,2026-07-27,2026-01-28,android x 4k,,MOBILE,,0,1,0.0,8.0,query_device,2026-07-27 13:03:33
159943,2026-07-27,2026-01-28,cpm 是 什么,,DESKTOP,,0,2,0.0,75.5,query_device,2026-07-27 13:03:33
159944,2026-07-27,2026-01-28,cpm 是 什么 意思,,DESKTOP,,0,2,0.0,75.0,query_device,2026-07-27 13:03:33
159945,2026-07-27,2026-01-28,cpm是什么,,DESKTOP,,0,1,0.0,74.0,query_device,2026-07-27 13:03:33
159946,2026-07-27,2026-01-28,cpm是什么意思,,DESKTOP,,0,1,0.0,66.0,query_device,2026-07-27 13:03:33
159947,2026-07-27,2026-01-28,ctr 意思,,DESKTOP,,0,1,0.0,89.0,query_device,2026-07-27 13:03:33
159948,2026-07-27,2026-01-28,ctr 意思,,MOBILE,,0,1,0.0,92.0,query_device,2026-07-27 13:03:33
159949,2026-07-27,2026-01-28,ctr 是 什么,,DESKTOP,,0,1,0.0,80.0,query_device,2026-07-27 13:03:33
159950,2026-07-27,2026-01-28,ctr 是 什么 意思,,DESKTOP,,0,1,0.0,65.0,query_device,2026-07-27 13:03:33
159951,2026-07-27,2026-01-28,ctr是什么,,DESKTOP,,0,1,0.0,90.0,query_device,2026-07-27 13:03:33
159952,2026-07-27,2026-01-28,ctr是什么意思,,DESKTOP,,0,1,0.0,75.0,query_device,2026-07-27 13:03:33
159953,2026-07-27,2026-01-28,dsp/需求方平台,,DESKTOP,,0,1,0.0,64.0,query_device,2026-07-27 13:03:33
159954,2026-07-27,2026-01-28,dsp/需求方平台,,MOBILE,,0,3,0.0,59.0,query_device,2026-07-27 13:03:33
159955,2026-07-27,2026-01-28,excel 桑基图,,DESKTOP,,0,1,0.0,25.0,query_device,2026-07-27 13:03:33
159956,2026-07-27,2026-01-28,googe 推荐搜索广告数量,,DESKTOP,,0,13,0.0,16.53846153846154,query_device,2026-07-27 13:03:33
159957,2026-07-27,2026-01-28,google ads certification,,DESKTOP,,0,1,0.0,98.0,query_device,2026-07-27 13:03:33
159958,2026-07-27,2026-01-28,google ads editor,,DESKTOP,,0,4,0.0,66.5,query_device,2026-07-27 13:03:33
159959,2026-07-27,2026-01-28,google ads editor,,MOBILE,,0,3,0.0,37.333333333333336,query_device,2026-07-27 13:03:33
159960,2026-07-27,2026-01-28,google adweb,,DESKTOP,,0,1,0.0,97.0,query_device,2026-07-27 13:03:33
159961,2026-07-27,2026-01-28,google app广告,,DESKTOP,,0,2,0.0,60.5,query_device,2026-07-27 13:03:33
159962,2026-07-27,2026-01-28,google app广告,,MOBILE,,0,1,0.0,64.0,query_device,2026-07-27 13:03:33
159963,2026-07-27,2026-01-28,google mcc,,DESKTOP,,0,2,0.0,85.0,query_device,2026-07-27 13:03:33
159964,2026-07-27,2026-01-28,google sem,,DESKTOP,,0,11,0.0,72.0,query_device,2026-07-27 13:03:33
159965,2026-07-27,2026-01-28,google sem,,MOBILE,,0,5,0.0,89.0,query_device,2026-07-27 13:03:33
159966,2026-07-27,2026-01-28,google seo and sem,,DESKTOP,,0,1,0.0,79.0,query_device,2026-07-27 13:03:33
159967,2026-07-27,2026-01-28,google sheets sankey,,DESKTOP,,0,1,0.0,91.0,query_device,2026-07-27 13:03:33
159968,2026-07-27,2026-01-28,google sheets sankey diagram,,DESKTOP,,0,2,0.0,89.0,query_device,2026-07-27 13:03:33
159969,2026-07-27,2026-01-28,google tag manager,,DESKTOP,,0,1,0.0,85.0,query_device,2026-07-27 13:03:33
159970,2026-07-27,2026-01-28,google tag manager gtm,,DESKTOP,,0,1,0.0,99.0,query_device,2026-07-27 13:03:33
159971,2026-07-27,2026-01-28,google tag manager tag,,DESKTOP,,0,1,0.0,38.0,query_device,2026-07-27 13:03:33
159972,2026-07-27,2026-01-28,google 再營銷,,DESKTOP,,0,6,0.0,56.333333333333336,query_device,2026-07-27 13:03:33
159973,2026-07-27,2026-01-28,google 再營銷,,MOBILE,,0,3,0.0,65.0,query_device,2026-07-27 13:03:33
159974,2026-07-27,2026-01-28,google 表單 分析,,DESKTOP,,0,5,0.0,93.6,query_device,2026-07-27 13:03:33
159975,2026-07-27,2026-01-28,google 關鍵字廣告,,DESKTOP,,0,4,0.0,88.5,query_device,2026-07-27 13:03:33
159976,2026-07-27,2026-01-28,google 關鍵字廣告,,MOBILE,,0,4,0.0,99.5,query_device,2026-07-27 13:03:33
159977,2026-07-27,2026-01-28,google展示广告,,DESKTOP,,0,2,0.0,67.5,query_device,2026-07-27 13:03:33
159978,2026-07-27,2026-01-28,google展示广告,,MOBILE,,0,1,0.0,66.0,query_device,2026-07-27 13:03:33
159979,2026-07-27,2026-01-28,google广告拒登,,DESKTOP,,0,1,0.0,88.0,query_device,2026-07-27 13:03:33
159980,2026-07-27,2026-01-28,google广告拒登,,MOBILE,,0,3,0.0,79.33333333333333,query_device,2026-07-27 13:03:33
159981,2026-07-27,2026-01-28,gtm google tag manager,,DESKTOP,,0,1,0.0,95.0,query_device,2026-07-27 13:03:33
159982,2026-07-27,2026-01-28,gtm 是 什麼,,DESKTOP,,0,2,0.0,100.0,query_device,2026-07-27 13:03:33
159983,2026-07-27,2026-01-28,gtm是什麼,,DESKTOP,,0,2,0.0,92.0,query_device,2026-07-27 13:03:33
159984,2026-07-27,2026-01-28,how to create a pareto chart in google sheets,,DESKTOP,,0,2,0.0,7.5,query_device,2026-07-27 13:03:33
159985,2026-07-27,2026-01-28,how to make a pareto chart in google sheets,,DESKTOP,,0,1,0.0,85.0,query_device,2026-07-27 13:03:33
159986,2026-07-27,2026-01-28,keywordshitter.com 2,,MOBILE,,0,1,0.0,97.0,query_device,2026-07-27 13:03:33
159987,2026-07-27,2026-01-28,likert量表,,DESKTOP,,0,8,0.0,83.75,query_device,2026-07-27 13:03:33
159988,2026-07-27,2026-01-28,mql 与 sql 区别,,DESKTOP,,0,1,0.0,21.0,query_device,2026-07-27 13:03:33
159989,2026-07-27,2026-01-28,pareto chart google sheets,,DESKTOP,,0,1,0.0,3.0,query_device,2026-07-27 13:03:33
159990,2026-07-27,2026-01-28,pareto chart on google sheets,,DESKTOP,,0,1,0.0,48.0,query_device,2026-07-27 13:03:33
159991,2026-07-27,2026-01-28,roas和roi的区别,,DESKTOP,,0,1,0.0,100.0,query_device,2026-07-27 13:03:33
159992,2026-07-27,2026-01-28,sa360,,DESKTOP,,0,4,0.0,88.0,query_device,2026-07-27 13:03:33
159993,2026-07-27,2026-01-28,sankey chart google sheets,,DESKTOP,,0,2,0.0,89.0,query_device,2026-07-27 13:03:33
159994,2026-07-27,2026-01-28,sankey chart in google sheets,,DESKTOP,,0,1,0.0,53.0,query_device,2026-07-27 13:03:33
159995,2026-07-27,2026-01-28,sem google,,DESKTOP,,0,2,0.0,83.5,query_device,2026-07-27 13:03:33
159996,2026-07-27,2026-01-28,seo数据可视化,,DESKTOP,,0,1,0.0,44.0,query_device,2026-07-27 13:03:33
159997,2026-07-27,2026-01-28,site:advich.com,,DESKTOP,,0,17,0.0,8.058823529411764,query_device,2026-07-27 13:03:33
159998,2026-07-27,2026-01-28,ssp 是 什麼,,DESKTOP,,0,1,0.0,49.0,query_device,2026-07-27 13:03:33
159999,2026-07-27,2026-01-28,ssp/供應方平台,,DESKTOP,,0,2,0.0,62.5,query_device,2026-07-27 13:03:33
160000,2026-07-27,2026-01-28,ssp是什麼,,DESKTOP,,0,2,0.0,59.0,query_device,2026-07-27 13:03:33
160001,2026-07-27,2026-01-28,sunburst chart excel,,DESKTOP,,0,1,0.0,7.0,query_device,2026-07-27 13:03:33
160002,2026-07-27,2026-01-28,tiktok广告代理,,DESKTOP,,0,1,0.0,40.0,query_device,2026-07-27 13:03:33
160003,2026-07-27,2026-01-28,youtube lead form ads,,DESKTOP,,0,1,0.0,61.0,query_device,2026-07-27 13:03:33
160004,2026-07-27,2026-01-28,youtube付费推广,,DESKTOP,,0,2,0.0,82.0,query_device,2026-07-27 13:03:33
160005,2026-07-27,2026-01-28,youtube付费推广,,MOBILE,,0,1,0.0,83.0,query_device,2026-07-27 13:03:33
160006,2026-07-27,2026-01-28,付费广告,,MOBILE,,0,5,0.0,87.6,query_device,2026-07-27 13:03:33
160007,2026-07-27,2026-01-28,关键词&营销效果监控,,DESKTOP,,0,3,0.0,52.333333333333336,query_device,2026-07-27 13:03:33
160008,2026-07-27,2026-01-28,再營銷,,DESKTOP,,0,4,0.0,54.5,query_device,2026-07-27 13:03:33
160009,2026-07-27,2026-01-28,再营销,,DESKTOP,,0,1,0.0,37.0,query_device,2026-07-27 13:03:33
160010,2026-07-27,2026-01-28,再营销,,MOBILE,,0,1,0.0,94.0,query_device,2026-07-27 13:03:33
160011,2026-07-27,2026-01-28,再营销广告,,DESKTOP,,0,2,0.0,66.5,query_device,2026-07-27 13:03:33
160012,2026-07-27,2026-01-28,再营销广告,,MOBILE,,0,2,0.0,88.5,query_device,2026-07-27 13:03:33
160013,2026-07-27,2026-01-28,卖货技巧,,DESKTOP,,0,1,0.0,30.0,query_device,2026-07-27 13:03:33
160014,2026-07-27,2026-01-28,即時競價/實時競價,,DESKTOP,,0,1,0.0,80.0,query_device,2026-07-27 13:03:33
160015,2026-07-27,2026-01-28,外贸独立站搭建,,DESKTOP,,0,1,0.0,127.0,query_device,2026-07-27 13:03:33
160016,2026-07-27,2026-01-28,如何在instagram发帖,,DESKTOP,,0,1,0.0,20.0,query_device,2026-07-27 13:03:33
160017,2026-07-27,2026-01-28,如何选择合适的关键词密度来改善搜索引擎排名？,,DESKTOP,,0,2,0.0,88.5,query_device,2026-07-27 13:03:33
160018,2026-07-27,2026-01-28,实时竞价,,DESKTOP,,0,2,0.0,97.0,query_device,2026-07-27 13:03:33
160019,2026-07-27,2026-01-28,广告ctr,,DESKTOP,,0,1,0.0,40.0,query_device,2026-07-27 13:03:33
160020,2026-07-27,2026-01-28,廣告展示位置,,DESKTOP,,0,1,0.0,39.0,query_device,2026-07-27 13:03:33
160021,2026-07-27,2026-01-28,廣告平台,,DESKTOP,,0,1,0.0,95.0,query_device,2026-07-27 13:03:33
160022,2026-07-27,2026-01-28,必应广告,,DESKTOP,,0,1,0.0,80.0,query_device,2026-07-27 13:03:33
160023,2026-07-27,2026-01-28,拉动式营销策略具体有哪些,,DESKTOP,,0,2,0.0,4.0,query_device,2026-07-27 13:03:33
160024,2026-07-27,2026-01-28,推拉策略,,DESKTOP,,0,1,0.0,35.0,query_device,2026-07-27 13:03:33
160025,2026-07-27,2026-01-28,推特怎么发语音,,MOBILE,,0,2,0.0,13.0,query_device,2026-07-27 13:03:33
160026,2026-07-27,2026-01-28,提高 ppc 性能,,DESKTOP,,0,24,0.0,9.041666666666666,query_device,2026-07-27 13:03:33
160027,2026-07-27,2026-01-28,提高 ppc 性能,,MOBILE,,0,37,0.0,16.756756756756758,query_device,2026-07-27 13:03:33
160028,2026-07-27,2026-01-28,数字化营销,,DESKTOP,,0,1,0.0,92.0,query_device,2026-07-27 13:03:33
160029,2026-07-27,2026-01-28,最佳加密货币信号,,MOBILE,,0,1,0.0,66.0,query_device,2026-07-27 13:03:33
160030,2026-07-27,2026-01-28,未迟,,DESKTOP,,0,3,0.0,4.666666666666666,query_device,2026-07-27 13:03:33
160031,2026-07-27,2026-01-28,未迟,,MOBILE,,0,6,0.0,3.1666666666666665,query_device,2026-07-27 13:03:33
160032,2026-07-27,2026-01-28,李 克 特 量 表,,DESKTOP,,0,1,0.0,90.0,query_device,2026-07-27 13:03:33
160033,2026-07-27,2026-01-28,李克特五级量表,,DESKTOP,,0,1,0.0,43.0,query_device,2026-07-27 13:03:33
160034,2026-07-27,2026-01-28,李克特量表excel,,TABLET,,0,1,0.0,16.0,query_device,2026-07-27 13:03:33
160035,2026-07-27,2026-01-28,标签云在搜索引擎中有什么应用？,,DESKTOP,,0,1,0.0,85.0,query_device,2026-07-27 13:03:33
160036,2026-07-27,2026-01-28,比較圖表,,DESKTOP,,0,2,0.0,95.5,query_device,2026-07-27 13:03:33
160037,2026-07-27,2026-01-28,江苏未迟数字技术有限公司,,DESKTOP,,0,6,0.0,5.333333333333333,query_device,2026-07-27 13:03:33
160038,2026-07-27,2026-01-28,点击 率,,DESKTOP,,0,1,0.0,80.0,query_device,2026-07-27 13:03:33
160039,2026-07-27,2026-01-28,独立站,,DESKTOP,,0,6,0.0,93.16666666666667,query_device,2026-07-27 13:03:33
160040,2026-07-27,2026-01-28,独立站,,MOBILE,,0,2,0.0,79.0,query_device,2026-07-27 13:03:33
160041,2026-07-27,2026-01-28,矩陣 圖,,DESKTOP,,0,1,0.0,100.0,query_device,2026-07-27 13:03:33
160042,2026-07-27,2026-01-28,矩陣圖,,DESKTOP,,0,2,0.0,92.0,query_device,2026-07-27 13:03:33
160043,2026-07-27,2026-01-28,矩陣圖,,MOBILE,,0,1,0.0,94.0,query_device,2026-07-27 13:03:33
160044,2026-07-27,2026-01-28,短标题,,DESKTOP,,0,1,0.0,46.0,query_device,2026-07-27 13:03:33
160045,2026-07-27,2026-01-28,竞价分析,,DESKTOP,,0,1,0.0,50.0,query_device,2026-07-27 13:03:33
160046,2026-07-27,2026-01-28,谷歌 adwords 与 seo,,DESKTOP,,0,1,0.0,10.0,query_device,2026-07-27 13:03:33
160047,2026-07-27,2026-01-28,谷歌sem,,DESKTOP,,0,1,0.0,91.0,query_device,2026-07-27 13:03:33
160048,2026-07-27,2026-01-28,谷歌广告不出现,,DESKTOP,,0,2,0.0,74.0,query_device,2026-07-27 13:03:33
160049,2026-07-27,2026-01-28,谷歌广告拒登,,DESKTOP,,0,3,0.0,68.33333333333333,query_device,2026-07-27 13:03:33
160050,2026-07-27,2026-01-28,谷歌广告拒登,,MOBILE,,0,1,0.0,63.0,query_device,2026-07-27 13:03:33
160051,2026-07-27,2026-01-28,谷歌竞价开户,,DESKTOP,,0,2,0.0,16.5,query_device,2026-07-27 13:03:33
160052,2026-07-27,2026-01-28,谷歌购物广告如何出价,,DESKTOP,,0,1,0.0,17.0,query_device,2026-07-27 13:03:33
160053,2026-07-27,2026-01-28,轉換率公式,,DESKTOP,,0,2,0.0,97.0,query_device,2026-07-27 13:03:33
160054,2026-07-27,2026-01-28,轉換率公式,,MOBILE,,0,1,0.0,99.0,query_device,2026-07-27 13:03:33
160055,2026-07-27,2026-01-28,轉換率計算,,DESKTOP,,0,1,0.0,99.0,query_device,2026-07-27 13:03:33
160056,2026-07-27,2026-01-28,轉換率計算,,MOBILE,,0,2,0.0,77.5,query_device,2026-07-27 13:03:33
160057,2026-07-27,2026-01-28,转换成本,,DESKTOP,,0,1,0.0,20.0,query_device,2026-07-27 13:03:33
160058,2026-07-27,2026-01-28,这个是什么网站,,DESKTOP,,0,1,0.0,17.0,query_device,2026-07-27 13:03:33
160059,2026-07-27,2026-01-28,领英推广,,DESKTOP,,0,1,0.0,64.0,query_device,2026-07-27 13:03:33
160060,2026-07-27,2026-01-28,點擊 率,,DESKTOP,,0,1,0.0,82.0,query_device,2026-07-27 13:03:33
160061,2026-07-27,2026-01-28,點擊收費,,DESKTOP,,0,2,0.0,91.0,query_device,2026-07-27 13:03:33
155276,2026-07-27,2025-12-29,advich group limited,,DESKTOP,,11,28,0.39285714285714285,2.4642857142857144,query_device,2026-07-27 13:03:20
155277,2026-07-27,2025-12-29,advich,,DESKTOP,,5,18,0.2777777777777778,6.277777777777778,query_device,2026-07-27 13:03:20
155278,2026-07-27,2025-12-29,江苏未迟数字技术有限公司,,MOBILE,,5,6,0.8333333333333334,2.5,query_device,2026-07-27 13:03:20
155279,2026-07-27,2025-12-29,江苏未迟数字技术有限公司,,DESKTOP,,3,25,0.12,6.36,query_device,2026-07-27 13:03:20
155280,2026-07-27,2025-12-29,advich group limited,,MOBILE,,1,2,0.5,3.0,query_device,2026-07-27 13:03:20
155281,2026-07-27,2025-12-29,未迟,,DESKTOP,,1,10,0.1,3.5,query_device,2026-07-27 13:03:20
155282,2026-07-27,2025-12-29,3 axis graph excel,,DESKTOP,,0,1,0.0,58.0,query_device,2026-07-27 13:03:20
155283,2026-07-27,2025-12-29,advich,,MOBILE,,0,19,0.0,4.631578947368421,query_device,2026-07-27 13:03:20
155284,2026-07-27,2025-12-29,clickshare google ads,,DESKTOP,,0,1,0.0,5.0,query_device,2026-07-27 13:03:20
155285,2026-07-27,2025-12-29,cpm 廣告,,DESKTOP,,0,1,0.0,85.0,query_device,2026-07-27 13:03:20
155286,2026-07-27,2025-12-29,cpm 是 什么,,DESKTOP,,0,3,0.0,81.66666666666667,query_device,2026-07-27 13:03:20
155287,2026-07-27,2025-12-29,cpm 是 什么 意思,,DESKTOP,,0,2,0.0,67.5,query_device,2026-07-27 13:03:20
155288,2026-07-27,2025-12-29,cpm是什么,,DESKTOP,,0,3,0.0,67.66666666666667,query_device,2026-07-27 13:03:20
155289,2026-07-27,2025-12-29,cpm是什么意思,,DESKTOP,,0,2,0.0,63.0,query_device,2026-07-27 13:03:20
155290,2026-07-27,2025-12-29,ctr 是 什么,,DESKTOP,,0,1,0.0,89.0,query_device,2026-07-27 13:03:20
155291,2026-07-27,2025-12-29,ctr是什么,,DESKTOP,,0,1,0.0,87.0,query_device,2026-07-27 13:03:20
155292,2026-07-27,2025-12-29,ctr是什么意思,,DESKTOP,,0,1,0.0,67.0,query_device,2026-07-27 13:03:20
155293,2026-07-27,2025-12-29,destination mismatch google ads,,DESKTOP,,0,15,0.0,37.13333333333333,query_device,2026-07-27 13:03:20
155294,2026-07-27,2025-12-29,excel 3軸,,DESKTOP,,0,1,0.0,11.0,query_device,2026-07-27 13:03:20
155295,2026-07-27,2025-12-29,excel 第三軸,,DESKTOP,,0,3,0.0,23.666666666666668,query_device,2026-07-27 13:03:20
155296,2026-07-27,2025-12-29,gdn 廣告 範例,,DESKTOP,,0,1,0.0,64.0,query_device,2026-07-27 13:03:20
155297,2026-07-27,2025-12-29,google ads destination mismatch,,DESKTOP,,0,1,0.0,42.0,query_device,2026-07-27 13:03:20
155298,2026-07-27,2025-12-29,google ads editor,,DESKTOP,,0,2,0.0,54.5,query_device,2026-07-27 13:03:20
155299,2026-07-27,2025-12-29,google ads 搜尋廣告認證,,DESKTOP,,0,1,0.0,77.0,query_device,2026-07-27 13:03:20
155300,2026-07-27,2025-12-29,google ads 認證,,DESKTOP,,0,1,0.0,54.0,query_device,2026-07-27 13:03:20
155301,2026-07-27,2025-12-29,google adwords express,,DESKTOP,,0,1,0.0,6.0,query_device,2026-07-27 13:03:20
155302,2026-07-27,2025-12-29,google adwords seo,,DESKTOP,,0,4,0.0,38.0,query_device,2026-07-27 13:03:20
155303,2026-07-27,2025-12-29,google editor,,DESKTOP,,0,2,0.0,85.5,query_device,2026-07-27 13:03:20
155304,2026-07-27,2025-12-29,google sheets pareto chart,,DESKTOP,,0,1,0.0,100.0,query_device,2026-07-27 13:03:20
155305,2026-07-27,2025-12-29,google sheets sankey,,DESKTOP,,0,1,0.0,100.0,query_device,2026-07-27 13:03:20
155306,2026-07-27,2025-12-29,google tag management,,DESKTOP,,0,1,0.0,87.0,query_device,2026-07-27 13:03:20
155307,2026-07-27,2025-12-29,google tag manager,,DESKTOP,,0,2,0.0,93.5,query_device,2026-07-27 13:03:20
155308,2026-07-27,2025-12-29,google tag manager 用途,,DESKTOP,,0,1,0.0,50.0,query_device,2026-07-27 13:03:20
155309,2026-07-27,2025-12-29,google 再營銷,,DESKTOP,,0,7,0.0,70.0,query_device,2026-07-27 13:03:20
155310,2026-07-27,2025-12-29,google 再營銷,,MOBILE,,0,5,0.0,74.2,query_device,2026-07-27 13:03:20
155311,2026-07-27,2025-12-29,google 關鍵字廣告,,DESKTOP,,0,13,0.0,89.92307692307692,query_device,2026-07-27 13:03:20
155312,2026-07-27,2025-12-29,google 關鍵字廣告,,MOBILE,,0,5,0.0,96.4,query_device,2026-07-27 13:03:20
155313,2026-07-27,2025-12-29,google合作夥伴名單,,DESKTOP,,0,1,0.0,50.0,query_device,2026-07-27 13:03:20
155314,2026-07-27,2025-12-29,gtm,,DESKTOP,,0,1,0.0,100.0,query_device,2026-07-27 13:03:20
155315,2026-07-27,2025-12-29,gtm google,,DESKTOP,,0,2,0.0,96.5,query_device,2026-07-27 13:03:20
155316,2026-07-27,2025-12-29,gtm 是 什麼,,DESKTOP,,0,2,0.0,77.5,query_device,2026-07-27 13:03:20
155317,2026-07-27,2025-12-29,gtm是什麼,,DESKTOP,,0,1,0.0,90.0,query_device,2026-07-27 13:03:20
155318,2026-07-27,2025-12-29,how to create a pareto chart in google sheets,,DESKTOP,,0,2,0.0,6.0,query_device,2026-07-27 13:03:20
155319,2026-07-27,2025-12-29,likert 五 點 量 表,,DESKTOP,,0,2,0.0,40.5,query_device,2026-07-27 13:03:20
155320,2026-07-27,2025-12-29,likert 五點量表,,DESKTOP,,0,1,0.0,46.0,query_device,2026-07-27 13:03:20
155321,2026-07-27,2025-12-29,pinterest广告,,DESKTOP,,0,1,0.0,8.0,query_device,2026-07-27 13:03:20
155322,2026-07-27,2025-12-29,reddit投放,,DESKTOP,,0,1,0.0,44.0,query_device,2026-07-27 13:03:20
155323,2026-07-27,2025-12-29,sa360,,DESKTOP,,0,3,0.0,77.33333333333333,query_device,2026-07-27 13:03:20
155324,2026-07-27,2025-12-29,sam tam som,,DESKTOP,,0,1,0.0,94.0,query_device,2026-07-27 13:03:20
155325,2026-07-27,2025-12-29,sankey chart google sheets,,DESKTOP,,0,1,0.0,95.0,query_device,2026-07-27 13:03:20
155326,2026-07-27,2025-12-29,sankey diagram google sheets,,DESKTOP,,0,1,0.0,71.0,query_device,2026-07-27 13:03:20
155327,2026-07-27,2025-12-29,seo and google adwords,,DESKTOP,,0,7,0.0,53.714285714285715,query_device,2026-07-27 13:03:20
155328,2026-07-27,2025-12-29,seo google adwords,,DESKTOP,,0,1,0.0,19.0,query_device,2026-07-27 13:03:20
155329,2026-07-27,2025-12-29,seo 可視化,,DESKTOP,,0,1,0.0,24.0,query_device,2026-07-27 13:03:20
155330,2026-07-27,2025-12-29,site:advich.com,,DESKTOP,,0,16,0.0,19.75,query_device,2026-07-27 13:03:20
155331,2026-07-27,2025-12-29,ssp 是 什麼,,DESKTOP,,0,4,0.0,84.0,query_device,2026-07-27 13:03:20
155332,2026-07-27,2025-12-29,ssp/供應方平台,,DESKTOP,,0,2,0.0,81.5,query_device,2026-07-27 13:03:20
155333,2026-07-27,2025-12-29,ssp/供應方平台,,MOBILE,,0,2,0.0,81.0,query_device,2026-07-27 13:03:20
155334,2026-07-27,2025-12-29,ssp是什麼,,DESKTOP,,0,1,0.0,66.0,query_device,2026-07-27 13:03:20
155335,2026-07-27,2025-12-29,tag manager tags,,DESKTOP,,0,1,0.0,33.0,query_device,2026-07-27 13:03:20
155336,2026-07-27,2025-12-29,tam sam som,,DESKTOP,,0,6,0.0,91.5,query_device,2026-07-27 13:03:20
155337,2026-07-27,2025-12-29,tiktok 广告 开户 代理 公司,,DESKTOP,,0,1,0.0,52.0,query_device,2026-07-27 13:03:20
155338,2026-07-27,2025-12-29,tiktok代运营,,DESKTOP,,0,4,0.0,95.0,query_device,2026-07-27 13:03:20
155339,2026-07-27,2025-12-29,tiktok广告代理商,,MOBILE,,0,1,0.0,13.0,query_device,2026-07-27 13:03:20
155340,2026-07-27,2025-12-29,x 以4k載入,,MOBILE,,0,1,0.0,20.0,query_device,2026-07-27 13:03:20
155341,2026-07-27,2025-12-29,为什么正文中的关键词对搜索结果影响很大？,,DESKTOP,,0,2,0.0,4.5,query_device,2026-07-27 13:03:20
155342,2026-07-27,2025-12-29,关键词&营销效果监控,,DESKTOP,,0,1,0.0,48.0,query_device,2026-07-27 13:03:20
155343,2026-07-27,2025-12-29,再營銷,,DESKTOP,,0,4,0.0,64.75,query_device,2026-07-27 13:03:20
155344,2026-07-27,2025-12-29,再营销,,DESKTOP,,0,4,0.0,84.5,query_device,2026-07-27 13:03:20
155345,2026-07-27,2025-12-29,再营销,,MOBILE,,0,3,0.0,87.33333333333333,query_device,2026-07-27 13:03:20
155346,2026-07-27,2025-12-29,再营销广告,,DESKTOP,,0,2,0.0,94.0,query_device,2026-07-27 13:03:20
155347,2026-07-27,2025-12-29,在点数据分析中，如何进行数据可视化和探索性分析？,,DESKTOP,,0,1,0.0,101.0,query_device,2026-07-27 13:03:20
155348,2026-07-27,2025-12-29,如何利用业务量矩阵进行业务拓展？,,DESKTOP,,0,2,0.0,19.0,query_device,2026-07-27 13:03:20
155349,2026-07-27,2025-12-29,如何利用受众份额优势进行市场竞争？,,DESKTOP,,0,1,0.0,57.0,query_device,2026-07-27 13:03:20
155350,2026-07-27,2025-12-29,如何选择合适的关键词密度来改善搜索引擎排名？,,DESKTOP,,0,1,0.0,31.0,query_device,2026-07-27 13:03:20
155351,2026-07-27,2025-12-29,如何选择适当的关键词组合来提高搜索结果的准确性？,,DESKTOP,,0,2,0.0,83.5,query_device,2026-07-27 13:03:20
155352,2026-07-27,2025-12-29,如何避免视频广告中的点击欺诈?,,DESKTOP,,0,6,0.0,32.0,query_device,2026-07-27 13:03:20
155353,2026-07-27,2025-12-29,实时竞价,,DESKTOP,,0,1,0.0,92.0,query_device,2026-07-27 13:03:20
155354,2026-07-27,2025-12-29,富媒體廣告,,DESKTOP,,0,6,0.0,30.0,query_device,2026-07-27 13:03:20
155355,2026-07-27,2025-12-29,帕累托分析,,DESKTOP,,0,1,0.0,18.0,query_device,2026-07-27 13:03:20
155356,2026-07-27,2025-12-29,广告系统中的dsp和ssp有什么区别和联系？,,DESKTOP,,0,2,0.0,63.5,query_device,2026-07-27 13:03:20
155357,2026-07-27,2025-12-29,推拉策略,,DESKTOP,,0,1,0.0,20.0,query_device,2026-07-27 13:03:20
155358,2026-07-27,2025-12-29,推特 4k,,DESKTOP,,0,1,0.0,50.0,query_device,2026-07-27 13:03:20
155359,2026-07-27,2025-12-29,推特怎么发语音,,DESKTOP,,0,1,0.0,35.0,query_device,2026-07-27 13:03:20
155360,2026-07-27,2025-12-29,推特怎么发语音,,MOBILE,,0,1,0.0,8.0,query_device,2026-07-27 13:03:20
155361,2026-07-27,2025-12-29,提高 ppc 性能,,DESKTOP,,0,49,0.0,6.795918367346939,query_device,2026-07-27 13:03:20
155362,2026-07-27,2025-12-29,提高 ppc 性能,,MOBILE,,0,70,0.0,14.657142857142857,query_device,2026-07-27 13:03:20
155363,2026-07-27,2025-12-29,時間序列圖,,DESKTOP,,0,1,0.0,91.0,query_device,2026-07-27 13:03:20
155364,2026-07-27,2025-12-29,未迟,,MOBILE,,0,5,0.0,2.4,query_device,2026-07-27 13:03:20
155365,2026-07-27,2025-12-29,未迟数字,,DESKTOP,,0,1,0.0,20.0,query_device,2026-07-27 13:03:20
155366,2026-07-27,2025-12-29,李 克 特 量 表,,DESKTOP,,0,2,0.0,66.5,query_device,2026-07-27 13:03:20
155367,2026-07-27,2025-12-29,李 克 特 量 表 範例,,DESKTOP,,0,1,0.0,54.0,query_device,2026-07-27 13:03:20
155368,2026-07-27,2025-12-29,李克特五點量表,,DESKTOP,,0,1,0.0,54.0,query_device,2026-07-27 13:03:20
155369,2026-07-27,2025-12-29,李克特五點量表分析,,DESKTOP,,0,1,0.0,49.0,query_device,2026-07-27 13:03:20
155370,2026-07-27,2025-12-29,李克特五點量表範例,,DESKTOP,,0,1,0.0,46.0,query_device,2026-07-27 13:03:20
155371,2026-07-27,2025-12-29,李克特量表excel,,DESKTOP,,0,1,0.0,34.0,query_device,2026-07-27 13:03:20
155372,2026-07-27,2025-12-29,李克特量表excel,,MOBILE,,0,1,0.0,14.0,query_device,2026-07-27 13:03:20
155373,2026-07-27,2025-12-29,标签云在搜索引擎中有什么应用？,,DESKTOP,,0,1,0.0,95.0,query_device,2026-07-27 13:03:20
155374,2026-07-27,2025-12-29,桑基图excel,,DESKTOP,,0,2,0.0,28.0,query_device,2026-07-27 13:03:20
155375,2026-07-27,2025-12-29,桑基圖excel,,DESKTOP,,0,3,0.0,14.0,query_device,2026-07-27 13:03:20
155376,2026-07-27,2025-12-29,比較圖製作,,DESKTOP,,0,3,0.0,93.0,query_device,2026-07-27 13:03:20
155377,2026-07-27,2025-12-29,比較圖製作,,MOBILE,,0,1,0.0,100.0,query_device,2026-07-27 13:03:20
155378,2026-07-27,2025-12-29,海外引流,,DESKTOP,,0,1,0.0,95.0,query_device,2026-07-27 13:03:20
155379,2026-07-27,2025-12-29,独立站,,DESKTOP,,0,4,0.0,72.25,query_device,2026-07-27 13:03:20
155380,2026-07-27,2025-12-29,独立站,,MOBILE,,0,2,0.0,78.5,query_device,2026-07-27 13:03:20
155381,2026-07-27,2025-12-29,独立站是什么,,DESKTOP,,0,1,0.0,63.0,query_device,2026-07-27 13:03:20
155382,2026-07-27,2025-12-29,矩陣圖,,DESKTOP,,0,7,0.0,94.0,query_device,2026-07-27 13:03:20
155383,2026-07-27,2025-12-29,矩陣圖,,MOBILE,,0,1,0.0,100.0,query_device,2026-07-27 13:03:20
155384,2026-07-27,2025-12-29,谷歌 adwords 与 seo,,DESKTOP,,0,7,0.0,9.285714285714286,query_device,2026-07-27 13:03:20
155385,2026-07-27,2025-12-29,谷歌 广告 关键 词,,DESKTOP,,0,1,0.0,90.0,query_device,2026-07-27 13:03:20
155386,2026-07-27,2025-12-29,谷歌竞价,,DESKTOP,,0,4,0.0,99.25,query_device,2026-07-27 13:03:20
155387,2026-07-27,2025-12-29,谷歌竞价开户,,DESKTOP,,0,4,0.0,28.5,query_device,2026-07-27 13:03:20
155388,2026-07-27,2025-12-29,谷歌竞价开户,,MOBILE,,0,2,0.0,31.5,query_device,2026-07-27 13:03:20
155389,2026-07-27,2025-12-29,谷歌购物广告怎么投,,DESKTOP,,0,1,0.0,84.0,query_device,2026-07-27 13:03:20
155390,2026-07-27,2025-12-29,轉換成本,,DESKTOP,,0,1,0.0,12.0,query_device,2026-07-27 13:03:20
155391,2026-07-27,2025-12-29,轉換率公式,,DESKTOP,,0,2,0.0,99.5,query_device,2026-07-27 13:03:20
155392,2026-07-27,2025-12-29,轉換率計算,,DESKTOP,,0,1,0.0,99.0,query_device,2026-07-27 13:03:20
155393,2026-07-27,2025-12-29,關鍵字佈局,,DESKTOP,,0,1,0.0,90.0,query_device,2026-07-27 13:03:20
155394,2026-07-27,2025-12-29,關鍵字佈局,,MOBILE,,0,3,0.0,94.66666666666667,query_device,2026-07-27 13:03:20
155395,2026-07-27,2025-12-29,领英运营,,DESKTOP,,0,1,0.0,80.0,query_device,2026-07-27 13:03:20
155396,2026-07-27,2025-12-29,高效数字市场营销,,DESKTOP,,0,1,0.0,77.0,query_device,2026-07-27 13:03:20
148296,2026-07-27,2025-11-29,江苏未迟数字技术有限公司,,DESKTOP,,7,29,0.2413793103448276,5.275862068965517,query_device,2026-07-27 13:03:04
148297,2026-07-27,2025-11-29,advich,,DESKTOP,,5,12,0.4166666666666667,2.833333333333333,query_device,2026-07-27 13:03:04
148298,2026-07-27,2025-11-29,advich group limited,,MOBILE,,5,35,0.14285714285714285,2.3428571428571425,query_device,2026-07-27 13:03:04
148299,2026-07-27,2025-11-29,advich group limited,,DESKTOP,,1,19,0.05263157894736842,2.1578947368421053,query_device,2026-07-27 13:03:04
148300,2026-07-27,2025-11-29,aida是什么,,DESKTOP,,1,1,1.0,20.0,query_device,2026-07-27 13:03:04
148301,2026-07-27,2025-11-29,excel 桑基图,,DESKTOP,,1,8,0.125,7.875,query_device,2026-07-27 13:03:04
148302,2026-07-27,2025-11-29,抖音开户,,MOBILE,,1,2,0.5,27.0,query_device,2026-07-27 13:03:04
148303,2026-07-27,2025-11-29,未迟,,DESKTOP,,1,9,0.1111111111111111,4.666666666666666,query_device,2026-07-27 13:03:04
148304,2026-07-27,2025-11-29,3 axis graph excel,,DESKTOP,,0,1,0.0,40.0,query_device,2026-07-27 13:03:04
148305,2026-07-27,2025-11-29,40000x1000,,MOBILE,,0,1,0.0,5.0,query_device,2026-07-27 13:03:04
148306,2026-07-27,2025-11-29,7点李克特量表,,DESKTOP,,0,1,0.0,22.0,query_device,2026-07-27 13:03:04
148307,2026-07-27,2025-11-29,7點量表,,DESKTOP,,0,1,0.0,25.0,query_device,2026-07-27 13:03:04
148308,2026-07-27,2025-11-29,addressable market size,,DESKTOP,,0,1,0.0,13.0,query_device,2026-07-27 13:03:04
148309,2026-07-27,2025-11-29,advich,,MOBILE,,0,19,0.0,5.368421052631579,query_device,2026-07-27 13:03:04
148310,2026-07-27,2025-11-29,aida 是 什么,,DESKTOP,,0,1,0.0,92.0,query_device,2026-07-27 13:03:04
148311,2026-07-27,2025-11-29,android twitter 4k,,MOBILE,,0,1,0.0,9.0,query_device,2026-07-27 13:03:04
148312,2026-07-27,2025-11-29,android x 4k,,TABLET,,0,2,0.0,9.0,query_device,2026-07-27 13:03:04
148313,2026-07-27,2025-11-29,bing dynamic search ads,,DESKTOP,,0,1,0.0,23.0,query_device,2026-07-27 13:03:04
148314,2026-07-27,2025-11-29,business manager,,DESKTOP,,0,1,0.0,96.0,query_device,2026-07-27 13:03:04
148315,2026-07-27,2025-11-29,clickshare google ads,,DESKTOP,,0,1,0.0,4.0,query_device,2026-07-27 13:03:04
148316,2026-07-27,2025-11-29,cpm,,DESKTOP,,0,1,0.0,95.0,query_device,2026-07-27 13:03:04
148317,2026-07-27,2025-11-29,cpm 是 什么,,DESKTOP,,0,1,0.0,64.0,query_device,2026-07-27 13:03:04
148318,2026-07-27,2025-11-29,cpm 是 什么 意思,,DESKTOP,,0,2,0.0,64.0,query_device,2026-07-27 13:03:04
148319,2026-07-27,2025-11-29,cpm是什么,,DESKTOP,,0,3,0.0,73.0,query_device,2026-07-27 13:03:04
148320,2026-07-27,2025-11-29,cpm是什么意思,,DESKTOP,,0,2,0.0,76.0,query_device,2026-07-27 13:03:04
148321,2026-07-27,2025-11-29,create sankey diagram in google sheets,,DESKTOP,,0,2,0.0,6.0,query_device,2026-07-27 13:03:04
148322,2026-07-27,2025-11-29,ctr,,DESKTOP,,0,2,0.0,84.0,query_device,2026-07-27 13:03:04
148323,2026-07-27,2025-11-29,ctr 公式,,DESKTOP,,0,3,0.0,49.0,query_device,2026-07-27 13:03:04
148324,2026-07-27,2025-11-29,ctr 意思,,DESKTOP,,0,1,0.0,98.0,query_device,2026-07-27 13:03:04
148325,2026-07-27,2025-11-29,ctr 是 什么,,DESKTOP,,0,1,0.0,66.0,query_device,2026-07-27 13:03:04
148326,2026-07-27,2025-11-29,ctr 是 什么 意思,,DESKTOP,,0,2,0.0,69.0,query_device,2026-07-27 13:03:04
148327,2026-07-27,2025-11-29,ctr 是 什麼,,DESKTOP,,0,1,0.0,52.0,query_device,2026-07-27 13:03:04
148328,2026-07-27,2025-11-29,ctr 計算,,DESKTOP,,0,3,0.0,65.33333333333333,query_device,2026-07-27 13:03:04
148329,2026-07-27,2025-11-29,ctr意思,,DESKTOP,,0,1,0.0,82.0,query_device,2026-07-27 13:03:04
148330,2026-07-27,2025-11-29,ctr是什么,,DESKTOP,,0,2,0.0,80.0,query_device,2026-07-27 13:03:04
148331,2026-07-27,2025-11-29,ctr是什么意思,,DESKTOP,,0,1,0.0,62.0,query_device,2026-07-27 13:03:04
148332,2026-07-27,2025-11-29,destination mismatch,,DESKTOP,,0,2,0.0,70.0,query_device,2026-07-27 13:03:04
148333,2026-07-27,2025-11-29,destination mismatch google ads,,MOBILE,,0,6,0.0,48.0,query_device,2026-07-27 13:03:04
148334,2026-07-27,2025-11-29,dot plot google sheets,,DESKTOP,,0,1,0.0,100.0,query_device,2026-07-27 13:03:04
148335,2026-07-27,2025-11-29,dsp/需求方平台,,DESKTOP,,0,1,0.0,62.0,query_device,2026-07-27 13:03:04
148336,2026-07-27,2025-11-29,dsp/需求方平台,,MOBILE,,0,3,0.0,85.0,query_device,2026-07-27 13:03:04
148337,2026-07-27,2025-11-29,excel 圖表 三種 數據,,DESKTOP,,0,1,0.0,40.0,query_device,2026-07-27 13:03:04
148338,2026-07-27,2025-11-29,facebook att,,DESKTOP,,0,1,0.0,14.0,query_device,2026-07-27 13:03:04
148339,2026-07-27,2025-11-29,facebook marketplace,,DESKTOP,,0,1,0.0,1.0,query_device,2026-07-27 13:03:04
148340,2026-07-27,2025-11-29,facebook 广告,,DESKTOP,,0,3,0.0,53.0,query_device,2026-07-27 13:03:04
148341,2026-07-27,2025-11-29,facebook广告,,DESKTOP,,0,1,0.0,49.0,query_device,2026-07-27 13:03:04
148342,2026-07-27,2025-11-29,g2金融驗證,,DESKTOP,,0,21,0.0,81.57142857142857,query_device,2026-07-27 13:03:04
148343,2026-07-27,2025-11-29,gdn 尺寸,,DESKTOP,,0,1,0.0,72.0,query_device,2026-07-27 13:03:04
148344,2026-07-27,2025-11-29,googe 推荐搜索广告数量,,DESKTOP,,0,1,0.0,10.0,query_device,2026-07-27 13:03:04
148345,2026-07-27,2025-11-29,google ads certification,,DESKTOP,,0,1,0.0,96.0,query_device,2026-07-27 13:03:04
148346,2026-07-27,2025-11-29,google ads destination mismatch,,DESKTOP,,0,1,0.0,50.0,query_device,2026-07-27 13:03:04
148347,2026-07-27,2025-11-29,google ads editor,,DESKTOP,,0,3,0.0,60.0,query_device,2026-07-27 13:03:04
148348,2026-07-27,2025-11-29,google ads editor,,MOBILE,,0,1,0.0,45.0,query_device,2026-07-27 13:03:04
148349,2026-07-27,2025-11-29,google ads 中国,,DESKTOP,,0,1,0.0,87.0,query_device,2026-07-27 13:03:04
148350,2026-07-27,2025-11-29,google ads 優惠,,DESKTOP,,0,1,0.0,48.0,query_device,2026-07-27 13:03:04
148351,2026-07-27,2025-11-29,google ads 搜尋 廣告 認證,,DESKTOP,,0,1,0.0,80.0,query_device,2026-07-27 13:03:04
148352,2026-07-27,2025-11-29,google ads 编辑器,,DESKTOP,,0,1,0.0,42.0,query_device,2026-07-27 13:03:04
148353,2026-07-27,2025-11-29,google ads 認證,,DESKTOP,,0,2,0.0,70.0,query_device,2026-07-27 13:03:04
148354,2026-07-27,2025-11-29,google ads认证,,DESKTOP,,0,1,0.0,27.0,query_device,2026-07-27 13:03:04
148355,2026-07-27,2025-11-29,google dsa,,DESKTOP,,0,8,0.0,84.0,query_device,2026-07-27 13:03:04
148356,2026-07-27,2025-11-29,google editor,,DESKTOP,,0,1,0.0,79.0,query_device,2026-07-27 13:03:04
148357,2026-07-27,2025-11-29,google keyword planner 中文,,DESKTOP,,0,1,0.0,93.0,query_device,2026-07-27 13:03:04
148358,2026-07-27,2025-11-29,google premier partner资质要求,,DESKTOP,,0,55,0.0,6.5636363636363635,query_device,2026-07-27 13:03:04
148359,2026-07-27,2025-11-29,google roas,,DESKTOP,,0,1,0.0,89.0,query_device,2026-07-27 13:03:04
148360,2026-07-27,2025-11-29,google roas,,MOBILE,,0,1,0.0,95.0,query_device,2026-07-27 13:03:04
148361,2026-07-27,2025-11-29,google sheet sankey,,DESKTOP,,0,1,0.0,9.0,query_device,2026-07-27 13:03:04
148362,2026-07-27,2025-11-29,google sheets pareto chart,,DESKTOP,,0,1,0.0,97.0,query_device,2026-07-27 13:03:04
148363,2026-07-27,2025-11-29,google sheets sankey diagram,,DESKTOP,,0,3,0.0,90.66666666666667,query_device,2026-07-27 13:03:04
148364,2026-07-27,2025-11-29,google tag manager gtm,,DESKTOP,,0,1,0.0,83.0,query_device,2026-07-27 13:03:04
148365,2026-07-27,2025-11-29,google tag manager 用途,,DESKTOP,,0,1,0.0,83.0,query_device,2026-07-27 13:03:04
148366,2026-07-27,2025-11-29,google 促銷 代碼 取得,,DESKTOP,,0,1,0.0,68.0,query_device,2026-07-27 13:03:04
148367,2026-07-27,2025-11-29,google 内容影响力评测计划 活动,,DESKTOP,,0,1,0.0,9.0,query_device,2026-07-27 13:03:04
148368,2026-07-27,2025-11-29,google 再營銷,,DESKTOP,,0,9,0.0,72.11111111111111,query_device,2026-07-27 13:03:04
148369,2026-07-27,2025-11-29,google 再營銷,,MOBILE,,0,4,0.0,71.25,query_device,2026-07-27 13:03:04
148370,2026-07-27,2025-11-29,google 广告 设置,,MOBILE,,0,2,0.0,63.0,query_device,2026-07-27 13:03:04
148371,2026-07-27,2025-11-29,google 關鍵 字 費用,,DESKTOP,,0,1,0.0,79.0,query_device,2026-07-27 13:03:04
148372,2026-07-27,2025-11-29,google关键词规划师,,DESKTOP,,0,26,0.0,75.57692307692308,query_device,2026-07-27 13:03:04
148373,2026-07-27,2025-11-29,google关键词规划师,,MOBILE,,0,8,0.0,84.625,query_device,2026-07-27 13:03:04
148374,2026-07-27,2025-11-29,google動態廣告,,MOBILE,,0,1,0.0,44.0,query_device,2026-07-27 13:03:04
148375,2026-07-27,2025-11-29,google展示广告,,DESKTOP,,0,1,0.0,74.0,query_device,2026-07-27 13:03:04
148376,2026-07-27,2025-11-29,google展示广告,,MOBILE,,0,1,0.0,72.0,query_device,2026-07-27 13:03:04
148377,2026-07-27,2025-11-29,google市場洞察,,MOBILE,,0,1,0.0,49.0,query_device,2026-07-27 13:03:04
148378,2026-07-27,2025-11-29,google广告拒登,,DESKTOP,,0,2,0.0,95.5,query_device,2026-07-27 13:03:04
148379,2026-07-27,2025-11-29,google广告拒登,,MOBILE,,0,3,0.0,72.33333333333333,query_device,2026-07-27 13:03:04
148380,2026-07-27,2025-11-29,google搜索广告,,DESKTOP,,0,1,0.0,68.0,query_device,2026-07-27 13:03:04
148381,2026-07-27,2025-11-29,google搜索广告,,MOBILE,,0,1,0.0,63.0,query_device,2026-07-27 13:03:04
148382,2026-07-27,2025-11-29,gtm,,DESKTOP,,0,2,0.0,71.5,query_device,2026-07-27 13:03:04
148383,2026-07-27,2025-11-29,gtm google tag manager,,DESKTOP,,0,1,0.0,70.0,query_device,2026-07-27 13:03:04
148384,2026-07-27,2025-11-29,gtm 是 什麼,,DESKTOP,,0,3,0.0,89.66666666666667,query_device,2026-07-27 13:03:04
148385,2026-07-27,2025-11-29,gtm 是什麼,,DESKTOP,,0,2,0.0,90.5,query_device,2026-07-27 13:03:04
148386,2026-07-27,2025-11-29,gtm意思,,DESKTOP,,0,1,0.0,74.0,query_device,2026-07-27 13:03:04
148387,2026-07-27,2025-11-29,gtm是什麼,,DESKTOP,,0,5,0.0,88.2,query_device,2026-07-27 13:03:04
148388,2026-07-27,2025-11-29,lightbox ads,,DESKTOP,,0,1,0.0,56.0,query_device,2026-07-27 13:03:04
148389,2026-07-27,2025-11-29,lightbox 燈箱,,DESKTOP,,0,1,0.0,55.0,query_device,2026-07-27 13:03:04
148390,2026-07-27,2025-11-29,likert 五 點 量 表,,DESKTOP,,0,1,0.0,41.0,query_device,2026-07-27 13:03:04
148391,2026-07-27,2025-11-29,likert五點量表,,DESKTOP,,0,2,0.0,26.0,query_device,2026-07-27 13:03:04
148392,2026-07-27,2025-11-29,linkedin推广,,MOBILE,,0,1,0.0,96.0,query_device,2026-07-27 13:03:04
148393,2026-07-27,2025-11-29,oath公司,,DESKTOP,,0,3,0.0,12.333333333333334,query_device,2026-07-27 13:03:04
148394,2026-07-27,2025-11-29,pareto chart google sheets,,DESKTOP,,0,2,0.0,87.0,query_device,2026-07-27 13:03:04
148395,2026-07-27,2025-11-29,pareto chart in google sheets,,DESKTOP,,0,2,0.0,78.0,query_device,2026-07-27 13:03:04
148396,2026-07-27,2025-11-29,pinterest 广告,,DESKTOP,,0,4,0.0,6.75,query_device,2026-07-27 13:03:04
148397,2026-07-27,2025-11-29,pinterest 廣告,,MOBILE,,0,1,0.0,21.0,query_device,2026-07-27 13:03:04
148398,2026-07-27,2025-11-29,pinterest广告,,DESKTOP,,0,4,0.0,5.75,query_device,2026-07-27 13:03:04
148399,2026-07-27,2025-11-29,pinterest广告投放,,DESKTOP,,0,1,0.0,45.0,query_device,2026-07-27 13:03:04
148400,2026-07-27,2025-11-29,ppc 運用,,DESKTOP,,0,5,0.0,64.2,query_device,2026-07-27 13:03:04
148401,2026-07-27,2025-11-29,pro word cloud,,DESKTOP,,0,2,0.0,43.5,query_device,2026-07-27 13:03:04
148402,2026-07-27,2025-11-29,roas,,DESKTOP,,0,1,0.0,89.0,query_device,2026-07-27 13:03:04
148403,2026-07-27,2025-11-29,roas 和 roi 的 区别,,MOBILE,,0,1,0.0,45.0,query_device,2026-07-27 13:03:04
148404,2026-07-27,2025-11-29,roas和roi的区别,,DESKTOP,,0,1,0.0,41.0,query_device,2026-07-27 13:03:04
148405,2026-07-27,2025-11-29,roi 和 roas 的 区别,,DESKTOP,,0,1,0.0,40.0,query_device,2026-07-27 13:03:04
148406,2026-07-27,2025-11-29,roi和roas的区别,,DESKTOP,,0,2,0.0,65.0,query_device,2026-07-27 13:03:04
148407,2026-07-27,2025-11-29,sa360,,DESKTOP,,0,9,0.0,74.44444444444444,query_device,2026-07-27 13:03:04
148408,2026-07-27,2025-11-29,sankey diagram google sheet,,DESKTOP,,0,1,0.0,5.0,query_device,2026-07-27 13:03:04
148409,2026-07-27,2025-11-29,sankey diagram google sheets,,DESKTOP,,0,6,0.0,60.333333333333336,query_device,2026-07-27 13:03:04
148410,2026-07-27,2025-11-29,sankey图,,MOBILE,,0,1,0.0,17.0,query_device,2026-07-27 13:03:04
148411,2026-07-27,2025-11-29,sem google,,DESKTOP,,0,1,0.0,51.0,query_device,2026-07-27 13:03:04
148412,2026-07-27,2025-11-29,seo数据可视化,,DESKTOP,,0,2,0.0,36.5,query_device,2026-07-27 13:03:04
148413,2026-07-27,2025-11-29,seo数据可视化,,MOBILE,,0,9,0.0,31.444444444444443,query_device,2026-07-27 13:03:04
148414,2026-07-27,2025-11-29,serviceable available market,,DESKTOP,,0,2,0.0,90.0,query_device,2026-07-27 13:03:04
148415,2026-07-27,2025-11-29,site:advich.com,,DESKTOP,,0,8,0.0,13.5,query_device,2026-07-27 13:03:04
148416,2026-07-27,2025-11-29,sns promotion,,MOBILE,,0,2,0.0,12.5,query_device,2026-07-27 13:03:04
148417,2026-07-27,2025-11-29,ssp 是 什麼,,DESKTOP,,0,2,0.0,67.5,query_device,2026-07-27 13:03:04
148418,2026-07-27,2025-11-29,ssp/供應方平台,,DESKTOP,,0,2,0.0,75.0,query_device,2026-07-27 13:03:04
148419,2026-07-27,2025-11-29,ssp/供應方平台,,MOBILE,,0,3,0.0,78.0,query_device,2026-07-27 13:03:04
148420,2026-07-27,2025-11-29,ssp是什麼,,DESKTOP,,0,2,0.0,86.5,query_device,2026-07-27 13:03:04
148421,2026-07-27,2025-11-29,tailwind,,MOBILE,,0,1,0.0,7.0,query_device,2026-07-27 13:03:04
148422,2026-07-27,2025-11-29,tam sam som,,DESKTOP,,0,5,0.0,88.0,query_device,2026-07-27 13:03:04
148423,2026-07-27,2025-11-29,tam sam som definition,,DESKTOP,,0,3,0.0,82.0,query_device,2026-07-27 13:03:04
148424,2026-07-27,2025-11-29,tiktok 广告 开户,,DESKTOP,,0,1,0.0,46.0,query_device,2026-07-27 13:03:04
148425,2026-07-27,2025-11-29,tiktok代投,,DESKTOP,,0,7,0.0,14.571428571428571,query_device,2026-07-27 13:03:04
148426,2026-07-27,2025-11-29,tiktok代理,,MOBILE,,0,1,0.0,39.0,query_device,2026-07-27 13:03:04
148427,2026-07-27,2025-11-29,tiktok代理商,,DESKTOP,,0,1,0.0,32.0,query_device,2026-07-27 13:03:04
148428,2026-07-27,2025-11-29,tiktok代运营,,DESKTOP,,0,2,0.0,71.0,query_device,2026-07-27 13:03:04
148429,2026-07-27,2025-11-29,tiktok广告代投,,DESKTOP,,0,1,0.0,34.0,query_device,2026-07-27 13:03:04
148430,2026-07-27,2025-11-29,tiktok广告代理,,DESKTOP,,0,1,0.0,18.0,query_device,2026-07-27 13:03:04
148431,2026-07-27,2025-11-29,tiktok营销,,DESKTOP,,0,1,0.0,44.0,query_device,2026-07-27 13:03:04
148432,2026-07-27,2025-11-29,trueview display,,DESKTOP,,0,1,0.0,38.0,query_device,2026-07-27 13:03:04
148433,2026-07-27,2025-11-29,twitter 4k,,DESKTOP,,0,1,0.0,11.0,query_device,2026-07-27 13:03:04
148434,2026-07-27,2025-11-29,twitter 4k,,MOBILE,,0,2,0.0,2.5,query_device,2026-07-27 13:03:04
148435,2026-07-27,2025-11-29,twitter 4k android,,MOBILE,,0,3,0.0,7.333333333333333,query_device,2026-07-27 13:03:04
148436,2026-07-27,2025-11-29,twitter 4k載入,,MOBILE,,0,1,0.0,2.0,query_device,2026-07-27 13:03:04
148437,2026-07-27,2025-11-29,twitter hdr,,DESKTOP,,0,1,0.0,1.0,query_device,2026-07-27 13:03:04
148438,2026-07-27,2025-11-29,twitter 以 4k 載 入,,DESKTOP,,0,1,0.0,4.0,query_device,2026-07-27 13:03:04
148439,2026-07-27,2025-11-29,twitter 影片 畫 質 調整,,MOBILE,,0,1,0.0,1.0,query_device,2026-07-27 13:03:04
148440,2026-07-27,2025-11-29,twitter 影片 畫 質 變 差,,MOBILE,,0,6,0.0,1.0,query_device,2026-07-27 13:03:04
148441,2026-07-27,2025-11-29,twitter 影片畫質,,MOBILE,,0,2,0.0,2.5,query_device,2026-07-27 13:03:04
148442,2026-07-27,2025-11-29,x 4k 載 入,,MOBILE,,0,3,0.0,1.3333333333333333,query_device,2026-07-27 13:03:04
148443,2026-07-27,2025-11-29,x 4k載入,,MOBILE,,0,1,0.0,2.0,query_device,2026-07-27 13:03:04
148444,2026-07-27,2025-11-29,x 以4k載入,,MOBILE,,0,1,0.0,5.0,query_device,2026-07-27 13:03:04
148445,2026-07-27,2025-11-29,x视频清晰度设置,,MOBILE,,0,1,0.0,9.0,query_device,2026-07-27 13:03:04
148446,2026-07-27,2025-11-29,youtube lead form ads,,DESKTOP,,0,1,0.0,46.0,query_device,2026-07-27 13:03:04
148447,2026-07-27,2025-11-29,下載推特照片,,MOBILE,,0,1,0.0,8.0,query_device,2026-07-27 13:03:04
148448,2026-07-27,2025-11-29,为了更好的观察一周气温的变化情况，应该选择绘制什么统计图？,,DESKTOP,,0,2,0.0,22.0,query_device,2026-07-27 13:03:04
148449,2026-07-27,2025-11-29,为什么正文中的关键词对搜索结果影响很大？,,DESKTOP,,0,4,0.0,5.0,query_device,2026-07-27 13:03:04
148450,2026-07-27,2025-11-29,五等量表,,DESKTOP,,0,1,0.0,26.0,query_device,2026-07-27 13:03:04
148451,2026-07-27,2025-11-29,五點李克特量表,,DESKTOP,,0,3,0.0,25.333333333333332,query_device,2026-07-27 13:03:04
148452,2026-07-27,2025-11-29,五點量表分析,,DESKTOP,,0,1,0.0,23.0,query_device,2026-07-27 13:03:04
148453,2026-07-27,2025-11-29,五點量表問卷範例,,DESKTOP,,0,1,0.0,85.0,query_device,2026-07-27 13:03:04
148454,2026-07-27,2025-11-29,什么是独立站,,DESKTOP,,0,1,0.0,1.0,query_device,2026-07-27 13:03:04
148455,2026-07-27,2025-11-29,付费广告,,DESKTOP,,0,2,0.0,61.5,query_device,2026-07-27 13:03:04
148456,2026-07-27,2025-11-29,付费广告,,MOBILE,,0,2,0.0,65.5,query_device,2026-07-27 13:03:04
148457,2026-07-27,2025-11-29,促进销售,,DESKTOP,,0,1,0.0,16.0,query_device,2026-07-27 13:03:04
148458,2026-07-27,2025-11-29,促进销售,,MOBILE,,0,1,0.0,20.0,query_device,2026-07-27 13:03:04
148459,2026-07-27,2025-11-29,关键词&营销效果监控,,DESKTOP,,0,10,0.0,46.3,query_device,2026-07-27 13:03:04
148460,2026-07-27,2025-11-29,关键词规划师,,DESKTOP,,0,69,0.0,72.55072463768116,query_device,2026-07-27 13:03:04
148461,2026-07-27,2025-11-29,关键词规划师,,MOBILE,,0,76,0.0,82.65789473684211,query_device,2026-07-27 13:03:04
148462,2026-07-27,2025-11-29,再營銷,,DESKTOP,,0,5,0.0,68.6,query_device,2026-07-27 13:03:04
148463,2026-07-27,2025-11-29,再營銷,,MOBILE,,0,2,0.0,29.5,query_device,2026-07-27 13:03:04
148464,2026-07-27,2025-11-29,再营销,,DESKTOP,,0,3,0.0,79.66666666666667,query_device,2026-07-27 13:03:04
148465,2026-07-27,2025-11-29,再营销,,MOBILE,,0,5,0.0,53.2,query_device,2026-07-27 13:03:04
148466,2026-07-27,2025-11-29,再营销广告,,DESKTOP,,0,3,0.0,90.0,query_device,2026-07-27 13:03:04
148467,2026-07-27,2025-11-29,再营销广告,,MOBILE,,0,3,0.0,95.0,query_device,2026-07-27 13:03:04
148468,2026-07-27,2025-11-29,出海 google 广告,,DESKTOP,,0,1,0.0,94.0,query_device,2026-07-27 13:03:04
148469,2026-07-27,2025-11-29,出海谷歌广告,,DESKTOP,,0,1,0.0,84.0,query_device,2026-07-27 13:03:04
148470,2026-07-27,2025-11-29,前後比較圖,,DESKTOP,,0,1,0.0,29.0,query_device,2026-07-27 13:03:04
148471,2026-07-27,2025-11-29,動態內廣告,,DESKTOP,,0,1,0.0,24.0,query_device,2026-07-27 13:03:04
148472,2026-07-27,2025-11-29,卖货技巧,,DESKTOP,,0,1,0.0,21.0,query_device,2026-07-27 13:03:04
148473,2026-07-27,2025-11-29,商务管理平台,,DESKTOP,,0,1,0.0,82.0,query_device,2026-07-27 13:03:04
148474,2026-07-27,2025-11-29,堆疊面積圖,,DESKTOP,,0,1,0.0,29.0,query_device,2026-07-27 13:03:04
148475,2026-07-27,2025-11-29,堆积面积图,,DESKTOP,,0,1,0.0,43.0,query_device,2026-07-27 13:03:04
148476,2026-07-27,2025-11-29,增加销售额策略,,DESKTOP,,0,2,0.0,35.5,query_device,2026-07-27 13:03:04
148477,2026-07-27,2025-11-29,如何利用业务量矩阵进行业务拓展？,,DESKTOP,,0,7,0.0,6.714285714285714,query_device,2026-07-27 13:03:04
148478,2026-07-27,2025-11-29,如何制定整合营销策略？,,DESKTOP,,0,3,0.0,21.333333333333332,query_device,2026-07-27 13:03:04
148479,2026-07-27,2025-11-29,如何提高销售额,,MOBILE,,0,1,0.0,73.0,query_device,2026-07-27 13:03:04
148480,2026-07-27,2025-11-29,如何避免视频广告中的点击欺诈?,,DESKTOP,,0,1,0.0,11.0,query_device,2026-07-27 13:03:04
148481,2026-07-27,2025-11-29,媒体推送平台的推广效果如何评估？,,DESKTOP,,0,1,0.0,43.0,query_device,2026-07-27 13:03:04
148482,2026-07-27,2025-11-29,富媒體,,MOBILE,,0,2,0.0,78.5,query_device,2026-07-27 13:03:04
148483,2026-07-27,2025-11-29,富媒體廣告,,DESKTOP,,0,9,0.0,22.333333333333332,query_device,2026-07-27 13:03:04
148484,2026-07-27,2025-11-29,小红书发语音,,DESKTOP,,0,1,0.0,7.0,query_device,2026-07-27 13:03:04
148485,2026-07-27,2025-11-29,尝试不使用个性化功能,,MOBILE,,0,5,0.0,10.2,query_device,2026-07-27 13:03:04
148486,2026-07-27,2025-11-29,展示广告,,DESKTOP,,0,1,0.0,93.0,query_device,2026-07-27 13:03:04
148487,2026-07-27,2025-11-29,平均cpc,,DESKTOP,,0,2,0.0,20.0,query_device,2026-07-27 13:03:04
148488,2026-07-27,2025-11-29,广告ctr,,DESKTOP,,0,1,0.0,54.0,query_device,2026-07-27 13:03:04
148489,2026-07-27,2025-11-29,广告程序如何进行投放时间的调整？,,DESKTOP,,0,3,0.0,17.0,query_device,2026-07-27 13:03:04
148490,2026-07-27,2025-11-29,广告系统中的dsp和ssp有什么区别和联系？,,DESKTOP,,0,3,0.0,17.0,query_device,2026-07-27 13:03:04
148491,2026-07-27,2025-11-29,广告质量评估标准,,DESKTOP,,0,3,0.0,42.0,query_device,2026-07-27 13:03:04
148492,2026-07-27,2025-11-29,广告转化率怎么算,,DESKTOP,,0,1,0.0,98.0,query_device,2026-07-27 13:03:04
148493,2026-07-27,2025-11-29,廣告活動,,DESKTOP,,0,1,0.0,49.0,query_device,2026-07-27 13:03:04
148494,2026-07-27,2025-11-29,廣告轉換率,,DESKTOP,,0,1,0.0,48.0,query_device,2026-07-27 13:03:04
148495,2026-07-27,2025-11-29,廣告關鍵字,,DESKTOP,,0,2,0.0,40.5,query_device,2026-07-27 13:03:04
148496,2026-07-27,2025-11-29,怀旧广告,,DESKTOP,,0,1,0.0,77.0,query_device,2026-07-27 13:03:04
148497,2026-07-27,2025-11-29,怀旧广告,,MOBILE,,0,1,0.0,74.0,query_device,2026-07-27 13:03:04
148498,2026-07-27,2025-11-29,抖音代理,,DESKTOP,,0,1,0.0,39.0,query_device,2026-07-27 13:03:04
148499,2026-07-27,2025-11-29,拉动式营销策略具体有哪些,,DESKTOP,,0,4,0.0,3.5,query_device,2026-07-27 13:03:04
148500,2026-07-27,2025-11-29,推特 列表,,MOBILE,,0,1,0.0,3.0,query_device,2026-07-27 13:03:04
148501,2026-07-27,2025-11-29,推特上傳影片畫質差,,MOBILE,,0,3,0.0,1.0,query_device,2026-07-27 13:03:04
148502,2026-07-27,2025-11-29,推特列表,,MOBILE,,0,1,0.0,10.0,query_device,2026-07-27 13:03:04
148503,2026-07-27,2025-11-29,推特影片畫質,,MOBILE,,0,2,0.0,2.0,query_device,2026-07-27 13:03:04
148504,2026-07-27,2025-11-29,推特影片畫質dcard,,MOBILE,,0,3,0.0,2.0,query_device,2026-07-27 13:03:04
148505,2026-07-27,2025-11-29,推特影片畫質差,,MOBILE,,0,1,0.0,1.0,query_device,2026-07-27 13:03:04
148506,2026-07-27,2025-11-29,推特怎么发私信,,MOBILE,,0,3,0.0,2.0,query_device,2026-07-27 13:03:04
148507,2026-07-27,2025-11-29,推特怎么发私信,,TABLET,,0,1,0.0,2.0,query_device,2026-07-27 13:03:04
148508,2026-07-27,2025-11-29,推特怎么改视频画质,,MOBILE,,0,3,0.0,3.6666666666666665,query_device,2026-07-27 13:03:04
148509,2026-07-27,2025-11-29,推特私信,,DESKTOP,,0,1,0.0,2.0,query_device,2026-07-27 13:03:04
148510,2026-07-27,2025-11-29,推特算法,,DESKTOP,,0,1,0.0,33.0,query_device,2026-07-27 13:03:04
148511,2026-07-27,2025-11-29,推特颜射,,MOBILE,,0,2,0.0,10.0,query_device,2026-07-27 13:03:04
148512,2026-07-27,2025-11-29,推銷策略,,DESKTOP,,0,1,0.0,16.0,query_device,2026-07-27 13:03:04
148513,2026-07-27,2025-11-29,提高 ppc 性能,,DESKTOP,,0,45,0.0,8.244444444444444,query_device,2026-07-27 13:03:04
148514,2026-07-27,2025-11-29,提高 ppc 性能,,MOBILE,,0,78,0.0,19.141025641025642,query_device,2026-07-27 13:03:04
148515,2026-07-27,2025-11-29,搜尋推廣,,DESKTOP,,0,1,0.0,33.0,query_device,2026-07-27 13:03:04
148516,2026-07-27,2025-11-29,散点图,,DESKTOP,,0,3,0.0,1.0,query_device,2026-07-27 13:03:04
148517,2026-07-27,2025-11-29,數碼營銷 好處,,DESKTOP,,0,1,0.0,64.0,query_device,2026-07-27 13:03:04
148518,2026-07-27,2025-11-29,最佳加密货币信号,,MOBILE,,0,1,0.0,85.0,query_device,2026-07-27 13:03:04
148519,2026-07-27,2025-11-29,李 克 特 量 表,,DESKTOP,,0,1,0.0,36.0,query_device,2026-07-27 13:03:04
148520,2026-07-27,2025-11-29,李克特七點量表範例,,DESKTOP,,0,1,0.0,17.0,query_device,2026-07-27 13:03:04
148521,2026-07-27,2025-11-29,李克特五级量表,,DESKTOP,,0,2,0.0,24.5,query_device,2026-07-27 13:03:04
148522,2026-07-27,2025-11-29,李克特五點量表範例,,DESKTOP,,0,1,0.0,19.0,query_device,2026-07-27 13:03:04
148523,2026-07-27,2025-11-29,李克特四點量表,,DESKTOP,,0,2,0.0,25.5,query_device,2026-07-27 13:03:04
148524,2026-07-27,2025-11-29,李克特式五點量表,,DESKTOP,,0,1,0.0,18.0,query_device,2026-07-27 13:03:04
148525,2026-07-27,2025-11-29,李克特量表,,DESKTOP,,0,1,0.0,56.0,query_device,2026-07-27 13:03:04
148526,2026-07-27,2025-11-29,李克特量表excel,,DESKTOP,,0,1,0.0,14.0,query_device,2026-07-27 13:03:04
148527,2026-07-27,2025-11-29,李克特量表excel,,MOBILE,,0,1,0.0,11.0,query_device,2026-07-27 13:03:04
148528,2026-07-27,2025-11-29,李克特量表分析方法,,DESKTOP,,0,2,0.0,19.5,query_device,2026-07-27 13:03:04
148529,2026-07-27,2025-11-29,李克特量表範例,,DESKTOP,,0,1,0.0,27.0,query_device,2026-07-27 13:03:04
148530,2026-07-27,2025-11-29,标签云的替代方案有哪些？,,DESKTOP,,0,4,0.0,11.0,query_device,2026-07-27 13:03:04
148531,2026-07-27,2025-11-29,桑基图excel,,DESKTOP,,0,3,0.0,8.333333333333332,query_device,2026-07-27 13:03:04
148532,2026-07-27,2025-11-29,桑基图生成器,,DESKTOP,,0,3,0.0,35.666666666666664,query_device,2026-07-27 13:03:04
148533,2026-07-27,2025-11-29,桑基圖excel,,DESKTOP,,0,1,0.0,8.0,query_device,2026-07-27 13:03:04
148534,2026-07-27,2025-11-29,桑基圖excel,,MOBILE,,0,1,0.0,11.0,query_device,2026-07-27 13:03:04
148535,2026-07-27,2025-11-29,欧盟数位服务法案 首次提出 年份,,DESKTOP,,0,2,0.0,10.0,query_device,2026-07-27 13:03:04
148536,2026-07-27,2025-11-29,歸因模式,,DESKTOP,,0,2,0.0,44.5,query_device,2026-07-27 13:03:04
148537,2026-07-27,2025-11-29,每次點擊成本,,DESKTOP,,0,1,0.0,50.0,query_device,2026-07-27 13:03:04
148538,2026-07-27,2025-11-29,比較圖,,DESKTOP,,0,1,0.0,27.0,query_device,2026-07-27 13:03:04
148539,2026-07-27,2025-11-29,比較圖製作,,DESKTOP,,0,4,0.0,89.5,query_device,2026-07-27 13:03:04
148540,2026-07-27,2025-11-29,比較圖製作,,MOBILE,,0,2,0.0,78.5,query_device,2026-07-27 13:03:04
148541,2026-07-27,2025-11-29,海外引流,,DESKTOP,,0,3,0.0,21.666666666666668,query_device,2026-07-27 13:03:04
148542,2026-07-27,2025-11-29,海外投流,,DESKTOP,,0,2,0.0,27.5,query_device,2026-07-27 13:03:04
148543,2026-07-27,2025-11-29,滲透市場,,DESKTOP,,0,1,0.0,24.0,query_device,2026-07-27 13:03:04
148544,2026-07-27,2025-11-29,点击 率,,DESKTOP,,0,1,0.0,78.0,query_device,2026-07-27 13:03:04
148545,2026-07-27,2025-11-29,独立站,,DESKTOP,,0,2,0.0,66.0,query_device,2026-07-27 13:03:04
148546,2026-07-27,2025-11-29,独立站,,MOBILE,,0,2,0.0,70.0,query_device,2026-07-27 13:03:04
148547,2026-07-27,2025-11-29,独立站外链,,DESKTOP,,0,2,0.0,40.5,query_device,2026-07-27 13:03:04
148548,2026-07-27,2025-11-29,独立站是什么,,DESKTOP,,0,1,0.0,19.0,query_device,2026-07-27 13:03:04
148549,2026-07-27,2025-11-29,生活中哪些地方遇到了矩阵的东西,,DESKTOP,,0,1,0.0,20.0,query_device,2026-07-27 13:03:04
148550,2026-07-27,2025-11-29,產品市場擴張矩陣,,DESKTOP,,0,1,0.0,29.0,query_device,2026-07-27 13:03:04
148551,2026-07-27,2025-11-29,發語音,,DESKTOP,,0,1,0.0,39.0,query_device,2026-07-27 13:03:04
148552,2026-07-27,2025-11-29,目標單次轉換出價,,DESKTOP,,0,1,0.0,20.0,query_device,2026-07-27 13:03:04
148553,2026-07-27,2025-11-29,矩陣 圖,,DESKTOP,,0,2,0.0,80.0,query_device,2026-07-27 13:03:04
148554,2026-07-27,2025-11-29,矩陣圖,,DESKTOP,,0,5,0.0,79.8,query_device,2026-07-27 13:03:04
148555,2026-07-27,2025-11-29,矩陣圖,,MOBILE,,0,2,0.0,90.0,query_device,2026-07-27 13:03:04
148556,2026-07-27,2025-11-29,競爭力洞察報告,,MOBILE,,0,3,0.0,1.0,query_device,2026-07-27 13:03:04
148557,2026-07-27,2025-11-29,能流图,,DESKTOP,,0,1,0.0,28.0,query_device,2026-07-27 13:03:04
148558,2026-07-27,2025-11-29,臉書 marketplace,,DESKTOP,,0,1,0.0,33.0,query_device,2026-07-27 13:03:04
148559,2026-07-27,2025-11-29,自然搜尋,,DESKTOP,,0,1,0.0,37.0,query_device,2026-07-27 13:03:04
148560,2026-07-27,2025-11-29,营销理念,,DESKTOP,,0,1,0.0,99.0,query_device,2026-07-27 13:03:04
148561,2026-07-27,2025-11-29,行业领袖广告策略,,DESKTOP,,0,2,0.0,28.5,query_device,2026-07-27 13:03:04
148562,2026-07-27,2025-11-29,衡量邮件营销效果的最终指标是,,DESKTOP,,0,4,0.0,77.0,query_device,2026-07-27 13:03:04
148563,2026-07-27,2025-11-29,谷歌 adwords 与 seo,,DESKTOP,,0,2,0.0,9.0,query_device,2026-07-27 13:03:04
148564,2026-07-27,2025-11-29,谷歌 关键 词 规划 师,,DESKTOP,,0,2,0.0,49.5,query_device,2026-07-27 13:03:04
148565,2026-07-27,2025-11-29,谷歌 竞价 开户,,DESKTOP,,0,7,0.0,15.428571428571429,query_device,2026-07-27 13:03:04
148566,2026-07-27,2025-11-29,谷歌ads认证,,DESKTOP,,0,1,0.0,48.0,query_device,2026-07-27 13:03:04
148567,2026-07-27,2025-11-29,谷歌mcc,,DESKTOP,,0,1,0.0,58.0,query_device,2026-07-27 13:03:04
148568,2026-07-27,2025-11-29,谷歌mcc是什么,,DESKTOP,,0,1,0.0,35.0,query_device,2026-07-27 13:03:04
148569,2026-07-27,2025-11-29,谷歌seo推广,,DESKTOP,,0,13,0.0,86.76923076923077,query_device,2026-07-27 13:03:04
148570,2026-07-27,2025-11-29,谷歌关键字规划工具,,DESKTOP,,0,2,0.0,43.5,query_device,2026-07-27 13:03:04
148571,2026-07-27,2025-11-29,谷歌关键词规划大师,,DESKTOP,,0,1,0.0,43.0,query_device,2026-07-27 13:03:04
148572,2026-07-27,2025-11-29,谷歌关键词规划师,,DESKTOP,,0,106,0.0,74.26415094339623,query_device,2026-07-27 13:03:04
148573,2026-07-27,2025-11-29,谷歌关键词规划师,,MOBILE,,0,96,0.0,83.57291666666667,query_device,2026-07-27 13:03:04
148574,2026-07-27,2025-11-29,谷歌合作伙伴,,DESKTOP,,0,1,0.0,59.0,query_device,2026-07-27 13:03:04
148575,2026-07-27,2025-11-29,谷歌图片搜索使用方法,,DESKTOP,,0,1,0.0,9.0,query_device,2026-07-27 13:03:04
148576,2026-07-27,2025-11-29,谷歌富媒体,,DESKTOP,,0,1,0.0,83.0,query_device,2026-07-27 13:03:04
148577,2026-07-27,2025-11-29,谷歌展示广告,,MOBILE,,0,1,0.0,88.0,query_device,2026-07-27 13:03:04
148578,2026-07-27,2025-11-29,谷歌广告不出现,,DESKTOP,,0,3,0.0,46.333333333333336,query_device,2026-07-27 13:03:04
148579,2026-07-27,2025-11-29,谷歌广告不出现,,MOBILE,,0,2,0.0,40.5,query_device,2026-07-27 13:03:04
148580,2026-07-27,2025-11-29,谷歌广告拒登,,DESKTOP,,0,4,0.0,70.25,query_device,2026-07-27 13:03:04
148581,2026-07-27,2025-11-29,谷歌广告拒登,,MOBILE,,0,2,0.0,89.0,query_device,2026-07-27 13:03:04
148582,2026-07-27,2025-11-29,谷歌广告编辑器,,DESKTOP,,0,3,0.0,39.333333333333336,query_device,2026-07-27 13:03:04
148583,2026-07-27,2025-11-29,谷歌广告认证,,DESKTOP,,0,1,0.0,50.0,query_device,2026-07-27 13:03:04
148584,2026-07-27,2025-11-29,谷歌广告证书,,DESKTOP,,0,1,0.0,23.0,query_device,2026-07-27 13:03:04
148585,2026-07-27,2025-11-29,谷歌竞价,,DESKTOP,,0,3,0.0,92.0,query_device,2026-07-27 13:03:04
148586,2026-07-27,2025-11-29,谷歌竞价开户,,DESKTOP,,0,11,0.0,13.363636363636363,query_device,2026-07-27 13:03:04
148587,2026-07-27,2025-11-29,谷歌竞价开户,,MOBILE,,0,1,0.0,9.0,query_device,2026-07-27 13:03:04
148588,2026-07-27,2025-11-29,质量得分,,DESKTOP,,0,1,0.0,26.0,query_device,2026-07-27 13:03:04
148589,2026-07-27,2025-11-29,购物 广告,,DESKTOP,,0,1,0.0,100.0,query_device,2026-07-27 13:03:04
148590,2026-07-27,2025-11-29,跨境 谷歌广告,,DESKTOP,,0,1,0.0,92.0,query_device,2026-07-27 13:03:04
148591,2026-07-27,2025-11-29,跨境谷歌广告,,DESKTOP,,0,2,0.0,100.0,query_device,2026-07-27 13:03:04
148592,2026-07-27,2025-11-29,轉換成本,,DESKTOP,,0,4,0.0,10.25,query_device,2026-07-27 13:03:04
148593,2026-07-27,2025-11-29,轉換率計算,,DESKTOP,,0,1,0.0,97.0,query_device,2026-07-27 13:03:04
148594,2026-07-27,2025-11-29,轉換率計算,,MOBILE,,0,3,0.0,102.66666666666667,query_device,2026-07-27 13:03:04
148595,2026-07-27,2025-11-29,转化率公式,,DESKTOP,,0,1,0.0,79.0,query_device,2026-07-27 13:03:04
148596,2026-07-27,2025-11-29,转化率计算公式,,DESKTOP,,0,2,0.0,69.5,query_device,2026-07-27 13:03:04
148597,2026-07-27,2025-11-29,转换成本,,DESKTOP,,0,2,0.0,9.5,query_device,2026-07-27 13:03:04
148598,2026-07-27,2025-11-29,里克特量表,,DESKTOP,,0,3,0.0,24.666666666666668,query_device,2026-07-27 13:03:04
148599,2026-07-27,2025-11-29,量表圖,,DESKTOP,,0,3,0.0,31.0,query_device,2026-07-27 13:03:04
148600,2026-07-27,2025-11-29,關鍵字佈局,,DESKTOP,,0,8,0.0,84.875,query_device,2026-07-27 13:03:04
148601,2026-07-27,2025-11-29,關鍵字佈局,,MOBILE,,0,4,0.0,82.75,query_device,2026-07-27 13:03:04
148602,2026-07-27,2025-11-29,關鍵字分析,,DESKTOP,,0,1,0.0,49.0,query_device,2026-07-27 13:03:04
148603,2026-07-27,2025-11-29,關鍵字廣告,,DESKTOP,,0,1,0.0,39.0,query_device,2026-07-27 13:03:04
148604,2026-07-27,2025-11-29,關鍵字規劃,,DESKTOP,,0,1,0.0,43.0,query_device,2026-07-27 13:03:04
148605,2026-07-27,2025-11-29,闭环营销活动管理数据分析的方法有哪些？,,DESKTOP,,0,1,0.0,36.0,query_device,2026-07-27 13:03:04
148606,2026-07-27,2025-11-29,顧客流失率,,DESKTOP,,0,1,0.0,32.0,query_device,2026-07-27 13:03:04
148607,2026-07-27,2025-11-29,领英推广,,DESKTOP,,0,2,0.0,91.0,query_device,2026-07-27 13:03:04
148608,2026-07-27,2025-11-29,领英注册不了,,MOBILE,,0,1,0.0,2.0,query_device,2026-07-27 13:03:04
148609,2026-07-27,2025-11-29,高效数字市场营销,,DESKTOP,,0,5,0.0,82.2,query_device,2026-07-27 13:03:04
148610,2026-07-27,2025-11-29,高效数字市场营销,,MOBILE,,0,4,0.0,79.5,query_device,2026-07-27 13:03:04
148611,2026-07-27,2025-11-29,點擊成本,,DESKTOP,,0,1,0.0,47.0,query_device,2026-07-27 13:03:04
148612,2026-07-27,2025-11-29,點擊率,,DESKTOP,,0,2,0.0,80.0,query_device,2026-07-27 13:03:04
137859,2026-07-27,2025-10-30,advich,,DESKTOP,,4,17,0.23529411764705882,4.647058823529411,query_device,2026-07-27 13:02:49
137860,2026-07-27,2025-10-30,tiktok代投,,DESKTOP,,2,12,0.16666666666666666,9.583333333333334,query_device,2026-07-27 13:02:49
137861,2026-07-27,2025-10-30,桑基图excel,,DESKTOP,,2,16,0.125,4.375,query_device,2026-07-27 13:02:49
137862,2026-07-27,2025-10-30,江苏未迟数字技术有限公司,,DESKTOP,,2,12,0.16666666666666666,2.083333333333333,query_device,2026-07-27 13:02:49
137863,2026-07-27,2025-10-30,advich,,MOBILE,,1,16,0.0625,4.875,query_device,2026-07-27 13:02:49
137864,2026-07-27,2025-10-30,advich group limited,,DESKTOP,,1,24,0.041666666666666664,2.875,query_device,2026-07-27 13:02:49
137865,2026-07-27,2025-10-30,advich group limited,,MOBILE,,1,12,0.08333333333333333,2.333333333333333,query_device,2026-07-27 13:02:49
137866,2026-07-27,2025-10-30,tiktok代运营,,DESKTOP,,1,6,0.16666666666666666,43.333333333333336,query_device,2026-07-27 13:02:49
137867,2026-07-27,2025-10-30,tiktok广告代投,,DESKTOP,,1,7,0.14285714285714285,6.571428571428571,query_device,2026-07-27 13:02:49
137868,2026-07-27,2025-10-30,twitter 4k android,,MOBILE,,1,13,0.07692307692307693,2.4615384615384617,query_device,2026-07-27 13:02:49
137869,2026-07-27,2025-10-30,推特4k,,TABLET,,1,1,1.0,5.0,query_device,2026-07-27 13:02:49
137870,2026-07-27,2025-10-30,李克特五级量表,,DESKTOP,,1,2,0.5,19.0,query_device,2026-07-27 13:02:49
137871,2026-07-27,2025-10-30,桑基圖excel,,MOBILE,,1,10,0.1,7.9,query_device,2026-07-27 13:02:49
137872,2026-07-27,2025-10-30,独立站外链,,DESKTOP,,1,1,1.0,33.0,query_device,2026-07-27 13:02:49
137873,2026-07-27,2025-10-30,谷歌竞价开户,,DESKTOP,,1,28,0.03571428571428571,6.25,query_device,2026-07-27 13:02:49
137874,2026-07-27,2025-10-30,40000x1000,,MOBILE,,0,1,0.0,8.0,query_device,2026-07-27 13:02:49
137875,2026-07-27,2025-10-30,4k保存 twitter,,DESKTOP,,0,1,0.0,11.0,query_device,2026-07-27 13:02:49
137876,2026-07-27,2025-10-30,5点李克特量表,,DESKTOP,,0,1,0.0,10.0,query_device,2026-07-27 13:02:49
137877,2026-07-27,2025-10-30,5點李克特量表,,DESKTOP,,0,1,0.0,11.0,query_device,2026-07-27 13:02:49
137878,2026-07-27,2025-10-30,5點量表,,DESKTOP,,0,1,0.0,11.0,query_device,2026-07-27 13:02:49
137879,2026-07-27,2025-10-30,advich group limited,,TABLET,,0,1,0.0,1.0,query_device,2026-07-27 13:02:49
137880,2026-07-27,2025-10-30,android twitter 4k,,DESKTOP,,0,2,0.0,1.0,query_device,2026-07-27 13:02:49
137881,2026-07-27,2025-10-30,android twitter 4k,,MOBILE,,0,2,0.0,6.0,query_device,2026-07-27 13:02:49
137882,2026-07-27,2025-10-30,android x 4k,,MOBILE,,0,2,0.0,8.0,query_device,2026-07-27 13:02:49
137883,2026-07-27,2025-10-30,ansoff matrix,,DESKTOP,,0,1,0.0,16.0,query_device,2026-07-27 13:02:49
137884,2026-07-27,2025-10-30,auction insights,,DESKTOP,,0,1,0.0,2.0,query_device,2026-07-27 13:02:49
137885,2026-07-27,2025-10-30,clickshare google ads,,DESKTOP,,0,1,0.0,3.0,query_device,2026-07-27 13:02:49
137886,2026-07-27,2025-10-30,clickshare google ads,,MOBILE,,0,1,0.0,2.0,query_device,2026-07-27 13:02:49
137887,2026-07-27,2025-10-30,cpa 是 什么 数据,,DESKTOP,,0,1,0.0,79.0,query_device,2026-07-27 13:02:49
137888,2026-07-27,2025-10-30,cpm 广告,,DESKTOP,,0,1,0.0,31.0,query_device,2026-07-27 13:02:49
137889,2026-07-27,2025-10-30,cpm 是 什么,,DESKTOP,,0,1,0.0,48.0,query_device,2026-07-27 13:02:49
137890,2026-07-27,2025-10-30,cpm 是 什么 意思,,DESKTOP,,0,1,0.0,34.0,query_device,2026-07-27 13:02:49
137891,2026-07-27,2025-10-30,ctr 公式,,DESKTOP,,0,1,0.0,10.0,query_device,2026-07-27 13:02:49
137892,2026-07-27,2025-10-30,ctr 多少 算 好,,DESKTOP,,0,1,0.0,66.0,query_device,2026-07-27 13:02:49
137893,2026-07-27,2025-10-30,ctr 意思,,DESKTOP,,0,1,0.0,77.0,query_device,2026-07-27 13:02:49
137894,2026-07-27,2025-10-30,ctr 是 什么,,DESKTOP,,0,5,0.0,73.6,query_device,2026-07-27 13:02:49
137895,2026-07-27,2025-10-30,ctr 是 什么 意思,,DESKTOP,,0,1,0.0,11.0,query_device,2026-07-27 13:02:49
137896,2026-07-27,2025-10-30,ctr怎么算,,DESKTOP,,0,1,0.0,44.0,query_device,2026-07-27 13:02:49
137897,2026-07-27,2025-10-30,ctr是什么指标,,DESKTOP,,0,2,0.0,41.5,query_device,2026-07-27 13:02:49
137898,2026-07-27,2025-10-30,ctr计算公式,,DESKTOP,,0,2,0.0,19.0,query_device,2026-07-27 13:02:49
137899,2026-07-27,2025-10-30,destination mismatch google ads,,MOBILE,,0,22,0.0,40.81818181818182,query_device,2026-07-27 13:02:49
137900,2026-07-27,2025-10-30,dsa广告,,DESKTOP,,0,4,0.0,16.0,query_device,2026-07-27 13:02:49
137901,2026-07-27,2025-10-30,dsp平台,,DESKTOP,,0,2,0.0,1.0,query_device,2026-07-27 13:02:49
137902,2026-07-27,2025-10-30,editor google ads,,DESKTOP,,0,1,0.0,34.0,query_device,2026-07-27 13:02:49
137903,2026-07-27,2025-10-30,excel sunburst,,DESKTOP,,0,1,0.0,55.0,query_device,2026-07-27 13:02:49
137904,2026-07-27,2025-10-30,excel 桑基图,,DESKTOP,,0,4,0.0,18.25,query_device,2026-07-27 13:02:49
137905,2026-07-27,2025-10-30,excel雙y軸,,DESKTOP,,0,1,0.0,47.0,query_device,2026-07-27 13:02:49
137906,2026-07-27,2025-10-30,facebook 广告,,DESKTOP,,0,5,0.0,42.2,query_device,2026-07-27 13:02:49
137907,2026-07-27,2025-10-30,facebook 广告,,MOBILE,,0,3,0.0,52.0,query_device,2026-07-27 13:02:49
137908,2026-07-27,2025-10-30,facebook 广告 资料 库,,DESKTOP,,0,1,0.0,59.0,query_device,2026-07-27 13:02:49
137909,2026-07-27,2025-10-30,facebook 营销,,DESKTOP,,0,1,0.0,73.0,query_device,2026-07-27 13:02:49
137910,2026-07-27,2025-10-30,facebook 营销,,MOBILE,,0,1,0.0,79.0,query_device,2026-07-27 13:02:49
137911,2026-07-27,2025-10-30,facebook广告,,DESKTOP,,0,3,0.0,48.666666666666664,query_device,2026-07-27 13:02:49
137912,2026-07-27,2025-10-30,facebook广告,,MOBILE,,0,4,0.0,53.75,query_device,2026-07-27 13:02:49
137913,2026-07-27,2025-10-30,facebook表单广告,,DESKTOP,,0,1,0.0,45.0,query_device,2026-07-27 13:02:49
137914,2026-07-27,2025-10-30,fb 账号,,DESKTOP,,0,1,0.0,31.0,query_device,2026-07-27 13:02:49
137915,2026-07-27,2025-10-30,fb引流,,DESKTOP,,0,1,0.0,19.0,query_device,2026-07-27 13:02:49
137916,2026-07-27,2025-10-30,fb群组,,DESKTOP,,0,1,0.0,29.0,query_device,2026-07-27 13:02:49
137917,2026-07-27,2025-10-30,g2金融驗證,,DESKTOP,,0,29,0.0,66.75862068965517,query_device,2026-07-27 13:02:49
137918,2026-07-27,2025-10-30,googe 推荐搜索广告数量,,DESKTOP,,0,2,0.0,7.0,query_device,2026-07-27 13:02:49
137919,2026-07-27,2025-10-30,google ad cpc,,DESKTOP,,0,1,0.0,29.0,query_device,2026-07-27 13:02:49
137920,2026-07-27,2025-10-30,google ad editor,,DESKTOP,,0,1,0.0,46.0,query_device,2026-07-27 13:02:49
137921,2026-07-27,2025-10-30,google ads,,DESKTOP,,0,1,0.0,76.0,query_device,2026-07-27 13:02:49
137922,2026-07-27,2025-10-30,google ads destination mismatch,,DESKTOP,,0,2,0.0,45.0,query_device,2026-07-27 13:02:49
137923,2026-07-27,2025-10-30,google ads editor,,DESKTOP,,0,6,0.0,38.833333333333336,query_device,2026-07-27 13:02:49
137924,2026-07-27,2025-10-30,google ads 优惠码,,DESKTOP,,0,1,0.0,3.0,query_device,2026-07-27 13:02:49
137925,2026-07-27,2025-10-30,google ads 编辑器,,DESKTOP,,0,3,0.0,23.666666666666668,query_device,2026-07-27 13:02:49
137926,2026-07-27,2025-10-30,google ads 證照,,DESKTOP,,0,1,0.0,81.0,query_device,2026-07-27 13:02:49
137927,2026-07-27,2025-10-30,google ads 认证,,DESKTOP,,0,4,0.0,27.5,query_device,2026-07-27 13:02:49
137928,2026-07-27,2025-10-30,google ads 迎新优惠,,DESKTOP,,0,1,0.0,27.0,query_device,2026-07-27 13:02:49
137929,2026-07-27,2025-10-30,google ads注册,,DESKTOP,,0,1,0.0,66.0,query_device,2026-07-27 13:02:49
137930,2026-07-27,2025-10-30,google ads编辑器,,DESKTOP,,0,2,0.0,42.5,query_device,2026-07-27 13:02:49
137931,2026-07-27,2025-10-30,google ads认证,,DESKTOP,,0,1,0.0,26.0,query_device,2026-07-27 13:02:49
137932,2026-07-27,2025-10-30,google ads认证考试,,DESKTOP,,0,1,0.0,24.0,query_device,2026-07-27 13:02:49
137933,2026-07-27,2025-10-30,google adweb,,DESKTOP,,0,1,0.0,74.0,query_device,2026-07-27 13:02:49
137934,2026-07-27,2025-10-30,google adwords 关键 字 工具,,DESKTOP,,0,1,0.0,6.0,query_device,2026-07-27 13:02:49
137935,2026-07-27,2025-10-30,google analytics,,DESKTOP,,0,1,0.0,12.0,query_device,2026-07-27 13:02:49
137936,2026-07-27,2025-10-30,google analytics 4 登录,,DESKTOP,,0,1,0.0,57.0,query_device,2026-07-27 13:02:49
137937,2026-07-27,2025-10-30,google analytics 登录,,DESKTOP,,0,1,0.0,20.0,query_device,2026-07-27 13:02:49
137938,2026-07-27,2025-10-30,google dsa,,DESKTOP,,0,10,0.0,72.6,query_device,2026-07-27 13:02:49
137939,2026-07-27,2025-10-30,google editor,,DESKTOP,,0,3,0.0,69.33333333333333,query_device,2026-07-27 13:02:49
137940,2026-07-27,2025-10-30,google gtm,,DESKTOP,,0,2,0.0,81.5,query_device,2026-07-27 13:02:49
137941,2026-07-27,2025-10-30,google keyword planner 怎么 用,,DESKTOP,,0,1,0.0,23.0,query_device,2026-07-27 13:02:49
137942,2026-07-27,2025-10-30,google mcc,,DESKTOP,,0,1,0.0,88.0,query_device,2026-07-27 13:02:49
137943,2026-07-27,2025-10-30,google podcast 替代,,DESKTOP,,0,1,0.0,29.0,query_device,2026-07-27 13:02:49
137944,2026-07-27,2025-10-30,google seo sem,,DESKTOP,,0,2,0.0,19.0,query_device,2026-07-27 13:02:49
137945,2026-07-27,2025-10-30,google sheets sankey,,DESKTOP,,0,1,0.0,79.0,query_device,2026-07-27 13:02:49
137946,2026-07-27,2025-10-30,google sheets sankey chart,,DESKTOP,,0,1,0.0,49.0,query_device,2026-07-27 13:02:49
137947,2026-07-27,2025-10-30,google sheets sankey diagram,,DESKTOP,,0,1,0.0,61.0,query_device,2026-07-27 13:02:49
137948,2026-07-27,2025-10-30,google tag manager gtm,,DESKTOP,,0,1,0.0,78.0,query_device,2026-07-27 13:02:49
137949,2026-07-27,2025-10-30,google 再營銷,,DESKTOP,,0,17,0.0,73.29411764705883,query_device,2026-07-27 13:02:49
137950,2026-07-27,2025-10-30,google 再營銷,,MOBILE,,0,2,0.0,84.5,query_device,2026-07-27 13:02:49
137951,2026-07-27,2025-10-30,google 展示广告网络,,DESKTOP,,0,1,0.0,29.0,query_device,2026-07-27 13:02:49
137952,2026-07-27,2025-10-30,google 广告 投放,,DESKTOP,,0,1,0.0,91.0,query_device,2026-07-27 13:02:49
137953,2026-07-27,2025-10-30,google 编辑器,,DESKTOP,,0,3,0.0,20.666666666666668,query_device,2026-07-27 13:02:49
137954,2026-07-27,2025-10-30,google再營銷,,DESKTOP,,0,2,0.0,77.0,query_device,2026-07-27 13:02:49
137955,2026-07-27,2025-10-30,google图片搜索,,DESKTOP,,0,1,0.0,23.0,query_device,2026-07-27 13:02:49
137956,2026-07-27,2025-10-30,google怎么图片搜索,,MOBILE,,0,1,0.0,20.0,query_device,2026-07-27 13:02:49
137957,2026-07-27,2025-10-30,google洞察,,MOBILE,,0,1,0.0,32.0,query_device,2026-07-27 13:02:49
137958,2026-07-27,2025-10-30,google统计代码,,DESKTOP,,0,1,0.0,5.0,query_device,2026-07-27 13:02:49
137959,2026-07-27,2025-10-30,google编辑器,,DESKTOP,,0,1,0.0,31.0,query_device,2026-07-27 13:02:49
137960,2026-07-27,2025-10-30,google认证考试,,DESKTOP,,0,2,0.0,36.5,query_device,2026-07-27 13:02:49
137961,2026-07-27,2025-10-30,gtm,,DESKTOP,,0,1,0.0,95.0,query_device,2026-07-27 13:02:49
137962,2026-07-27,2025-10-30,gtm facebook pixel,,DESKTOP,,0,1,0.0,26.0,query_device,2026-07-27 13:02:49
137963,2026-07-27,2025-10-30,gtm google,,DESKTOP,,0,2,0.0,75.0,query_device,2026-07-27 13:02:49
137964,2026-07-27,2025-10-30,gtm google tag manager,,DESKTOP,,0,2,0.0,71.5,query_device,2026-07-27 13:02:49
137965,2026-07-27,2025-10-30,gtm 意思,,DESKTOP,,0,2,0.0,86.5,query_device,2026-07-27 13:02:49
137966,2026-07-27,2025-10-30,gtm 教學,,DESKTOP,,0,1,0.0,94.0,query_device,2026-07-27 13:02:49
137967,2026-07-27,2025-10-30,gtm 是 什麼,,DESKTOP,,0,1,0.0,80.0,query_device,2026-07-27 13:02:49
137968,2026-07-27,2025-10-30,gtm 是什麼,,DESKTOP,,0,3,0.0,81.33333333333333,query_device,2026-07-27 13:02:49
137969,2026-07-27,2025-10-30,gtm意思,,DESKTOP,,0,1,0.0,73.0,query_device,2026-07-27 13:02:49
137970,2026-07-27,2025-10-30,gtm是什麼,,DESKTOP,,0,4,0.0,82.25,query_device,2026-07-27 13:02:49
137971,2026-07-27,2025-10-30,imc是什么,,DESKTOP,,0,2,0.0,52.5,query_device,2026-07-27 13:02:49
137972,2026-07-27,2025-10-30,likert 五 點 量 表,,DESKTOP,,0,1,0.0,23.0,query_device,2026-07-27 13:02:49
137973,2026-07-27,2025-10-30,likert五點量表,,MOBILE,,0,1,0.0,36.0,query_device,2026-07-27 13:02:49
137974,2026-07-27,2025-10-30,linkedin 代理 店,,MOBILE,,0,1,0.0,33.0,query_device,2026-07-27 13:02:49
137975,2026-07-27,2025-10-30,linkedin注册不了,,DESKTOP,,0,2,0.0,18.0,query_device,2026-07-27 13:02:49
137976,2026-07-27,2025-10-30,mql,,DESKTOP,,0,1,0.0,97.0,query_device,2026-07-27 13:02:49
137977,2026-07-27,2025-10-30,mql是什么,,DESKTOP,,0,1,0.0,34.0,query_device,2026-07-27 13:02:49
137978,2026-07-27,2025-10-30,pareto google sheets,,DESKTOP,,0,1,0.0,20.0,query_device,2026-07-27 13:02:49
137979,2026-07-27,2025-10-30,peso模型,,MOBILE,,0,1,0.0,1.0,query_device,2026-07-27 13:02:49
137980,2026-07-27,2025-10-30,pinterest 广告,,DESKTOP,,0,6,0.0,19.833333333333332,query_device,2026-07-27 13:02:49
137981,2026-07-27,2025-10-30,pinterest 廣告,,DESKTOP,,0,1,0.0,4.0,query_device,2026-07-27 13:02:49
137982,2026-07-27,2025-10-30,pinterest广告,,DESKTOP,,0,17,0.0,13.235294117647058,query_device,2026-07-27 13:02:49
137983,2026-07-27,2025-10-30,pinterest广告投放,,DESKTOP,,0,2,0.0,33.5,query_device,2026-07-27 13:02:49
137984,2026-07-27,2025-10-30,po文,,MOBILE,,0,1,0.0,1.0,query_device,2026-07-27 13:02:49
137985,2026-07-27,2025-10-30,ppc 運用,,DESKTOP,,0,9,0.0,58.666666666666664,query_device,2026-07-27 13:02:49
137986,2026-07-27,2025-10-30,reddit 广告,,DESKTOP,,0,1,0.0,46.0,query_device,2026-07-27 13:02:49
137987,2026-07-27,2025-10-30,reddit广告,,DESKTOP,,0,3,0.0,40.666666666666664,query_device,2026-07-27 13:02:49
137988,2026-07-27,2025-10-30,reddit广告投放,,DESKTOP,,0,2,0.0,40.5,query_device,2026-07-27 13:02:49
137989,2026-07-27,2025-10-30,roas,,DESKTOP,,0,3,0.0,70.0,query_device,2026-07-27 13:02:49
137990,2026-07-27,2025-10-30,roas 意思,,DESKTOP,,0,1,0.0,93.0,query_device,2026-07-27 13:02:49
137991,2026-07-27,2025-10-30,roas和roi的区别,,DESKTOP,,0,3,0.0,35.333333333333336,query_device,2026-07-27 13:02:49
137992,2026-07-27,2025-10-30,roi和roas的区别,,DESKTOP,,0,1,0.0,34.0,query_device,2026-07-27 13:02:49
137993,2026-07-27,2025-10-30,sa360,,DESKTOP,,0,2,0.0,59.0,query_device,2026-07-27 13:02:49
137994,2026-07-27,2025-10-30,sam tam som,,DESKTOP,,0,1,0.0,65.0,query_device,2026-07-27 13:02:49
137995,2026-07-27,2025-10-30,sankey chart google sheets,,DESKTOP,,0,3,0.0,66.0,query_device,2026-07-27 13:02:49
137996,2026-07-27,2025-10-30,sankey chart in google sheets,,DESKTOP,,0,1,0.0,95.0,query_device,2026-07-27 13:02:49
137997,2026-07-27,2025-10-30,sankey diagram google sheets,,MOBILE,,0,7,0.0,67.0,query_device,2026-07-27 13:02:49
137998,2026-07-27,2025-10-30,sankey diagram in google sheets,,DESKTOP,,0,1,0.0,77.0,query_device,2026-07-27 13:02:49
137999,2026-07-27,2025-10-30,sankey for excel,,DESKTOP,,0,2,0.0,7.5,query_device,2026-07-27 13:02:49
138000,2026-07-27,2025-10-30,sankey google sheets,,DESKTOP,,0,2,0.0,63.5,query_device,2026-07-27 13:02:49
138001,2026-07-27,2025-10-30,sankey in google sheets,,DESKTOP,,0,1,0.0,45.0,query_device,2026-07-27 13:02:49
138002,2026-07-27,2025-10-30,sem 广告,,DESKTOP,,0,2,0.0,73.0,query_device,2026-07-27 13:02:49
138003,2026-07-27,2025-10-30,sem 是 什么,,DESKTOP,,0,1,0.0,100.0,query_device,2026-07-27 13:02:49
138004,2026-07-27,2025-10-30,seo google adwords,,MOBILE,,0,1,0.0,4.0,query_device,2026-07-27 13:02:49
138005,2026-07-27,2025-10-30,seo 是 什么,,DESKTOP,,0,2,0.0,83.5,query_device,2026-07-27 13:02:49
138006,2026-07-27,2025-10-30,serviceable addressable market,,DESKTOP,,0,1,0.0,81.0,query_device,2026-07-27 13:02:49
138007,2026-07-27,2025-10-30,serviceable addressable market sam,,DESKTOP,,0,3,0.0,95.66666666666667,query_device,2026-07-27 13:02:49
138008,2026-07-27,2025-10-30,shopify 建站 费用,,DESKTOP,,0,1,0.0,41.0,query_device,2026-07-27 13:02:49
138009,2026-07-27,2025-10-30,shopify 独立 站 排名,,DESKTOP,,0,1,0.0,16.0,query_device,2026-07-27 13:02:49
138010,2026-07-27,2025-10-30,shopify代理,,DESKTOP,,0,4,0.0,17.5,query_device,2026-07-27 13:02:49
138011,2026-07-27,2025-10-30,site:advich.com,,DESKTOP,,0,15,0.0,7.666666666666667,query_device,2026-07-27 13:02:49
138012,2026-07-27,2025-10-30,ssp 平台,,DESKTOP,,0,1,0.0,98.0,query_device,2026-07-27 13:02:49
138013,2026-07-27,2025-10-30,ssp 是 什麼,,DESKTOP,,0,1,0.0,78.0,query_device,2026-07-27 13:02:49
138014,2026-07-27,2025-10-30,ssp是什麼,,DESKTOP,,0,1,0.0,67.0,query_device,2026-07-27 13:02:49
138015,2026-07-27,2025-10-30,stp 分析,,DESKTOP,,0,1,0.0,50.0,query_device,2026-07-27 13:02:49
138016,2026-07-27,2025-10-30,tam sam,,DESKTOP,,0,4,0.0,53.5,query_device,2026-07-27 13:02:49
138017,2026-07-27,2025-10-30,tam sam som,,DESKTOP,,0,4,0.0,77.75,query_device,2026-07-27 13:02:49
138018,2026-07-27,2025-10-30,tam sam som definition,,DESKTOP,,0,2,0.0,85.0,query_device,2026-07-27 13:02:49
138019,2026-07-27,2025-10-30,threads發語音,,MOBILE,,0,1,0.0,1.0,query_device,2026-07-27 13:02:49
138020,2026-07-27,2025-10-30,tik tok 廣告,,DESKTOP,,0,1,0.0,96.0,query_device,2026-07-27 13:02:49
138021,2026-07-27,2025-10-30,tiktok 代理,,DESKTOP,,0,3,0.0,34.666666666666664,query_device,2026-07-27 13:02:49
138022,2026-07-27,2025-10-30,tiktok 广告 创意 中心,,DESKTOP,,0,1,0.0,33.0,query_device,2026-07-27 13:02:49
138023,2026-07-27,2025-10-30,tiktok 广告平台,,DESKTOP,,0,1,0.0,36.0,query_device,2026-07-27 13:02:49
138024,2026-07-27,2025-10-30,tiktok代理,,DESKTOP,,0,2,0.0,34.0,query_device,2026-07-27 13:02:49
138025,2026-07-27,2025-10-30,tiktok广告代投,,MOBILE,,0,2,0.0,18.0,query_device,2026-07-27 13:02:49
138026,2026-07-27,2025-10-30,tiktok广告代理,,DESKTOP,,0,3,0.0,16.666666666666664,query_device,2026-07-27 13:02:49
138027,2026-07-27,2025-10-30,tiktok广告代理商,,DESKTOP,,0,2,0.0,19.5,query_device,2026-07-27 13:02:49
138028,2026-07-27,2025-10-30,tiktok广告优化技巧,,DESKTOP,,0,1,0.0,16.0,query_device,2026-07-27 13:02:49
138029,2026-07-27,2025-10-30,tiktok广告开户,,DESKTOP,,0,2,0.0,32.0,query_device,2026-07-27 13:02:49
138030,2026-07-27,2025-10-30,tiktok广告投放平台,,DESKTOP,,0,2,0.0,38.5,query_device,2026-07-27 13:02:49
138031,2026-07-27,2025-10-30,tiktok开户,,DESKTOP,,0,8,0.0,32.875,query_device,2026-07-27 13:02:49
138032,2026-07-27,2025-10-30,tiktok开户,,MOBILE,,0,1,0.0,34.0,query_device,2026-07-27 13:02:49
138033,2026-07-27,2025-10-30,troas是什么,,DESKTOP,,0,1,0.0,23.0,query_device,2026-07-27 13:02:49
138034,2026-07-27,2025-10-30,twitter 4k,,DESKTOP,,0,2,0.0,8.5,query_device,2026-07-27 13:02:49
138035,2026-07-27,2025-10-30,twitter 4k,,MOBILE,,0,6,0.0,5.0,query_device,2026-07-27 13:02:49
138036,2026-07-27,2025-10-30,twitter 4k android,,DESKTOP,,0,2,0.0,1.0,query_device,2026-07-27 13:02:49
138037,2026-07-27,2025-10-30,twitter 4k 灰色,,DESKTOP,,0,1,0.0,8.0,query_device,2026-07-27 13:02:49
138038,2026-07-27,2025-10-30,twitter 4k載入,,DESKTOP,,0,5,0.0,5.2,query_device,2026-07-27 13:02:49
138039,2026-07-27,2025-10-30,twitter 4k載入,,MOBILE,,0,13,0.0,2.8461538461538463,query_device,2026-07-27 13:02:49
138040,2026-07-27,2025-10-30,twitter android 4k,,MOBILE,,0,1,0.0,6.0,query_device,2026-07-27 13:02:49
138041,2026-07-27,2025-10-30,twitter 以 4k 載 入,,DESKTOP,,0,1,0.0,3.0,query_device,2026-07-27 13:02:49
138042,2026-07-27,2025-10-30,twitter 以 4k 載 入,,MOBILE,,0,12,0.0,4.0,query_device,2026-07-27 13:02:49
138043,2026-07-27,2025-10-30,twitter 以4k載入,,DESKTOP,,0,7,0.0,2.571428571428571,query_device,2026-07-27 13:02:49
138044,2026-07-27,2025-10-30,twitter 以4k載入,,MOBILE,,0,6,0.0,5.333333333333333,query_device,2026-07-27 13:02:49
138045,2026-07-27,2025-10-30,twitter 通知音,,MOBILE,,0,1,0.0,1.0,query_device,2026-07-27 13:02:49
138046,2026-07-27,2025-10-30,x 4k android,,DESKTOP,,0,1,0.0,6.0,query_device,2026-07-27 13:02:49
138047,2026-07-27,2025-10-30,x 4k android,,MOBILE,,0,1,0.0,8.0,query_device,2026-07-27 13:02:49
138048,2026-07-27,2025-10-30,x 4k 載 入,,DESKTOP,,0,1,0.0,5.0,query_device,2026-07-27 13:02:49
138049,2026-07-27,2025-10-30,x 4k 載 入,,MOBILE,,0,1,0.0,4.0,query_device,2026-07-27 13:02:49
138050,2026-07-27,2025-10-30,x 4k表示,,DESKTOP,,0,1,0.0,8.0,query_device,2026-07-27 13:02:49
138051,2026-07-27,2025-10-30,x 4k載入,,DESKTOP,,0,11,0.0,4.090909090909091,query_device,2026-07-27 13:02:49
138052,2026-07-27,2025-10-30,x 4k載入,,MOBILE,,0,52,0.0,3.5576923076923075,query_device,2026-07-27 13:02:49
138053,2026-07-27,2025-10-30,x 以4k載入,,DESKTOP,,0,4,0.0,5.0,query_device,2026-07-27 13:02:49
138054,2026-07-27,2025-10-30,x 以4k載入,,MOBILE,,0,18,0.0,5.0,query_device,2026-07-27 13:02:49
138055,2026-07-27,2025-10-30,x如何私信,,MOBILE,,0,1,0.0,1.0,query_device,2026-07-27 13:02:49
138056,2026-07-27,2025-10-30,x怎么发私信,,MOBILE,,0,1,0.0,1.0,query_device,2026-07-27 13:02:49
138057,2026-07-27,2025-10-30,youtube lead form,,DESKTOP,,0,1,0.0,8.0,query_device,2026-07-27 13:02:49
138058,2026-07-27,2025-10-30,youtube lead form ads,,DESKTOP,,0,4,0.0,44.25,query_device,2026-07-27 13:02:49
138059,2026-07-27,2025-10-30,youtube 搜索 技巧,,DESKTOP,,0,1,0.0,66.0,query_device,2026-07-27 13:02:49
138060,2026-07-27,2025-10-30,youtube 是 什么,,DESKTOP,,0,1,0.0,77.0,query_device,2026-07-27 13:02:49
138061,2026-07-27,2025-10-30,youtube 频道 关键 字,,DESKTOP,,0,1,0.0,69.0,query_device,2026-07-27 13:02:49
138062,2026-07-27,2025-10-30,youtube代理,,MOBILE,,0,1,0.0,20.0,query_device,2026-07-27 13:02:49
138063,2026-07-27,2025-10-30,三軸圖,,DESKTOP,,0,1,0.0,9.0,query_device,2026-07-27 13:02:49
138064,2026-07-27,2025-10-30,三軸圖,,TABLET,,0,1,0.0,4.0,query_device,2026-07-27 13:02:49
138065,2026-07-27,2025-10-30,为了更好的观察一周气温的变化情况，应该选择绘制什么统计图？,,DESKTOP,,0,7,0.0,11.714285714285714,query_device,2026-07-27 13:02:49
138066,2026-07-27,2025-10-30,为什么付款方式被拒绝,,DESKTOP,,0,1,0.0,62.0,query_device,2026-07-27 13:02:49
138067,2026-07-27,2025-10-30,为什么正文中的关键词对搜索结果影响很大？,,DESKTOP,,0,10,0.0,3.5,query_device,2026-07-27 13:02:49
138068,2026-07-27,2025-10-30,为什么要计算每种方案的总花费呢？,,DESKTOP,,0,2,0.0,19.5,query_device,2026-07-27 13:02:49
138069,2026-07-27,2025-10-30,互动点击率,,DESKTOP,,0,1,0.0,5.0,query_device,2026-07-27 13:02:49
138070,2026-07-27,2025-10-30,五點李克特量表,,DESKTOP,,0,1,0.0,11.0,query_device,2026-07-27 13:02:49
138071,2026-07-27,2025-10-30,五點量表,,MOBILE,,0,1,0.0,12.0,query_device,2026-07-27 13:02:49
138072,2026-07-27,2025-10-30,五點量表分析,,DESKTOP,,0,1,0.0,2.0,query_device,2026-07-27 13:02:49
138073,2026-07-27,2025-10-30,什么是广告扩展？,,DESKTOP,,0,12,0.0,17.416666666666668,query_device,2026-07-27 13:02:49
138074,2026-07-27,2025-10-30,什么是独立站,,DESKTOP,,0,2,0.0,12.0,query_device,2026-07-27 13:02:49
138075,2026-07-27,2025-10-30,什么是独立站,,MOBILE,,0,3,0.0,4.0,query_device,2026-07-27 13:02:49
138076,2026-07-27,2025-10-30,什么是营销理念,,DESKTOP,,0,4,0.0,45.0,query_device,2026-07-27 13:02:49
138077,2026-07-27,2025-10-30,什么是营销理念,,MOBILE,,0,1,0.0,48.0,query_device,2026-07-27 13:02:49
138078,2026-07-27,2025-10-30,以4k載入,,DESKTOP,,0,2,0.0,5.0,query_device,2026-07-27 13:02:49
138079,2026-07-27,2025-10-30,以4k載入,,MOBILE,,0,9,0.0,4.666666666666666,query_device,2026-07-27 13:02:49
138080,2026-07-27,2025-10-30,促进销售,,DESKTOP,,0,4,0.0,22.0,query_device,2026-07-27 13:02:49
138081,2026-07-27,2025-10-30,促进销售,,MOBILE,,0,4,0.0,28.75,query_device,2026-07-27 13:02:49
138082,2026-07-27,2025-10-30,全字界对搜索引擎的搜索结果有什么影响？,,DESKTOP,,0,1,0.0,17.0,query_device,2026-07-27 13:02:49
138083,2026-07-27,2025-10-30,全球商机洞察,,DESKTOP,,0,2,0.0,20.5,query_device,2026-07-27 13:02:49
138084,2026-07-27,2025-10-30,六點量表範例,,DESKTOP,,0,1,0.0,7.0,query_device,2026-07-27 13:02:49
138085,2026-07-27,2025-10-30,六點量表範例,,MOBILE,,0,1,0.0,14.0,query_device,2026-07-27 13:02:49
138086,2026-07-27,2025-10-30,关键词规划师,,DESKTOP,,0,1,0.0,5.0,query_device,2026-07-27 13:02:49
138087,2026-07-27,2025-10-30,再营销,,DESKTOP,,0,2,0.0,14.0,query_device,2026-07-27 13:02:49
138088,2026-07-27,2025-10-30,出海 google seo,,DESKTOP,,0,15,0.0,85.66666666666667,query_device,2026-07-27 13:02:49
138089,2026-07-27,2025-10-30,出海 google 广告,,DESKTOP,,0,11,0.0,71.27272727272727,query_device,2026-07-27 13:02:49
138090,2026-07-27,2025-10-30,出海seo,,DESKTOP,,0,1,0.0,81.0,query_device,2026-07-27 13:02:49
138091,2026-07-27,2025-10-30,出海谷歌广告,,DESKTOP,,0,9,0.0,69.0,query_device,2026-07-27 13:02:49
138092,2026-07-27,2025-10-30,加密货币分析软件,,DESKTOP,,0,2,0.0,37.0,query_device,2026-07-27 13:02:49
138093,2026-07-27,2025-10-30,加密货币的好处,,DESKTOP,,0,1,0.0,91.0,query_device,2026-07-27 13:02:49
138094,2026-07-27,2025-10-30,动态广告,,DESKTOP,,0,2,0.0,20.0,query_device,2026-07-27 13:02:49
138095,2026-07-27,2025-10-30,动态广告,,MOBILE,,0,2,0.0,41.5,query_device,2026-07-27 13:02:49
138096,2026-07-27,2025-10-30,动态搜索广告,,DESKTOP,,0,3,0.0,24.0,query_device,2026-07-27 13:02:49
138097,2026-07-27,2025-10-30,动态搜索广告,,MOBILE,,0,1,0.0,16.0,query_device,2026-07-27 13:02:49
138098,2026-07-27,2025-10-30,动态聚焦技术在搜索广告中有何应用?,,DESKTOP,,0,1,0.0,18.0,query_device,2026-07-27 13:02:49
138099,2026-07-27,2025-10-30,卖货技巧,,DESKTOP,,0,2,0.0,6.0,query_device,2026-07-27 13:02:49
138100,2026-07-27,2025-10-30,双y轴,,DESKTOP,,0,1,0.0,8.0,query_device,2026-07-27 13:02:49
138101,2026-07-27,2025-10-30,双y轴折线图,,DESKTOP,,0,2,0.0,20.5,query_device,2026-07-27 13:02:49
138102,2026-07-27,2025-10-30,受众定位,,DESKTOP,,0,4,0.0,89.0,query_device,2026-07-27 13:02:49
138103,2026-07-27,2025-10-30,受众定位,,MOBILE,,0,2,0.0,84.5,query_device,2026-07-27 13:02:49
138104,2026-07-27,2025-10-30,可视化表格,,DESKTOP,,0,1,0.0,81.0,query_device,2026-07-27 13:02:49
138105,2026-07-27,2025-10-30,在不包含发布商内容的屏幕上展示 google 投放的广告,,DESKTOP,,0,3,0.0,14.666666666666666,query_device,2026-07-27 13:02:49
138106,2026-07-27,2025-10-30,在计算机领域中，如何利用关键词进行信息检索预测和自动补全？,,DESKTOP,,0,12,0.0,18.916666666666668,query_device,2026-07-27 13:02:49
138107,2026-07-27,2025-10-30,在计算机领域中，如何评估关键词优先选择的效果？,,DESKTOP,,0,6,0.0,10.666666666666666,query_device,2026-07-27 13:02:49
138108,2026-07-27,2025-10-30,堆积面积图,,DESKTOP,,0,1,0.0,15.0,query_device,2026-07-27 13:02:49
138109,2026-07-27,2025-10-30,增加销售额策略,,DESKTOP,,0,3,0.0,30.666666666666668,query_device,2026-07-27 13:02:49
138110,2026-07-27,2025-10-30,外贸独立站,,DESKTOP,,0,2,0.0,118.5,query_device,2026-07-27 13:02:49
138111,2026-07-27,2025-10-30,外贸独立站搭建,,DESKTOP,,0,1,0.0,94.0,query_device,2026-07-27 13:02:49
138112,2026-07-27,2025-10-30,外贸网站seo优化,,MOBILE,,0,1,0.0,94.0,query_device,2026-07-27 13:02:49
138113,2026-07-27,2025-10-30,外贸网站优化,,DESKTOP,,0,1,0.0,40.0,query_device,2026-07-27 13:02:49
138114,2026-07-27,2025-10-30,如何优化计算机领域中特定关键词的信息检索效果？,,DESKTOP,,0,3,0.0,15.0,query_device,2026-07-27 13:02:49
138115,2026-07-27,2025-10-30,如何关闭google广告,,MOBILE,,0,1,0.0,3.0,query_device,2026-07-27 13:02:49
138116,2026-07-27,2025-10-30,如何利用业务量矩阵进行业务拓展？,,DESKTOP,,0,48,0.0,13.833333333333334,query_device,2026-07-27 13:02:49
138117,2026-07-27,2025-10-30,如何利用机器学习算法来确定最佳广告时段？,,DESKTOP,,0,11,0.0,17.272727272727273,query_device,2026-07-27 13:02:49
138118,2026-07-27,2025-10-30,如何利用网络招聘提升公司的品牌形象？,,DESKTOP,,0,10,0.0,15.1,query_device,2026-07-27 13:02:49
138119,2026-07-27,2025-10-30,如何制定整合营销策略？,,DESKTOP,,0,3,0.0,21.0,query_device,2026-07-27 13:02:49
138120,2026-07-27,2025-10-30,如何在数据可视化中使用随机颜色来增加图表的吸引力？,,DESKTOP,,0,12,0.0,16.833333333333336,query_device,2026-07-27 13:02:49
138121,2026-07-27,2025-10-30,如何提高销售额,,DESKTOP,,0,5,0.0,86.6,query_device,2026-07-27 13:02:49
138122,2026-07-27,2025-10-30,如何提高销售额,,MOBILE,,0,3,0.0,89.66666666666667,query_device,2026-07-27 13:02:49
138123,2026-07-27,2025-10-30,如何提高非收入销售业绩？,,DESKTOP,,0,4,0.0,13.75,query_device,2026-07-27 13:02:49
138124,2026-07-27,2025-10-30,如何监控和统计广告轮播的点击量？,,DESKTOP,,0,14,0.0,13.714285714285714,query_device,2026-07-27 13:02:49
138125,2026-07-27,2025-10-30,如何计算受众份额？,,DESKTOP,,0,1,0.0,20.0,query_device,2026-07-27 13:02:49
138126,2026-07-27,2025-10-30,如何计算订单更改率？,,DESKTOP,,0,1,0.0,11.0,query_device,2026-07-27 13:02:49
138127,2026-07-27,2025-10-30,如何选择合适的关键词密度来改善搜索引擎排名？,,DESKTOP,,0,3,0.0,17.666666666666668,query_device,2026-07-27 13:02:49
138128,2026-07-27,2025-10-30,如何避免视频广告中的点击欺诈?,,DESKTOP,,0,38,0.0,13.263157894736842,query_device,2026-07-27 13:02:49
138129,2026-07-27,2025-10-30,安全搜索设置,,DESKTOP,,0,1,0.0,54.0,query_device,2026-07-27 13:02:49
138130,2026-07-27,2025-10-30,安索夫矩阵,,DESKTOP,,0,1,0.0,23.0,query_device,2026-07-27 13:02:49
138131,2026-07-27,2025-10-30,富媒體廣告,,DESKTOP,,0,10,0.0,20.4,query_device,2026-07-27 13:02:49
138132,2026-07-27,2025-10-30,尝试不使用个性化功能,,DESKTOP,,0,1,0.0,6.0,query_device,2026-07-27 13:02:49
138133,2026-07-27,2025-10-30,尝试不使用个性化功能,,MOBILE,,0,11,0.0,10.636363636363637,query_device,2026-07-27 13:02:49
138134,2026-07-27,2025-10-30,展示广告,,DESKTOP,,0,18,0.0,88.11111111111111,query_device,2026-07-27 13:02:49
138135,2026-07-27,2025-10-30,差距分析适用于哪些类型的数据？,,DESKTOP,,0,4,0.0,19.0,query_device,2026-07-27 13:02:49
138136,2026-07-27,2025-10-30,帕雷托,,DESKTOP,,0,1,0.0,20.0,query_device,2026-07-27 13:02:49
138137,2026-07-27,2025-10-30,常用的搜索引擎都有哪些类型，他们的优缺点是什么,,DESKTOP,,0,1,0.0,28.0,query_device,2026-07-27 13:02:49
138138,2026-07-27,2025-10-30,平均成本,,DESKTOP,,0,1,0.0,56.0,query_device,2026-07-27 13:02:49
138139,2026-07-27,2025-10-30,广告cpm,,DESKTOP,,0,1,0.0,42.0,query_device,2026-07-27 13:02:49
138140,2026-07-27,2025-10-30,广告例子,,DESKTOP,,0,1,0.0,48.0,query_device,2026-07-27 13:02:49
138141,2026-07-27,2025-10-30,广告审核,,DESKTOP,,0,2,0.0,35.0,query_device,2026-07-27 13:02:49
138142,2026-07-27,2025-10-30,广告归因,,DESKTOP,,0,1,0.0,1.0,query_device,2026-07-27 13:02:49
138143,2026-07-27,2025-10-30,广告扩展如何提高广告的点击率？,,DESKTOP,,0,5,0.0,11.8,query_device,2026-07-27 13:02:49
138144,2026-07-27,2025-10-30,广告扩展有哪些常用的类型？,,DESKTOP,,0,1,0.0,1.0,query_device,2026-07-27 13:02:49
138145,2026-07-27,2025-10-30,广告支出回报率,,DESKTOP,,0,1,0.0,38.0,query_device,2026-07-27 13:02:49
138146,2026-07-27,2025-10-30,广告时段的选择与受众属性有关吗？,,DESKTOP,,0,3,0.0,19.0,query_device,2026-07-27 13:02:49
138147,2026-07-27,2025-10-30,广告系统中的dsp和ssp有什么区别和联系？,,DESKTOP,,0,12,0.0,20.333333333333332,query_device,2026-07-27 13:02:49
138148,2026-07-27,2025-10-30,怎样选择最适合的广告播放时间段？,,DESKTOP,,0,1,0.0,18.0,query_device,2026-07-27 13:02:49
138149,2026-07-27,2025-10-30,您的付款方式已被拒绝请尝试使用其他方式,,DESKTOP,,0,1,0.0,80.0,query_device,2026-07-27 13:02:49
138150,2026-07-27,2025-10-30,您的卡已被拒绝请尝试使用其他付款方式,,DESKTOP,,0,1,0.0,74.0,query_device,2026-07-27 13:02:49
138151,2026-07-27,2025-10-30,扩展,,DESKTOP,,0,1,0.0,89.0,query_device,2026-07-27 13:02:49
138152,2026-07-27,2025-10-30,抖音开户,,MOBILE,,0,1,0.0,28.0,query_device,2026-07-27 13:02:49
138153,2026-07-27,2025-10-30,折线图生成器,,DESKTOP,,0,1,0.0,73.0,query_device,2026-07-27 13:02:49
138154,2026-07-27,2025-10-30,拉动式营销策略具体有哪些,,DESKTOP,,0,1,0.0,2.0,query_device,2026-07-27 13:02:49
138155,2026-07-27,2025-10-30,拉式策略,,DESKTOP,,0,1,0.0,2.0,query_device,2026-07-27 13:02:49
138156,2026-07-27,2025-10-30,按效果付费的信息检索系统如何处理点击欺诈行为？,,DESKTOP,,0,4,0.0,5.25,query_device,2026-07-27 13:02:49
138157,2026-07-27,2025-10-30,探索性数据分析,,DESKTOP,,0,2,0.0,47.0,query_device,2026-07-27 13:02:49
138158,2026-07-27,2025-10-30,推 特 视频 画 质,,DESKTOP,,0,1,0.0,68.0,query_device,2026-07-27 13:02:49
138159,2026-07-27,2025-10-30,推特 4k,,MOBILE,,0,3,0.0,4.0,query_device,2026-07-27 13:02:49
138160,2026-07-27,2025-10-30,推特4k,,MOBILE,,0,3,0.0,6.0,query_device,2026-07-27 13:02:49
138161,2026-07-27,2025-10-30,推特万听,,DESKTOP,,0,1,0.0,1.0,query_device,2026-07-27 13:02:49
138162,2026-07-27,2025-10-30,推特上值得关注的账号,,DESKTOP,,0,1,0.0,44.0,query_device,2026-07-27 13:02:49
138163,2026-07-27,2025-10-30,推特列表,,DESKTOP,,0,1,0.0,15.0,query_device,2026-07-27 13:02:49
138164,2026-07-27,2025-10-30,推特列表,,MOBILE,,0,1,0.0,13.0,query_device,2026-07-27 13:02:49
138165,2026-07-27,2025-10-30,推特原图,,DESKTOP,,0,1,0.0,28.0,query_device,2026-07-27 13:02:49
138166,2026-07-27,2025-10-30,推特图片搜索工具,,DESKTOP,,0,1,0.0,45.0,query_device,2026-07-27 13:02:49
138167,2026-07-27,2025-10-30,推特如何私信,,MOBILE,,0,1,0.0,2.0,query_device,2026-07-27 13:02:49
138168,2026-07-27,2025-10-30,推特怎么发私信,,DESKTOP,,0,6,0.0,2.166666666666667,query_device,2026-07-27 13:02:49
138169,2026-07-27,2025-10-30,推特怎么发私信,,MOBILE,,0,7,0.0,2.2857142857142856,query_device,2026-07-27 13:02:49
138170,2026-07-27,2025-10-30,推特怎么改视频画质,,DESKTOP,,0,2,0.0,11.0,query_device,2026-07-27 13:02:49
138171,2026-07-27,2025-10-30,推特怎么改视频画质,,MOBILE,,0,3,0.0,2.0,query_device,2026-07-27 13:02:49
138172,2026-07-27,2025-10-30,推特怎么私信,,DESKTOP,,0,6,0.0,2.0,query_device,2026-07-27 13:02:49
138173,2026-07-27,2025-10-30,推特怎么私信,,MOBILE,,0,9,0.0,2.7777777777777777,query_device,2026-07-27 13:02:49
138174,2026-07-27,2025-10-30,推特注册方法,,DESKTOP,,0,1,0.0,57.0,query_device,2026-07-27 13:02:49
138175,2026-07-27,2025-10-30,推特用户名查询,,DESKTOP,,0,1,0.0,38.0,query_device,2026-07-27 13:02:49
138176,2026-07-27,2025-10-30,推特私信,,DESKTOP,,0,1,0.0,2.0,query_device,2026-07-27 13:02:49
138177,2026-07-27,2025-10-30,推特私信,,MOBILE,,0,9,0.0,2.0,query_device,2026-07-27 13:02:49
138178,2026-07-27,2025-10-30,推特私信功能,,MOBILE,,0,4,0.0,1.5,query_device,2026-07-27 13:02:49
138179,2026-07-27,2025-10-30,提高 ppc 性能,,DESKTOP,,0,95,0.0,6.126315789473685,query_device,2026-07-27 13:02:49
138180,2026-07-27,2025-10-30,提高 ppc 性能,,MOBILE,,0,112,0.0,10.75,query_device,2026-07-27 13:02:49
138181,2026-07-27,2025-10-30,搜索引擎使用技巧,,DESKTOP,,0,1,0.0,72.0,query_device,2026-07-27 13:02:49
138182,2026-07-27,2025-10-30,搜索引擎营销,,DESKTOP,,0,1,0.0,57.0,query_device,2026-07-27 13:02:49
138183,2026-07-27,2025-10-30,散点图在线制作,,DESKTOP,,0,1,0.0,33.0,query_device,2026-07-27 13:02:49
138184,2026-07-27,2025-10-30,数字服务法案,,DESKTOP,,0,1,0.0,41.0,query_device,2026-07-27 13:02:49
138185,2026-07-27,2025-10-30,数据分析师 工作内容,,DESKTOP,,0,1,0.0,30.0,query_device,2026-07-27 13:02:49
138186,2026-07-27,2025-10-30,数据可视化图表类型,,DESKTOP,,0,1,0.0,47.0,query_device,2026-07-27 13:02:49
138187,2026-07-27,2025-10-30,數碼營銷 好處,,DESKTOP,,0,1,0.0,72.0,query_device,2026-07-27 13:02:49
138188,2026-07-27,2025-10-30,斜率的定义？怎样教学比较好？,,DESKTOP,,0,2,0.0,23.5,query_device,2026-07-27 13:02:49
138189,2026-07-27,2025-10-30,智能购物广告,,DESKTOP,,0,1,0.0,27.0,query_device,2026-07-27 13:02:49
138190,2026-07-27,2025-10-30,最重要的问题算法如何处理多关键词查询？,,DESKTOP,,0,9,0.0,19.0,query_device,2026-07-27 13:02:49
138191,2026-07-27,2025-10-30,李 克 特 量 表,,DESKTOP,,0,2,0.0,50.5,query_device,2026-07-27 13:02:49
138192,2026-07-27,2025-10-30,李 克 特 量 表 範例,,DESKTOP,,0,1,0.0,45.0,query_device,2026-07-27 13:02:49
138193,2026-07-27,2025-10-30,李克特5點量表,,DESKTOP,,0,1,0.0,14.0,query_device,2026-07-27 13:02:49
138194,2026-07-27,2025-10-30,李克特五点量表,,DESKTOP,,0,2,0.0,9.5,query_device,2026-07-27 13:02:49
138195,2026-07-27,2025-10-30,李克特五點量表,,DESKTOP,,0,1,0.0,39.0,query_device,2026-07-27 13:02:49
138196,2026-07-27,2025-10-30,李克特五點量表範例,,DESKTOP,,0,7,0.0,14.285714285714286,query_device,2026-07-27 13:02:49
138197,2026-07-27,2025-10-30,李克特五點量表範例,,MOBILE,,0,2,0.0,3.0,query_device,2026-07-27 13:02:49
138198,2026-07-27,2025-10-30,李克特量,,DESKTOP,,0,1,0.0,47.0,query_device,2026-07-27 13:02:49
138199,2026-07-27,2025-10-30,李克特量表,,DESKTOP,,0,2,0.0,29.5,query_device,2026-07-27 13:02:49
138200,2026-07-27,2025-10-30,李克特量表excel,,DESKTOP,,0,2,0.0,8.5,query_device,2026-07-27 13:02:49
138201,2026-07-27,2025-10-30,李克特量表excel,,MOBILE,,0,1,0.0,11.0,query_device,2026-07-27 13:02:49
138202,2026-07-27,2025-10-30,李克特量表分析方法,,MOBILE,,0,1,0.0,8.0,query_device,2026-07-27 13:02:49
138203,2026-07-27,2025-10-30,桑基图excel,,MOBILE,,0,1,0.0,10.0,query_device,2026-07-27 13:02:49
138204,2026-07-27,2025-10-30,桑基图在线制作,,DESKTOP,,0,1,0.0,90.0,query_device,2026-07-27 13:02:49
138205,2026-07-27,2025-10-30,桑基圖excel,,DESKTOP,,0,19,0.0,8.473684210526315,query_device,2026-07-27 13:02:49
138206,2026-07-27,2025-10-30,桑基圖excel,,TABLET,,0,2,0.0,10.0,query_device,2026-07-27 13:02:49
138207,2026-07-27,2025-10-30,欧盟数位服务法案 首次提出 年份,,DESKTOP,,0,2,0.0,9.0,query_device,2026-07-27 13:02:49
138208,2026-07-27,2025-10-30,比較 圖表,,DESKTOP,,0,2,0.0,80.5,query_device,2026-07-27 13:02:49
138209,2026-07-27,2025-10-30,江苏未迟数字技术有限公司,,MOBILE,,0,1,0.0,2.0,query_device,2026-07-27 13:02:49
138210,2026-07-27,2025-10-30,海外广告投放平台,,DESKTOP,,0,1,0.0,51.0,query_device,2026-07-27 13:02:49
138211,2026-07-27,2025-10-30,海外引流,,DESKTOP,,0,17,0.0,17.11764705882353,query_device,2026-07-27 13:02:49
138212,2026-07-27,2025-10-30,海外引流,,MOBILE,,0,1,0.0,18.0,query_device,2026-07-27 13:02:49
138213,2026-07-27,2025-10-30,海外投流,,DESKTOP,,0,2,0.0,10.5,query_device,2026-07-27 13:02:49
138214,2026-07-27,2025-10-30,海外投流,,MOBILE,,0,1,0.0,8.0,query_device,2026-07-27 13:02:49
138215,2026-07-27,2025-10-30,海外社媒有哪些,,DESKTOP,,0,1,0.0,33.0,query_device,2026-07-27 13:02:49
138216,2026-07-27,2025-10-30,消费品 crm 研究报告,,DESKTOP,,0,3,0.0,53.333333333333336,query_device,2026-07-27 13:02:49
138217,2026-07-27,2025-10-30,消费品和crm,,DESKTOP,,0,1,0.0,93.0,query_device,2026-07-27 13:02:49
138218,2026-07-27,2025-10-30,点击 率,,DESKTOP,,0,1,0.0,69.0,query_device,2026-07-27 13:02:49
138219,2026-07-27,2025-10-30,点击率,,DESKTOP,,0,1,0.0,4.0,query_device,2026-07-27 13:02:49
138220,2026-07-27,2025-10-30,点击率,,MOBILE,,0,4,0.0,7.75,query_device,2026-07-27 13:02:49
138221,2026-07-27,2025-10-30,独立站,,DESKTOP,,0,5,0.0,75.6,query_device,2026-07-27 13:02:49
138222,2026-07-27,2025-10-30,独立站信用卡收款,,DESKTOP,,0,1,0.0,68.0,query_device,2026-07-27 13:02:49
138223,2026-07-27,2025-10-30,独立站推广,,DESKTOP,,0,1,0.0,65.0,query_device,2026-07-27 13:02:49
138224,2026-07-27,2025-10-30,独立站收单,,DESKTOP,,0,1,0.0,51.0,query_device,2026-07-27 13:02:49
138225,2026-07-27,2025-10-30,独立站是什么,,DESKTOP,,0,5,0.0,40.2,query_device,2026-07-27 13:02:49
138226,2026-07-27,2025-10-30,独立站是什么,,MOBILE,,0,1,0.0,1.0,query_device,2026-07-27 13:02:49
138227,2026-07-27,2025-10-30,独立站流量分析工具,,DESKTOP,,0,1,0.0,91.0,query_device,2026-07-27 13:02:49
138228,2026-07-27,2025-10-30,独立站运营,,DESKTOP,,0,1,0.0,68.0,query_device,2026-07-27 13:02:49
138229,2026-07-27,2025-10-30,用户关注转化率怎么计算？,,DESKTOP,,0,2,0.0,22.0,query_device,2026-07-27 13:02:49
138230,2026-07-27,2025-10-30,电子邮件营销中的ctr是什么意思？,,DESKTOP,,0,5,0.0,21.2,query_device,2026-07-27 13:02:49
138231,2026-07-27,2025-10-30,矩阵可视化,,DESKTOP,,0,1,0.0,38.0,query_device,2026-07-27 13:02:49
138232,2026-07-27,2025-10-30,矩阵图,,DESKTOP,,0,1,0.0,28.0,query_device,2026-07-27 13:02:49
138233,2026-07-27,2025-10-30,矩陣圖,,DESKTOP,,0,1,0.0,85.0,query_device,2026-07-27 13:02:49
138234,2026-07-27,2025-10-30,社交媒体平台有哪些推广技巧？,,DESKTOP,,0,1,0.0,28.0,query_device,2026-07-27 13:02:49
138235,2026-07-27,2025-10-30,私推,,MOBILE,,0,1,0.0,1.0,query_device,2026-07-27 13:02:49
138236,2026-07-27,2025-10-30,线索广告,,DESKTOP,,0,1,0.0,80.0,query_device,2026-07-27 13:02:49
138237,2026-07-27,2025-10-30,网站接入谷歌广告,,DESKTOP,,0,1,0.0,85.0,query_device,2026-07-27 13:02:49
138238,2026-07-27,2025-10-30,联盟营销,,DESKTOP,,0,1,0.0,85.0,query_device,2026-07-27 13:02:49
138239,2026-07-27,2025-10-30,联盟营销教程,,DESKTOP,,0,1,0.0,62.0,query_device,2026-07-27 13:02:49
138240,2026-07-27,2025-10-30,联盟营销是什么,,DESKTOP,,0,1,0.0,82.0,query_device,2026-07-27 13:02:49
138241,2026-07-27,2025-10-30,自動出價,,MOBILE,,0,1,0.0,50.0,query_device,2026-07-27 13:02:49
138242,2026-07-27,2025-10-30,自然搜尋服務,,DESKTOP,,0,8,0.0,83.875,query_device,2026-07-27 13:02:49
138243,2026-07-27,2025-10-30,自然搜尋服務,,MOBILE,,0,6,0.0,92.16666666666667,query_device,2026-07-27 13:02:49
138244,2026-07-27,2025-10-30,自然搜索,,DESKTOP,,0,1,0.0,35.0,query_device,2026-07-27 13:02:49
138245,2026-07-27,2025-10-30,荷兰名字生成器,,DESKTOP,,0,1,0.0,69.0,query_device,2026-07-27 13:02:49
138246,2026-07-27,2025-10-30,营销理念,,DESKTOP,,0,1,0.0,85.0,query_device,2026-07-27 13:02:49
138247,2026-07-27,2025-10-30,营销理念,,MOBILE,,0,1,0.0,75.0,query_device,2026-07-27 13:02:49
138248,2026-07-27,2025-10-30,行业领袖广告策略,,DESKTOP,,0,1,0.0,23.0,query_device,2026-07-27 13:02:49
138249,2026-07-27,2025-10-30,衡量邮件营销效果的最终指标是,,DESKTOP,,0,6,0.0,91.0,query_device,2026-07-27 13:02:49
138250,2026-07-27,2025-10-30,訂單轉換率公式,,DESKTOP,,0,2,0.0,51.5,query_device,2026-07-27 13:02:49
138251,2026-07-27,2025-10-30,计算机领域中，如何提高关键字检索的准确性？,,DESKTOP,,0,1,0.0,20.0,query_device,2026-07-27 13:02:49
138252,2026-07-27,2025-10-30,计费选择和质量有什么关系？,,DESKTOP,,0,1,0.0,9.0,query_device,2026-07-27 13:02:49
138253,2026-07-27,2025-10-30,词云生成器,,DESKTOP,,0,1,0.0,67.0,query_device,2026-07-27 13:02:49
138254,2026-07-27,2025-10-30,谷歌 竞价,,DESKTOP,,0,1,0.0,87.0,query_device,2026-07-27 13:02:49
138255,2026-07-27,2025-10-30,谷歌ads认证,,DESKTOP,,0,1,0.0,6.0,query_device,2026-07-27 13:02:49
138256,2026-07-27,2025-10-30,谷歌mcc是什么,,DESKTOP,,0,3,0.0,25.333333333333332,query_device,2026-07-27 13:02:49
138257,2026-07-27,2025-10-30,谷歌ppc优化,,DESKTOP,,0,2,0.0,10.5,query_device,2026-07-27 13:02:49
138258,2026-07-27,2025-10-30,谷歌sem,,DESKTOP,,0,2,0.0,58.5,query_device,2026-07-27 13:02:49
138259,2026-07-27,2025-10-30,谷歌seo公司,,DESKTOP,,0,1,0.0,91.0,query_device,2026-07-27 13:02:49
138260,2026-07-27,2025-10-30,谷歌seo推广,,DESKTOP,,0,31,0.0,71.45161290322581,query_device,2026-07-27 13:02:49
138261,2026-07-27,2025-10-30,谷歌seo是什么,,DESKTOP,,0,1,0.0,58.0,query_device,2026-07-27 13:02:49
138262,2026-07-27,2025-10-30,谷歌代码,,DESKTOP,,0,1,0.0,63.0,query_device,2026-07-27 13:02:49
138263,2026-07-27,2025-10-30,谷歌关键词分析,,DESKTOP,,0,1,0.0,20.0,query_device,2026-07-27 13:02:49
138264,2026-07-27,2025-10-30,谷歌关键词分析工具,,DESKTOP,,0,1,0.0,71.0,query_device,2026-07-27 13:02:49
138265,2026-07-27,2025-10-30,谷歌关键词工具,,DESKTOP,,0,1,0.0,13.0,query_device,2026-07-27 13:02:49
138266,2026-07-27,2025-10-30,谷歌关键词工具怎么用,,DESKTOP,,0,1,0.0,15.0,query_device,2026-07-27 13:02:49
138267,2026-07-27,2025-10-30,谷歌关键词广告,,DESKTOP,,0,1,0.0,86.0,query_device,2026-07-27 13:02:49
138268,2026-07-27,2025-10-30,谷歌关键词挖掘,,DESKTOP,,0,1,0.0,90.0,query_device,2026-07-27 13:02:49
138269,2026-07-27,2025-10-30,谷歌关键词搜索量查询,,DESKTOP,,0,1,0.0,14.0,query_device,2026-07-27 13:02:49
138270,2026-07-27,2025-10-30,谷歌关键词查询,,DESKTOP,,0,1,0.0,26.0,query_device,2026-07-27 13:02:49
138271,2026-07-27,2025-10-30,谷歌关键词规划工具,,DESKTOP,,0,1,0.0,5.0,query_device,2026-07-27 13:02:49
138272,2026-07-27,2025-10-30,谷歌关键词规划师,,DESKTOP,,0,2,0.0,49.5,query_device,2026-07-27 13:02:49
138273,2026-07-27,2025-10-30,谷歌出海大讲堂,,DESKTOP,,0,1,0.0,11.0,query_device,2026-07-27 13:02:49
138274,2026-07-27,2025-10-30,谷歌分析工具,,DESKTOP,,0,1,0.0,17.0,query_device,2026-07-27 13:02:49
138275,2026-07-27,2025-10-30,谷歌合作伙伴,,DESKTOP,,0,1,0.0,49.0,query_device,2026-07-27 13:02:49
138276,2026-07-27,2025-10-30,谷歌商家中心,,DESKTOP,,0,1,0.0,49.0,query_device,2026-07-27 13:02:49
138277,2026-07-27,2025-10-30,谷歌图片搜索,,MOBILE,,0,2,0.0,30.5,query_device,2026-07-27 13:02:49
138278,2026-07-27,2025-10-30,谷歌在线表格,,DESKTOP,,0,1,0.0,34.0,query_device,2026-07-27 13:02:49
138279,2026-07-27,2025-10-30,谷歌展示广告,,DESKTOP,,0,3,0.0,44.333333333333336,query_device,2026-07-27 13:02:49
138280,2026-07-27,2025-10-30,谷歌展示广告,,MOBILE,,0,1,0.0,72.0,query_device,2026-07-27 13:02:49
138281,2026-07-27,2025-10-30,谷歌广告,,DESKTOP,,0,1,0.0,95.0,query_device,2026-07-27 13:02:49
138282,2026-07-27,2025-10-30,谷歌广告中心,,DESKTOP,,0,1,0.0,13.0,query_device,2026-07-27 13:02:49
138283,2026-07-27,2025-10-30,谷歌广告信息公开中心,,DESKTOP,,0,1,0.0,24.0,query_device,2026-07-27 13:02:49
138284,2026-07-27,2025-10-30,谷歌广告学习,,DESKTOP,,0,1,0.0,25.0,query_device,2026-07-27 13:02:49
138285,2026-07-27,2025-10-30,谷歌广告客户验证,,DESKTOP,,0,1,0.0,20.0,query_device,2026-07-27 13:02:49
138286,2026-07-27,2025-10-30,谷歌广告展示位置,,DESKTOP,,0,1,0.0,8.0,query_device,2026-07-27 13:02:49
138287,2026-07-27,2025-10-30,谷歌广告开户,,DESKTOP,,0,1,0.0,58.0,query_device,2026-07-27 13:02:49
138288,2026-07-27,2025-10-30,谷歌广告投放价格,,DESKTOP,,0,1,0.0,85.0,query_device,2026-07-27 13:02:49
138289,2026-07-27,2025-10-30,谷歌广告推广,,DESKTOP,,0,1,0.0,49.0,query_device,2026-07-27 13:02:49
138290,2026-07-27,2025-10-30,谷歌广告查询,,DESKTOP,,0,2,0.0,53.5,query_device,2026-07-27 13:02:49
138291,2026-07-27,2025-10-30,谷歌广告类型,,DESKTOP,,0,1,0.0,10.0,query_device,2026-07-27 13:02:49
138292,2026-07-27,2025-10-30,谷歌广告编辑器,,DESKTOP,,0,1,0.0,10.0,query_device,2026-07-27 13:02:49
138293,2026-07-27,2025-10-30,谷歌广告联盟收入,,DESKTOP,,0,1,0.0,65.0,query_device,2026-07-27 13:02:49
138294,2026-07-27,2025-10-30,谷歌广告联盟教程,,DESKTOP,,0,1,0.0,15.0,query_device,2026-07-27 13:02:49
138295,2026-07-27,2025-10-30,谷歌广告联盟赚钱,,DESKTOP,,0,1,0.0,28.0,query_device,2026-07-27 13:02:49
138296,2026-07-27,2025-10-30,谷歌广告认证,,MOBILE,,0,1,0.0,16.0,query_device,2026-07-27 13:02:49
138297,2026-07-27,2025-10-30,谷歌广告账户,,DESKTOP,,0,2,0.0,56.5,query_device,2026-07-27 13:02:49
138298,2026-07-27,2025-10-30,谷歌广告账户购买,,DESKTOP,,0,2,0.0,69.0,query_device,2026-07-27 13:02:49
138299,2026-07-27,2025-10-30,谷歌广告资料库,,DESKTOP,,0,1,0.0,80.0,query_device,2026-07-27 13:02:49
138300,2026-07-27,2025-10-30,谷歌广告赠金,,DESKTOP,,0,1,0.0,10.0,query_device,2026-07-27 13:02:49
138301,2026-07-27,2025-10-30,谷歌广告透明度中心,,DESKTOP,,0,1,0.0,25.0,query_device,2026-07-27 13:02:49
138302,2026-07-27,2025-10-30,谷歌开户,,DESKTOP,,0,1,0.0,62.0,query_device,2026-07-27 13:02:49
138303,2026-07-27,2025-10-30,谷歌技能学堂,,DESKTOP,,0,1,0.0,7.0,query_device,2026-07-27 13:02:49
138304,2026-07-27,2025-10-30,谷歌推广,,DESKTOP,,0,1,0.0,37.0,query_device,2026-07-27 13:02:49
138305,2026-07-27,2025-10-30,谷歌搜索关键词,,DESKTOP,,0,1,0.0,79.0,query_device,2026-07-27 13:02:49
138306,2026-07-27,2025-10-30,谷歌搜索广告,,DESKTOP,,0,2,0.0,52.0,query_device,2026-07-27 13:02:49
138307,2026-07-27,2025-10-30,谷歌搜索技巧,,DESKTOP,,0,1,0.0,80.0,query_device,2026-07-27 13:02:49
138308,2026-07-27,2025-10-30,谷歌搜索指令,,DESKTOP,,0,1,0.0,78.0,query_device,2026-07-27 13:02:49
138309,2026-07-27,2025-10-30,谷歌搜索指定网站,,DESKTOP,,0,1,0.0,59.0,query_device,2026-07-27 13:02:49
138310,2026-07-27,2025-10-30,谷歌搜索指数,,DESKTOP,,0,1,0.0,60.0,query_device,2026-07-27 13:02:49
138311,2026-07-27,2025-10-30,谷歌搜索设置地区,,DESKTOP,,0,1,0.0,46.0,query_device,2026-07-27 13:02:49
138312,2026-07-27,2025-10-30,谷歌数据分析,,DESKTOP,,0,1,0.0,55.0,query_device,2026-07-27 13:02:49
138313,2026-07-27,2025-10-30,谷歌数据统计,,DESKTOP,,0,1,0.0,95.0,query_device,2026-07-27 13:02:49
138314,2026-07-27,2025-10-30,谷歌流量查询,,DESKTOP,,0,1,0.0,62.0,query_device,2026-07-27 13:02:49
138315,2026-07-27,2025-10-30,谷歌独立站是什么,,DESKTOP,,0,1,0.0,38.0,query_device,2026-07-27 13:02:49
138316,2026-07-27,2025-10-30,谷歌竞价,,DESKTOP,,0,4,0.0,46.75,query_device,2026-07-27 13:02:49
138317,2026-07-27,2025-10-30,谷歌竞价开户,,MOBILE,,0,3,0.0,9.333333333333334,query_device,2026-07-27 13:02:49
138318,2026-07-27,2025-10-30,谷歌统计,,DESKTOP,,0,1,0.0,11.0,query_device,2026-07-27 13:02:49
138319,2026-07-27,2025-10-30,谷歌统计代码,,DESKTOP,,0,1,0.0,8.0,query_device,2026-07-27 13:02:49
138320,2026-07-27,2025-10-30,谷歌统计怎么用,,DESKTOP,,0,1,0.0,18.0,query_device,2026-07-27 13:02:49
138321,2026-07-27,2025-10-30,谷歌编辑器,,DESKTOP,,0,1,0.0,45.0,query_device,2026-07-27 13:02:49
138322,2026-07-27,2025-10-30,谷歌联盟,,DESKTOP,,0,1,0.0,20.0,query_device,2026-07-27 13:02:49
138323,2026-07-27,2025-10-30,谷歌认证考试,,DESKTOP,,0,2,0.0,44.5,query_device,2026-07-27 13:02:49
138324,2026-07-27,2025-10-30,谷歌赠金,,DESKTOP,,0,1,0.0,27.0,query_device,2026-07-27 13:02:49
138325,2026-07-27,2025-10-30,跨境 谷歌广告,,DESKTOP,,0,3,0.0,73.33333333333333,query_device,2026-07-27 13:02:49
138326,2026-07-27,2025-10-30,跨境谷歌广告,,DESKTOP,,0,2,0.0,66.0,query_device,2026-07-27 13:02:49
138327,2026-07-27,2025-10-30,跳出率 計算,,DESKTOP,,0,1,0.0,97.0,query_device,2026-07-27 13:02:49
138328,2026-07-27,2025-10-30,轉換成本,,DESKTOP,,0,1,0.0,10.0,query_device,2026-07-27 13:02:49
138329,2026-07-27,2025-10-30,轉換成本,,MOBILE,,0,1,0.0,11.0,query_device,2026-07-27 13:02:49
138330,2026-07-27,2025-10-30,轉換率公式,,DESKTOP,,0,4,0.0,86.25,query_device,2026-07-27 13:02:49
138331,2026-07-27,2025-10-30,转换成本,,DESKTOP,,0,6,0.0,9.5,query_device,2026-07-27 13:02:49
138332,2026-07-27,2025-10-30,转换成本,,MOBILE,,0,1,0.0,8.0,query_device,2026-07-27 13:02:49
138333,2026-07-27,2025-10-30,闭环营销活动管理数据分析的方法有哪些？,,DESKTOP,,0,1,0.0,98.0,query_device,2026-07-27 13:02:49
138334,2026-07-27,2025-10-30,领英推广,,DESKTOP,,0,1,0.0,75.0,query_device,2026-07-27 13:02:49
138335,2026-07-27,2025-10-30,领英注册不了,,DESKTOP,,0,2,0.0,24.0,query_device,2026-07-27 13:02:49
138336,2026-07-27,2025-10-30,领英运营,,DESKTOP,,0,1,0.0,47.0,query_device,2026-07-27 13:02:49
129848,2026-07-27,2025-09-30,advich,,DESKTOP,,9,31,0.2903225806451613,4.032258064516129,query_device,2026-07-27 13:02:34
129849,2026-07-27,2025-09-30,advich group limited,,DESKTOP,,6,19,0.3157894736842105,1.6842105263157894,query_device,2026-07-27 13:02:34
129850,2026-07-27,2025-09-30,advich,,MOBILE,,3,14,0.21428571428571427,4.714285714285714,query_device,2026-07-27 13:02:34
129851,2026-07-27,2025-09-30,tiktok代投,,DESKTOP,,2,19,0.10526315789473684,6.105263157894737,query_device,2026-07-27 13:02:34
129852,2026-07-27,2025-09-30,江苏未迟数字技术有限公司,,DESKTOP,,2,9,0.2222222222222222,2.0,query_device,2026-07-27 13:02:34
129853,2026-07-27,2025-09-30,cpm google,,DESKTOP,,1,1,1.0,10.0,query_device,2026-07-27 13:02:34
129854,2026-07-27,2025-09-30,excel 第三軸,,DESKTOP,,1,1,1.0,11.0,query_device,2026-07-27 13:02:34
129855,2026-07-27,2025-09-30,google ads认证考试,,DESKTOP,,1,2,0.5,24.5,query_device,2026-07-27 13:02:34
129856,2026-07-27,2025-09-30,tiktok代投,,MOBILE,,1,2,0.5,12.5,query_device,2026-07-27 13:02:34
129857,2026-07-27,2025-09-30,twitter 4k android,,DESKTOP,,1,4,0.25,1.0,query_device,2026-07-27 13:02:34
129858,2026-07-27,2025-09-30,twitter 4k android,,MOBILE,,1,17,0.058823529411764705,2.7058823529411766,query_device,2026-07-27 13:02:34
129859,2026-07-27,2025-09-30,x 4k android,,MOBILE,,1,1,1.0,6.0,query_device,2026-07-27 13:02:34
129860,2026-07-27,2025-09-30,桑基圖excel,,MOBILE,,1,9,0.1111111111111111,9.444444444444445,query_device,2026-07-27 13:02:34
129861,2026-07-27,2025-09-30,3軸 図,,MOBILE,,0,1,0.0,8.0,query_device,2026-07-27 13:02:34
129862,2026-07-27,2025-09-30,advich group limited,,MOBILE,,0,10,0.0,4.4,query_device,2026-07-27 13:02:34
129863,2026-07-27,2025-09-30,adweb,,DESKTOP,,0,1,0.0,9.0,query_device,2026-07-27 13:02:34
129864,2026-07-27,2025-09-30,adwords seo,,MOBILE,,0,1,0.0,5.0,query_device,2026-07-27 13:02:34
129865,2026-07-27,2025-09-30,android twitter 4k,,MOBILE,,0,2,0.0,5.5,query_device,2026-07-27 13:02:34
129866,2026-07-27,2025-09-30,android x 4k,,MOBILE,,0,3,0.0,8.0,query_device,2026-07-27 13:02:34
129867,2026-07-27,2025-09-30,buzsumo,,DESKTOP,,0,2,0.0,5.5,query_device,2026-07-27 13:02:34
129868,2026-07-27,2025-09-30,clickshare google ads,,DESKTOP,,0,1,0.0,3.0,query_device,2026-07-27 13:02:34
129869,2026-07-27,2025-09-30,cpm 是 什么,,DESKTOP,,0,4,0.0,49.0,query_device,2026-07-27 13:02:34
129870,2026-07-27,2025-09-30,cpm是什么,,DESKTOP,,0,6,0.0,50.833333333333336,query_device,2026-07-27 13:02:34
129871,2026-07-27,2025-09-30,ctr,,DESKTOP,,0,13,0.0,70.38461538461539,query_device,2026-07-27 13:02:34
129872,2026-07-27,2025-09-30,ctr是什么意思,,DESKTOP,,0,10,0.0,35.6,query_device,2026-07-27 13:02:34
129873,2026-07-27,2025-09-30,data eda,,DESKTOP,,0,1,0.0,86.0,query_device,2026-07-27 13:02:34
129874,2026-07-27,2025-09-30,destination mismatch,,MOBILE,,0,1,0.0,7.0,query_device,2026-07-27 13:02:34
129875,2026-07-27,2025-09-30,destination mismatch google ads,,DESKTOP,,0,1,0.0,43.0,query_device,2026-07-27 13:02:34
129876,2026-07-27,2025-09-30,destination mismatch google ads,,MOBILE,,0,2,0.0,48.5,query_device,2026-07-27 13:02:34
129877,2026-07-27,2025-09-30,dot plot google sheets,,DESKTOP,,0,1,0.0,63.0,query_device,2026-07-27 13:02:34
129878,2026-07-27,2025-09-30,dsa,,DESKTOP,,0,3,0.0,27.333333333333332,query_device,2026-07-27 13:02:34
129879,2026-07-27,2025-09-30,eda資料分析,,MOBILE,,0,5,0.0,52.8,query_device,2026-07-27 13:02:34
129880,2026-07-27,2025-09-30,editor google ads,,DESKTOP,,0,1,0.0,22.0,query_device,2026-07-27 13:02:34
129881,2026-07-27,2025-09-30,excel 3軸,,DESKTOP,,0,2,0.0,6.0,query_device,2026-07-27 13:02:34
129882,2026-07-27,2025-09-30,excel sunburst chart,,DESKTOP,,0,1,0.0,2.0,query_device,2026-07-27 13:02:34
129883,2026-07-27,2025-09-30,excel三軸圖,,DESKTOP,,0,1,0.0,1.0,query_device,2026-07-27 13:02:34
129884,2026-07-27,2025-09-30,excel三軸圖,,MOBILE,,0,1,0.0,8.0,query_device,2026-07-27 13:02:34
129885,2026-07-27,2025-09-30,facebook 广告,,DESKTOP,,0,22,0.0,45.86363636363637,query_device,2026-07-27 13:02:34
129886,2026-07-27,2025-09-30,facebook 广告,,MOBILE,,0,5,0.0,51.6,query_device,2026-07-27 13:02:34
129887,2026-07-27,2025-09-30,facebook 推廣,,MOBILE,,0,1,0.0,94.0,query_device,2026-07-27 13:02:34
129888,2026-07-27,2025-09-30,facebook 营销,,DESKTOP,,0,6,0.0,79.16666666666667,query_device,2026-07-27 13:02:34
129889,2026-07-27,2025-09-30,facebook 营销,,MOBILE,,0,5,0.0,71.4,query_device,2026-07-27 13:02:34
129890,2026-07-27,2025-09-30,facebook广告,,DESKTOP,,0,25,0.0,44.64,query_device,2026-07-27 13:02:34
129891,2026-07-27,2025-09-30,facebook广告,,MOBILE,,0,5,0.0,48.6,query_device,2026-07-27 13:02:34
129892,2026-07-27,2025-09-30,facebook营销,,DESKTOP,,0,6,0.0,77.0,query_device,2026-07-27 13:02:34
129893,2026-07-27,2025-09-30,facebook营销,,MOBILE,,0,5,0.0,79.2,query_device,2026-07-27 13:02:34
129894,2026-07-27,2025-09-30,fb广告,,DESKTOP,,0,3,0.0,50.0,query_device,2026-07-27 13:02:34
129895,2026-07-27,2025-09-30,fb广告,,MOBILE,,0,1,0.0,69.0,query_device,2026-07-27 13:02:34
129896,2026-07-27,2025-09-30,g2金融驗證,,DESKTOP,,0,9,0.0,48.888888888888886,query_device,2026-07-27 13:02:34
129897,2026-07-27,2025-09-30,google ads,,DESKTOP,,0,1,0.0,7.0,query_device,2026-07-27 13:02:34
129898,2026-07-27,2025-09-30,google ads destination mismatch,,DESKTOP,,0,1,0.0,45.0,query_device,2026-07-27 13:02:34
129899,2026-07-27,2025-09-30,google ads editor,,DESKTOP,,0,5,0.0,24.4,query_device,2026-07-27 13:02:34
129900,2026-07-27,2025-09-30,google ads editor,,MOBILE,,0,1,0.0,48.0,query_device,2026-07-27 13:02:34
129901,2026-07-27,2025-09-30,google ads 编辑器,,DESKTOP,,0,2,0.0,10.0,query_device,2026-07-27 13:02:34
129902,2026-07-27,2025-09-30,google ads 运营公司,,DESKTOP,,0,1,0.0,100.0,query_device,2026-07-27 13:02:34
129903,2026-07-27,2025-09-30,google ads认证,,DESKTOP,,0,1,0.0,30.0,query_device,2026-07-27 13:02:34
129904,2026-07-27,2025-09-30,google dsa,,DESKTOP,,0,31,0.0,72.06451612903226,query_device,2026-07-27 13:02:34
129905,2026-07-27,2025-09-30,google keywords planner,,DESKTOP,,0,1,0.0,8.0,query_device,2026-07-27 13:02:34
129906,2026-07-27,2025-09-30,google serp extension,,DESKTOP,,0,3,0.0,25.666666666666668,query_device,2026-07-27 13:02:34
129907,2026-07-27,2025-09-30,google sheet dashboard,,DESKTOP,,0,1,0.0,9.0,query_device,2026-07-27 13:02:34
129908,2026-07-27,2025-09-30,google sheets sankey,,DESKTOP,,0,2,0.0,29.5,query_device,2026-07-27 13:02:34
129909,2026-07-27,2025-09-30,google sheets sankey chart,,DESKTOP,,0,1,0.0,68.0,query_device,2026-07-27 13:02:34
129910,2026-07-27,2025-09-30,google ssp,,DESKTOP,,0,1,0.0,11.0,query_device,2026-07-27 13:02:34
129911,2026-07-27,2025-09-30,google tag manager是什么,,DESKTOP,,0,1,0.0,44.0,query_device,2026-07-27 13:02:34
129912,2026-07-27,2025-09-30,google 再營銷,,DESKTOP,,0,6,0.0,60.666666666666664,query_device,2026-07-27 13:02:34
129913,2026-07-27,2025-09-30,google 再營銷,,MOBILE,,0,1,0.0,67.0,query_device,2026-07-27 13:02:34
129914,2026-07-27,2025-09-30,google 展示广告网络,,DESKTOP,,0,1,0.0,25.0,query_device,2026-07-27 13:02:34
129915,2026-07-27,2025-09-30,google 廣告 預算,,DESKTOP,,0,4,0.0,91.25,query_device,2026-07-27 13:02:34
129916,2026-07-27,2025-09-30,google 跟踪代码管理器,,DESKTOP,,0,2,0.0,21.0,query_device,2026-07-27 13:02:34
129917,2026-07-27,2025-09-30,google促銷代碼取得,,DESKTOP,,0,1,0.0,7.0,query_device,2026-07-27 13:02:34
129918,2026-07-27,2025-09-30,google再營銷,,DESKTOP,,0,5,0.0,52.8,query_device,2026-07-27 13:02:34
129919,2026-07-27,2025-09-30,google動態廣告目標,,DESKTOP,,0,2,0.0,34.0,query_device,2026-07-27 13:02:34
129920,2026-07-27,2025-09-30,google合作夥伴名單,,MOBILE,,0,1,0.0,16.0,query_device,2026-07-27 13:02:34
129921,2026-07-27,2025-09-30,google认证考试,,DESKTOP,,0,1,0.0,45.0,query_device,2026-07-27 13:02:34
129922,2026-07-27,2025-09-30,gtm,,DESKTOP,,0,10,0.0,61.7,query_device,2026-07-27 13:02:34
129923,2026-07-27,2025-09-30,gtm 意思,,DESKTOP,,0,1,0.0,91.0,query_device,2026-07-27 13:02:34
129924,2026-07-27,2025-09-30,gtm 是什麼,,DESKTOP,,0,3,0.0,81.33333333333333,query_device,2026-07-27 13:02:34
129925,2026-07-27,2025-09-30,gtm意思,,DESKTOP,,0,2,0.0,79.5,query_device,2026-07-27 13:02:34
129926,2026-07-27,2025-09-30,gtm是什麼,,DESKTOP,,0,6,0.0,80.66666666666667,query_device,2026-07-27 13:02:34
129927,2026-07-27,2025-09-30,how to make a pareto chart in google sheets,,DESKTOP,,0,4,0.0,96.0,query_device,2026-07-27 13:02:34
129928,2026-07-27,2025-09-30,how to make a pareto chart in google sheets,,MOBILE,,0,1,0.0,88.0,query_device,2026-07-27 13:02:34
129929,2026-07-27,2025-09-30,iab newfronts,,DESKTOP,,0,2,0.0,10.5,query_device,2026-07-27 13:02:34
129930,2026-07-27,2025-09-30,likert五點量表,,DESKTOP,,0,2,0.0,30.0,query_device,2026-07-27 13:02:34
129931,2026-07-27,2025-09-30,linkedin注册不了,,DESKTOP,,0,1,0.0,14.0,query_device,2026-07-27 13:02:34
129932,2026-07-27,2025-09-30,pareto chart,,MOBILE,,0,2,0.0,12.0,query_device,2026-07-27 13:02:34
129933,2026-07-27,2025-09-30,peso模型,,DESKTOP,,0,5,0.0,10.8,query_device,2026-07-27 13:02:34
129934,2026-07-27,2025-09-30,pinterest 廣告,,MOBILE,,0,1,0.0,20.0,query_device,2026-07-27 13:02:34
129935,2026-07-27,2025-09-30,pinterest广告,,DESKTOP,,0,8,0.0,13.375,query_device,2026-07-27 13:02:34
129936,2026-07-27,2025-09-30,pinterest广告投放,,DESKTOP,,0,1,0.0,33.0,query_device,2026-07-27 13:02:34
129937,2026-07-27,2025-09-30,ppc 運用,,DESKTOP,,0,1,0.0,53.0,query_device,2026-07-27 13:02:34
129938,2026-07-27,2025-09-30,reddit 广告,,DESKTOP,,0,2,0.0,38.5,query_device,2026-07-27 13:02:34
129939,2026-07-27,2025-09-30,reddit广告,,DESKTOP,,0,1,0.0,25.0,query_device,2026-07-27 13:02:34
129940,2026-07-27,2025-09-30,reddit广告投放,,DESKTOP,,0,1,0.0,24.0,query_device,2026-07-27 13:02:34
129941,2026-07-27,2025-09-30,reddit推广,,DESKTOP,,0,2,0.0,54.5,query_device,2026-07-27 13:02:34
129942,2026-07-27,2025-09-30,roi和roas的区别,,DESKTOP,,0,2,0.0,17.5,query_device,2026-07-27 13:02:34
129943,2026-07-27,2025-09-30,sa360,,DESKTOP,,0,4,0.0,49.25,query_device,2026-07-27 13:02:34
129944,2026-07-27,2025-09-30,sa360 dda,,DESKTOP,,0,2,0.0,80.5,query_device,2026-07-27 13:02:34
129945,2026-07-27,2025-09-30,sankey chart google sheets,,DESKTOP,,0,1,0.0,39.0,query_device,2026-07-27 13:02:34
129946,2026-07-27,2025-09-30,sankey chart in excel,,DESKTOP,,0,1,0.0,50.0,query_device,2026-07-27 13:02:34
129947,2026-07-27,2025-09-30,sankey chart in google sheets,,DESKTOP,,0,1,0.0,77.0,query_device,2026-07-27 13:02:34
129948,2026-07-27,2025-09-30,sankey diagram excel,,DESKTOP,,0,1,0.0,47.0,query_device,2026-07-27 13:02:34
129949,2026-07-27,2025-09-30,sankey diagram google sheet,,DESKTOP,,0,1,0.0,36.0,query_device,2026-07-27 13:02:34
129950,2026-07-27,2025-09-30,sankey diagram google sheets,,DESKTOP,,0,4,0.0,54.0,query_device,2026-07-27 13:02:34
129951,2026-07-27,2025-09-30,sankey diagram in excel,,DESKTOP,,0,1,0.0,54.0,query_device,2026-07-27 13:02:34
129952,2026-07-27,2025-09-30,sankey diagram in google sheets,,DESKTOP,,0,1,0.0,79.0,query_device,2026-07-27 13:02:34
129953,2026-07-27,2025-09-30,sankey excel,,DESKTOP,,0,1,0.0,35.0,query_device,2026-07-27 13:02:34
129954,2026-07-27,2025-09-30,sankey google sheets,,DESKTOP,,0,2,0.0,51.5,query_device,2026-07-27 13:02:34
129955,2026-07-27,2025-09-30,sankey graph excel,,DESKTOP,,0,1,0.0,35.0,query_device,2026-07-27 13:02:34
129956,2026-07-27,2025-09-30,sem 廣告代理,,DESKTOP,,0,2,0.0,74.5,query_device,2026-07-27 13:02:34
129957,2026-07-27,2025-09-30,shopify代理,,DESKTOP,,0,2,0.0,17.0,query_device,2026-07-27 13:02:34
129958,2026-07-27,2025-09-30,site:advich.com,,DESKTOP,,0,7,0.0,15.285714285714286,query_device,2026-07-27 13:02:34
129959,2026-07-27,2025-09-30,ssp 是 什麼,,DESKTOP,,0,2,0.0,71.5,query_device,2026-07-27 13:02:34
129960,2026-07-27,2025-09-30,ssp是什麼,,DESKTOP,,0,1,0.0,68.0,query_device,2026-07-27 13:02:34
129961,2026-07-27,2025-09-30,sunburst chart,,DESKTOP,,0,1,0.0,73.0,query_device,2026-07-27 13:02:34
129962,2026-07-27,2025-09-30,sunburst chart excel,,DESKTOP,,0,2,0.0,9.5,query_device,2026-07-27 13:02:34
129963,2026-07-27,2025-09-30,tiktok代理,,DESKTOP,,0,1,0.0,28.0,query_device,2026-07-27 13:02:34
129964,2026-07-27,2025-09-30,tiktok代理商,,DESKTOP,,0,1,0.0,25.0,query_device,2026-07-27 13:02:34
129965,2026-07-27,2025-09-30,tiktok代运营,,DESKTOP,,0,1,0.0,50.0,query_device,2026-07-27 13:02:34
129966,2026-07-27,2025-09-30,tiktok广告代投,,DESKTOP,,0,22,0.0,3.8181818181818183,query_device,2026-07-27 13:02:34
129967,2026-07-27,2025-09-30,tiktok广告代投,,MOBILE,,0,3,0.0,2.333333333333333,query_device,2026-07-27 13:02:34
129968,2026-07-27,2025-09-30,tiktok广告代理商,,DESKTOP,,0,2,0.0,10.5,query_device,2026-07-27 13:02:34
129969,2026-07-27,2025-09-30,tiktok广告优化技巧,,DESKTOP,,0,1,0.0,18.0,query_device,2026-07-27 13:02:34
129970,2026-07-27,2025-09-30,tiktok广告开户,,DESKTOP,,0,4,0.0,20.75,query_device,2026-07-27 13:02:34
129971,2026-07-27,2025-09-30,tiktok广告开户,,MOBILE,,0,1,0.0,21.0,query_device,2026-07-27 13:02:34
129972,2026-07-27,2025-09-30,tiktok广告户,,DESKTOP,,0,2,0.0,23.0,query_device,2026-07-27 13:02:34
129973,2026-07-27,2025-09-30,twitter 4k,,DESKTOP,,0,1,0.0,9.0,query_device,2026-07-27 13:02:34
129974,2026-07-27,2025-09-30,twitter 4k,,MOBILE,,0,5,0.0,8.6,query_device,2026-07-27 13:02:34
129975,2026-07-27,2025-09-30,twitter 4k android,,TABLET,,0,1,0.0,6.0,query_device,2026-07-27 13:02:34
129976,2026-07-27,2025-09-30,twitter 4k iphone,,MOBILE,,0,1,0.0,8.0,query_device,2026-07-27 13:02:34
129977,2026-07-27,2025-09-30,twitter 4k 灰色,,MOBILE,,0,3,0.0,9.666666666666666,query_device,2026-07-27 13:02:34
129978,2026-07-27,2025-09-30,twitter 4k表示,,DESKTOP,,0,1,0.0,1.0,query_device,2026-07-27 13:02:34
129979,2026-07-27,2025-09-30,twitter通知音,,DESKTOP,,0,1,0.0,1.0,query_device,2026-07-27 13:02:34
129980,2026-07-27,2025-09-30,x 4k載入,,MOBILE,,0,1,0.0,3.0,query_device,2026-07-27 13:02:34
129981,2026-07-27,2025-09-30,x 4k載入,,TABLET,,0,1,0.0,2.0,query_device,2026-07-27 13:02:34
129982,2026-07-27,2025-09-30,x怎么调画质,,MOBILE,,0,1,0.0,2.0,query_device,2026-07-27 13:02:34
129983,2026-07-27,2025-09-30,x视频清晰度设置,,DESKTOP,,0,1,0.0,44.0,query_device,2026-07-27 13:02:34
129984,2026-07-27,2025-09-30,youtube lead form ads,,DESKTOP,,0,2,0.0,39.0,query_device,2026-07-27 13:02:34
129985,2026-07-27,2025-09-30,youtube付费推广,,DESKTOP,,0,1,0.0,16.0,query_device,2026-07-27 13:02:34
129986,2026-07-27,2025-09-30,三軸圖,,DESKTOP,,0,1,0.0,4.0,query_device,2026-07-27 13:02:34
129987,2026-07-27,2025-09-30,为了更好的观察一周气温的变化情况，应该选择绘制什么统计图？,,DESKTOP,,0,2,0.0,7.0,query_device,2026-07-27 13:02:34
129988,2026-07-27,2025-09-30,为什么要计算每种方案的总花费呢？,,DESKTOP,,0,2,0.0,13.5,query_device,2026-07-27 13:02:34
129989,2026-07-27,2025-09-30,五點量表,,DESKTOP,,0,1,0.0,3.0,query_device,2026-07-27 13:02:34
129990,2026-07-27,2025-09-30,什么是营销理念,,DESKTOP,,0,1,0.0,69.0,query_device,2026-07-27 13:02:34
129991,2026-07-27,2025-09-30,什么是营销理念,,MOBILE,,0,1,0.0,79.0,query_device,2026-07-27 13:02:34
129992,2026-07-27,2025-09-30,介绍一下什么是分数？,,DESKTOP,,0,1,0.0,29.0,query_device,2026-07-27 13:02:34
129993,2026-07-27,2025-09-30,促进销售,,DESKTOP,,0,6,0.0,36.166666666666664,query_device,2026-07-27 13:02:34
129994,2026-07-27,2025-09-30,促进销售,,MOBILE,,0,5,0.0,39.8,query_device,2026-07-27 13:02:34
129995,2026-07-27,2025-09-30,再营销,,DESKTOP,,0,1,0.0,18.0,query_device,2026-07-27 13:02:34
129996,2026-07-27,2025-09-30,再营销,,MOBILE,,0,1,0.0,39.0,query_device,2026-07-27 13:02:34
129997,2026-07-27,2025-09-30,再营销广告,,MOBILE,,0,1,0.0,98.0,query_device,2026-07-27 13:02:34
129998,2026-07-27,2025-09-30,出海 google seo,,DESKTOP,,0,24,0.0,85.79166666666667,query_device,2026-07-27 13:02:34
129999,2026-07-27,2025-09-30,出海 google 广告,,DESKTOP,,0,13,0.0,68.53846153846153,query_device,2026-07-27 13:02:34
130000,2026-07-27,2025-09-30,出海谷歌广告,,DESKTOP,,0,5,0.0,74.6,query_device,2026-07-27 13:02:34
130001,2026-07-27,2025-09-30,动态广告,,MOBILE,,0,1,0.0,23.0,query_device,2026-07-27 13:02:34
130002,2026-07-27,2025-09-30,动态搜索广告,,DESKTOP,,0,2,0.0,24.5,query_device,2026-07-27 13:02:34
130003,2026-07-27,2025-09-30,卖货技巧,,DESKTOP,,0,4,0.0,10.75,query_device,2026-07-27 13:02:34
130004,2026-07-27,2025-09-30,受众定位,,DESKTOP,,0,4,0.0,84.5,query_device,2026-07-27 13:02:34
130005,2026-07-27,2025-09-30,受众定位,,MOBILE,,0,4,0.0,91.0,query_device,2026-07-27 13:02:34
130006,2026-07-27,2025-09-30,外链发布,,DESKTOP,,0,2,0.0,16.5,query_device,2026-07-27 13:02:34
130007,2026-07-27,2025-09-30,如何制定整合营销策略？,,DESKTOP,,0,7,0.0,18.428571428571427,query_device,2026-07-27 13:02:34
130008,2026-07-27,2025-09-30,如何卖货,,DESKTOP,,0,1,0.0,21.0,query_device,2026-07-27 13:02:34
130009,2026-07-27,2025-09-30,如何增加流量,,DESKTOP,,0,1,0.0,18.0,query_device,2026-07-27 13:02:34
130010,2026-07-27,2025-09-30,如何提高销售额,,DESKTOP,,0,5,0.0,54.6,query_device,2026-07-27 13:02:34
130011,2026-07-27,2025-09-30,如何提高销售额,,MOBILE,,0,5,0.0,60.2,query_device,2026-07-27 13:02:34
130012,2026-07-27,2025-09-30,如何注册领英账号,,DESKTOP,,0,1,0.0,50.0,query_device,2026-07-27 13:02:34
130013,2026-07-27,2025-09-30,富媒體廣告,,DESKTOP,,0,11,0.0,24.90909090909091,query_device,2026-07-27 13:02:34
130014,2026-07-27,2025-09-30,对于 google 展示广告网络上提供的广告格式，哪种会自动调整显示方式以充分利用页面上的可用空间？,,DESKTOP,,0,6,0.0,7.666666666666667,query_device,2026-07-27 13:02:34
130015,2026-07-27,2025-09-30,尝试不使用个性化功能,,MOBILE,,0,1,0.0,11.0,query_device,2026-07-27 13:02:34
130016,2026-07-27,2025-09-30,展示广告,,DESKTOP,,0,7,0.0,71.57142857142857,query_device,2026-07-27 13:02:34
130017,2026-07-27,2025-09-30,帕累托法则,,DESKTOP,,0,1,0.0,49.0,query_device,2026-07-27 13:02:34
130018,2026-07-27,2025-09-30,常用的搜索引擎都有哪些类型，他们的优缺点是什么,,DESKTOP,,0,1,0.0,30.0,query_device,2026-07-27 13:02:34
130019,2026-07-27,2025-09-30,怎么在网上做广告,,DESKTOP,,0,3,0.0,28.666666666666668,query_device,2026-07-27 13:02:34
130020,2026-07-27,2025-09-30,怎么在网上做广告,,MOBILE,,0,1,0.0,29.0,query_device,2026-07-27 13:02:34
130021,2026-07-27,2025-09-30,抖音开户,,MOBILE,,0,4,0.0,24.25,query_device,2026-07-27 13:02:34
130022,2026-07-27,2025-09-30,拉动式营销策略具体有哪些,,DESKTOP,,0,4,0.0,3.0,query_device,2026-07-27 13:02:34
130023,2026-07-27,2025-09-30,探索式資料分析,,MOBILE,,0,5,0.0,77.4,query_device,2026-07-27 13:02:34
130024,2026-07-27,2025-09-30,探索性分析,,DESKTOP,,0,1,0.0,47.0,query_device,2026-07-27 13:02:34
130025,2026-07-27,2025-09-30,推特 4k,,MOBILE,,0,1,0.0,10.0,query_device,2026-07-27 13:02:34
130026,2026-07-27,2025-09-30,推特4k,,MOBILE,,0,4,0.0,9.75,query_device,2026-07-27 13:02:34
130027,2026-07-27,2025-09-30,推特列表,,DESKTOP,,0,2,0.0,9.0,query_device,2026-07-27 13:02:34
130028,2026-07-27,2025-09-30,推特怎么发私信,,MOBILE,,0,1,0.0,2.0,query_device,2026-07-27 13:02:34
130029,2026-07-27,2025-09-30,推特画质,,DESKTOP,,0,1,0.0,5.0,query_device,2026-07-27 13:02:34
130030,2026-07-27,2025-09-30,推特视频画质,,MOBILE,,0,1,0.0,32.0,query_device,2026-07-27 13:02:34
130031,2026-07-27,2025-09-30,提高 ppc 性能,,DESKTOP,,0,80,0.0,5.3875,query_device,2026-07-27 13:02:34
130032,2026-07-27,2025-09-30,提高 ppc 性能,,MOBILE,,0,46,0.0,5.260869565217392,query_device,2026-07-27 13:02:34
130033,2026-07-27,2025-09-30,提高销售,,MOBILE,,0,1,0.0,93.0,query_device,2026-07-27 13:02:34
130034,2026-07-27,2025-09-30,散点图,,DESKTOP,,0,1,0.0,13.0,query_device,2026-07-27 13:02:34
130035,2026-07-27,2025-09-30,数据分析师 工作内容,,DESKTOP,,0,1,0.0,25.0,query_device,2026-07-27 13:02:34
130036,2026-07-27,2025-09-30,斜率的定义？怎样教学比较好？,,DESKTOP,,0,6,0.0,19.666666666666668,query_device,2026-07-27 13:02:34
130037,2026-07-27,2025-09-30,智能购物广告,,MOBILE,,0,1,0.0,73.0,query_device,2026-07-27 13:02:34
130038,2026-07-27,2025-09-30,最佳加密货币信号,,MOBILE,,0,1,0.0,45.0,query_device,2026-07-27 13:02:34
130039,2026-07-27,2025-09-30,李克特五點量表,,MOBILE,,0,1,0.0,11.0,query_device,2026-07-27 13:02:34
130040,2026-07-27,2025-09-30,李克特五點量表分析,,DESKTOP,,0,1,0.0,31.0,query_device,2026-07-27 13:02:34
130041,2026-07-27,2025-09-30,李克特五點量表範例,,DESKTOP,,0,5,0.0,5.4,query_device,2026-07-27 13:02:34
130042,2026-07-27,2025-09-30,李克特五點量表範例,,MOBILE,,0,2,0.0,6.0,query_device,2026-07-27 13:02:34
130043,2026-07-27,2025-09-30,李克特量表,,DESKTOP,,0,11,0.0,17.454545454545453,query_device,2026-07-27 13:02:34
130044,2026-07-27,2025-09-30,李克特量表,,MOBILE,,0,1,0.0,11.0,query_device,2026-07-27 13:02:34
130045,2026-07-27,2025-09-30,李克特量表excel,,DESKTOP,,0,3,0.0,11.666666666666666,query_device,2026-07-27 13:02:34
130046,2026-07-27,2025-09-30,李克特量表分析方法,,DESKTOP,,0,1,0.0,28.0,query_device,2026-07-27 13:02:34
130047,2026-07-27,2025-09-30,李克特量表分析方法,,MOBILE,,0,1,0.0,8.0,query_device,2026-07-27 13:02:34
130048,2026-07-27,2025-09-30,李克特量表分析方法,,TABLET,,0,1,0.0,9.0,query_device,2026-07-27 13:02:34
130049,2026-07-27,2025-09-30,桑基图,,DESKTOP,,0,1,0.0,97.0,query_device,2026-07-27 13:02:34
130050,2026-07-27,2025-09-30,桑基图excel,,DESKTOP,,0,10,0.0,4.1,query_device,2026-07-27 13:02:34
130051,2026-07-27,2025-09-30,桑基图excel,,MOBILE,,0,1,0.0,6.0,query_device,2026-07-27 13:02:34
130052,2026-07-27,2025-09-30,桑基图生成器,,DESKTOP,,0,2,0.0,21.5,query_device,2026-07-27 13:02:34
130053,2026-07-27,2025-09-30,桑基图绘制,,DESKTOP,,0,1,0.0,46.0,query_device,2026-07-27 13:02:34
130054,2026-07-27,2025-09-30,桑基圖,,DESKTOP,,0,1,0.0,66.0,query_device,2026-07-27 13:02:34
130055,2026-07-27,2025-09-30,桑基圖excel,,DESKTOP,,0,28,0.0,9.75,query_device,2026-07-27 13:02:34
130056,2026-07-27,2025-09-30,比較圖excel,,DESKTOP,,0,1,0.0,12.0,query_device,2026-07-27 13:02:34
130057,2026-07-27,2025-09-30,比較圖表,,DESKTOP,,0,1,0.0,79.0,query_device,2026-07-27 13:02:34
130058,2026-07-27,2025-09-30,海外引流,,DESKTOP,,0,1,0.0,55.0,query_device,2026-07-27 13:02:34
130059,2026-07-27,2025-09-30,海外引流渠道,,DESKTOP,,0,2,0.0,52.5,query_device,2026-07-27 13:02:34
130060,2026-07-27,2025-09-30,海外投流,,DESKTOP,,0,1,0.0,22.0,query_device,2026-07-27 13:02:34
130061,2026-07-27,2025-09-30,海外投流,,MOBILE,,0,2,0.0,10.5,query_device,2026-07-27 13:02:34
130062,2026-07-27,2025-09-30,海外社媒,,DESKTOP,,0,2,0.0,33.0,query_device,2026-07-27 13:02:34
130063,2026-07-27,2025-09-30,海外社媒推广,,DESKTOP,,0,2,0.0,39.0,query_device,2026-07-27 13:02:34
130064,2026-07-27,2025-09-30,点击率,,DESKTOP,,0,2,0.0,7.5,query_device,2026-07-27 13:02:34
130065,2026-07-27,2025-09-30,点击率,,MOBILE,,0,1,0.0,12.0,query_device,2026-07-27 13:02:34
130066,2026-07-27,2025-09-30,独立站是什么,,DESKTOP,,0,1,0.0,53.0,query_device,2026-07-27 13:02:34
130067,2026-07-27,2025-09-30,用户关注转化率怎么计算？,,DESKTOP,,0,7,0.0,20.285714285714285,query_device,2026-07-27 13:02:34
130068,2026-07-27,2025-09-30,矩阵图,,DESKTOP,,0,1,0.0,29.0,query_device,2026-07-27 13:02:34
130069,2026-07-27,2025-09-30,矩陣圖,,DESKTOP,,0,1,0.0,72.0,query_device,2026-07-27 13:02:34
130070,2026-07-27,2025-09-30,网络广告费用,,DESKTOP,,0,2,0.0,90.0,query_device,2026-07-27 13:02:34
130071,2026-07-27,2025-09-30,自然搜尋服務,,DESKTOP,,0,1,0.0,80.0,query_device,2026-07-27 13:02:34
130072,2026-07-27,2025-09-30,自然搜尋服務,,MOBILE,,0,1,0.0,85.0,query_device,2026-07-27 13:02:34
130073,2026-07-27,2025-09-30,营销理念,,DESKTOP,,0,1,0.0,93.0,query_device,2026-07-27 13:02:34
130074,2026-07-27,2025-09-30,衡量邮件营销效果的最终指标是,,DESKTOP,,0,14,0.0,89.92857142857143,query_device,2026-07-27 13:02:34
130075,2026-07-27,2025-09-30,谷歌 ads 运营公司,,DESKTOP,,0,1,0.0,50.0,query_device,2026-07-27 13:02:34
130076,2026-07-27,2025-09-30,谷歌 关键 词 规划 师,,DESKTOP,,0,1,0.0,24.0,query_device,2026-07-27 13:02:34
130077,2026-07-27,2025-09-30,谷歌 广告 关键 词,,DESKTOP,,0,1,0.0,40.0,query_device,2026-07-27 13:02:34
130078,2026-07-27,2025-09-30,谷歌 竞价,,DESKTOP,,0,1,0.0,27.0,query_device,2026-07-27 13:02:34
130079,2026-07-27,2025-09-30,谷歌gtm,,DESKTOP,,0,1,0.0,47.0,query_device,2026-07-27 13:02:34
130080,2026-07-27,2025-09-30,谷歌mcc,,DESKTOP,,0,1,0.0,35.0,query_device,2026-07-27 13:02:34
130081,2026-07-27,2025-09-30,谷歌ppc优化,,DESKTOP,,0,2,0.0,9.5,query_device,2026-07-27 13:02:34
130082,2026-07-27,2025-09-30,谷歌seo咨询,,DESKTOP,,0,1,0.0,55.0,query_device,2026-07-27 13:02:34
130083,2026-07-27,2025-09-30,谷歌seo推广,,DESKTOP,,0,22,0.0,72.0909090909091,query_device,2026-07-27 13:02:34
130084,2026-07-27,2025-09-30,谷歌关键词规划师,,DESKTOP,,0,1,0.0,9.0,query_device,2026-07-27 13:02:34
130085,2026-07-27,2025-09-30,谷歌分析工具,,DESKTOP,,0,1,0.0,20.0,query_device,2026-07-27 13:02:34
130086,2026-07-27,2025-09-30,谷歌合作伙伴,,DESKTOP,,0,1,0.0,40.0,query_device,2026-07-27 13:02:34
130087,2026-07-27,2025-09-30,谷歌合作伙伴,,MOBILE,,0,1,0.0,16.0,query_device,2026-07-27 13:02:34
130088,2026-07-27,2025-09-30,谷歌合作伙伴查询,,MOBILE,,0,1,0.0,18.0,query_device,2026-07-27 13:02:34
130089,2026-07-27,2025-09-30,谷歌展示广告,,DESKTOP,,0,2,0.0,52.5,query_device,2026-07-27 13:02:34
130090,2026-07-27,2025-09-30,谷歌展示广告,,MOBILE,,0,1,0.0,94.0,query_device,2026-07-27 13:02:34
130091,2026-07-27,2025-09-30,谷歌广告中国,,MOBILE,,0,1,0.0,16.0,query_device,2026-07-27 13:02:34
130092,2026-07-27,2025-09-30,谷歌广告关键词,,DESKTOP,,0,1,0.0,27.0,query_device,2026-07-27 13:02:34
130093,2026-07-27,2025-09-30,谷歌广告展示位置,,DESKTOP,,0,1,0.0,20.0,query_device,2026-07-27 13:02:34
130094,2026-07-27,2025-09-30,谷歌广告开户,,DESKTOP,,0,1,0.0,88.0,query_device,2026-07-27 13:02:34
130095,2026-07-27,2025-09-30,谷歌广告推广,,DESKTOP,,0,1,0.0,12.0,query_device,2026-07-27 13:02:34
130096,2026-07-27,2025-09-30,谷歌广告查询,,DESKTOP,,0,1,0.0,27.0,query_device,2026-07-27 13:02:34
130097,2026-07-27,2025-09-30,谷歌广告编辑器,,DESKTOP,,0,2,0.0,9.5,query_device,2026-07-27 13:02:34
130098,2026-07-27,2025-09-30,谷歌广告认证,,DESKTOP,,0,1,0.0,19.0,query_device,2026-07-27 13:02:34
130099,2026-07-27,2025-09-30,谷歌搜图,,MOBILE,,0,5,0.0,50.6,query_device,2026-07-27 13:02:34
130100,2026-07-27,2025-09-30,谷歌竞价,,DESKTOP,,0,1,0.0,48.0,query_device,2026-07-27 13:02:34
130101,2026-07-27,2025-09-30,谷歌竞价开户,,DESKTOP,,0,20,0.0,7.2,query_device,2026-07-27 13:02:34
130102,2026-07-27,2025-09-30,谷歌竞价开户,,MOBILE,,0,3,0.0,5.666666666666667,query_device,2026-07-27 13:02:34
130103,2026-07-27,2025-09-30,谷歌统计代码,,DESKTOP,,0,1,0.0,28.0,query_device,2026-07-27 13:02:34
130104,2026-07-27,2025-09-30,谷歌购物广告,,DESKTOP,,0,1,0.0,40.0,query_device,2026-07-27 13:02:34
130105,2026-07-27,2025-09-30,质量分,,MOBILE,,0,1,0.0,18.0,query_device,2026-07-27 13:02:34
130106,2026-07-27,2025-09-30,质量数,,DESKTOP,,0,1,0.0,14.0,query_device,2026-07-27 13:02:34
130107,2026-07-27,2025-09-30,跨境 谷歌广告,,DESKTOP,,0,3,0.0,94.33333333333333,query_device,2026-07-27 13:02:34
130108,2026-07-27,2025-09-30,跨境谷歌广告,,DESKTOP,,0,2,0.0,88.5,query_device,2026-07-27 13:02:34
130109,2026-07-27,2025-09-30,轉換成本,,DESKTOP,,0,1,0.0,10.0,query_device,2026-07-27 13:02:34
130110,2026-07-27,2025-09-30,轉換成本,,MOBILE,,0,1,0.0,10.0,query_device,2026-07-27 13:02:34
130111,2026-07-27,2025-09-30,轉換率公式,,DESKTOP,,0,3,0.0,79.0,query_device,2026-07-27 13:02:34
130112,2026-07-27,2025-09-30,转换成本,,DESKTOP,,0,1,0.0,9.0,query_device,2026-07-27 13:02:34
130113,2026-07-27,2025-09-30,里克特量表,,DESKTOP,,0,1,0.0,4.0,query_device,2026-07-27 13:02:34
130114,2026-07-27,2025-09-30,點擊付費,,DESKTOP,,0,4,0.0,93.5,query_device,2026-07-27 13:02:34
119606,2026-07-27,2025-08-31,advich,,DESKTOP,,6,23,0.2608695652173913,5.217391304347826,query_device,2026-07-27 13:02:19
119607,2026-07-27,2025-08-31,江苏未迟数字技术有限公司,,DESKTOP,,4,16,0.25,1.875,query_device,2026-07-27 13:02:19
119608,2026-07-27,2025-08-31,advich group limited,,DESKTOP,,3,21,0.14285714285714285,2.2857142857142856,query_device,2026-07-27 13:02:19
119609,2026-07-27,2025-08-31,advich group limited,,MOBILE,,2,29,0.06896551724137931,3.5172413793103448,query_device,2026-07-27 13:02:19
119610,2026-07-27,2025-08-31,twitter 4k android,,MOBILE,,2,13,0.15384615384615385,3.6923076923076925,query_device,2026-07-27 13:02:19
119611,2026-07-27,2025-08-31,桑基图生成器,,DESKTOP,,2,2,1.0,26.0,query_device,2026-07-27 13:02:19
119612,2026-07-27,2025-08-31,桑基圖excel,,DESKTOP,,2,17,0.11764705882352941,8.588235294117647,query_device,2026-07-27 13:02:19
119613,2026-07-27,2025-08-31,excel 3軸,,DESKTOP,,1,2,0.5,49.0,query_device,2026-07-27 13:02:19
119614,2026-07-27,2025-08-31,fb代投,,DESKTOP,,1,1,1.0,86.0,query_device,2026-07-27 13:02:19
119615,2026-07-27,2025-08-31,tiktok代投,,DESKTOP,,1,18,0.05555555555555555,9.166666666666666,query_device,2026-07-27 13:02:19
119616,2026-07-27,2025-08-31,tiktok代投,,MOBILE,,1,3,0.3333333333333333,2.0,query_device,2026-07-27 13:02:19
119617,2026-07-27,2025-08-31,推特列表,,MOBILE,,1,1,1.0,10.0,query_device,2026-07-27 13:02:19
119618,2026-07-27,2025-08-31,桑基图excel,,DESKTOP,,1,11,0.09090909090909091,4.454545454545455,query_device,2026-07-27 13:02:19
119619,2026-07-27,2025-08-31,桑基图怎么画,,DESKTOP,,1,1,1.0,42.0,query_device,2026-07-27 13:02:19
119620,2026-07-27,2025-08-31,海外广告投放平台,,DESKTOP,,1,2,0.5,54.5,query_device,2026-07-27 13:02:19
119621,2026-07-27,2025-08-31,海外社媒,,DESKTOP,,1,1,1.0,60.0,query_device,2026-07-27 13:02:19
119622,2026-07-27,2025-08-31,3 axis chart in excel,,MOBILE,,0,1,0.0,7.0,query_device,2026-07-27 13:02:19
119623,2026-07-27,2025-08-31,ads优惠码,,DESKTOP,,0,1,0.0,43.0,query_device,2026-07-27 13:02:19
119624,2026-07-27,2025-08-31,advich,,MOBILE,,0,17,0.0,6.647058823529412,query_device,2026-07-27 13:02:19
119625,2026-07-27,2025-08-31,advich,,TABLET,,0,1,0.0,10.0,query_device,2026-07-27 13:02:19
119626,2026-07-27,2025-08-31,advich.com,,DESKTOP,,0,1,0.0,1.0,query_device,2026-07-27 13:02:19
119627,2026-07-27,2025-08-31,adwords ctr,,DESKTOP,,0,1,0.0,41.0,query_device,2026-07-27 13:02:19
119628,2026-07-27,2025-08-31,adwords seo,,DESKTOP,,0,2,0.0,29.0,query_device,2026-07-27 13:02:19
119629,2026-07-27,2025-08-31,aida是什麼,,DESKTOP,,0,3,0.0,71.66666666666667,query_device,2026-07-27 13:02:19
119630,2026-07-27,2025-08-31,aida是什麼,,MOBILE,,0,2,0.0,69.5,query_device,2026-07-27 13:02:19
119631,2026-07-27,2025-08-31,android twitter 4k,,MOBILE,,0,3,0.0,5.0,query_device,2026-07-27 13:02:19
119632,2026-07-27,2025-08-31,android x 4k,,MOBILE,,0,3,0.0,5.0,query_device,2026-07-27 13:02:19
119633,2026-07-27,2025-08-31,bm manager,,DESKTOP,,0,1,0.0,92.0,query_device,2026-07-27 13:02:19
119634,2026-07-27,2025-08-31,box and whisker plot,,DESKTOP,,0,1,0.0,18.0,query_device,2026-07-27 13:02:19
119635,2026-07-27,2025-08-31,can you use data from another sheet in google sheets,,DESKTOP,,0,2,0.0,12.5,query_device,2026-07-27 13:02:19
119636,2026-07-27,2025-08-31,chartexpo,,DESKTOP,,0,1,0.0,5.0,query_device,2026-07-27 13:02:19
119637,2026-07-27,2025-08-31,clickshare google ads,,MOBILE,,0,1,0.0,66.0,query_device,2026-07-27 13:02:19
119638,2026-07-27,2025-08-31,clv ltv,,DESKTOP,,0,1,0.0,53.0,query_device,2026-07-27 13:02:19
119639,2026-07-27,2025-08-31,cpc怎么算,,DESKTOP,,0,1,0.0,28.0,query_device,2026-07-27 13:02:19
119640,2026-07-27,2025-08-31,cpc点击成本行业均值,,DESKTOP,,0,26,0.0,43.5,query_device,2026-07-27 13:02:19
119641,2026-07-27,2025-08-31,cpe 廣告,,DESKTOP,,0,1,0.0,58.0,query_device,2026-07-27 13:02:19
119642,2026-07-27,2025-08-31,ctr 意思,,DESKTOP,,0,1,0.0,73.0,query_device,2026-07-27 13:02:19
119643,2026-07-27,2025-08-31,ctr 是什么,,MOBILE,,0,1,0.0,101.0,query_device,2026-07-27 13:02:19
119644,2026-07-27,2025-08-31,ctr怎么算,,DESKTOP,,0,1,0.0,92.0,query_device,2026-07-27 13:02:19
119645,2026-07-27,2025-08-31,ctr怎么算,,MOBILE,,0,1,0.0,88.0,query_device,2026-07-27 13:02:19
119646,2026-07-27,2025-08-31,ctr是什么,,DESKTOP,,0,1,0.0,68.0,query_device,2026-07-27 13:02:19
119647,2026-07-27,2025-08-31,ctr是什么意思,,DESKTOP,,0,8,0.0,75.75,query_device,2026-07-27 13:02:19
119648,2026-07-27,2025-08-31,ctr是什么意思,,MOBILE,,0,2,0.0,84.0,query_device,2026-07-27 13:02:19
119649,2026-07-27,2025-08-31,ctr是什么指标,,DESKTOP,,0,2,0.0,46.0,query_device,2026-07-27 13:02:19
119650,2026-07-27,2025-08-31,ctr是什么指标,,MOBILE,,0,1,0.0,68.0,query_device,2026-07-27 13:02:19
119651,2026-07-27,2025-08-31,destination mismatch,,DESKTOP,,0,1,0.0,34.0,query_device,2026-07-27 13:02:19
119652,2026-07-27,2025-08-31,destination mismatch google ads,,DESKTOP,,0,3,0.0,42.0,query_device,2026-07-27 13:02:19
119653,2026-07-27,2025-08-31,dot plot google sheets,,DESKTOP,,0,2,0.0,51.5,query_device,2026-07-27 13:02:19
119654,2026-07-27,2025-08-31,dsa 廣告,,DESKTOP,,0,1,0.0,32.0,query_device,2026-07-27 13:02:19
119655,2026-07-27,2025-08-31,dsa广告,,DESKTOP,,0,1,0.0,15.0,query_device,2026-07-27 13:02:19
119656,2026-07-27,2025-08-31,dsp ssp,,DESKTOP,,0,1,0.0,66.0,query_device,2026-07-27 13:02:19
119657,2026-07-27,2025-08-31,dsp 廣告,,DESKTOP,,0,1,0.0,86.0,query_device,2026-07-27 13:02:19
119658,2026-07-27,2025-08-31,dsp/需求方平台,,DESKTOP,,0,2,0.0,66.5,query_device,2026-07-27 13:02:19
119659,2026-07-27,2025-08-31,dsp/需求方平台,,MOBILE,,0,2,0.0,66.5,query_device,2026-07-27 13:02:19
119660,2026-07-27,2025-08-31,dsp平台,,DESKTOP,,0,2,0.0,1.0,query_device,2026-07-27 13:02:19
119661,2026-07-27,2025-08-31,dtc增长,,DESKTOP,,0,2,0.0,57.5,query_device,2026-07-27 13:02:19
119662,2026-07-27,2025-08-31,dynamic search ads bing,,DESKTOP,,0,1,0.0,44.0,query_device,2026-07-27 13:02:19
119663,2026-07-27,2025-08-31,eda資料分析,,DESKTOP,,0,13,0.0,65.38461538461539,query_device,2026-07-27 13:02:19
119664,2026-07-27,2025-08-31,eda資料分析,,MOBILE,,0,9,0.0,65.22222222222223,query_device,2026-07-27 13:02:19
119665,2026-07-27,2025-08-31,excel 3軸,,MOBILE,,0,1,0.0,9.0,query_device,2026-07-27 13:02:19
119666,2026-07-27,2025-08-31,excel sankey,,DESKTOP,,0,1,0.0,23.0,query_device,2026-07-27 13:02:19
119667,2026-07-27,2025-08-31,excel sankey add in,,DESKTOP,,0,1,0.0,12.0,query_device,2026-07-27 13:02:19
119668,2026-07-27,2025-08-31,excel sankey diagram,,DESKTOP,,0,1,0.0,10.0,query_device,2026-07-27 13:02:19
119669,2026-07-27,2025-08-31,excel sunburst chart,,DESKTOP,,0,1,0.0,9.0,query_device,2026-07-27 13:02:19
119670,2026-07-27,2025-08-31,excel グラフ 3軸,,MOBILE,,0,1,0.0,87.0,query_device,2026-07-27 13:02:19
119671,2026-07-27,2025-08-31,excel 双y轴,,DESKTOP,,0,1,0.0,23.0,query_device,2026-07-27 13:02:19
119672,2026-07-27,2025-08-31,excel三軸圖,,MOBILE,,0,3,0.0,10.0,query_device,2026-07-27 13:02:19
119673,2026-07-27,2025-08-31,excel双y轴折线图,,DESKTOP,,0,1,0.0,19.0,query_device,2026-07-27 13:02:19
119674,2026-07-27,2025-08-31,excel双y轴折线图,,MOBILE,,0,1,0.0,16.0,query_device,2026-07-27 13:02:19
119675,2026-07-27,2025-08-31,facebook 广告,,DESKTOP,,0,23,0.0,53.69565217391305,query_device,2026-07-27 13:02:19
119676,2026-07-27,2025-08-31,facebook 广告,,MOBILE,,0,6,0.0,56.166666666666664,query_device,2026-07-27 13:02:19
119677,2026-07-27,2025-08-31,facebook 推廣,,DESKTOP,,0,2,0.0,96.0,query_device,2026-07-27 13:02:19
119678,2026-07-27,2025-08-31,facebook 推廣,,MOBILE,,0,1,0.0,93.0,query_device,2026-07-27 13:02:19
119679,2026-07-27,2025-08-31,facebook 营销,,DESKTOP,,0,5,0.0,70.2,query_device,2026-07-27 13:02:19
119680,2026-07-27,2025-08-31,facebook 营销,,MOBILE,,0,5,0.0,71.0,query_device,2026-07-27 13:02:19
119681,2026-07-27,2025-08-31,facebook品牌推广,,DESKTOP,,0,4,0.0,93.0,query_device,2026-07-27 13:02:19
119682,2026-07-27,2025-08-31,facebook小组营销,,DESKTOP,,0,16,0.0,78.5,query_device,2026-07-27 13:02:19
119683,2026-07-27,2025-08-31,facebook广告,,DESKTOP,,0,27,0.0,50.51851851851852,query_device,2026-07-27 13:02:19
119684,2026-07-27,2025-08-31,facebook广告,,MOBILE,,0,5,0.0,48.2,query_device,2026-07-27 13:02:19
119685,2026-07-27,2025-08-31,facebook广告营销,,DESKTOP,,0,7,0.0,46.285714285714285,query_device,2026-07-27 13:02:19
119686,2026-07-27,2025-08-31,facebook广告营销,,MOBILE,,0,8,0.0,70.75,query_device,2026-07-27 13:02:19
119687,2026-07-27,2025-08-31,facebook推广,,DESKTOP,,0,3,0.0,61.0,query_device,2026-07-27 13:02:19
119688,2026-07-27,2025-08-31,facebook推廣,,DESKTOP,,0,2,0.0,86.0,query_device,2026-07-27 13:02:19
119689,2026-07-27,2025-08-31,facebook的最佳实践,,DESKTOP,,0,1,0.0,95.0,query_device,2026-07-27 13:02:19
119690,2026-07-27,2025-08-31,facebook的最佳实践,,MOBILE,,0,2,0.0,75.0,query_device,2026-07-27 13:02:19
119691,2026-07-27,2025-08-31,facebook群组营销,,DESKTOP,,0,1,0.0,47.0,query_device,2026-07-27 13:02:19
119692,2026-07-27,2025-08-31,facebook营销,,DESKTOP,,0,23,0.0,85.30434782608695,query_device,2026-07-27 13:02:19
119693,2026-07-27,2025-08-31,facebook营销,,MOBILE,,0,6,0.0,85.16666666666667,query_device,2026-07-27 13:02:19
119694,2026-07-27,2025-08-31,fb 广告,,DESKTOP,,0,1,0.0,42.0,query_device,2026-07-27 13:02:19
119695,2026-07-27,2025-08-31,fb 推广,,DESKTOP,,0,1,0.0,34.0,query_device,2026-07-27 13:02:19
119696,2026-07-27,2025-08-31,fb广告,,DESKTOP,,0,9,0.0,41.0,query_device,2026-07-27 13:02:19
119697,2026-07-27,2025-08-31,fb广告,,MOBILE,,0,3,0.0,78.0,query_device,2026-07-27 13:02:19
119698,2026-07-27,2025-08-31,fb广告自动化设置,,DESKTOP,,0,1,0.0,98.0,query_device,2026-07-27 13:02:19
119699,2026-07-27,2025-08-31,fb表單,,DESKTOP,,0,1,0.0,69.0,query_device,2026-07-27 13:02:19
119700,2026-07-27,2025-08-31,g2金融驗證,,DESKTOP,,0,15,0.0,42.93333333333333,query_device,2026-07-27 13:02:19
119701,2026-07-27,2025-08-31,googe 推荐搜索广告数量,,DESKTOP,,0,10,0.0,87.1,query_device,2026-07-27 13:02:19
119702,2026-07-27,2025-08-31,googel.cpm,,MOBILE,,0,1,0.0,1.0,query_device,2026-07-27 13:02:19
119703,2026-07-27,2025-08-31,google ad seo,,DESKTOP,,0,1,0.0,51.0,query_device,2026-07-27 13:02:19
119704,2026-07-27,2025-08-31,google ads destination mismatch,,DESKTOP,,0,3,0.0,33.666666666666664,query_device,2026-07-27 13:02:19
119705,2026-07-27,2025-08-31,google ads destination mismatch,,MOBILE,,0,3,0.0,42.666666666666664,query_device,2026-07-27 13:02:19
119706,2026-07-27,2025-08-31,google ads dsp,,DESKTOP,,0,2,0.0,37.5,query_device,2026-07-27 13:02:19
119707,2026-07-27,2025-08-31,google ads editor,,DESKTOP,,0,26,0.0,42.57692307692308,query_device,2026-07-27 13:02:19
119708,2026-07-27,2025-08-31,google ads editor,,MOBILE,,0,21,0.0,43.23809523809524,query_device,2026-07-27 13:02:19
119709,2026-07-27,2025-08-31,google ads vs seo,,DESKTOP,,0,1,0.0,16.0,query_device,2026-07-27 13:02:19
119710,2026-07-27,2025-08-31,google ads 中可以有多少个自适应搜索广告？,,DESKTOP,,0,1,0.0,9.0,query_device,2026-07-27 13:02:19
119711,2026-07-27,2025-08-31,google ads 中国,,DESKTOP,,0,1,0.0,36.0,query_device,2026-07-27 13:02:19
119712,2026-07-27,2025-08-31,google ads 多媒體廣告認證,,DESKTOP,,0,1,0.0,60.0,query_device,2026-07-27 13:02:19
119713,2026-07-27,2025-08-31,google ads 搜尋廣告認證,,DESKTOP,,0,1,0.0,44.0,query_device,2026-07-27 13:02:19
119714,2026-07-27,2025-08-31,google ads 编辑器,,DESKTOP,,0,1,0.0,10.0,query_device,2026-07-27 13:02:19
119715,2026-07-27,2025-08-31,google ads 認證,,DESKTOP,,0,1,0.0,47.0,query_device,2026-07-27 13:02:19
119716,2026-07-27,2025-08-31,google ads 證照,,DESKTOP,,0,1,0.0,59.0,query_device,2026-07-27 13:02:19
119717,2026-07-27,2025-08-31,google ads 认证,,DESKTOP,,0,1,0.0,94.0,query_device,2026-07-27 13:02:19
119718,2026-07-27,2025-08-31,google ads 认证,,MOBILE,,0,1,0.0,80.0,query_device,2026-07-27 13:02:19
119719,2026-07-27,2025-08-31,google ads 运营公司,,DESKTOP,,0,1,0.0,79.0,query_device,2026-07-27 13:02:19
119720,2026-07-27,2025-08-31,google ads编辑器,,DESKTOP,,0,2,0.0,10.0,query_device,2026-07-27 13:02:19
119721,2026-07-27,2025-08-31,google ads認證,,DESKTOP,,0,2,0.0,64.0,query_device,2026-07-27 13:02:19
119722,2026-07-27,2025-08-31,google ads認證,,MOBILE,,0,1,0.0,57.0,query_device,2026-07-27 13:02:19
119723,2026-07-27,2025-08-31,google ads認證怎麼考,,DESKTOP,,0,1,0.0,66.0,query_device,2026-07-27 13:02:19
119724,2026-07-27,2025-08-31,google ads认证,,DESKTOP,,0,2,0.0,59.0,query_device,2026-07-27 13:02:19
119725,2026-07-27,2025-08-31,google ads认证,,MOBILE,,0,1,0.0,83.0,query_device,2026-07-27 13:02:19
119726,2026-07-27,2025-08-31,google ads類型,,DESKTOP,,0,1,0.0,53.0,query_device,2026-07-27 13:02:19
119727,2026-07-27,2025-08-31,google adweb,,DESKTOP,,0,2,0.0,67.5,query_device,2026-07-27 13:02:19
119728,2026-07-27,2025-08-31,google adwords 关键 词 工具,,DESKTOP,,0,3,0.0,85.33333333333333,query_device,2026-07-27 13:02:19
119729,2026-07-27,2025-08-31,google adwords 关键 词 工具,,MOBILE,,0,1,0.0,89.0,query_device,2026-07-27 13:02:19
119730,2026-07-27,2025-08-31,google adwords 認證,,DESKTOP,,0,1,0.0,59.0,query_device,2026-07-27 13:02:19
119731,2026-07-27,2025-08-31,google adwords关键字工具,,DESKTOP,,0,1,0.0,41.0,query_device,2026-07-27 13:02:19
119732,2026-07-27,2025-08-31,google adwords关键词工具,,DESKTOP,,0,2,0.0,63.5,query_device,2026-07-27 13:02:19
119733,2026-07-27,2025-08-31,google adwords关键词规划师,,DESKTOP,,0,3,0.0,37.0,query_device,2026-07-27 13:02:19
119734,2026-07-27,2025-08-31,google adwords認定資格,,DESKTOP,,0,1,0.0,73.0,query_device,2026-07-27 13:02:19
119735,2026-07-27,2025-08-31,google bumper ads,,DESKTOP,,0,1,0.0,59.0,query_device,2026-07-27 13:02:19
119736,2026-07-27,2025-08-31,google cpc,,MOBILE,,0,1,0.0,41.0,query_device,2026-07-27 13:02:19
119737,2026-07-27,2025-08-31,google data studio facebook,,DESKTOP,,0,1,0.0,39.0,query_device,2026-07-27 13:02:19
119738,2026-07-27,2025-08-31,google director mix,,DESKTOP,,0,2,0.0,84.0,query_device,2026-07-27 13:02:19
119739,2026-07-27,2025-08-31,google dsa,,DESKTOP,,0,17,0.0,40.529411764705884,query_device,2026-07-27 13:02:19
119740,2026-07-27,2025-08-31,google dsa,,MOBILE,,0,1,0.0,46.0,query_device,2026-07-27 13:02:19
119741,2026-07-27,2025-08-31,google editor,,DESKTOP,,0,1,0.0,62.0,query_device,2026-07-27 13:02:19
119742,2026-07-27,2025-08-31,google gtm,,DESKTOP,,0,1,0.0,24.0,query_device,2026-07-27 13:02:19
119743,2026-07-27,2025-08-31,google keyword planner怎么用,,DESKTOP,,0,6,0.0,86.83333333333333,query_device,2026-07-27 13:02:19
119744,2026-07-27,2025-08-31,google keyword planner怎么用,,MOBILE,,0,21,0.0,85.0952380952381,query_device,2026-07-27 13:02:19
119745,2026-07-27,2025-08-31,google roas,,DESKTOP,,0,1,0.0,40.0,query_device,2026-07-27 13:02:19
119746,2026-07-27,2025-08-31,google sem,,DESKTOP,,0,3,0.0,68.33333333333333,query_device,2026-07-27 13:02:19
119747,2026-07-27,2025-08-31,google sem,,MOBILE,,0,1,0.0,92.0,query_device,2026-07-27 13:02:19
119748,2026-07-27,2025-08-31,google seo sem,,DESKTOP,,0,1,0.0,18.0,query_device,2026-07-27 13:02:19
119749,2026-07-27,2025-08-31,google sheets pareto chart,,DESKTOP,,0,1,0.0,64.0,query_device,2026-07-27 13:02:19
119750,2026-07-27,2025-08-31,google sheets sankey,,DESKTOP,,0,2,0.0,45.0,query_device,2026-07-27 13:02:19
119751,2026-07-27,2025-08-31,google sheets sankey diagram,,DESKTOP,,0,1,0.0,63.0,query_device,2026-07-27 13:02:19
119752,2026-07-27,2025-08-31,google tag manager 介绍,,DESKTOP,,0,2,0.0,84.5,query_device,2026-07-27 13:02:19
119753,2026-07-27,2025-08-31,google tag manager 是什麼,,DESKTOP,,0,1,0.0,78.0,query_device,2026-07-27 13:02:19
119754,2026-07-27,2025-08-31,google tag manager是什么,,DESKTOP,,0,1,0.0,20.0,query_device,2026-07-27 13:02:19
119755,2026-07-27,2025-08-31,google tag manager是什麼,,DESKTOP,,0,1,0.0,63.0,query_device,2026-07-27 13:02:19
119756,2026-07-27,2025-08-31,google 关键词规划师,,DESKTOP,,0,1,0.0,45.0,query_device,2026-07-27 13:02:19
119757,2026-07-27,2025-08-31,google 再營銷,,DESKTOP,,0,15,0.0,71.8,query_device,2026-07-27 13:02:19
119758,2026-07-27,2025-08-31,google 再營銷,,MOBILE,,0,14,0.0,65.78571428571429,query_device,2026-07-27 13:02:19
119759,2026-07-27,2025-08-31,google 圖表,,DESKTOP,,0,1,0.0,26.0,query_device,2026-07-27 13:02:19
119760,2026-07-27,2025-08-31,google 展示 广告,,DESKTOP,,0,4,0.0,97.0,query_device,2026-07-27 13:02:19
119761,2026-07-27,2025-08-31,google 广告 价格,,DESKTOP,,0,5,0.0,70.4,query_device,2026-07-27 13:02:19
119762,2026-07-27,2025-08-31,google 广告 关键 词,,DESKTOP,,0,22,0.0,43.63636363636363,query_device,2026-07-27 13:02:19
119763,2026-07-27,2025-08-31,google 廣告 預算,,DESKTOP,,0,10,0.0,80.3,query_device,2026-07-27 13:02:19
119764,2026-07-27,2025-08-31,google 懲罰,,MOBILE,,0,14,0.0,56.07142857142857,query_device,2026-07-27 13:02:19
119765,2026-07-27,2025-08-31,google 竞价 排名,,DESKTOP,,0,6,0.0,92.83333333333333,query_device,2026-07-27 13:02:19
119766,2026-07-27,2025-08-31,google促銷代碼取得,,DESKTOP,,0,2,0.0,39.0,query_device,2026-07-27 13:02:19
119767,2026-07-27,2025-08-31,google关键词规划师,,DESKTOP,,0,43,0.0,46.604651162790695,query_device,2026-07-27 13:02:19
119768,2026-07-27,2025-08-31,google关键词规划师,,MOBILE,,0,26,0.0,48.34615384615385,query_device,2026-07-27 13:02:19
119769,2026-07-27,2025-08-31,google再營銷,,DESKTOP,,0,4,0.0,72.25,query_device,2026-07-27 13:02:19
119770,2026-07-27,2025-08-31,google再營銷,,MOBILE,,0,3,0.0,64.0,query_device,2026-07-27 13:02:19
119771,2026-07-27,2025-08-31,google動態廣告,,DESKTOP,,0,27,0.0,35.55555555555556,query_device,2026-07-27 13:02:19
119772,2026-07-27,2025-08-31,google動態廣告,,MOBILE,,0,18,0.0,33.611111111111114,query_device,2026-07-27 13:02:19
119773,2026-07-27,2025-08-31,google動態廣告目標,,DESKTOP,,0,6,0.0,37.666666666666664,query_device,2026-07-27 13:02:19
119774,2026-07-27,2025-08-31,google動態廣告目標,,MOBILE,,0,10,0.0,40.4,query_device,2026-07-27 13:02:19
119775,2026-07-27,2025-08-31,google動態搜尋廣告,,DESKTOP,,0,2,0.0,41.0,query_device,2026-07-27 13:02:19
119776,2026-07-27,2025-08-31,google合作夥伴名單,,DESKTOP,,0,1,0.0,18.0,query_device,2026-07-27 13:02:19
119777,2026-07-27,2025-08-31,google合作夥伴名單,,MOBILE,,0,1,0.0,30.0,query_device,2026-07-27 13:02:19
119778,2026-07-27,2025-08-31,google展示广告,,DESKTOP,,0,1,0.0,74.0,query_device,2026-07-27 13:02:19
119779,2026-07-27,2025-08-31,google展示广告,,MOBILE,,0,1,0.0,74.0,query_device,2026-07-27 13:02:19
119780,2026-07-27,2025-08-31,google广告,,DESKTOP,,0,1,0.0,12.0,query_device,2026-07-27 13:02:19
119781,2026-07-27,2025-08-31,google广告优化,,DESKTOP,,0,11,0.0,86.18181818181819,query_device,2026-07-27 13:02:19
119782,2026-07-27,2025-08-31,google广告优化,,MOBILE,,0,11,0.0,90.0909090909091,query_device,2026-07-27 13:02:19
119783,2026-07-27,2025-08-31,google廣告創作,,DESKTOP,,0,3,0.0,24.333333333333332,query_device,2026-07-27 13:02:19
119784,2026-07-27,2025-08-31,google购物广告,,DESKTOP,,0,2,0.0,83.0,query_device,2026-07-27 13:02:19
119785,2026-07-27,2025-08-31,gtm,,DESKTOP,,0,2,0.0,51.5,query_device,2026-07-27 13:02:19
119786,2026-07-27,2025-08-31,gtm 意思,,MOBILE,,0,1,0.0,87.0,query_device,2026-07-27 13:02:19
119787,2026-07-27,2025-08-31,gtm 是什麼,,DESKTOP,,0,17,0.0,73.70588235294117,query_device,2026-07-27 13:02:19
119788,2026-07-27,2025-08-31,gtm 是什麼,,MOBILE,,0,17,0.0,81.94117647058823,query_device,2026-07-27 13:02:19
119789,2026-07-27,2025-08-31,gtm意思,,DESKTOP,,0,2,0.0,72.0,query_device,2026-07-27 13:02:19
119790,2026-07-27,2025-08-31,gtm意思,,MOBILE,,0,1,0.0,73.0,query_device,2026-07-27 13:02:19
119791,2026-07-27,2025-08-31,gtm是什麼,,DESKTOP,,0,42,0.0,79.85714285714286,query_device,2026-07-27 13:02:19
119792,2026-07-27,2025-08-31,gtm是什麼,,MOBILE,,0,15,0.0,82.06666666666666,query_device,2026-07-27 13:02:19
119793,2026-07-27,2025-08-31,gtm預覽模式,,DESKTOP,,0,20,0.0,69.35,query_device,2026-07-27 13:02:19
119794,2026-07-27,2025-08-31,how to make a pareto chart in google sheets,,DESKTOP,,0,4,0.0,91.25,query_device,2026-07-27 13:02:19
119795,2026-07-27,2025-08-31,how to make a sunburst chart in excel,,DESKTOP,,0,1,0.0,78.0,query_device,2026-07-27 13:02:19
119796,2026-07-27,2025-08-31,imc 行銷,,DESKTOP,,0,1,0.0,66.0,query_device,2026-07-27 13:02:19
119797,2026-07-27,2025-08-31,imc行銷,,DESKTOP,,0,1,0.0,90.0,query_device,2026-07-27 13:02:19
119798,2026-07-27,2025-08-31,keyword planner cpc,,DESKTOP,,0,1,0.0,51.0,query_device,2026-07-27 13:02:19
119799,2026-07-27,2025-08-31,keywordshitter.com 2,,DESKTOP,,0,3,0.0,40.0,query_device,2026-07-27 13:02:19
119800,2026-07-27,2025-08-31,keywordshitter.com 2,,MOBILE,,0,1,0.0,43.0,query_device,2026-07-27 13:02:19
119801,2026-07-27,2025-08-31,linkedin上的营销专业小组,,DESKTOP,,0,1,0.0,63.0,query_device,2026-07-27 13:02:19
119802,2026-07-27,2025-08-31,linkedin注册不了,,DESKTOP,,0,1,0.0,13.0,query_device,2026-07-27 13:02:19
119803,2026-07-27,2025-08-31,linkedin，说明如何通过linkedin进行社交媒体营销,,DESKTOP,,0,1,0.0,97.0,query_device,2026-07-27 13:02:19
119804,2026-07-27,2025-08-31,m ql,,DESKTOP,,0,1,0.0,86.0,query_device,2026-07-27 13:02:19
119805,2026-07-27,2025-08-31,mql,,DESKTOP,,0,3,0.0,101.33333333333333,query_device,2026-07-27 13:02:19
119806,2026-07-27,2025-08-31,oath公司,,DESKTOP,,0,1,0.0,46.0,query_device,2026-07-27 13:02:19
119807,2026-07-27,2025-08-31,pareto chart google sheets,,DESKTOP,,0,3,0.0,57.0,query_device,2026-07-27 13:02:19
119808,2026-07-27,2025-08-31,pareto chart in google sheets,,DESKTOP,,0,1,0.0,66.0,query_device,2026-07-27 13:02:19
119809,2026-07-27,2025-08-31,performance max campaigns,,DESKTOP,,0,1,0.0,10.0,query_device,2026-07-27 13:02:19
119810,2026-07-27,2025-08-31,performance planner,,DESKTOP,,0,1,0.0,14.0,query_device,2026-07-27 13:02:19
119811,2026-07-27,2025-08-31,peso模型,,DESKTOP,,0,2,0.0,7.5,query_device,2026-07-27 13:02:19
119812,2026-07-27,2025-08-31,pinterest ads,,DESKTOP,,0,1,0.0,1.0,query_device,2026-07-27 13:02:19
119813,2026-07-27,2025-08-31,pinterest 廣告,,DESKTOP,,0,1,0.0,3.0,query_device,2026-07-27 13:02:19
119814,2026-07-27,2025-08-31,pinterest广告,,DESKTOP,,0,8,0.0,9.0,query_device,2026-07-27 13:02:19
119815,2026-07-27,2025-08-31,pinterest广告投放,,DESKTOP,,0,1,0.0,29.0,query_device,2026-07-27 13:02:19
119816,2026-07-27,2025-08-31,potential available market,,DESKTOP,,0,1,0.0,100.0,query_device,2026-07-27 13:02:19
119817,2026-07-27,2025-08-31,ppc竞价,,DESKTOP,,0,1,0.0,19.0,query_device,2026-07-27 13:02:19
119818,2026-07-27,2025-08-31,product_type_l1,,DESKTOP,,0,3,0.0,72.0,query_device,2026-07-27 13:02:19
119819,2026-07-27,2025-08-31,reddit 广告,,DESKTOP,,0,2,0.0,22.0,query_device,2026-07-27 13:02:19
119820,2026-07-27,2025-08-31,reddit广告,,DESKTOP,,0,3,0.0,27.666666666666668,query_device,2026-07-27 13:02:19
119821,2026-07-27,2025-08-31,reddit广告投放,,DESKTOP,,0,1,0.0,18.0,query_device,2026-07-27 13:02:19
119822,2026-07-27,2025-08-31,roas,,DESKTOP,,0,11,0.0,95.27272727272727,query_device,2026-07-27 13:02:19
119823,2026-07-27,2025-08-31,roas,,MOBILE,,0,12,0.0,92.66666666666667,query_device,2026-07-27 13:02:19
119824,2026-07-27,2025-08-31,roas 定義,,DESKTOP,,0,4,0.0,72.75,query_device,2026-07-27 13:02:19
119825,2026-07-27,2025-08-31,roas 是什么,,DESKTOP,,0,1,0.0,96.0,query_device,2026-07-27 13:02:19
119826,2026-07-27,2025-08-31,roas 是什么,,MOBILE,,0,1,0.0,93.0,query_device,2026-07-27 13:02:19
119827,2026-07-27,2025-08-31,roas和roi的区别,,DESKTOP,,0,5,0.0,53.2,query_device,2026-07-27 13:02:19
119828,2026-07-27,2025-08-31,roas和roi的区别,,MOBILE,,0,2,0.0,63.0,query_device,2026-07-27 13:02:19
119829,2026-07-27,2025-08-31,roas是什么意思,,DESKTOP,,0,1,0.0,46.0,query_device,2026-07-27 13:02:19
119830,2026-07-27,2025-08-31,roi和roas的区别,,DESKTOP,,0,4,0.0,42.75,query_device,2026-07-27 13:02:19
119831,2026-07-27,2025-08-31,roi和roas的区别,,MOBILE,,0,2,0.0,60.5,query_device,2026-07-27 13:02:19
119832,2026-07-27,2025-08-31,sa360,,DESKTOP,,0,22,0.0,72.4090909090909,query_device,2026-07-27 13:02:19
119833,2026-07-27,2025-08-31,sa360,,MOBILE,,0,2,0.0,67.5,query_device,2026-07-27 13:02:19
119834,2026-07-27,2025-08-31,sa360とは,,DESKTOP,,0,1,0.0,87.0,query_device,2026-07-27 13:02:19
119835,2026-07-27,2025-08-31,sales dashboard google sheets,,DESKTOP,,0,1,0.0,64.0,query_device,2026-07-27 13:02:19
119836,2026-07-27,2025-08-31,sankey,,DESKTOP,,0,1,0.0,99.0,query_device,2026-07-27 13:02:19
119837,2026-07-27,2025-08-31,sankey chart google sheets,,DESKTOP,,0,3,0.0,47.0,query_device,2026-07-27 13:02:19
119838,2026-07-27,2025-08-31,sankey chart google sheets,,MOBILE,,0,1,0.0,53.0,query_device,2026-07-27 13:02:19
119839,2026-07-27,2025-08-31,sankey diagram excel,,DESKTOP,,0,2,0.0,30.5,query_device,2026-07-27 13:02:19
119840,2026-07-27,2025-08-31,sankey diagram google sheet,,DESKTOP,,0,1,0.0,34.0,query_device,2026-07-27 13:02:19
119841,2026-07-27,2025-08-31,sankey diagram google sheets,,DESKTOP,,0,6,0.0,50.0,query_device,2026-07-27 13:02:19
119842,2026-07-27,2025-08-31,sankey diagram google sheets,,MOBILE,,0,1,0.0,43.0,query_device,2026-07-27 13:02:19
119843,2026-07-27,2025-08-31,sankey google sheets,,DESKTOP,,0,1,0.0,50.0,query_device,2026-07-27 13:02:19
119844,2026-07-27,2025-08-31,sankey in google sheets,,DESKTOP,,0,2,0.0,50.5,query_device,2026-07-27 13:02:19
119845,2026-07-27,2025-08-31,sankey in google sheets,,MOBILE,,0,1,0.0,51.0,query_device,2026-07-27 13:02:19
119846,2026-07-27,2025-08-31,sem google,,MOBILE,,0,2,0.0,31.0,query_device,2026-07-27 13:02:19
119847,2026-07-27,2025-08-31,sem 廣告代理,,DESKTOP,,0,1,0.0,69.0,query_device,2026-07-27 13:02:19
119848,2026-07-27,2025-08-31,seo adwords,,DESKTOP,,0,1,0.0,59.0,query_device,2026-07-27 13:02:19
119849,2026-07-27,2025-08-31,seo关键词布局,,DESKTOP,,0,1,0.0,26.0,query_device,2026-07-27 13:02:19
119850,2026-07-27,2025-08-31,seo咨询,,DESKTOP,,0,2,0.0,56.0,query_device,2026-07-27 13:02:19
119851,2026-07-27,2025-08-31,serviceable addressable market,,DESKTOP,,0,2,0.0,101.0,query_device,2026-07-27 13:02:19
119852,2026-07-27,2025-08-31,serviceable addressable market,,MOBILE,,0,1,0.0,98.0,query_device,2026-07-27 13:02:19
119853,2026-07-27,2025-08-31,site:advich.com,,DESKTOP,,0,17,0.0,12.764705882352942,query_device,2026-07-27 13:02:19
119854,2026-07-27,2025-08-31,som sam tam,,DESKTOP,,0,1,0.0,99.0,query_device,2026-07-27 13:02:19
119855,2026-07-27,2025-08-31,sostac,,DESKTOP,,0,1,0.0,89.0,query_device,2026-07-27 13:02:19
119856,2026-07-27,2025-08-31,ssp dsp,,DESKTOP,,0,2,0.0,56.0,query_device,2026-07-27 13:02:19
119857,2026-07-27,2025-08-31,ssp 是什么,,MOBILE,,0,1,0.0,36.0,query_device,2026-07-27 13:02:19
119858,2026-07-27,2025-08-31,ssp/供應方平台,,DESKTOP,,0,5,0.0,66.6,query_device,2026-07-27 13:02:19
119859,2026-07-27,2025-08-31,ssp/供應方平台,,MOBILE,,0,2,0.0,63.5,query_device,2026-07-27 13:02:19
119860,2026-07-27,2025-08-31,ssp是什麼,,DESKTOP,,0,2,0.0,57.5,query_device,2026-07-27 13:02:19
119861,2026-07-27,2025-08-31,ssp是什麼,,MOBILE,,0,1,0.0,2.0,query_device,2026-07-27 13:02:19
119862,2026-07-27,2025-08-31,sunburst chart,,DESKTOP,,0,2,0.0,46.5,query_device,2026-07-27 13:02:19
119863,2026-07-27,2025-08-31,sunburst chart in excel,,DESKTOP,,0,1,0.0,7.0,query_device,2026-07-27 13:02:19
119864,2026-07-27,2025-08-31,tam sam,,DESKTOP,,0,1,0.0,101.0,query_device,2026-07-27 13:02:19
119865,2026-07-27,2025-08-31,tam sam som,,DESKTOP,,0,12,0.0,68.16666666666667,query_device,2026-07-27 13:02:19
119866,2026-07-27,2025-08-31,tam sam som,,MOBILE,,0,2,0.0,83.5,query_device,2026-07-27 13:02:19
119867,2026-07-27,2025-08-31,tam sam som คือ,,DESKTOP,,0,4,0.0,81.5,query_device,2026-07-27 13:02:19
119868,2026-07-27,2025-08-31,tam/sam/som,,DESKTOP,,0,1,0.0,96.0,query_device,2026-07-27 13:02:19
119869,2026-07-27,2025-08-31,tik tok 廣告,,DESKTOP,,0,3,0.0,41.333333333333336,query_device,2026-07-27 13:02:19
119870,2026-07-27,2025-08-31,tiktok ads注册,,DESKTOP,,0,3,0.0,99.0,query_device,2026-07-27 13:02:19
119871,2026-07-27,2025-08-31,tiktok 代理,,DESKTOP,,0,2,0.0,21.5,query_device,2026-07-27 13:02:19
119872,2026-07-27,2025-08-31,tiktok 代理,,MOBILE,,0,1,0.0,19.0,query_device,2026-07-27 13:02:19
119873,2026-07-27,2025-08-31,tiktok 代理商,,DESKTOP,,0,1,0.0,27.0,query_device,2026-07-27 13:02:19
119874,2026-07-27,2025-08-31,tiktok 营销,,DESKTOP,,0,5,0.0,90.8,query_device,2026-07-27 13:02:19
119875,2026-07-27,2025-08-31,tiktok付费推广,,DESKTOP,,0,1,0.0,28.0,query_device,2026-07-27 13:02:19
119876,2026-07-27,2025-08-31,tiktok代理,,DESKTOP,,0,1,0.0,27.0,query_device,2026-07-27 13:02:19
119877,2026-07-27,2025-08-31,tiktok代理商,,MOBILE,,0,3,0.0,47.333333333333336,query_device,2026-07-27 13:02:19
119878,2026-07-27,2025-08-31,tiktok官方广告,,DESKTOP,,0,18,0.0,63.72222222222222,query_device,2026-07-27 13:02:19
119879,2026-07-27,2025-08-31,tiktok广告代理,,DESKTOP,,0,1,0.0,16.0,query_device,2026-07-27 13:02:19
119880,2026-07-27,2025-08-31,tiktok广告代理商,,DESKTOP,,0,1,0.0,21.0,query_device,2026-07-27 13:02:19
119881,2026-07-27,2025-08-31,tiktok广告开户,,DESKTOP,,0,4,0.0,12.0,query_device,2026-07-27 13:02:19
119882,2026-07-27,2025-08-31,tiktok广告开户,,MOBILE,,0,1,0.0,21.0,query_device,2026-07-27 13:02:19
119883,2026-07-27,2025-08-31,tiktok广告户,,DESKTOP,,0,2,0.0,47.5,query_device,2026-07-27 13:02:19
119884,2026-07-27,2025-08-31,tiktok广告账户,,DESKTOP,,0,1,0.0,52.0,query_device,2026-07-27 13:02:19
119885,2026-07-27,2025-08-31,tiktok开户,,MOBILE,,0,1,0.0,16.0,query_device,2026-07-27 13:02:19
119886,2026-07-27,2025-08-31,tiktok的营销,,DESKTOP,,0,2,0.0,79.5,query_device,2026-07-27 13:02:19
119887,2026-07-27,2025-08-31,tiktok营销,,DESKTOP,,0,7,0.0,83.57142857142857,query_device,2026-07-27 13:02:19
119888,2026-07-27,2025-08-31,tiktok视频如何投广告,,DESKTOP,,0,1,0.0,77.0,query_device,2026-07-27 13:02:19
119889,2026-07-27,2025-08-31,tk达人广告,,DESKTOP,,0,5,0.0,72.4,query_device,2026-07-27 13:02:19
119890,2026-07-27,2025-08-31,translate in chinese,,DESKTOP,,0,1,0.0,2.0,query_device,2026-07-27 13:02:19
119891,2026-07-27,2025-08-31,twitter 4k,,DESKTOP,,0,1,0.0,5.0,query_device,2026-07-27 13:02:19
119892,2026-07-27,2025-08-31,twitter 4k,,MOBILE,,0,4,0.0,13.25,query_device,2026-07-27 13:02:19
119893,2026-07-27,2025-08-31,twitter如何设置视频清晰度,,MOBILE,,0,1,0.0,14.0,query_device,2026-07-27 13:02:19
119894,2026-07-27,2025-08-31,twitter怎么推广,,DESKTOP,,0,11,0.0,86.45454545454545,query_device,2026-07-27 13:02:19
119895,2026-07-27,2025-08-31,twitter用户内容营销挑战,,DESKTOP,,0,1,0.0,62.0,query_device,2026-07-27 13:02:19
119896,2026-07-27,2025-08-31,video action campaign,,DESKTOP,,0,2,0.0,77.0,query_device,2026-07-27 13:02:19
119897,2026-07-27,2025-08-31,wordpress google优化得分,,DESKTOP,,0,8,0.0,53.375,query_device,2026-07-27 13:02:19
119898,2026-07-27,2025-08-31,x android 4k,,DESKTOP,,0,1,0.0,5.0,query_device,2026-07-27 13:02:19
119899,2026-07-27,2025-08-31,x android 4k,,MOBILE,,0,2,0.0,4.5,query_device,2026-07-27 13:02:19
119900,2026-07-27,2025-08-31,x视频清晰度设置,,MOBILE,,0,1,0.0,20.0,query_device,2026-07-27 13:02:19
119901,2026-07-27,2025-08-31,yandex介绍,,DESKTOP,,0,1,0.0,28.0,query_device,2026-07-27 13:02:19
119902,2026-07-27,2025-08-31,youtube home feed ads,,DESKTOP,,0,1,0.0,63.0,query_device,2026-07-27 13:02:19
119903,2026-07-27,2025-08-31,youtube lead form ads,,DESKTOP,,0,3,0.0,30.666666666666668,query_device,2026-07-27 13:02:19
119904,2026-07-27,2025-08-31,youtube付費推廣,,DESKTOP,,0,1,0.0,32.0,query_device,2026-07-27 13:02:19
119905,2026-07-27,2025-08-31,youtube付費推廣,,MOBILE,,0,1,0.0,28.0,query_device,2026-07-27 13:02:19
119906,2026-07-27,2025-08-31,youtube付费推广,,DESKTOP,,0,2,0.0,27.0,query_device,2026-07-27 13:02:19
119907,2026-07-27,2025-08-31,youtube付费推广,,MOBILE,,0,1,0.0,32.0,query_device,2026-07-27 13:02:19
119908,2026-07-27,2025-08-31,youtube广告设置,,DESKTOP,,0,2,0.0,100.0,query_device,2026-07-27 13:02:19
119909,2026-07-27,2025-08-31,youtube广告设置,,MOBILE,,0,2,0.0,87.5,query_device,2026-07-27 13:02:19
119910,2026-07-27,2025-08-31,エクセル 3軸,,DESKTOP,,0,1,0.0,78.0,query_device,2026-07-27 13:02:19
119911,2026-07-27,2025-08-31,エクセル グラフ 3軸,,DESKTOP,,0,1,0.0,89.0,query_device,2026-07-27 13:02:19
119912,2026-07-27,2025-08-31,エクセル グラフ 3軸,,MOBILE,,0,1,0.0,81.0,query_device,2026-07-27 13:02:19
119913,2026-07-27,2025-08-31,エクセル グラフ 三軸,,DESKTOP,,0,1,0.0,71.0,query_device,2026-07-27 13:02:19
119914,2026-07-27,2025-08-31,为了更好的观察一周气温的变化情况，应该选择绘制什么统计图？,,DESKTOP,,0,6,0.0,10.166666666666666,query_device,2026-07-27 13:02:19
119915,2026-07-27,2025-08-31,为什么亮黄色能吸引消费者注意 是什么原理,,DESKTOP,,0,7,0.0,10.142857142857142,query_device,2026-07-27 13:02:19
119916,2026-07-27,2025-08-31,为什么要计算每种方案的总花费呢？,,DESKTOP,,0,1,0.0,23.0,query_device,2026-07-27 13:02:19
119917,2026-07-27,2025-08-31,五點量表,,DESKTOP,,0,1,0.0,10.0,query_device,2026-07-27 13:02:19
119918,2026-07-27,2025-08-31,亚马逊dsp,,DESKTOP,,0,1,0.0,79.0,query_device,2026-07-27 13:02:19
119919,2026-07-27,2025-08-31,亚马逊dsp,,MOBILE,,0,1,0.0,75.0,query_device,2026-07-27 13:02:19
119920,2026-07-27,2025-08-31,亚马逊广告学堂,,DESKTOP,,0,1,0.0,37.0,query_device,2026-07-27 13:02:19
119921,2026-07-27,2025-08-31,什么是独立站,,DESKTOP,,0,2,0.0,18.5,query_device,2026-07-27 13:02:19
119922,2026-07-27,2025-08-31,付费搜索广告,,DESKTOP,,0,2,0.0,57.5,query_device,2026-07-27 13:02:19
119923,2026-07-27,2025-08-31,促进销售,,DESKTOP,,0,1,0.0,83.0,query_device,2026-07-27 13:02:19
119924,2026-07-27,2025-08-31,促进销售,,MOBILE,,0,1,0.0,38.0,query_device,2026-07-27 13:02:19
119925,2026-07-27,2025-08-31,信用卡谷歌广告,,DESKTOP,,0,10,0.0,74.7,query_device,2026-07-27 13:02:19
119926,2026-07-27,2025-08-31,关键字规划师,,DESKTOP,,0,1,0.0,40.0,query_device,2026-07-27 13:02:19
119927,2026-07-27,2025-08-31,关键字规划师,,MOBILE,,0,1,0.0,41.0,query_device,2026-07-27 13:02:19
119928,2026-07-27,2025-08-31,关键词布局,,DESKTOP,,0,1,0.0,24.0,query_device,2026-07-27 13:02:19
119929,2026-07-27,2025-08-31,关键词广告,,DESKTOP,,0,11,0.0,85.54545454545455,query_device,2026-07-27 13:02:19
119930,2026-07-27,2025-08-31,关键词广告,,MOBILE,,0,13,0.0,84.46153846153847,query_device,2026-07-27 13:02:19
119931,2026-07-27,2025-08-31,关键词搜索量查询,,DESKTOP,,0,9,0.0,79.77777777777777,query_device,2026-07-27 13:02:19
119932,2026-07-27,2025-08-31,关键词搜索量查询,,MOBILE,,0,11,0.0,82.9090909090909,query_device,2026-07-27 13:02:19
119933,2026-07-27,2025-08-31,关键词研究,,DESKTOP,,0,1,0.0,73.0,query_device,2026-07-27 13:02:19
119934,2026-07-27,2025-08-31,关键词规划师,,DESKTOP,,0,72,0.0,41.09722222222222,query_device,2026-07-27 13:02:19
119935,2026-07-27,2025-08-31,关键词规划师,,MOBILE,,0,38,0.0,46.13157894736842,query_device,2026-07-27 13:02:19
119936,2026-07-27,2025-08-31,再营销,,DESKTOP,,0,2,0.0,62.5,query_device,2026-07-27 13:02:19
119937,2026-07-27,2025-08-31,再营销,,MOBILE,,0,2,0.0,59.0,query_device,2026-07-27 13:02:19
119938,2026-07-27,2025-08-31,再营销广告,,DESKTOP,,0,2,0.0,80.5,query_device,2026-07-27 13:02:19
119939,2026-07-27,2025-08-31,再营销广告,,MOBILE,,0,3,0.0,87.0,query_device,2026-07-27 13:02:19
119940,2026-07-27,2025-08-31,出海 google seo,,DESKTOP,,0,21,0.0,67.9047619047619,query_device,2026-07-27 13:02:19
119941,2026-07-27,2025-08-31,出海 google 广告,,DESKTOP,,0,7,0.0,84.0,query_device,2026-07-27 13:02:19
119942,2026-07-27,2025-08-31,出海 seo,,DESKTOP,,0,10,0.0,83.2,query_device,2026-07-27 13:02:19
119943,2026-07-27,2025-08-31,出海seo,,DESKTOP,,0,8,0.0,86.125,query_device,2026-07-27 13:02:19
119944,2026-07-27,2025-08-31,出海谷歌广告,,DESKTOP,,0,4,0.0,89.75,query_device,2026-07-27 13:02:19
119945,2026-07-27,2025-08-31,动态 搜索 广告,,DESKTOP,,0,12,0.0,33.583333333333336,query_device,2026-07-27 13:02:19
119946,2026-07-27,2025-08-31,动态广告,,DESKTOP,,0,2,0.0,64.0,query_device,2026-07-27 13:02:19
119947,2026-07-27,2025-08-31,动态广告,,MOBILE,,0,3,0.0,49.333333333333336,query_device,2026-07-27 13:02:19
119948,2026-07-27,2025-08-31,动态搜索广告,,DESKTOP,,0,6,0.0,48.333333333333336,query_device,2026-07-27 13:02:19
119949,2026-07-27,2025-08-31,动态搜索广告,,MOBILE,,0,4,0.0,58.25,query_device,2026-07-27 13:02:19
119950,2026-07-27,2025-08-31,助和联属营销等方式获利。,,DESKTOP,,0,21,0.0,80.85714285714286,query_device,2026-07-27 13:02:19
119951,2026-07-27,2025-08-31,動態搜尋廣告,,DESKTOP,,0,1,0.0,44.0,query_device,2026-07-27 13:02:19
119952,2026-07-27,2025-08-31,即時競價/實時競價,,DESKTOP,,0,19,0.0,84.63157894736842,query_device,2026-07-27 13:02:19
119953,2026-07-27,2025-08-31,即時競價/實時競價,,MOBILE,,0,1,0.0,84.0,query_device,2026-07-27 13:02:19
119954,2026-07-27,2025-08-31,双y轴,,DESKTOP,,0,2,0.0,4.0,query_device,2026-07-27 13:02:19
119955,2026-07-27,2025-08-31,双轴图,,DESKTOP,,0,1,0.0,49.0,query_device,2026-07-27 13:02:19
119956,2026-07-27,2025-08-31,受众定位,,DESKTOP,,0,3,0.0,99.0,query_device,2026-07-27 13:02:19
119957,2026-07-27,2025-08-31,受众定位,,MOBILE,,0,2,0.0,88.5,query_device,2026-07-27 13:02:19
119958,2026-07-27,2025-08-31,启用自动调整功能来自动优化广告系列表现,,DESKTOP,,0,19,0.0,51.36842105263158,query_device,2026-07-27 13:02:19
119959,2026-07-27,2025-08-31,品質分數,,DESKTOP,,0,1,0.0,76.0,query_device,2026-07-27 13:02:19
119960,2026-07-27,2025-08-31,外贸独立站,,DESKTOP,,0,1,0.0,100.0,query_device,2026-07-27 13:02:19
119961,2026-07-27,2025-08-31,如何上推特,,DESKTOP,,0,1,0.0,18.0,query_device,2026-07-27 13:02:19
119962,2026-07-27,2025-08-31,如何分析独立站数据,,DESKTOP,,0,1,0.0,100.0,query_device,2026-07-27 13:02:19
119963,2026-07-27,2025-08-31,如何制定整合营销策略？,,DESKTOP,,0,7,0.0,21.0,query_device,2026-07-27 13:02:19
119964,2026-07-27,2025-08-31,如何提高销售额,,DESKTOP,,0,5,0.0,50.8,query_device,2026-07-27 13:02:19
119965,2026-07-27,2025-08-31,如何提高销售额,,MOBILE,,0,6,0.0,56.0,query_device,2026-07-27 13:02:19
119966,2026-07-27,2025-08-31,安索夫矩阵,,DESKTOP,,0,1,0.0,74.0,query_device,2026-07-27 13:02:19
119967,2026-07-27,2025-08-31,客户培育,,DESKTOP,,0,1,0.0,42.0,query_device,2026-07-27 13:02:19
119968,2026-07-27,2025-08-31,富媒体,,DESKTOP,,0,1,0.0,58.0,query_device,2026-07-27 13:02:19
119969,2026-07-27,2025-08-31,富媒体,,MOBILE,,0,1,0.0,59.0,query_device,2026-07-27 13:02:19
119970,2026-07-27,2025-08-31,富媒体搜索结果测试,,DESKTOP,,0,1,0.0,96.0,query_device,2026-07-27 13:02:19
119971,2026-07-27,2025-08-31,富媒體,,DESKTOP,,0,4,0.0,79.25,query_device,2026-07-27 13:02:19
119972,2026-07-27,2025-08-31,富媒體,,MOBILE,,0,3,0.0,77.66666666666667,query_device,2026-07-27 13:02:19
119973,2026-07-27,2025-08-31,富媒體廣告,,DESKTOP,,0,11,0.0,25.90909090909091,query_device,2026-07-27 13:02:19
119974,2026-07-27,2025-08-31,展示广告,,DESKTOP,,0,14,0.0,82.28571428571429,query_device,2026-07-27 13:02:19
119975,2026-07-27,2025-08-31,展示广告,,MOBILE,,0,1,0.0,85.0,query_device,2026-07-27 13:02:19
119976,2026-07-27,2025-08-31,广告 推广 平台,,DESKTOP,,0,1,0.0,59.0,query_device,2026-07-27 13:02:19
119977,2026-07-27,2025-08-31,广告定位,,DESKTOP,,0,2,0.0,83.0,query_device,2026-07-27 13:02:19
119978,2026-07-27,2025-08-31,广告定位,,MOBILE,,0,1,0.0,86.0,query_device,2026-07-27 13:02:19
119979,2026-07-27,2025-08-31,广告色彩的选择,,DESKTOP,,0,25,0.0,25.12,query_device,2026-07-27 13:02:19
119980,2026-07-27,2025-08-31,广告色彩色彩的心理感觉,,DESKTOP,,0,23,0.0,22.608695652173914,query_device,2026-07-27 13:02:19
119981,2026-07-27,2025-08-31,廣告點擊率,,MOBILE,,0,1,0.0,70.0,query_device,2026-07-27 13:02:19
119982,2026-07-27,2025-08-31,弹出式广告的优点和缺点,,DESKTOP,,0,11,0.0,74.36363636363636,query_device,2026-07-27 13:02:19
119983,2026-07-27,2025-08-31,微软广告,,DESKTOP,,0,1,0.0,35.0,query_device,2026-07-27 13:02:19
119984,2026-07-27,2025-08-31,必应广告,,DESKTOP,,0,3,0.0,47.333333333333336,query_device,2026-07-27 13:02:19
119985,2026-07-27,2025-08-31,必应广告,,MOBILE,,0,2,0.0,49.0,query_device,2026-07-27 13:02:19
119986,2026-07-27,2025-08-31,怀旧广告,,DESKTOP,,0,1,0.0,68.0,query_device,2026-07-27 13:02:19
119987,2026-07-27,2025-08-31,怀旧广告,,MOBILE,,0,1,0.0,66.0,query_device,2026-07-27 13:02:19
119988,2026-07-27,2025-08-31,怎么在指定网址下搜索关键词,,DESKTOP,,0,1,0.0,82.0,query_device,2026-07-27 13:02:19
119989,2026-07-27,2025-08-31,怎么在网上做广告,,MOBILE,,0,1,0.0,89.0,query_device,2026-07-27 13:02:19
119990,2026-07-27,2025-08-31,怎么提高pinterest搜索的准确率,,DESKTOP,,0,2,0.0,98.5,query_device,2026-07-27 13:02:19
119991,2026-07-27,2025-08-31,怎么样组关键词更有吸引力,,DESKTOP,,0,12,0.0,45.25,query_device,2026-07-27 13:02:19
119992,2026-07-27,2025-08-31,怕雷托法則,,MOBILE,,0,1,0.0,52.0,query_device,2026-07-27 13:02:19
119993,2026-07-27,2025-08-31,我想问一下什么是斜率？,,DESKTOP,,0,2,0.0,17.0,query_device,2026-07-27 13:02:19
119994,2026-07-27,2025-08-31,扩展,,DESKTOP,,0,2,0.0,92.5,query_device,2026-07-27 13:02:19
119995,2026-07-27,2025-08-31,扩展,,MOBILE,,0,1,0.0,88.0,query_device,2026-07-27 13:02:19
119996,2026-07-27,2025-08-31,拉动式营销策略具体有哪些,,DESKTOP,,0,1,0.0,3.0,query_device,2026-07-27 13:02:19
119997,2026-07-27,2025-08-31,探索式資料分析,,DESKTOP,,0,16,0.0,68.125,query_device,2026-07-27 13:02:19
119998,2026-07-27,2025-08-31,探索式資料分析,,MOBILE,,0,7,0.0,70.57142857142857,query_device,2026-07-27 13:02:19
119999,2026-07-27,2025-08-31,推文转发策略,,DESKTOP,,0,3,0.0,97.0,query_device,2026-07-27 13:02:19
120000,2026-07-27,2025-08-31,推特 4k,,MOBILE,,0,1,0.0,9.0,query_device,2026-07-27 13:02:19
120001,2026-07-27,2025-08-31,推特 列表,,DESKTOP,,0,1,0.0,9.0,query_device,2026-07-27 13:02:19
120002,2026-07-27,2025-08-31,推特列表,,DESKTOP,,0,1,0.0,11.0,query_device,2026-07-27 13:02:19
120003,2026-07-27,2025-08-31,推特怎么发私信,,MOBILE,,0,1,0.0,2.0,query_device,2026-07-27 13:02:19
120004,2026-07-27,2025-08-31,推特怎么退出,,MOBILE,,0,1,0.0,14.0,query_device,2026-07-27 13:02:19
120005,2026-07-27,2025-08-31,推特推广方案,,DESKTOP,,0,6,0.0,76.83333333333333,query_device,2026-07-27 13:02:19
120006,2026-07-27,2025-08-31,推特推广是什么,,DESKTOP,,0,6,0.0,85.33333333333333,query_device,2026-07-27 13:02:19
120007,2026-07-27,2025-08-31,推特搜索技巧,,DESKTOP,,0,1,0.0,26.0,query_device,2026-07-27 13:02:19
120008,2026-07-27,2025-08-31,推特视频清晰度,,MOBILE,,0,1,0.0,25.0,query_device,2026-07-27 13:02:19
120009,2026-07-27,2025-08-31,提高 ppc 性能,,DESKTOP,,0,96,0.0,4.4375,query_device,2026-07-27 13:02:19
120010,2026-07-27,2025-08-31,提高 ppc 性能,,MOBILE,,0,50,0.0,4.640000000000001,query_device,2026-07-27 13:02:19
120011,2026-07-27,2025-08-31,提高销售,,DESKTOP,,0,4,0.0,74.5,query_device,2026-07-27 13:02:19
120012,2026-07-27,2025-08-31,提高销售,,MOBILE,,0,4,0.0,73.75,query_device,2026-07-27 13:02:19
120013,2026-07-27,2025-08-31,搜索 引擎 营销,,DESKTOP,,0,5,0.0,79.8,query_device,2026-07-27 13:02:19
120014,2026-07-27,2025-08-31,搜索引擎优化seo和谷歌付费广告ppc,,DESKTOP,,0,12,0.0,36.833333333333336,query_device,2026-07-27 13:02:19
120015,2026-07-27,2025-08-31,搜索引擎优化活动如何与其他营销活动（例如电视广告、社交媒体营销或客户忠诚度计划）相结合？,,DESKTOP,,0,6,0.0,87.66666666666667,query_device,2026-07-27 13:02:19
120016,2026-07-27,2025-08-31,搜索引擎营销,,DESKTOP,,0,1,0.0,58.0,query_device,2026-07-27 13:02:19
120017,2026-07-27,2025-08-31,搜索引擎营销,,MOBILE,,0,1,0.0,100.0,query_device,2026-07-27 13:02:19
120018,2026-07-27,2025-08-31,数字化营销,,DESKTOP,,0,16,0.0,90.5,query_device,2026-07-27 13:02:19
120019,2026-07-27,2025-08-31,数字化营销,,MOBILE,,0,2,0.0,95.5,query_device,2026-07-27 13:02:19
120020,2026-07-27,2025-08-31,数字营销策略,,DESKTOP,,0,16,0.0,87.625,query_device,2026-07-27 13:02:19
120021,2026-07-27,2025-08-31,數字營銷,,MOBILE,,0,1,0.0,94.0,query_device,2026-07-27 13:02:19
120022,2026-07-27,2025-08-31,文字廣告,,DESKTOP,,0,2,0.0,68.0,query_device,2026-07-27 13:02:19
120023,2026-07-27,2025-08-31,文字廣告,,MOBILE,,0,6,0.0,85.0,query_device,2026-07-27 13:02:19
120024,2026-07-27,2025-08-31,斜率的定义？怎样教学比较好？,,DESKTOP,,0,2,0.0,23.0,query_device,2026-07-27 13:02:19
120025,2026-07-27,2025-08-31,智能购物广告,,DESKTOP,,0,10,0.0,41.7,query_device,2026-07-27 13:02:19
120026,2026-07-27,2025-08-31,智能购物广告,,MOBILE,,0,2,0.0,82.0,query_device,2026-07-27 13:02:19
120027,2026-07-27,2025-08-31,最佳加密货币信号,,MOBILE,,0,11,0.0,83.36363636363636,query_device,2026-07-27 13:02:19
120028,2026-07-27,2025-08-31,李克特五點量表,,DESKTOP,,0,2,0.0,23.5,query_device,2026-07-27 13:02:19
120029,2026-07-27,2025-08-31,李克特五點量表分析,,DESKTOP,,0,1,0.0,30.0,query_device,2026-07-27 13:02:19
120030,2026-07-27,2025-08-31,李克特五點量表範例,,MOBILE,,0,1,0.0,39.0,query_device,2026-07-27 13:02:19
120031,2026-07-27,2025-08-31,李克特量表,,DESKTOP,,0,17,0.0,25.647058823529413,query_device,2026-07-27 13:02:19
120032,2026-07-27,2025-08-31,李克特量表excel,,DESKTOP,,0,3,0.0,10.666666666666666,query_device,2026-07-27 13:02:19
120033,2026-07-27,2025-08-31,李克特量表excel,,MOBILE,,0,2,0.0,1.0,query_device,2026-07-27 13:02:19
120034,2026-07-27,2025-08-31,李克特量表分析方法,,MOBILE,,0,2,0.0,8.0,query_device,2026-07-27 13:02:19
120035,2026-07-27,2025-08-31,查pinterest 平台浏览,,DESKTOP,,0,8,0.0,86.125,query_device,2026-07-27 13:02:19
120036,2026-07-27,2025-08-31,桑基图,,DESKTOP,,0,1,0.0,92.0,query_device,2026-07-27 13:02:19
120037,2026-07-27,2025-08-31,桑基图,,MOBILE,,0,1,0.0,83.0,query_device,2026-07-27 13:02:19
120038,2026-07-27,2025-08-31,桑基图excel,,MOBILE,,0,1,0.0,10.0,query_device,2026-07-27 13:02:19
120039,2026-07-27,2025-08-31,桑基圖excel,,MOBILE,,0,7,0.0,9.428571428571429,query_device,2026-07-27 13:02:19
120040,2026-07-27,2025-08-31,横幅广告,,MOBILE,,0,1,0.0,94.0,query_device,2026-07-27 13:02:19
120041,2026-07-27,2025-08-31,橡树学院,,MOBILE,,0,1,0.0,10.0,query_device,2026-07-27 13:02:19
120042,2026-07-27,2025-08-31,比較圖表,,DESKTOP,,0,7,0.0,67.28571428571429,query_device,2026-07-27 13:02:19
120043,2026-07-27,2025-08-31,比較圖表,,MOBILE,,0,2,0.0,62.5,query_device,2026-07-27 13:02:19
120044,2026-07-27,2025-08-31,比較圖製作,,DESKTOP,,0,5,0.0,33.2,query_device,2026-07-27 13:02:19
120045,2026-07-27,2025-08-31,比較圖製作,,MOBILE,,0,4,0.0,31.75,query_device,2026-07-27 13:02:19
120046,2026-07-27,2025-08-31,比較表格製作,,DESKTOP,,0,1,0.0,48.0,query_device,2026-07-27 13:02:19
120047,2026-07-27,2025-08-31,江苏未迟数字技术有限公司,,MOBILE,,0,3,0.0,2.333333333333333,query_device,2026-07-27 13:02:19
120048,2026-07-27,2025-08-31,海外引流渠道,,DESKTOP,,0,2,0.0,29.5,query_device,2026-07-27 13:02:19
120049,2026-07-27,2025-08-31,海外引流渠道,,MOBILE,,0,2,0.0,26.0,query_device,2026-07-27 13:02:19
120050,2026-07-27,2025-08-31,海外推广平台,,DESKTOP,,0,2,0.0,63.0,query_device,2026-07-27 13:02:19
120051,2026-07-27,2025-08-31,海外数字营销,,DESKTOP,,0,4,0.0,16.0,query_device,2026-07-27 13:02:19
120052,2026-07-27,2025-08-31,海外社媒有哪些,,DESKTOP,,0,1,0.0,71.0,query_device,2026-07-27 13:02:19
120053,2026-07-27,2025-08-31,海外社媒营销,,DESKTOP,,0,1,0.0,73.0,query_device,2026-07-27 13:02:19
120054,2026-07-27,2025-08-31,潜在客户,,DESKTOP,,0,1,0.0,89.0,query_device,2026-07-27 13:02:19
120055,2026-07-27,2025-08-31,点击率,,DESKTOP,,0,3,0.0,36.0,query_device,2026-07-27 13:02:19
120056,2026-07-27,2025-08-31,独立站,,DESKTOP,,0,1,0.0,54.0,query_device,2026-07-27 13:02:19
120057,2026-07-27,2025-08-31,独立站fb投放,,DESKTOP,,0,2,0.0,81.5,query_device,2026-07-27 13:02:19
120058,2026-07-27,2025-08-31,独立站外链,,DESKTOP,,0,1,0.0,38.0,query_device,2026-07-27 13:02:19
120059,2026-07-27,2025-08-31,独立站外链,,MOBILE,,0,1,0.0,20.0,query_device,2026-07-27 13:02:19
120060,2026-07-27,2025-08-31,独立站是什么,,DESKTOP,,0,1,0.0,31.0,query_device,2026-07-27 13:02:19
120061,2026-07-27,2025-08-31,生活中哪些地方遇到了矩阵的东西,,DESKTOP,,0,1,0.0,30.0,query_device,2026-07-27 13:02:19
120062,2026-07-27,2025-08-31,用户关注转化率怎么计算？,,DESKTOP,,0,5,0.0,17.0,query_device,2026-07-27 13:02:19
120063,2026-07-27,2025-08-31,矩阵图,,DESKTOP,,0,2,0.0,43.0,query_device,2026-07-27 13:02:19
120064,2026-07-27,2025-08-31,矩陣圖,,DESKTOP,,0,4,0.0,62.25,query_device,2026-07-27 13:02:19
120065,2026-07-27,2025-08-31,社媒推广,,DESKTOP,,0,1,0.0,62.0,query_device,2026-07-27 13:02:19
120066,2026-07-27,2025-08-31,社媒运营,,DESKTOP,,0,1,0.0,62.0,query_device,2026-07-27 13:02:19
120067,2026-07-27,2025-08-31,给客户展示衡量标准,,DESKTOP,,0,1,0.0,71.0,query_device,2026-07-27 13:02:19
120068,2026-07-27,2025-08-31,网站推广公司,,DESKTOP,,0,2,0.0,23.0,query_device,2026-07-27 13:02:19
120069,2026-07-27,2025-08-31,网站推广公司,,MOBILE,,0,2,0.0,21.5,query_device,2026-07-27 13:02:19
120070,2026-07-27,2025-08-31,美国产品广告调色,,DESKTOP,,0,5,0.0,25.8,query_device,2026-07-27 13:02:19
120071,2026-07-27,2025-08-31,脸书广告,,DESKTOP,,0,1,0.0,53.0,query_device,2026-07-27 13:02:19
120072,2026-07-27,2025-08-31,自動化廣告,,MOBILE,,0,2,0.0,53.0,query_device,2026-07-27 13:02:19
120073,2026-07-27,2025-08-31,色彩心理学在广告中的应用,,DESKTOP,,0,3,0.0,51.666666666666664,query_device,2026-07-27 13:02:19
120074,2026-07-27,2025-08-31,营销组合,,DESKTOP,,0,11,0.0,76.54545454545455,query_device,2026-07-27 13:02:19
120075,2026-07-27,2025-08-31,营销者可以使用当前的哪两种无关键字广告系列类型来增加额外覆盖的人数？,,DESKTOP,,0,1,0.0,8.0,query_device,2026-07-27 13:02:19
120076,2026-07-27,2025-08-31,规避系统,,DESKTOP,,0,1,0.0,32.0,query_device,2026-07-27 13:02:19
120077,2026-07-27,2025-08-31,词组匹配,,DESKTOP,,0,1,0.0,30.0,query_device,2026-07-27 13:02:19
120078,2026-07-27,2025-08-31,谷歌 seo 推广,,DESKTOP,,0,20,0.0,44.6,query_device,2026-07-27 13:02:19
120079,2026-07-27,2025-08-31,谷歌 关键 词 规划 师,,DESKTOP,,0,9,0.0,43.111111111111114,query_device,2026-07-27 13:02:19
120080,2026-07-27,2025-08-31,谷歌 关键 词 规划 师,,MOBILE,,0,1,0.0,47.0,query_device,2026-07-27 13:02:19
120081,2026-07-27,2025-08-31,谷歌 图片 广告,,DESKTOP,,0,1,0.0,92.0,query_device,2026-07-27 13:02:19
120082,2026-07-27,2025-08-31,谷歌 展示 广告,,DESKTOP,,0,11,0.0,64.81818181818181,query_device,2026-07-27 13:02:19
120083,2026-07-27,2025-08-31,谷歌 广告 关键 词,,DESKTOP,,0,13,0.0,30.692307692307693,query_device,2026-07-27 13:02:19
120084,2026-07-27,2025-08-31,谷歌 竞价,,DESKTOP,,0,10,0.0,36.3,query_device,2026-07-27 13:02:19
120085,2026-07-27,2025-08-31,谷歌ads认证,,DESKTOP,,0,1,0.0,38.0,query_device,2026-07-27 13:02:19
120086,2026-07-27,2025-08-31,谷歌app广告,,DESKTOP,,0,1,0.0,98.0,query_device,2026-07-27 13:02:19
120087,2026-07-27,2025-08-31,谷歌cro优化,,DESKTOP,,0,9,0.0,87.11111111111111,query_device,2026-07-27 13:02:19
120088,2026-07-27,2025-08-31,谷歌gtm,,DESKTOP,,0,1,0.0,49.0,query_device,2026-07-27 13:02:19
120089,2026-07-27,2025-08-31,谷歌mcc,,DESKTOP,,0,2,0.0,45.5,query_device,2026-07-27 13:02:19
120090,2026-07-27,2025-08-31,谷歌mcc,,MOBILE,,0,1,0.0,44.0,query_device,2026-07-27 13:02:19
120091,2026-07-27,2025-08-31,谷歌mcc是什么,,DESKTOP,,0,1,0.0,42.0,query_device,2026-07-27 13:02:19
120092,2026-07-27,2025-08-31,谷歌ppc优化,,DESKTOP,,0,18,0.0,11.166666666666666,query_device,2026-07-27 13:02:19
120093,2026-07-27,2025-08-31,谷歌seo代运营,,DESKTOP,,0,15,0.0,67.4,query_device,2026-07-27 13:02:19
120094,2026-07-27,2025-08-31,谷歌seo代运营,,MOBILE,,0,1,0.0,71.0,query_device,2026-07-27 13:02:19
120095,2026-07-27,2025-08-31,谷歌seo咨询,,DESKTOP,,0,17,0.0,65.0,query_device,2026-07-27 13:02:19
120096,2026-07-27,2025-08-31,谷歌seo推广,,DESKTOP,,0,14,0.0,60.42857142857143,query_device,2026-07-27 13:02:19
120097,2026-07-27,2025-08-31,谷歌shopping广告转化低怎么办,,DESKTOP,,0,8,0.0,84.25,query_device,2026-07-27 13:02:19
120098,2026-07-27,2025-08-31,谷歌关键字搜索量检查器,,DESKTOP,,0,3,0.0,81.33333333333333,query_device,2026-07-27 13:02:19
120099,2026-07-27,2025-08-31,谷歌关键字规划师,,DESKTOP,,0,4,0.0,73.25,query_device,2026-07-27 13:02:19
120100,2026-07-27,2025-08-31,谷歌关键字规划师,,MOBILE,,0,2,0.0,69.0,query_device,2026-07-27 13:02:19
120101,2026-07-27,2025-08-31,谷歌关键词广告,,DESKTOP,,0,2,0.0,32.0,query_device,2026-07-27 13:02:19
120102,2026-07-27,2025-08-31,谷歌关键词规划,,DESKTOP,,0,2,0.0,52.0,query_device,2026-07-27 13:02:19
120103,2026-07-27,2025-08-31,谷歌关键词规划师,,DESKTOP,,0,109,0.0,43.61467889908257,query_device,2026-07-27 13:02:19
120104,2026-07-27,2025-08-31,谷歌关键词规划师,,MOBILE,,0,53,0.0,46.509433962264154,query_device,2026-07-27 13:02:19
120105,2026-07-27,2025-08-31,谷歌关键词规划师,,TABLET,,0,1,0.0,38.0,query_device,2026-07-27 13:02:19
120106,2026-07-27,2025-08-31,谷歌关键词趋势,,DESKTOP,,0,1,0.0,17.0,query_device,2026-07-27 13:02:19
120107,2026-07-27,2025-08-31,谷歌出海大讲堂,,DESKTOP,,0,8,0.0,8.25,query_device,2026-07-27 13:02:19
120108,2026-07-27,2025-08-31,谷歌合作伙伴,,DESKTOP,,0,2,0.0,24.5,query_device,2026-07-27 13:02:19
120109,2026-07-27,2025-08-31,谷歌地图推广,,MOBILE,,0,3,0.0,93.66666666666667,query_device,2026-07-27 13:02:19
120110,2026-07-27,2025-08-31,谷歌富媒体,,DESKTOP,,0,1,0.0,29.0,query_device,2026-07-27 13:02:19
120111,2026-07-27,2025-08-31,谷歌展示广告,,DESKTOP,,0,31,0.0,64.16129032258064,query_device,2026-07-27 13:02:19
120112,2026-07-27,2025-08-31,谷歌展示广告,,MOBILE,,0,28,0.0,61.92857142857143,query_device,2026-07-27 13:02:19
120113,2026-07-27,2025-08-31,谷歌广告不出现,,DESKTOP,,0,4,0.0,21.0,query_device,2026-07-27 13:02:19
120114,2026-07-27,2025-08-31,谷歌广告不出现,,MOBILE,,0,3,0.0,17.333333333333332,query_device,2026-07-27 13:02:19
120115,2026-07-27,2025-08-31,谷歌广告关键词,,DESKTOP,,0,3,0.0,31.666666666666668,query_device,2026-07-27 13:02:19
120116,2026-07-27,2025-08-31,谷歌广告关键词,,MOBILE,,0,1,0.0,30.0,query_device,2026-07-27 13:02:19
120117,2026-07-27,2025-08-31,谷歌广告开户,,MOBILE,,0,2,0.0,60.0,query_device,2026-07-27 13:02:19
120118,2026-07-27,2025-08-31,谷歌广告拒登,,DESKTOP,,0,2,0.0,52.0,query_device,2026-07-27 13:02:19
120119,2026-07-27,2025-08-31,谷歌广告拒登,,MOBILE,,0,1,0.0,59.0,query_device,2026-07-27 13:02:19
120120,2026-07-27,2025-08-31,谷歌广告排名,,DESKTOP,,0,2,0.0,89.0,query_device,2026-07-27 13:02:19
120121,2026-07-27,2025-08-31,谷歌广告排名,,MOBILE,,0,2,0.0,89.0,query_device,2026-07-27 13:02:19
120122,2026-07-27,2025-08-31,谷歌广告类型,,DESKTOP,,0,1,0.0,41.0,query_device,2026-07-27 13:02:19
120123,2026-07-27,2025-08-31,谷歌广告编辑器,,DESKTOP,,0,1,0.0,12.0,query_device,2026-07-27 13:02:19
120124,2026-07-27,2025-08-31,谷歌广告认证,,DESKTOP,,0,3,0.0,55.0,query_device,2026-07-27 13:02:19
120125,2026-07-27,2025-08-31,谷歌广告认证,,MOBILE,,0,1,0.0,66.0,query_device,2026-07-27 13:02:19
120126,2026-07-27,2025-08-31,谷歌开户,,DESKTOP,,0,1,0.0,80.0,query_device,2026-07-27 13:02:19
120127,2026-07-27,2025-08-31,谷歌效果最大化广告怎么优化,,DESKTOP,,0,10,0.0,73.3,query_device,2026-07-27 13:02:19
120128,2026-07-27,2025-08-31,谷歌竞价,,DESKTOP,,0,6,0.0,38.5,query_device,2026-07-27 13:02:19
120129,2026-07-27,2025-08-31,谷歌竞价,,MOBILE,,0,2,0.0,33.5,query_device,2026-07-27 13:02:19
120130,2026-07-27,2025-08-31,谷歌竞价开户,,DESKTOP,,0,58,0.0,8.137931034482758,query_device,2026-07-27 13:02:19
120131,2026-07-27,2025-08-31,谷歌竞价开户,,MOBILE,,0,13,0.0,8.692307692307693,query_device,2026-07-27 13:02:19
120132,2026-07-27,2025-08-31,谷歌经理账户,,DESKTOP,,0,1,0.0,28.0,query_device,2026-07-27 13:02:19
120133,2026-07-27,2025-08-31,谷歌编辑器,,DESKTOP,,0,4,0.0,12.25,query_device,2026-07-27 13:02:19
120134,2026-07-27,2025-08-31,谷歌网络推广,,DESKTOP,,0,4,0.0,56.75,query_device,2026-07-27 13:02:19
120135,2026-07-27,2025-08-31,谷歌视频广告,,DESKTOP,,0,1,0.0,91.0,query_device,2026-07-27 13:02:19
120136,2026-07-27,2025-08-31,谷歌视频广告,,MOBILE,,0,2,0.0,96.5,query_device,2026-07-27 13:02:19
120137,2026-07-27,2025-08-31,谷歌购物广告,,DESKTOP,,0,18,0.0,62.833333333333336,query_device,2026-07-27 13:02:19
120138,2026-07-27,2025-08-31,谷歌购物广告,,MOBILE,,0,4,0.0,57.75,query_device,2026-07-27 13:02:19
120139,2026-07-27,2025-08-31,谷歌购物广告如何出价,,DESKTOP,,0,20,0.0,49.95,query_device,2026-07-27 13:02:19
120140,2026-07-27,2025-08-31,谷歌购物广告怎么开,,DESKTOP,,0,30,0.0,64.9,query_device,2026-07-27 13:02:19
120141,2026-07-27,2025-08-31,谷歌购物广告怎么投,,DESKTOP,,0,17,0.0,57.470588235294116,query_device,2026-07-27 13:02:19
120142,2026-07-27,2025-08-31,谷歌跟踪代码管理器,,DESKTOP,,0,1,0.0,19.0,query_device,2026-07-27 13:02:19
120143,2026-07-27,2025-08-31,购物 广告,,DESKTOP,,0,8,0.0,91.5,query_device,2026-07-27 13:02:19
120144,2026-07-27,2025-08-31,购物广告出价方式,,DESKTOP,,0,24,0.0,55.125,query_device,2026-07-27 13:02:19
120145,2026-07-27,2025-08-31,购物广告用哪个出价,,DESKTOP,,0,9,0.0,32.33333333333333,query_device,2026-07-27 13:02:19
120146,2026-07-27,2025-08-31,跳出 率,,DESKTOP,,0,3,0.0,87.0,query_device,2026-07-27 13:02:19
120147,2026-07-27,2025-08-31,跳出率,,MOBILE,,0,1,0.0,101.0,query_device,2026-07-27 13:02:19
120148,2026-07-27,2025-08-31,跳出率 計算,,DESKTOP,,0,3,0.0,89.33333333333333,query_device,2026-07-27 13:02:19
120149,2026-07-27,2025-08-31,轉換成本,,DESKTOP,,0,3,0.0,17.0,query_device,2026-07-27 13:02:19
120150,2026-07-27,2025-08-31,轉換成本,,MOBILE,,0,1,0.0,11.0,query_device,2026-07-27 13:02:19
120151,2026-07-27,2025-08-31,轉換率 怎麼算,,DESKTOP,,0,1,0.0,40.0,query_device,2026-07-27 13:02:19
120152,2026-07-27,2025-08-31,轉換率 怎麼算,,MOBILE,,0,1,0.0,40.0,query_device,2026-07-27 13:02:19
120153,2026-07-27,2025-08-31,轉換率公式,,DESKTOP,,0,20,0.0,73.1,query_device,2026-07-27 13:02:19
120154,2026-07-27,2025-08-31,轉換率公式,,MOBILE,,0,16,0.0,70.5,query_device,2026-07-27 13:02:19
120155,2026-07-27,2025-08-31,轉換率怎麼算,,DESKTOP,,0,2,0.0,77.0,query_device,2026-07-27 13:02:19
120156,2026-07-27,2025-08-31,轉換率怎麼算,,MOBILE,,0,2,0.0,74.0,query_device,2026-07-27 13:02:19
120157,2026-07-27,2025-08-31,轉換率算法,,DESKTOP,,0,2,0.0,94.5,query_device,2026-07-27 13:02:19
120158,2026-07-27,2025-08-31,轉換率算法,,MOBILE,,0,1,0.0,95.0,query_device,2026-07-27 13:02:19
120159,2026-07-27,2025-08-31,轉換率計算,,DESKTOP,,0,2,0.0,68.0,query_device,2026-07-27 13:02:19
120160,2026-07-27,2025-08-31,轉換率計算,,MOBILE,,0,1,0.0,68.0,query_device,2026-07-27 13:02:19
120161,2026-07-27,2025-08-31,转化率公式,,DESKTOP,,0,3,0.0,41.666666666666664,query_device,2026-07-27 13:02:19
120162,2026-07-27,2025-08-31,转化率公式,,MOBILE,,0,1,0.0,53.0,query_device,2026-07-27 13:02:19
120163,2026-07-27,2025-08-31,转化率怎么算,,DESKTOP,,0,1,0.0,51.0,query_device,2026-07-27 13:02:19
120164,2026-07-27,2025-08-31,转化率怎么计算,,DESKTOP,,0,1,0.0,70.0,query_device,2026-07-27 13:02:19
120165,2026-07-27,2025-08-31,转化率怎么计算,,MOBILE,,0,1,0.0,70.0,query_device,2026-07-27 13:02:19
120166,2026-07-27,2025-08-31,里克特量表,,MOBILE,,0,1,0.0,5.0,query_device,2026-07-27 13:02:19
120167,2026-07-27,2025-08-31,雙y軸,,DESKTOP,,0,1,0.0,36.0,query_device,2026-07-27 13:02:19
120168,2026-07-27,2025-08-31,顾客满意度和流失率是什么指标,,DESKTOP,,0,1,0.0,95.0,query_device,2026-07-27 13:02:19
120169,2026-07-27,2025-08-31,领英推广,,DESKTOP,,0,1,0.0,73.0,query_device,2026-07-27 13:02:19
120170,2026-07-27,2025-08-31,领英推广,,MOBILE,,0,2,0.0,82.0,query_device,2026-07-27 13:02:19
120171,2026-07-27,2025-08-31,领英无法注册,,MOBILE,,0,1,0.0,20.0,query_device,2026-07-27 13:02:19
120172,2026-07-27,2025-08-31,领英注册不了,,DESKTOP,,0,3,0.0,22.333333333333332,query_device,2026-07-27 13:02:19
120173,2026-07-27,2025-08-31,颜色心理学与消费,,DESKTOP,,0,2,0.0,76.0,query_device,2026-07-27 13:02:19
120174,2026-07-27,2025-08-31,點擊付費,,DESKTOP,,0,17,0.0,78.94117647058823,query_device,2026-07-27 13:02:19
120175,2026-07-27,2025-08-31,點擊率,,DESKTOP,,0,1,0.0,69.0,query_device,2026-07-27 13:02:19
103941,2026-07-27,2025-08-01,advich group limited,,MOBILE,,29,239,0.12133891213389121,2.1213389121338913,query_device,2026-07-27 13:02:05
103942,2026-07-27,2025-08-01,advich group limited,,DESKTOP,,8,38,0.21052631578947367,1.973684210526316,query_device,2026-07-27 13:02:05
103943,2026-07-27,2025-08-01,advich,,DESKTOP,,3,17,0.17647058823529413,3.1176470588235294,query_device,2026-07-27 13:02:05
103944,2026-07-27,2025-08-01,tiktok代投,,DESKTOP,,2,21,0.09523809523809523,5.857142857142857,query_device,2026-07-27 13:02:05
103945,2026-07-27,2025-08-01,x 4k android,,MOBILE,,2,2,1.0,6.5,query_device,2026-07-27 13:02:05
103946,2026-07-27,2025-08-01,江苏未迟数字技术有限公司,,DESKTOP,,2,17,0.11764705882352941,2.0,query_device,2026-07-27 13:02:05
103947,2026-07-27,2025-08-01,android twitter 4k,,MOBILE,,1,4,0.25,3.0,query_device,2026-07-27 13:02:05
103948,2026-07-27,2025-08-01,tiktok 代理,,DESKTOP,,1,1,1.0,25.0,query_device,2026-07-27 13:02:05
103949,2026-07-27,2025-08-01,什么是独立站,,DESKTOP,,1,4,0.25,17.0,query_device,2026-07-27 13:02:05
103950,2026-07-27,2025-08-01,桑基图excel,,DESKTOP,,1,16,0.0625,5.1875,query_device,2026-07-27 13:02:05
103951,2026-07-27,2025-08-01,独立站是什么,,DESKTOP,,1,7,0.14285714285714285,52.857142857142854,query_device,2026-07-27 13:02:05
103952,2026-07-27,2025-08-01,脸书广告,,DESKTOP,,1,1,1.0,53.0,query_device,2026-07-27 13:02:05
103953,2026-07-27,2025-08-01,谷歌推广开户,,DESKTOP,,1,1,1.0,31.0,query_device,2026-07-27 13:02:05
103954,2026-07-27,2025-08-01,3 axis excel chart,,DESKTOP,,0,1,0.0,62.0,query_device,2026-07-27 13:02:05
103955,2026-07-27,2025-08-01,ad rank and quality score,,DESKTOP,,0,1,0.0,95.0,query_device,2026-07-27 13:02:05
103956,2026-07-27,2025-08-01,addmefas,,DESKTOP,,0,1,0.0,85.0,query_device,2026-07-27 13:02:05
103957,2026-07-27,2025-08-01,ads优惠码,,DESKTOP,,0,2,0.0,26.0,query_device,2026-07-27 13:02:05
103958,2026-07-27,2025-08-01,advich,,MOBILE,,0,25,0.0,5.76,query_device,2026-07-27 13:02:05
103959,2026-07-27,2025-08-01,advich group limited,,TABLET,,0,2,0.0,3.5,query_device,2026-07-27 13:02:05
103960,2026-07-27,2025-08-01,adword editor,,DESKTOP,,0,1,0.0,25.0,query_device,2026-07-27 13:02:05
103961,2026-07-27,2025-08-01,adx廣告格式,,DESKTOP,,0,1,0.0,99.0,query_device,2026-07-27 13:02:05
103962,2026-07-27,2025-08-01,adx廣告格式,,MOBILE,,0,2,0.0,99.0,query_device,2026-07-27 13:02:05
103963,2026-07-27,2025-08-01,aida 是 什麼,,DESKTOP,,0,1,0.0,71.0,query_device,2026-07-27 13:02:05
103964,2026-07-27,2025-08-01,aida是什麼,,DESKTOP,,0,8,0.0,69.5,query_device,2026-07-27 13:02:05
103965,2026-07-27,2025-08-01,aida是什麼,,MOBILE,,0,7,0.0,70.0,query_device,2026-07-27 13:02:05
103966,2026-07-27,2025-08-01,aida模型,,DESKTOP,,0,1,0.0,60.0,query_device,2026-07-27 13:02:05
103967,2026-07-27,2025-08-01,android x 4k,,MOBILE,,0,1,0.0,6.0,query_device,2026-07-27 13:02:05
103968,2026-07-27,2025-08-01,annual contract value vs total contract value,,DESKTOP,,0,1,0.0,9.0,query_device,2026-07-27 13:02:05
103969,2026-07-27,2025-08-01,ansoff 矩陣,,DESKTOP,,0,3,0.0,68.33333333333333,query_device,2026-07-27 13:02:05
103970,2026-07-27,2025-08-01,anymailfinder,,DESKTOP,,0,1,0.0,98.0,query_device,2026-07-27 13:02:05
103971,2026-07-27,2025-08-01,app campaigns for engagement,,DESKTOP,,0,1,0.0,52.0,query_device,2026-07-27 13:02:05
103972,2026-07-27,2025-08-01,apple ansoff matrix,,DESKTOP,,0,1,0.0,11.0,query_device,2026-07-27 13:02:05
103973,2026-07-27,2025-08-01,auction insights adwords,,MOBILE,,0,1,0.0,88.0,query_device,2026-07-27 13:02:05
103974,2026-07-27,2025-08-01,best chart designs,,DESKTOP,,0,1,0.0,22.0,query_device,2026-07-27 13:02:05
103975,2026-07-27,2025-08-01,bing dynamic search ads,,DESKTOP,,0,1,0.0,57.0,query_device,2026-07-27 13:02:05
103976,2026-07-27,2025-08-01,bing remarketing,,DESKTOP,,0,1,0.0,49.0,query_device,2026-07-27 13:02:05
103977,2026-07-27,2025-08-01,bing remarketing,,MOBILE,,0,1,0.0,51.0,query_device,2026-07-27 13:02:05
103978,2026-07-27,2025-08-01,bing 廣告,,MOBILE,,0,1,0.0,71.0,query_device,2026-07-27 13:02:05
103979,2026-07-27,2025-08-01,bing广告,,DESKTOP,,0,1,0.0,68.0,query_device,2026-07-27 13:02:05
103980,2026-07-27,2025-08-01,bing广告,,MOBILE,,0,1,0.0,68.0,query_device,2026-07-27 13:02:05
103981,2026-07-27,2025-08-01,bing廣告,,DESKTOP,,0,5,0.0,71.0,query_device,2026-07-27 13:02:05
103982,2026-07-27,2025-08-01,bing廣告,,MOBILE,,0,2,0.0,72.5,query_device,2026-07-27 13:02:05
103983,2026-07-27,2025-08-01,box and whisker plot interpretation,,DESKTOP,,0,1,0.0,31.0,query_device,2026-07-27 13:02:05
103984,2026-07-27,2025-08-01,bumper video youtube,,DESKTOP,,0,1,0.0,62.0,query_device,2026-07-27 13:02:05
103985,2026-07-27,2025-08-01,business benefits of data visualization,,DESKTOP,,0,1,0.0,37.0,query_device,2026-07-27 13:02:05
103986,2026-07-27,2025-08-01,business manager,,DESKTOP,,0,1,0.0,85.0,query_device,2026-07-27 13:02:05
103987,2026-07-27,2025-08-01,chartexpo for google sheets,,DESKTOP,,0,1,0.0,43.0,query_device,2026-07-27 13:02:05
103988,2026-07-27,2025-08-01,chrome 关闭搜索标签页,,DESKTOP,,0,1,0.0,75.0,query_device,2026-07-27 13:02:05
103989,2026-07-27,2025-08-01,clickshare google ads,,DESKTOP,,0,9,0.0,39.666666666666664,query_device,2026-07-27 13:02:05
103990,2026-07-27,2025-08-01,clickshare google ads,,MOBILE,,0,4,0.0,40.5,query_device,2026-07-27 13:02:05
103991,2026-07-27,2025-08-01,clubhouse linkedin,,DESKTOP,,0,2,0.0,53.5,query_device,2026-07-27 13:02:05
103992,2026-07-27,2025-08-01,clv,,DESKTOP,,0,1,0.0,96.0,query_device,2026-07-27 13:02:05
103993,2026-07-27,2025-08-01,clv ltv,,DESKTOP,,0,1,0.0,29.0,query_device,2026-07-27 13:02:05
103994,2026-07-27,2025-08-01,combo chart google sheets,,DESKTOP,,0,1,0.0,47.0,query_device,2026-07-27 13:02:05
103995,2026-07-27,2025-08-01,company growth rate formula,,DESKTOP,,0,1,0.0,74.0,query_device,2026-07-27 13:02:05
103996,2026-07-27,2025-08-01,cpa google,,DESKTOP,,0,1,0.0,98.0,query_device,2026-07-27 13:02:05
103997,2026-07-27,2025-08-01,cpc广告,,DESKTOP,,0,1,0.0,99.0,query_device,2026-07-27 13:02:05
103998,2026-07-27,2025-08-01,cpc广告,,MOBILE,,0,1,0.0,97.0,query_device,2026-07-27 13:02:05
103999,2026-07-27,2025-08-01,cpc怎么算,,DESKTOP,,0,1,0.0,39.0,query_device,2026-07-27 13:02:05
104000,2026-07-27,2025-08-01,cpc是什么,,DESKTOP,,0,3,0.0,91.0,query_device,2026-07-27 13:02:05
104001,2026-07-27,2025-08-01,cpc是什么,,MOBILE,,0,1,0.0,101.0,query_device,2026-07-27 13:02:05
104002,2026-07-27,2025-08-01,cpc是什么意思,,DESKTOP,,0,2,0.0,78.0,query_device,2026-07-27 13:02:05
104003,2026-07-27,2025-08-01,cpc点击成本行业均值,,DESKTOP,,0,18,0.0,48.72222222222222,query_device,2026-07-27 13:02:05
104004,2026-07-27,2025-08-01,creative pie chart design,,DESKTOP,,0,1,0.0,29.0,query_device,2026-07-27 13:02:05
104005,2026-07-27,2025-08-01,ctr,,DESKTOP,,0,3,0.0,99.33333333333333,query_device,2026-07-27 13:02:05
104006,2026-07-27,2025-08-01,ctr 意思,,DESKTOP,,0,3,0.0,75.66666666666667,query_device,2026-07-27 13:02:05
104007,2026-07-27,2025-08-01,ctr 是什么,,DESKTOP,,0,1,0.0,28.0,query_device,2026-07-27 13:02:05
104008,2026-07-27,2025-08-01,ctr 點擊率,,DESKTOP,,0,2,0.0,81.0,query_device,2026-07-27 13:02:05
104009,2026-07-27,2025-08-01,ctr什么意思,,DESKTOP,,0,1,0.0,90.0,query_device,2026-07-27 13:02:05
104010,2026-07-27,2025-08-01,ctr公式,,DESKTOP,,0,2,0.0,65.5,query_device,2026-07-27 13:02:05
104011,2026-07-27,2025-08-01,ctr公式,,MOBILE,,0,1,0.0,54.0,query_device,2026-07-27 13:02:05
104012,2026-07-27,2025-08-01,ctr意思,,DESKTOP,,0,2,0.0,90.5,query_device,2026-07-27 13:02:05
104013,2026-07-27,2025-08-01,ctr意思,,MOBILE,,0,2,0.0,81.0,query_device,2026-07-27 13:02:05
104014,2026-07-27,2025-08-01,ctr是什么,,DESKTOP,,0,5,0.0,83.6,query_device,2026-07-27 13:02:05
104015,2026-07-27,2025-08-01,ctr是什么意思,,DESKTOP,,0,9,0.0,71.88888888888889,query_device,2026-07-27 13:02:05
104016,2026-07-27,2025-08-01,ctr是什么意思,,MOBILE,,0,4,0.0,78.0,query_device,2026-07-27 13:02:05
104017,2026-07-27,2025-08-01,ctr是什么指标,,DESKTOP,,0,2,0.0,52.5,query_device,2026-07-27 13:02:05
104018,2026-07-27,2025-08-01,custom audience in google ads,,DESKTOP,,0,1,0.0,72.0,query_device,2026-07-27 13:02:05
104019,2026-07-27,2025-08-01,dashboard google sheets,,DESKTOP,,0,1,0.0,47.0,query_device,2026-07-27 13:02:05
104020,2026-07-27,2025-08-01,data studio dashboard,,DESKTOP,,0,1,0.0,101.0,query_device,2026-07-27 13:02:05
104021,2026-07-27,2025-08-01,destination mismatch google ads,,DESKTOP,,0,2,0.0,45.5,query_device,2026-07-27 13:02:05
104022,2026-07-27,2025-08-01,destination mismatch google ads,,MOBILE,,0,1,0.0,34.0,query_device,2026-07-27 13:02:05
104023,2026-07-27,2025-08-01,determination of target audience in advertising,,DESKTOP,,0,1,0.0,54.0,query_device,2026-07-27 13:02:05
104024,2026-07-27,2025-08-01,different types of google ads,,DESKTOP,,0,1,0.0,48.0,query_device,2026-07-27 13:02:05
104025,2026-07-27,2025-08-01,dot plot google sheets,,DESKTOP,,0,4,0.0,50.25,query_device,2026-07-27 13:02:05
104026,2026-07-27,2025-08-01,dot plot on google sheets,,DESKTOP,,0,2,0.0,53.0,query_device,2026-07-27 13:02:05
104027,2026-07-27,2025-08-01,dotplot,,DESKTOP,,0,1,0.0,101.0,query_device,2026-07-27 13:02:05
104028,2026-07-27,2025-08-01,drop down list in google sheets,,DESKTOP,,0,1,0.0,87.0,query_device,2026-07-27 13:02:05
104029,2026-07-27,2025-08-01,dsa,,DESKTOP,,0,1,0.0,101.0,query_device,2026-07-27 13:02:05
104030,2026-07-27,2025-08-01,dsa ads,,DESKTOP,,0,1,0.0,99.0,query_device,2026-07-27 13:02:05
104031,2026-07-27,2025-08-01,dsa adwords,,DESKTOP,,0,1,0.0,68.0,query_device,2026-07-27 13:02:05
104032,2026-07-27,2025-08-01,dsa google,,DESKTOP,,0,1,0.0,39.0,query_device,2026-07-27 13:02:05
104033,2026-07-27,2025-08-01,dsa 廣告,,DESKTOP,,0,3,0.0,33.333333333333336,query_device,2026-07-27 13:02:05
104034,2026-07-27,2025-08-01,dsa 廣告,,MOBILE,,0,1,0.0,24.0,query_device,2026-07-27 13:02:05
104035,2026-07-27,2025-08-01,dsp ssp,,DESKTOP,,0,4,0.0,49.25,query_device,2026-07-27 13:02:05
104036,2026-07-27,2025-08-01,dsp ssp,,MOBILE,,0,13,0.0,49.92307692307692,query_device,2026-07-27 13:02:05
104037,2026-07-27,2025-08-01,dsp/需求方平台,,DESKTOP,,0,5,0.0,71.8,query_device,2026-07-27 13:02:05
104038,2026-07-27,2025-08-01,dsp/需求方平台,,MOBILE,,0,5,0.0,72.4,query_device,2026-07-27 13:02:05
104039,2026-07-27,2025-08-01,dtc增长,,DESKTOP,,0,5,0.0,57.6,query_device,2026-07-27 13:02:05
104040,2026-07-27,2025-08-01,eda是什么,,DESKTOP,,0,2,0.0,91.0,query_device,2026-07-27 13:02:05
104041,2026-07-27,2025-08-01,eda是什么,,MOBILE,,0,1,0.0,89.0,query_device,2026-07-27 13:02:05
104042,2026-07-27,2025-08-01,eda是什么意思,,DESKTOP,,0,1,0.0,43.0,query_device,2026-07-27 13:02:05
104043,2026-07-27,2025-08-01,eda資料分析,,DESKTOP,,0,26,0.0,89.1923076923077,query_device,2026-07-27 13:02:05
104044,2026-07-27,2025-08-01,eda資料分析,,MOBILE,,0,20,0.0,92.95,query_device,2026-07-27 13:02:05
104045,2026-07-27,2025-08-01,editor google ads,,DESKTOP,,0,4,0.0,34.5,query_device,2026-07-27 13:02:05
104046,2026-07-27,2025-08-01,example of audience profile,,DESKTOP,,0,1,0.0,92.0,query_device,2026-07-27 13:02:05
104047,2026-07-27,2025-08-01,excel 3軸,,DESKTOP,,0,3,0.0,57.0,query_device,2026-07-27 13:02:05
104048,2026-07-27,2025-08-01,excel 3軸 グラフ,,DESKTOP,,0,2,0.0,82.5,query_device,2026-07-27 13:02:05
104049,2026-07-27,2025-08-01,excel graph 3 axis,,DESKTOP,,0,1,0.0,53.0,query_device,2026-07-27 13:02:05
104050,2026-07-27,2025-08-01,excel sunburst,,DESKTOP,,0,5,0.0,70.2,query_device,2026-07-27 13:02:05
104051,2026-07-27,2025-08-01,excel sunburst diagramm,,DESKTOP,,0,4,0.0,60.25,query_device,2026-07-27 13:02:05
104052,2026-07-27,2025-08-01,excel グラフ 3軸,,DESKTOP,,0,14,0.0,80.92857142857143,query_device,2026-07-27 13:02:05
104053,2026-07-27,2025-08-01,excel グラフ 3軸,,MOBILE,,0,10,0.0,78.8,query_device,2026-07-27 13:02:05
104054,2026-07-27,2025-08-01,excel 数据分析,,DESKTOP,,0,1,0.0,58.0,query_device,2026-07-27 13:02:05
104055,2026-07-27,2025-08-01,excel 第三軸,,DESKTOP,,0,1,0.0,67.0,query_device,2026-07-27 13:02:05
104056,2026-07-27,2025-08-01,excel 第三軸,,MOBILE,,0,1,0.0,67.0,query_device,2026-07-27 13:02:05
104057,2026-07-27,2025-08-01,excel 雙y軸,,DESKTOP,,0,1,0.0,41.0,query_device,2026-07-27 13:02:05
104058,2026-07-27,2025-08-01,excel 雙y軸,,MOBILE,,0,1,0.0,39.0,query_device,2026-07-27 13:02:05
104059,2026-07-27,2025-08-01,excel三軸圖,,DESKTOP,,0,11,0.0,9.181818181818182,query_device,2026-07-27 13:02:05
104060,2026-07-27,2025-08-01,excel三軸圖,,MOBILE,,0,3,0.0,9.0,query_device,2026-07-27 13:02:05
104061,2026-07-27,2025-08-01,excel雙y軸,,DESKTOP,,0,3,0.0,43.0,query_device,2026-07-27 13:02:05
104062,2026-07-27,2025-08-01,facebook ads and google analytics,,DESKTOP,,0,1,0.0,92.0,query_device,2026-07-27 13:02:05
104063,2026-07-27,2025-08-01,facebook 广告,,DESKTOP,,0,54,0.0,49.05555555555556,query_device,2026-07-27 13:02:05
104064,2026-07-27,2025-08-01,facebook 广告,,MOBILE,,0,11,0.0,49.63636363636363,query_device,2026-07-27 13:02:05
104065,2026-07-27,2025-08-01,facebook 广告 营销,,DESKTOP,,0,15,0.0,61.8,query_device,2026-07-27 13:02:05
104066,2026-07-27,2025-08-01,facebook 推廣,,DESKTOP,,0,1,0.0,89.0,query_device,2026-07-27 13:02:05
104067,2026-07-27,2025-08-01,facebook 推廣,,MOBILE,,0,8,0.0,94.0,query_device,2026-07-27 13:02:05
104068,2026-07-27,2025-08-01,facebook 营销,,DESKTOP,,0,4,0.0,66.25,query_device,2026-07-27 13:02:05
104069,2026-07-27,2025-08-01,facebook 营销,,MOBILE,,0,6,0.0,65.16666666666667,query_device,2026-07-27 13:02:05
104070,2026-07-27,2025-08-01,facebook商务管理平台,,DESKTOP,,0,1,0.0,58.0,query_device,2026-07-27 13:02:05
104071,2026-07-27,2025-08-01,facebook广告,,DESKTOP,,0,48,0.0,49.395833333333336,query_device,2026-07-27 13:02:05
104072,2026-07-27,2025-08-01,facebook广告,,MOBILE,,0,8,0.0,58.0,query_device,2026-07-27 13:02:05
104073,2026-07-27,2025-08-01,facebook广告营销,,DESKTOP,,0,28,0.0,57.0,query_device,2026-07-27 13:02:05
104074,2026-07-27,2025-08-01,facebook广告营销,,MOBILE,,0,34,0.0,58.61764705882353,query_device,2026-07-27 13:02:05
104075,2026-07-27,2025-08-01,facebook广告设置,,DESKTOP,,0,1,0.0,36.0,query_device,2026-07-27 13:02:05
104076,2026-07-27,2025-08-01,facebook推广,,MOBILE,,0,1,0.0,86.0,query_device,2026-07-27 13:02:05
104077,2026-07-27,2025-08-01,facebook推廣,,DESKTOP,,0,6,0.0,89.5,query_device,2026-07-27 13:02:05
104078,2026-07-27,2025-08-01,facebook的最佳实践,,DESKTOP,,0,3,0.0,79.66666666666667,query_device,2026-07-27 13:02:05
104079,2026-07-27,2025-08-01,facebook的最佳实践,,MOBILE,,0,2,0.0,77.0,query_device,2026-07-27 13:02:05
104080,2026-07-27,2025-08-01,facebook营销,,DESKTOP,,0,13,0.0,77.61538461538461,query_device,2026-07-27 13:02:05
104081,2026-07-27,2025-08-01,facebook营销,,MOBILE,,0,6,0.0,80.16666666666667,query_device,2026-07-27 13:02:05
104082,2026-07-27,2025-08-01,fb 广告,,DESKTOP,,0,2,0.0,67.5,query_device,2026-07-27 13:02:05
104083,2026-07-27,2025-08-01,fb 推广,,DESKTOP,,0,4,0.0,31.75,query_device,2026-07-27 13:02:05
104084,2026-07-27,2025-08-01,fb广告,,DESKTOP,,0,14,0.0,76.28571428571429,query_device,2026-07-27 13:02:05
104085,2026-07-27,2025-08-01,fb广告,,MOBILE,,0,3,0.0,80.66666666666667,query_device,2026-07-27 13:02:05
104086,2026-07-27,2025-08-01,fb广告自动化设置,,DESKTOP,,0,5,0.0,82.2,query_device,2026-07-27 13:02:05
104087,2026-07-27,2025-08-01,fb推广,,DESKTOP,,0,1,0.0,92.0,query_device,2026-07-27 13:02:05
104088,2026-07-27,2025-08-01,fb表單,,DESKTOP,,0,1,0.0,60.0,query_device,2026-07-27 13:02:05
104089,2026-07-27,2025-08-01,find negative keywords,,DESKTOP,,0,1,0.0,33.0,query_device,2026-07-27 13:02:05
104090,2026-07-27,2025-08-01,floodlight google tag manager,,DESKTOP,,0,1,0.0,62.0,query_device,2026-07-27 13:02:05
104091,2026-07-27,2025-08-01,funnel graph in excel,,DESKTOP,,0,1,0.0,43.0,query_device,2026-07-27 13:02:05
104092,2026-07-27,2025-08-01,g2金融驗證,,DESKTOP,,0,9,0.0,49.888888888888886,query_device,2026-07-27 13:02:05
104093,2026-07-27,2025-08-01,gdn,,DESKTOP,,0,1,0.0,28.0,query_device,2026-07-27 13:02:05
104094,2026-07-27,2025-08-01,gdn lightbox,,DESKTOP,,0,1,0.0,80.0,query_device,2026-07-27 13:02:05
104095,2026-07-27,2025-08-01,gdn目標對象,,DESKTOP,,0,7,0.0,86.14285714285714,query_device,2026-07-27 13:02:05
104096,2026-07-27,2025-08-01,gdn目標對象,,MOBILE,,0,6,0.0,84.0,query_device,2026-07-27 13:02:05
104097,2026-07-27,2025-08-01,googe 推荐搜索广告数量,,DESKTOP,,0,23,0.0,74.82608695652173,query_device,2026-07-27 13:02:05
104098,2026-07-27,2025-08-01,google ad creative,,DESKTOP,,0,1,0.0,45.0,query_device,2026-07-27 13:02:05
104099,2026-07-27,2025-08-01,google ads creative studio,,DESKTOP,,0,1,0.0,12.0,query_device,2026-07-27 13:02:05
104100,2026-07-27,2025-08-01,google ads destination mismatch,,DESKTOP,,0,2,0.0,45.5,query_device,2026-07-27 13:02:05
104101,2026-07-27,2025-08-01,google ads destination mismatch,,MOBILE,,0,1,0.0,43.0,query_device,2026-07-27 13:02:05
104102,2026-07-27,2025-08-01,google ads dsa,,DESKTOP,,0,1,0.0,48.0,query_device,2026-07-27 13:02:05
104103,2026-07-27,2025-08-01,google ads editor,,DESKTOP,,0,35,0.0,37.714285714285715,query_device,2026-07-27 13:02:05
104104,2026-07-27,2025-08-01,google ads editor,,MOBILE,,0,17,0.0,39.88235294117647,query_device,2026-07-27 13:02:05
104105,2026-07-27,2025-08-01,google ads express vs google ads,,DESKTOP,,0,1,0.0,43.0,query_device,2026-07-27 13:02:05
104106,2026-07-27,2025-08-01,google ads forecast,,MOBILE,,0,1,0.0,39.0,query_device,2026-07-27 13:02:05
104107,2026-07-27,2025-08-01,google ads insights,,DESKTOP,,0,1,0.0,98.0,query_device,2026-07-27 13:02:05
104108,2026-07-27,2025-08-01,google ads tag,,DESKTOP,,0,1,0.0,46.0,query_device,2026-07-27 13:02:05
104109,2026-07-27,2025-08-01,google ads 搜尋廣告認證,,DESKTOP,,0,9,0.0,58.888888888888886,query_device,2026-07-27 13:02:05
104110,2026-07-27,2025-08-01,google ads 認證,,DESKTOP,,0,4,0.0,59.5,query_device,2026-07-27 13:02:05
104111,2026-07-27,2025-08-01,google ads 认证,,DESKTOP,,0,3,0.0,10.0,query_device,2026-07-27 13:02:05
104112,2026-07-27,2025-08-01,google ads 运营公司,,DESKTOP,,0,13,0.0,88.15384615384616,query_device,2026-07-27 13:02:05
104113,2026-07-27,2025-08-01,google ads编辑器,,DESKTOP,,0,1,0.0,13.0,query_device,2026-07-27 13:02:05
104114,2026-07-27,2025-08-01,google ads编辑器,,MOBILE,,0,1,0.0,13.0,query_device,2026-07-27 13:02:05
104115,2026-07-27,2025-08-01,google ads認證,,DESKTOP,,0,1,0.0,44.0,query_device,2026-07-27 13:02:05
104116,2026-07-27,2025-08-01,google ads认证考试,,DESKTOP,,0,2,0.0,46.5,query_device,2026-07-27 13:02:05
104117,2026-07-27,2025-08-01,google ads认证考试,,MOBILE,,0,1,0.0,59.0,query_device,2026-07-27 13:02:05
104118,2026-07-27,2025-08-01,google advertising products,,DESKTOP,,0,1,0.0,86.0,query_device,2026-07-27 13:02:05
104119,2026-07-27,2025-08-01,google adweb,,DESKTOP,,0,2,0.0,84.5,query_device,2026-07-27 13:02:05
104120,2026-07-27,2025-08-01,google adwords campaign,,DESKTOP,,0,1,0.0,95.0,query_device,2026-07-27 13:02:05
104121,2026-07-27,2025-08-01,google adwords keyword planner,,DESKTOP,,0,1,0.0,17.0,query_device,2026-07-27 13:02:05
104122,2026-07-27,2025-08-01,google adwords 关键 词 工具,,DESKTOP,,0,1,0.0,95.0,query_device,2026-07-27 13:02:05
104123,2026-07-27,2025-08-01,google adwords 关键 词 工具,,MOBILE,,0,1,0.0,93.0,query_device,2026-07-27 13:02:05
104124,2026-07-27,2025-08-01,google adwords关键词工具,,DESKTOP,,0,14,0.0,97.35714285714286,query_device,2026-07-27 13:02:05
104125,2026-07-27,2025-08-01,google adwords关键词工具,,MOBILE,,0,12,0.0,96.58333333333333,query_device,2026-07-27 13:02:05
104126,2026-07-27,2025-08-01,google adwords关键词工具,,TABLET,,0,1,0.0,97.0,query_device,2026-07-27 13:02:05
104127,2026-07-27,2025-08-01,google adwords关键词规划师,,DESKTOP,,0,5,0.0,39.4,query_device,2026-07-27 13:02:05
104128,2026-07-27,2025-08-01,google analytics attribution model comparison tool,,DESKTOP,,0,1,0.0,18.0,query_device,2026-07-27 13:02:05
104129,2026-07-27,2025-08-01,google bid simulator,,DESKTOP,,0,1,0.0,19.0,query_device,2026-07-27 13:02:05
104130,2026-07-27,2025-08-01,google charts funnel,,DESKTOP,,0,1,0.0,66.0,query_device,2026-07-27 13:02:05
104131,2026-07-27,2025-08-01,google cpc,,DESKTOP,,0,38,0.0,38.3421052631579,query_device,2026-07-27 13:02:05
104132,2026-07-27,2025-08-01,google cpc,,MOBILE,,0,15,0.0,38.666666666666664,query_device,2026-07-27 13:02:05
104133,2026-07-27,2025-08-01,google cpm,,DESKTOP,,0,1,0.0,60.0,query_device,2026-07-27 13:02:05
104134,2026-07-27,2025-08-01,google data studio facebook,,DESKTOP,,0,1,0.0,40.0,query_device,2026-07-27 13:02:05
104135,2026-07-27,2025-08-01,google director mix,,DESKTOP,,0,3,0.0,98.0,query_device,2026-07-27 13:02:05
104136,2026-07-27,2025-08-01,google discovery ads,,DESKTOP,,0,1,0.0,7.0,query_device,2026-07-27 13:02:05
104137,2026-07-27,2025-08-01,google dsa,,DESKTOP,,0,29,0.0,37.37931034482759,query_device,2026-07-27 13:02:05
104138,2026-07-27,2025-08-01,google editor,,DESKTOP,,0,1,0.0,73.0,query_device,2026-07-27 13:02:05
104139,2026-07-27,2025-08-01,google forms likert,,DESKTOP,,0,1,0.0,57.0,query_device,2026-07-27 13:02:05
104140,2026-07-27,2025-08-01,google gtm,,DESKTOP,,0,2,0.0,55.0,query_device,2026-07-27 13:02:05
104141,2026-07-27,2025-08-01,google keyword forecast,,DESKTOP,,0,1,0.0,39.0,query_device,2026-07-27 13:02:05
104142,2026-07-27,2025-08-01,google keyword planner怎么用,,DESKTOP,,0,22,0.0,70.81818181818181,query_device,2026-07-27 13:02:05
104143,2026-07-27,2025-08-01,google keyword planner怎么用,,MOBILE,,0,11,0.0,71.27272727272727,query_device,2026-07-27 13:02:05
104144,2026-07-27,2025-08-01,google lead form,,DESKTOP,,0,1,0.0,49.0,query_device,2026-07-27 13:02:05
104145,2026-07-27,2025-08-01,google lightbox ads,,DESKTOP,,0,1,0.0,49.0,query_device,2026-07-27 13:02:05
104146,2026-07-27,2025-08-01,google performance max,,DESKTOP,,0,2,0.0,63.5,query_device,2026-07-27 13:02:05
104147,2026-07-27,2025-08-01,google revenue pie chart,,DESKTOP,,0,1,0.0,31.0,query_device,2026-07-27 13:02:05
104148,2026-07-27,2025-08-01,google rsa,,DESKTOP,,0,1,0.0,98.0,query_device,2026-07-27 13:02:05
104149,2026-07-27,2025-08-01,google sa360,,DESKTOP,,0,1,0.0,45.0,query_device,2026-07-27 13:02:05
104150,2026-07-27,2025-08-01,google sem,,DESKTOP,,0,24,0.0,87.83333333333333,query_device,2026-07-27 13:02:05
104151,2026-07-27,2025-08-01,google sem,,MOBILE,,0,2,0.0,61.0,query_device,2026-07-27 13:02:05
104152,2026-07-27,2025-08-01,google seo sem,,MOBILE,,0,1,0.0,88.0,query_device,2026-07-27 13:02:05
104153,2026-07-27,2025-08-01,google seo推广,,DESKTOP,,0,2,0.0,76.5,query_device,2026-07-27 13:02:05
104154,2026-07-27,2025-08-01,google sheet drop down list multiple selection,,DESKTOP,,0,1,0.0,71.0,query_device,2026-07-27 13:02:05
104155,2026-07-27,2025-08-01,google sheet sankey,,DESKTOP,,0,1,0.0,7.0,query_device,2026-07-27 13:02:05
104156,2026-07-27,2025-08-01,google sheet 圖表,,DESKTOP,,0,2,0.0,38.0,query_device,2026-07-27 13:02:05
104157,2026-07-27,2025-08-01,google sheet 圖表,,MOBILE,,0,1,0.0,18.0,query_device,2026-07-27 13:02:05
104158,2026-07-27,2025-08-01,google sheets dot plot,,DESKTOP,,0,1,0.0,53.0,query_device,2026-07-27 13:02:05
104159,2026-07-27,2025-08-01,google sheets pareto chart,,DESKTOP,,0,1,0.0,56.0,query_device,2026-07-27 13:02:05
104160,2026-07-27,2025-08-01,google sheets sankey,,DESKTOP,,0,3,0.0,43.666666666666664,query_device,2026-07-27 13:02:05
104161,2026-07-27,2025-08-01,google sheets sankey chart,,DESKTOP,,0,1,0.0,54.0,query_device,2026-07-27 13:02:05
104162,2026-07-27,2025-08-01,google sheets sankey diagram,,DESKTOP,,0,6,0.0,52.166666666666664,query_device,2026-07-27 13:02:05
104163,2026-07-27,2025-08-01,google sheets sankey diagram,,MOBILE,,0,2,0.0,52.5,query_device,2026-07-27 13:02:05
104164,2026-07-27,2025-08-01,google shopping怎么用,,DESKTOP,,0,1,0.0,48.0,query_device,2026-07-27 13:02:05
104165,2026-07-27,2025-08-01,google ssp,,DESKTOP,,0,1,0.0,92.0,query_device,2026-07-27 13:02:05
104166,2026-07-27,2025-08-01,google tag manager是什么,,DESKTOP,,0,2,0.0,31.5,query_device,2026-07-27 13:02:05
104167,2026-07-27,2025-08-01,google tag manager是什麼,,DESKTOP,,0,1,0.0,60.0,query_device,2026-07-27 13:02:05
104168,2026-07-27,2025-08-01,google uac,,DESKTOP,,0,1,0.0,66.0,query_device,2026-07-27 13:02:05
104169,2026-07-27,2025-08-01,google 再營銷,,DESKTOP,,0,30,0.0,66.93333333333334,query_device,2026-07-27 13:02:05
104170,2026-07-27,2025-08-01,google 再營銷,,MOBILE,,0,15,0.0,67.6,query_device,2026-07-27 13:02:05
104171,2026-07-27,2025-08-01,google 图片 广告,,DESKTOP,,0,1,0.0,88.0,query_device,2026-07-27 13:02:05
104172,2026-07-27,2025-08-01,google 展示 广告,,DESKTOP,,0,21,0.0,92.0,query_device,2026-07-27 13:02:05
104173,2026-07-27,2025-08-01,google 展示广告网络,,DESKTOP,,0,1,0.0,28.0,query_device,2026-07-27 13:02:05
104174,2026-07-27,2025-08-01,google 展示广告网络,,MOBILE,,0,1,0.0,29.0,query_device,2026-07-27 13:02:05
104175,2026-07-27,2025-08-01,google 广告 价格,,DESKTOP,,0,6,0.0,77.66666666666667,query_device,2026-07-27 13:02:05
104176,2026-07-27,2025-08-01,google 广告 价格,,MOBILE,,0,1,0.0,101.0,query_device,2026-07-27 13:02:05
104177,2026-07-27,2025-08-01,google 广告 优化,,DESKTOP,,0,19,0.0,91.0,query_device,2026-07-27 13:02:05
104178,2026-07-27,2025-08-01,google 广告 关键 词,,DESKTOP,,0,57,0.0,48.3859649122807,query_device,2026-07-27 13:02:05
104179,2026-07-27,2025-08-01,google 广告 分成,,DESKTOP,,0,2,0.0,98.5,query_device,2026-07-27 13:02:05
104180,2026-07-27,2025-08-01,google 广告 设置,,DESKTOP,,0,1,0.0,100.0,query_device,2026-07-27 13:02:05
104181,2026-07-27,2025-08-01,google 懲罰,,MOBILE,,0,49,0.0,68.12244897959184,query_device,2026-07-27 13:02:05
104182,2026-07-27,2025-08-01,google 竞价 排名,,DESKTOP,,0,13,0.0,87.76923076923077,query_device,2026-07-27 13:02:05
104183,2026-07-27,2025-08-01,google促銷代碼取得,,DESKTOP,,0,2,0.0,12.5,query_device,2026-07-27 13:02:05
104184,2026-07-27,2025-08-01,google促銷代碼取得,,MOBILE,,0,1,0.0,9.0,query_device,2026-07-27 13:02:05
104185,2026-07-27,2025-08-01,google关键词规划工具,,DESKTOP,,0,1,0.0,38.0,query_device,2026-07-27 13:02:05
104186,2026-07-27,2025-08-01,google关键词规划师,,DESKTOP,,0,25,0.0,47.6,query_device,2026-07-27 13:02:05
104187,2026-07-27,2025-08-01,google关键词规划师,,MOBILE,,0,31,0.0,49.354838709677416,query_device,2026-07-27 13:02:05
104188,2026-07-27,2025-08-01,google再營銷,,DESKTOP,,0,6,0.0,72.5,query_device,2026-07-27 13:02:05
104189,2026-07-27,2025-08-01,google再營銷,,MOBILE,,0,4,0.0,73.0,query_device,2026-07-27 13:02:05
104190,2026-07-27,2025-08-01,google動態廣告,,DESKTOP,,0,36,0.0,34.02777777777778,query_device,2026-07-27 13:02:05
104191,2026-07-27,2025-08-01,google動態廣告,,MOBILE,,0,27,0.0,36.7037037037037,query_device,2026-07-27 13:02:05
104192,2026-07-27,2025-08-01,google動態廣告目標,,DESKTOP,,0,14,0.0,39.714285714285715,query_device,2026-07-27 13:02:05
104193,2026-07-27,2025-08-01,google動態廣告目標,,MOBILE,,0,10,0.0,41.1,query_device,2026-07-27 13:02:05
104194,2026-07-27,2025-08-01,google合作伙伴,,DESKTOP,,0,1,0.0,32.0,query_device,2026-07-27 13:02:05
104195,2026-07-27,2025-08-01,google合作夥伴名單,,MOBILE,,0,2,0.0,18.5,query_device,2026-07-27 13:02:05
104196,2026-07-27,2025-08-01,google展示广告,,DESKTOP,,0,2,0.0,86.5,query_device,2026-07-27 13:02:05
104197,2026-07-27,2025-08-01,google展示广告,,MOBILE,,0,3,0.0,79.33333333333333,query_device,2026-07-27 13:02:05
104198,2026-07-27,2025-08-01,google广告,,DESKTOP,,0,1,0.0,12.0,query_device,2026-07-27 13:02:05
104199,2026-07-27,2025-08-01,google广告优化,,DESKTOP,,0,55,0.0,82.16363636363636,query_device,2026-07-27 13:02:05
104200,2026-07-27,2025-08-01,google广告优化,,MOBILE,,0,59,0.0,79.84745762711864,query_device,2026-07-27 13:02:05
104201,2026-07-27,2025-08-01,google广告拒登,,DESKTOP,,0,4,0.0,76.0,query_device,2026-07-27 13:02:05
104202,2026-07-27,2025-08-01,google广告拒登,,MOBILE,,0,3,0.0,65.33333333333333,query_device,2026-07-27 13:02:05
104203,2026-07-27,2025-08-01,google廣告創作,,DESKTOP,,0,5,0.0,21.6,query_device,2026-07-27 13:02:05
104204,2026-07-27,2025-08-01,google廣告報告,,MOBILE,,0,2,0.0,71.0,query_device,2026-07-27 13:02:05
104205,2026-07-27,2025-08-01,google廣告費用,,DESKTOP,,0,3,0.0,75.33333333333333,query_device,2026-07-27 13:02:05
104206,2026-07-27,2025-08-01,google廣告類型,,DESKTOP,,0,1,0.0,70.0,query_device,2026-07-27 13:02:05
104207,2026-07-27,2025-08-01,google购物广告,,DESKTOP,,0,13,0.0,77.53846153846153,query_device,2026-07-27 13:02:05
104208,2026-07-27,2025-08-01,google购物广告,,MOBILE,,0,4,0.0,76.75,query_device,2026-07-27 13:02:05
104209,2026-07-27,2025-08-01,gtm,,DESKTOP,,0,8,0.0,92.25,query_device,2026-07-27 13:02:05
104210,2026-07-27,2025-08-01,gtm,,MOBILE,,0,1,0.0,93.0,query_device,2026-07-27 13:02:05
104211,2026-07-27,2025-08-01,gtm containers,,DESKTOP,,0,1,0.0,96.0,query_device,2026-07-27 13:02:05
104212,2026-07-27,2025-08-01,gtm 意思,,DESKTOP,,0,1,0.0,67.0,query_device,2026-07-27 13:02:05
104213,2026-07-27,2025-08-01,gtm 是什麼,,DESKTOP,,0,27,0.0,69.37037037037037,query_device,2026-07-27 13:02:05
104214,2026-07-27,2025-08-01,gtm 是什麼,,MOBILE,,0,23,0.0,76.8695652173913,query_device,2026-07-27 13:02:05
104215,2026-07-27,2025-08-01,gtm是什麼,,DESKTOP,,0,80,0.0,73.225,query_device,2026-07-27 13:02:05
104216,2026-07-27,2025-08-01,gtm是什麼,,MOBILE,,0,26,0.0,74.34615384615384,query_device,2026-07-27 13:02:05
104217,2026-07-27,2025-08-01,gtm預覽模式,,DESKTOP,,0,20,0.0,84.85,query_device,2026-07-27 13:02:05
104218,2026-07-27,2025-08-01,headreach,,DESKTOP,,0,1,0.0,62.0,query_device,2026-07-27 13:02:05
104219,2026-07-27,2025-08-01,how to build a sankey diagram,,DESKTOP,,0,1,0.0,55.0,query_device,2026-07-27 13:02:05
104220,2026-07-27,2025-08-01,how to calculate future revenue growth,,DESKTOP,,0,1,0.0,99.0,query_device,2026-07-27 13:02:05
104221,2026-07-27,2025-08-01,how to change attribution model in google ads,,DESKTOP,,0,1,0.0,16.0,query_device,2026-07-27 13:02:05
104222,2026-07-27,2025-08-01,how to create a dot plot in google sheets,,DESKTOP,,0,3,0.0,80.33333333333333,query_device,2026-07-27 13:02:05
104223,2026-07-27,2025-08-01,how to create a graph in google sheets,,DESKTOP,,0,1,0.0,7.0,query_device,2026-07-27 13:02:05
104224,2026-07-27,2025-08-01,how to create a sankey diagram in google sheets,,DESKTOP,,0,1,0.0,69.0,query_device,2026-07-27 13:02:05
104225,2026-07-27,2025-08-01,how to create dashboard in google sheets,,DESKTOP,,0,1,0.0,49.0,query_device,2026-07-27 13:02:05
104226,2026-07-27,2025-08-01,how to create google form youtube,,DESKTOP,,0,1,0.0,82.0,query_device,2026-07-27 13:02:05
104227,2026-07-27,2025-08-01,how to create pareto chart in google sheets,,DESKTOP,,0,1,0.0,68.0,query_device,2026-07-27 13:02:05
104228,2026-07-27,2025-08-01,how to describe target audience,,DESKTOP,,0,1,0.0,102.0,query_device,2026-07-27 13:02:05
104229,2026-07-27,2025-08-01,how to determine demand for a service,,DESKTOP,,0,1,0.0,31.0,query_device,2026-07-27 13:02:05
104230,2026-07-27,2025-08-01,how to fix destination mismatch google ads,,DESKTOP,,0,1,0.0,59.0,query_device,2026-07-27 13:02:05
104231,2026-07-27,2025-08-01,how to graph in excel,,DESKTOP,,0,1,0.0,92.0,query_device,2026-07-27 13:02:05
104232,2026-07-27,2025-08-01,how to make a dot plot in google sheets,,DESKTOP,,0,7,0.0,72.14285714285714,query_device,2026-07-27 13:02:05
104233,2026-07-27,2025-08-01,how to make a dot plot on google sheets,,DESKTOP,,0,2,0.0,70.0,query_device,2026-07-27 13:02:05
104234,2026-07-27,2025-08-01,how to make a pareto chart in google sheets,,DESKTOP,,0,2,0.0,80.5,query_device,2026-07-27 13:02:05
104235,2026-07-27,2025-08-01,how to maximize google ads,,DESKTOP,,0,1,0.0,80.0,query_device,2026-07-27 13:02:05
104236,2026-07-27,2025-08-01,how to plot a graph on google sheets,,DESKTOP,,0,1,0.0,3.0,query_device,2026-07-27 13:02:05
104237,2026-07-27,2025-08-01,how to start twitter spaces,,DESKTOP,,0,1,0.0,22.0,query_device,2026-07-27 13:02:05
104238,2026-07-27,2025-08-01,html5 google ads,,DESKTOP,,0,1,0.0,33.0,query_device,2026-07-27 13:02:05
104239,2026-07-27,2025-08-01,imc是什么,,DESKTOP,,0,3,0.0,67.33333333333333,query_device,2026-07-27 13:02:05
104240,2026-07-27,2025-08-01,imc是什么,,MOBILE,,0,1,0.0,92.0,query_device,2026-07-27 13:02:05
104241,2026-07-27,2025-08-01,importance of pie chart,,DESKTOP,,0,1,0.0,43.0,query_device,2026-07-27 13:02:05
104242,2026-07-27,2025-08-01,impression share lost to rank,,DESKTOP,,0,1,0.0,34.0,query_device,2026-07-27 13:02:05
104243,2026-07-27,2025-08-01,interactive chart examples,,DESKTOP,,0,1,0.0,85.0,query_device,2026-07-27 13:02:05
104244,2026-07-27,2025-08-01,lightbox ads,,DESKTOP,,0,3,0.0,63.0,query_device,2026-07-27 13:02:05
104245,2026-07-27,2025-08-01,lightbox ads google,,DESKTOP,,0,7,0.0,92.71428571428571,query_device,2026-07-27 13:02:05
104246,2026-07-27,2025-08-01,lightbox ads google,,MOBILE,,0,3,0.0,91.33333333333333,query_device,2026-07-27 13:02:05
104247,2026-07-27,2025-08-01,likert五點量表,,DESKTOP,,0,1,0.0,26.0,query_device,2026-07-27 13:02:05
104248,2026-07-27,2025-08-01,likert量表,,DESKTOP,,0,1,0.0,50.0,query_device,2026-07-27 13:02:05
104249,2026-07-27,2025-08-01,linkedin marketing news,,DESKTOP,,0,1,0.0,49.0,query_device,2026-07-27 13:02:05
104250,2026-07-27,2025-08-01,linkedin上的营销专业小组,,DESKTOP,,0,4,0.0,59.0,query_device,2026-07-27 13:02:05
104251,2026-07-27,2025-08-01,linkedin推广,,MOBILE,,0,1,0.0,96.0,query_device,2026-07-27 13:02:05
104252,2026-07-27,2025-08-01,linkedin注册不了,,DESKTOP,,0,1,0.0,10.0,query_device,2026-07-27 13:02:05
104253,2026-07-27,2025-08-01,looker google ads,,DESKTOP,,0,1,0.0,40.0,query_device,2026-07-27 13:02:05
104254,2026-07-27,2025-08-01,looker metrics,,DESKTOP,,0,1,0.0,57.0,query_device,2026-07-27 13:02:05
104255,2026-07-27,2025-08-01,ltv clv,,MOBILE,,0,1,0.0,1.0,query_device,2026-07-27 13:02:05
104256,2026-07-27,2025-08-01,ltv:cac meaning,,DESKTOP,,0,1,0.0,81.0,query_device,2026-07-27 13:02:05
104257,2026-07-27,2025-08-01,market analysis restaurant business plan,,DESKTOP,,0,1,0.0,80.0,query_device,2026-07-27 13:02:05
104258,2026-07-27,2025-08-01,market growth equation,,DESKTOP,,0,1,0.0,29.0,query_device,2026-07-27 13:02:05
104259,2026-07-27,2025-08-01,marketing a small service business,,DESKTOP,,0,1,0.0,101.0,query_device,2026-07-27 13:02:05
104260,2026-07-27,2025-08-01,mql,,DESKTOP,,0,2,0.0,94.0,query_device,2026-07-27 13:02:05
104261,2026-07-27,2025-08-01,mql,,MOBILE,,0,1,0.0,96.0,query_device,2026-07-27 13:02:05
104262,2026-07-27,2025-08-01,mql sql leads,,DESKTOP,,0,1,0.0,56.0,query_device,2026-07-27 13:02:05
104263,2026-07-27,2025-08-01,mql是什么,,DESKTOP,,0,1,0.0,44.0,query_device,2026-07-27 13:02:05
104264,2026-07-27,2025-08-01,mql是什么,,MOBILE,,0,1,0.0,21.0,query_device,2026-07-27 13:02:05
104265,2026-07-27,2025-08-01,netflix廣告,,DESKTOP,,0,1,0.0,81.0,query_device,2026-07-27 13:02:05
104266,2026-07-27,2025-08-01,oath公司,,DESKTOP,,0,2,0.0,44.5,query_device,2026-07-27 13:02:05
104267,2026-07-27,2025-08-01,pareto chart google sheets,,DESKTOP,,0,14,0.0,53.07142857142857,query_device,2026-07-27 13:02:05
104268,2026-07-27,2025-08-01,pareto chart in google sheets,,DESKTOP,,0,4,0.0,58.25,query_device,2026-07-27 13:02:05
104269,2026-07-27,2025-08-01,pareto google sheets,,DESKTOP,,0,1,0.0,48.0,query_device,2026-07-27 13:02:05
104270,2026-07-27,2025-08-01,pareto principle chart,,DESKTOP,,0,1,0.0,64.0,query_device,2026-07-27 13:02:05
104271,2026-07-27,2025-08-01,performance max,,DESKTOP,,0,6,0.0,73.83333333333333,query_device,2026-07-27 13:02:05
104272,2026-07-27,2025-08-01,performance planner,,DESKTOP,,0,1,0.0,58.0,query_device,2026-07-27 13:02:05
104273,2026-07-27,2025-08-01,performance planner,,MOBILE,,0,1,0.0,67.0,query_device,2026-07-27 13:02:05
104274,2026-07-27,2025-08-01,pink whatsapp,,DESKTOP,,0,1,0.0,61.0,query_device,2026-07-27 13:02:05
104275,2026-07-27,2025-08-01,pinterest 广告,,DESKTOP,,0,2,0.0,23.5,query_device,2026-07-27 13:02:05
104276,2026-07-27,2025-08-01,pinterest 廣告,,DESKTOP,,0,2,0.0,19.5,query_device,2026-07-27 13:02:05
104277,2026-07-27,2025-08-01,pinterest广告,,DESKTOP,,0,9,0.0,10.333333333333334,query_device,2026-07-27 13:02:05
104278,2026-07-27,2025-08-01,pinterest广告,,MOBILE,,0,1,0.0,53.0,query_device,2026-07-27 13:02:05
104279,2026-07-27,2025-08-01,pinterest广告投放,,DESKTOP,,0,1,0.0,24.0,query_device,2026-07-27 13:02:05
104280,2026-07-27,2025-08-01,pinterest广告投放,,MOBILE,,0,1,0.0,42.0,query_device,2026-07-27 13:02:05
104281,2026-07-27,2025-08-01,pinterest怎么知道那个图片受欢迎,,DESKTOP,,0,6,0.0,38.5,query_device,2026-07-27 13:02:05
104282,2026-07-27,2025-08-01,potential available market,,DESKTOP,,0,1,0.0,100.0,query_device,2026-07-27 13:02:05
104283,2026-07-27,2025-08-01,ppc,,TABLET,,0,1,0.0,9.0,query_device,2026-07-27 13:02:05
104284,2026-07-27,2025-08-01,ppcexpo,,DESKTOP,,0,6,0.0,90.83333333333333,query_device,2026-07-27 13:02:05
104285,2026-07-27,2025-08-01,reddit 广告,,DESKTOP,,0,1,0.0,44.0,query_device,2026-07-27 13:02:05
104286,2026-07-27,2025-08-01,reddit 广告,,MOBILE,,0,1,0.0,35.0,query_device,2026-07-27 13:02:05
104287,2026-07-27,2025-08-01,reddit广告,,DESKTOP,,0,3,0.0,43.666666666666664,query_device,2026-07-27 13:02:05
104288,2026-07-27,2025-08-01,reddit广告,,MOBILE,,0,2,0.0,48.0,query_device,2026-07-27 13:02:05
104289,2026-07-27,2025-08-01,reddit广告投放,,DESKTOP,,0,2,0.0,46.0,query_device,2026-07-27 13:02:05
104290,2026-07-27,2025-08-01,reddit广告投放,,MOBILE,,0,1,0.0,58.0,query_device,2026-07-27 13:02:05
104291,2026-07-27,2025-08-01,roas,,DESKTOP,,0,31,0.0,88.3225806451613,query_device,2026-07-27 13:02:05
104292,2026-07-27,2025-08-01,roas,,MOBILE,,0,31,0.0,87.58064516129032,query_device,2026-07-27 13:02:05
104293,2026-07-27,2025-08-01,roas 定義,,DESKTOP,,0,3,0.0,89.66666666666667,query_device,2026-07-27 13:02:05
104294,2026-07-27,2025-08-01,roas 意思,,DESKTOP,,0,1,0.0,93.0,query_device,2026-07-27 13:02:05
104295,2026-07-27,2025-08-01,roas 目標,,DESKTOP,,0,6,0.0,87.5,query_device,2026-07-27 13:02:05
104296,2026-07-27,2025-08-01,roas和roi的区别,,DESKTOP,,0,20,0.0,35.35,query_device,2026-07-27 13:02:05
104297,2026-07-27,2025-08-01,roas和roi的区别,,MOBILE,,0,3,0.0,45.666666666666664,query_device,2026-07-27 13:02:05
104298,2026-07-27,2025-08-01,roas是什么,,DESKTOP,,0,5,0.0,83.0,query_device,2026-07-27 13:02:05
104299,2026-07-27,2025-08-01,roas是什么,,MOBILE,,0,2,0.0,92.5,query_device,2026-07-27 13:02:05
104300,2026-07-27,2025-08-01,roas是什么意思,,DESKTOP,,0,3,0.0,78.33333333333333,query_device,2026-07-27 13:02:05
104301,2026-07-27,2025-08-01,roas是什么意思,,MOBILE,,0,1,0.0,101.0,query_device,2026-07-27 13:02:05
104302,2026-07-27,2025-08-01,roi和roas的区别,,DESKTOP,,0,5,0.0,18.4,query_device,2026-07-27 13:02:05
104303,2026-07-27,2025-08-01,roi和roas的区别,,MOBILE,,0,1,0.0,49.0,query_device,2026-07-27 13:02:05
104304,2026-07-27,2025-08-01,sa360,,DESKTOP,,0,26,0.0,62.15384615384615,query_device,2026-07-27 13:02:05
104305,2026-07-27,2025-08-01,sa360,,MOBILE,,0,2,0.0,73.5,query_device,2026-07-27 13:02:05
104306,2026-07-27,2025-08-01,sa360 google,,DESKTOP,,0,1,0.0,32.0,query_device,2026-07-27 13:02:05
104307,2026-07-27,2025-08-01,sa360 とは,,DESKTOP,,0,1,0.0,93.0,query_device,2026-07-27 13:02:05
104308,2026-07-27,2025-08-01,sam som tam,,MOBILE,,0,1,0.0,99.0,query_device,2026-07-27 13:02:05
104309,2026-07-27,2025-08-01,sam tam,,DESKTOP,,0,1,0.0,94.0,query_device,2026-07-27 13:02:05
104310,2026-07-27,2025-08-01,sam tam som,,DESKTOP,,0,1,0.0,73.0,query_device,2026-07-27 13:02:05
104311,2026-07-27,2025-08-01,sankey,,DESKTOP,,0,2,0.0,78.5,query_device,2026-07-27 13:02:05
104312,2026-07-27,2025-08-01,sankey chart google sheets,,DESKTOP,,0,9,0.0,52.77777777777778,query_device,2026-07-27 13:02:05
104313,2026-07-27,2025-08-01,sankey chart in google sheets,,DESKTOP,,0,2,0.0,52.5,query_device,2026-07-27 13:02:05
104314,2026-07-27,2025-08-01,sankey diagram excel,,DESKTOP,,0,3,0.0,33.0,query_device,2026-07-27 13:02:05
104315,2026-07-27,2025-08-01,sankey diagram google sheet,,DESKTOP,,0,2,0.0,45.5,query_device,2026-07-27 13:02:05
104316,2026-07-27,2025-08-01,sankey diagram google sheets,,DESKTOP,,0,24,0.0,52.583333333333336,query_device,2026-07-27 13:02:05
104317,2026-07-27,2025-08-01,sankey diagram google sheets,,MOBILE,,0,1,0.0,53.0,query_device,2026-07-27 13:02:05
104318,2026-07-27,2025-08-01,sankey diagram in google sheets,,DESKTOP,,0,3,0.0,54.0,query_device,2026-07-27 13:02:05
104319,2026-07-27,2025-08-01,sankey google sheets,,DESKTOP,,0,1,0.0,49.0,query_device,2026-07-27 13:02:05
104320,2026-07-27,2025-08-01,sankey google sheets,,MOBILE,,0,1,0.0,47.0,query_device,2026-07-27 13:02:05
104321,2026-07-27,2025-08-01,sankey图,,DESKTOP,,0,1,0.0,98.0,query_device,2026-07-27 13:02:05
104322,2026-07-27,2025-08-01,sankey图,,MOBILE,,0,1,0.0,94.0,query_device,2026-07-27 13:02:05
104323,2026-07-27,2025-08-01,schedugram,,DESKTOP,,0,4,0.0,45.5,query_device,2026-07-27 13:02:05
104324,2026-07-27,2025-08-01,sem 廣告代理,,DESKTOP,,0,1,0.0,96.0,query_device,2026-07-27 13:02:05
104325,2026-07-27,2025-08-01,semrush social media tracker,,DESKTOP,,0,1,0.0,62.0,query_device,2026-07-27 13:02:05
104326,2026-07-27,2025-08-01,sem营销,,MOBILE,,0,1,0.0,86.0,query_device,2026-07-27 13:02:05
104327,2026-07-27,2025-08-01,seo and adwords,,DESKTOP,,0,1,0.0,57.0,query_device,2026-07-27 13:02:05
104328,2026-07-27,2025-08-01,seo关键词布局,,DESKTOP,,0,2,0.0,15.5,query_device,2026-07-27 13:02:05
104329,2026-07-27,2025-08-01,serviceable addressable market,,DESKTOP,,0,2,0.0,82.0,query_device,2026-07-27 13:02:05
104330,2026-07-27,2025-08-01,serviceable available market,,DESKTOP,,0,2,0.0,87.0,query_device,2026-07-27 13:02:05
104331,2026-07-27,2025-08-01,serviceable obtainable market adalah,,DESKTOP,,0,1,0.0,1.0,query_device,2026-07-27 13:02:05
104332,2026-07-27,2025-08-01,shopify专家,,DESKTOP,,0,2,0.0,61.0,query_device,2026-07-27 13:02:05
104333,2026-07-27,2025-08-01,shopify专家,,MOBILE,,0,5,0.0,74.6,query_device,2026-07-27 13:02:05
104334,2026-07-27,2025-08-01,site:advich.com,,DESKTOP,,0,29,0.0,35.48275862068966,query_device,2026-07-27 13:02:05
104335,2026-07-27,2025-08-01,sitelink in google ads,,DESKTOP,,0,1,0.0,28.0,query_device,2026-07-27 13:02:05
104336,2026-07-27,2025-08-01,sns推广,,DESKTOP,,0,1,0.0,13.0,query_device,2026-07-27 13:02:05
104337,2026-07-27,2025-08-01,sns营销,,DESKTOP,,0,1,0.0,100.0,query_device,2026-07-27 13:02:05
104338,2026-07-27,2025-08-01,som sam tam,,DESKTOP,,0,1,0.0,88.0,query_device,2026-07-27 13:02:05
104339,2026-07-27,2025-08-01,ssp dsp,,DESKTOP,,0,1,0.0,53.0,query_device,2026-07-27 13:02:05
104340,2026-07-27,2025-08-01,ssp/供應方平台,,DESKTOP,,0,3,0.0,68.66666666666667,query_device,2026-07-27 13:02:05
104341,2026-07-27,2025-08-01,ssp/供應方平台,,MOBILE,,0,2,0.0,71.5,query_device,2026-07-27 13:02:05
104342,2026-07-27,2025-08-01,ssp是什么,,DESKTOP,,0,1,0.0,63.0,query_device,2026-07-27 13:02:05
104343,2026-07-27,2025-08-01,ssp是什麼,,DESKTOP,,0,3,0.0,52.666666666666664,query_device,2026-07-27 13:02:05
104344,2026-07-27,2025-08-01,ssp是什麼,,MOBILE,,0,1,0.0,2.0,query_device,2026-07-27 13:02:05
104345,2026-07-27,2025-08-01,stp 分析,,DESKTOP,,0,1,0.0,100.0,query_device,2026-07-27 13:02:05
104346,2026-07-27,2025-08-01,stp分析,,DESKTOP,,0,4,0.0,99.75,query_device,2026-07-27 13:02:05
104347,2026-07-27,2025-08-01,stp策略,,DESKTOP,,0,1,0.0,56.0,query_device,2026-07-27 13:02:05
104348,2026-07-27,2025-08-01,sunburst chart,,DESKTOP,,0,3,0.0,63.666666666666664,query_device,2026-07-27 13:02:05
104349,2026-07-27,2025-08-01,sunburst diagramm,,DESKTOP,,0,1,0.0,85.0,query_device,2026-07-27 13:02:05
104350,2026-07-27,2025-08-01,sunburst diagramm excel,,DESKTOP,,0,1,0.0,63.0,query_device,2026-07-27 13:02:05
104351,2026-07-27,2025-08-01,sunburst excel,,DESKTOP,,0,4,0.0,63.5,query_device,2026-07-27 13:02:05
104352,2026-07-27,2025-08-01,sunburst-diagramm,,DESKTOP,,0,2,0.0,86.0,query_device,2026-07-27 13:02:05
104353,2026-07-27,2025-08-01,surfaces across google,,DESKTOP,,0,1,0.0,41.0,query_device,2026-07-27 13:02:05
104354,2026-07-27,2025-08-01,tam sam,,DESKTOP,,0,2,0.0,90.5,query_device,2026-07-27 13:02:05
104355,2026-07-27,2025-08-01,tam sam som,,DESKTOP,,0,9,0.0,85.0,query_device,2026-07-27 13:02:05
104356,2026-07-27,2025-08-01,tam/sam/som,,DESKTOP,,0,2,0.0,93.5,query_device,2026-07-27 13:02:05
104357,2026-07-27,2025-08-01,tam/sam/som,,MOBILE,,0,1,0.0,78.0,query_device,2026-07-27 13:02:05
104358,2026-07-27,2025-08-01,target market analysis for restaurants,,DESKTOP,,0,1,0.0,38.0,query_device,2026-07-27 13:02:05
104359,2026-07-27,2025-08-01,tcpa是什么,,DESKTOP,,0,1,0.0,83.0,query_device,2026-07-27 13:02:05
104360,2026-07-27,2025-08-01,tik tok 廣告,,DESKTOP,,0,8,0.0,50.625,query_device,2026-07-27 13:02:05
104361,2026-07-27,2025-08-01,tiktok ads注册,,DESKTOP,,0,14,0.0,86.28571428571429,query_device,2026-07-27 13:02:05
104362,2026-07-27,2025-08-01,tiktok 代理商,,DESKTOP,,0,1,0.0,23.0,query_device,2026-07-27 13:02:05
104363,2026-07-27,2025-08-01,tiktok代投,,MOBILE,,0,2,0.0,2.0,query_device,2026-07-27 13:02:05
104364,2026-07-27,2025-08-01,tiktok代理,,DESKTOP,,0,2,0.0,23.5,query_device,2026-07-27 13:02:05
104365,2026-07-27,2025-08-01,tiktok代理,,MOBILE,,0,1,0.0,19.0,query_device,2026-07-27 13:02:05
104366,2026-07-27,2025-08-01,tiktok官方广告,,DESKTOP,,0,33,0.0,50.75757575757576,query_device,2026-07-27 13:02:05
104367,2026-07-27,2025-08-01,tiktok广告开户,,DESKTOP,,0,2,0.0,23.5,query_device,2026-07-27 13:02:05
104368,2026-07-27,2025-08-01,tiktok广告开户,,MOBILE,,0,1,0.0,21.0,query_device,2026-07-27 13:02:05
104369,2026-07-27,2025-08-01,tiktok广告怎么加预算,,DESKTOP,,0,16,0.0,71.0,query_device,2026-07-27 13:02:05
104370,2026-07-27,2025-08-01,tiktok广告户,,DESKTOP,,0,1,0.0,37.0,query_device,2026-07-27 13:02:05
104371,2026-07-27,2025-08-01,tiktok廣告代理商,,MOBILE,,0,1,0.0,15.0,query_device,2026-07-27 13:02:05
104372,2026-07-27,2025-08-01,tiktok是如何推广的,,DESKTOP,,0,5,0.0,74.0,query_device,2026-07-27 13:02:05
104373,2026-07-27,2025-08-01,tiktok的营销,,DESKTOP,,0,6,0.0,66.16666666666667,query_device,2026-07-27 13:02:05
104374,2026-07-27,2025-08-01,tiktok营销,,DESKTOP,,0,1,0.0,33.0,query_device,2026-07-27 13:02:05
104375,2026-07-27,2025-08-01,tiktok视频如何投广告,,DESKTOP,,0,18,0.0,62.22222222222222,query_device,2026-07-27 13:02:05
104376,2026-07-27,2025-08-01,tk达人广告,,DESKTOP,,0,1,0.0,78.0,query_device,2026-07-27 13:02:05
104377,2026-07-27,2025-08-01,topbuzz babe,,MOBILE,,0,3,0.0,38.666666666666664,query_device,2026-07-27 13:02:05
104378,2026-07-27,2025-08-01,traffic from social media,,DESKTOP,,0,1,0.0,96.0,query_device,2026-07-27 13:02:05
104379,2026-07-27,2025-08-01,troas google ads,,DESKTOP,,0,1,0.0,56.0,query_device,2026-07-27 13:02:05
104380,2026-07-27,2025-08-01,troas google ads,,MOBILE,,0,1,0.0,59.0,query_device,2026-07-27 13:02:05
104381,2026-07-27,2025-08-01,troas是什么,,DESKTOP,,0,1,0.0,17.0,query_device,2026-07-27 13:02:05
104382,2026-07-27,2025-08-01,twitter 4k,,DESKTOP,,0,3,0.0,32.33333333333333,query_device,2026-07-27 13:02:05
104383,2026-07-27,2025-08-01,twitter 4k,,MOBILE,,0,3,0.0,30.666666666666668,query_device,2026-07-27 13:02:05
104384,2026-07-27,2025-08-01,twitter 4k android,,DESKTOP,,0,3,0.0,2.0,query_device,2026-07-27 13:02:05
104385,2026-07-27,2025-08-01,twitter 4k android,,MOBILE,,0,6,0.0,4.333333333333334,query_device,2026-07-27 13:02:05
104386,2026-07-27,2025-08-01,twitter 解像度,,DESKTOP,,0,1,0.0,16.0,query_device,2026-07-27 13:02:05
104387,2026-07-27,2025-08-01,twitter4k,,MOBILE,,0,1,0.0,10.0,query_device,2026-07-27 13:02:05
104388,2026-07-27,2025-08-01,twitter如何设置视频清晰度,,DESKTOP,,0,1,0.0,50.0,query_device,2026-07-27 13:02:05
104389,2026-07-27,2025-08-01,twitter如何设置视频清晰度,,MOBILE,,0,1,0.0,17.0,query_device,2026-07-27 13:02:05
104390,2026-07-27,2025-08-01,twitter怎么推广,,DESKTOP,,0,23,0.0,85.73913043478261,query_device,2026-07-27 13:02:05
104391,2026-07-27,2025-08-01,twitter推广,,DESKTOP,,0,2,0.0,43.0,query_device,2026-07-27 13:02:05
104392,2026-07-27,2025-08-01,twitter用户内容营销挑战,,DESKTOP,,0,5,0.0,77.4,query_device,2026-07-27 13:02:05
104393,2026-07-27,2025-08-01,twitter营销,,DESKTOP,,0,1,0.0,61.0,query_device,2026-07-27 13:02:05
104394,2026-07-27,2025-08-01,types of plots statistics,,DESKTOP,,0,1,0.0,98.0,query_device,2026-07-27 13:02:05
104395,2026-07-27,2025-08-01,what are bar graphs used for,,DESKTOP,,0,1,0.0,50.0,query_device,2026-07-27 13:02:05
104396,2026-07-27,2025-08-01,what does sam stand for in business,,DESKTOP,,0,1,0.0,4.0,query_device,2026-07-27 13:02:05
104397,2026-07-27,2025-08-01,what is a facebook business manager,,DESKTOP,,0,1,0.0,93.0,query_device,2026-07-27 13:02:05
104398,2026-07-27,2025-08-01,what is google tag manager,,DESKTOP,,0,2,0.0,96.0,query_device,2026-07-27 13:02:05
104399,2026-07-27,2025-08-01,what is marketing qualified lead,,DESKTOP,,0,1,0.0,59.0,query_device,2026-07-27 13:02:05
104400,2026-07-27,2025-08-01,whatsapp会被监控吗,,DESKTOP,,0,1,0.0,95.0,query_device,2026-07-27 13:02:05
104401,2026-07-27,2025-08-01,why is business plan important,,DESKTOP,,0,1,0.0,85.0,query_device,2026-07-27 13:02:05
104402,2026-07-27,2025-08-01,wilkinson dot plot,,DESKTOP,,0,2,0.0,90.5,query_device,2026-07-27 13:02:05
104403,2026-07-27,2025-08-01,wordpress google优化得分,,DESKTOP,,0,31,0.0,65.3225806451613,query_device,2026-07-27 13:02:05
104404,2026-07-27,2025-08-01,wrap text google sheets mobile,,DESKTOP,,0,1,0.0,36.0,query_device,2026-07-27 13:02:05
104405,2026-07-27,2025-08-01,x 4k android,,DESKTOP,,0,1,0.0,9.0,query_device,2026-07-27 13:02:05
104406,2026-07-27,2025-08-01,x android 4k,,MOBILE,,0,1,0.0,9.0,query_device,2026-07-27 13:02:05
104407,2026-07-27,2025-08-01,x android 4k,,TABLET,,0,1,0.0,8.0,query_device,2026-07-27 13:02:05
104408,2026-07-27,2025-08-01,yahoo mail oath,,DESKTOP,,0,1,0.0,58.0,query_device,2026-07-27 13:02:05
104409,2026-07-27,2025-08-01,youtube google ads,,DESKTOP,,0,1,0.0,50.0,query_device,2026-07-27 13:02:05
104410,2026-07-27,2025-08-01,youtube lead form,,DESKTOP,,0,3,0.0,86.0,query_device,2026-07-27 13:02:05
104411,2026-07-27,2025-08-01,youtube lead form ads,,DESKTOP,,0,2,0.0,36.5,query_device,2026-07-27 13:02:05
104412,2026-07-27,2025-08-01,youtube 代理,,DESKTOP,,0,1,0.0,37.0,query_device,2026-07-27 13:02:05
104413,2026-07-27,2025-08-01,youtube 广告,,DESKTOP,,0,2,0.0,89.0,query_device,2026-07-27 13:02:05
104414,2026-07-27,2025-08-01,youtube 廣告,,DESKTOP,,0,1,0.0,98.0,query_device,2026-07-27 13:02:05
104415,2026-07-27,2025-08-01,youtube付费推广,,DESKTOP,,0,9,0.0,31.77777777777778,query_device,2026-07-27 13:02:05
104416,2026-07-27,2025-08-01,youtube付费推广,,MOBILE,,0,5,0.0,30.2,query_device,2026-07-27 13:02:05
104417,2026-07-27,2025-08-01,youtube广告,,DESKTOP,,0,3,0.0,94.33333333333333,query_device,2026-07-27 13:02:05
104418,2026-07-27,2025-08-01,youtube广告,,MOBILE,,0,1,0.0,100.0,query_device,2026-07-27 13:02:05
104419,2026-07-27,2025-08-01,youtube广告设置,,DESKTOP,,0,3,0.0,83.33333333333333,query_device,2026-07-27 13:02:05
104420,2026-07-27,2025-08-01,youtube广告设置,,MOBILE,,0,5,0.0,86.6,query_device,2026-07-27 13:02:05
104421,2026-07-27,2025-08-01,youtube搜索为什么往下拉会看到无关内容,,DESKTOP,,0,2,0.0,21.5,query_device,2026-07-27 13:02:05
104422,2026-07-27,2025-08-01,エクセル 3 軸 グラフ,,DESKTOP,,0,8,0.0,80.125,query_device,2026-07-27 13:02:05
104423,2026-07-27,2025-08-01,エクセル 3軸,,DESKTOP,,0,2,0.0,69.5,query_device,2026-07-27 13:02:05
104424,2026-07-27,2025-08-01,エクセル 3軸,,MOBILE,,0,1,0.0,67.0,query_device,2026-07-27 13:02:05
104425,2026-07-27,2025-08-01,エクセル 3軸 グラフ,,DESKTOP,,0,9,0.0,79.66666666666667,query_device,2026-07-27 13:02:05
104426,2026-07-27,2025-08-01,エクセル 3軸 グラフ,,MOBILE,,0,6,0.0,79.0,query_device,2026-07-27 13:02:05
104427,2026-07-27,2025-08-01,エクセル グラフ 3 軸,,DESKTOP,,0,10,0.0,74.3,query_device,2026-07-27 13:02:05
104428,2026-07-27,2025-08-01,エクセル グラフ 3軸,,DESKTOP,,0,14,0.0,76.35714285714286,query_device,2026-07-27 13:02:05
104429,2026-07-27,2025-08-01,エクセル グラフ 3軸,,MOBILE,,0,9,0.0,72.88888888888889,query_device,2026-07-27 13:02:05
104430,2026-07-27,2025-08-01,エクセル 三軸グラフ,,DESKTOP,,0,1,0.0,67.0,query_device,2026-07-27 13:02:05
104431,2026-07-27,2025-08-01,ツイッター 4k,,DESKTOP,,0,3,0.0,75.66666666666667,query_device,2026-07-27 13:02:05
104432,2026-07-27,2025-08-01,ツイッター4k,,DESKTOP,,0,1,0.0,76.0,query_device,2026-07-27 13:02:05
104433,2026-07-27,2025-08-01,一位营销者在跟踪他的广告系列所带来的收入。他想看到他的每月广告支出的具体投资回报率。 哪种自动出价策略能满足他的需要？,,DESKTOP,,0,2,0.0,6.0,query_device,2026-07-27 13:02:05
104434,2026-07-27,2025-08-01,三軸グラフ,,DESKTOP,,0,1,0.0,83.0,query_device,2026-07-27 13:02:05
104435,2026-07-27,2025-08-01,为了利用广泛匹配扩大覆盖面，您可以遵循哪三项最佳实践？,,DESKTOP,,0,1,0.0,43.0,query_device,2026-07-27 13:02:05
104436,2026-07-27,2025-08-01,为了利用广泛匹配扩大覆盖面，您可以遵循哪三项最佳实践？,,MOBILE,,0,1,0.0,64.0,query_device,2026-07-27 13:02:05
104437,2026-07-27,2025-08-01,为了更好的观察一周气温的变化情况，应该选择绘制什么统计图？,,DESKTOP,,0,3,0.0,17.0,query_device,2026-07-27 13:02:05
104438,2026-07-27,2025-08-01,为什么亮黄色能吸引消费者注意 是什么原理,,DESKTOP,,0,9,0.0,13.444444444444445,query_device,2026-07-27 13:02:05
104439,2026-07-27,2025-08-01,为什么领英注册不了,,DESKTOP,,0,2,0.0,14.5,query_device,2026-07-27 13:02:05
104440,2026-07-27,2025-08-01,互联网销售企业如何衡量客户满意度,,DESKTOP,,0,1,0.0,91.0,query_device,2026-07-27 13:02:05
104441,2026-07-27,2025-08-01,五分量表,,DESKTOP,,0,1,0.0,59.0,query_device,2026-07-27 13:02:05
104442,2026-07-27,2025-08-01,五點量表範例word,,DESKTOP,,0,1,0.0,30.0,query_device,2026-07-27 13:02:05
104443,2026-07-27,2025-08-01,什么是独立站,,MOBILE,,0,1,0.0,11.0,query_device,2026-07-27 13:02:05
104444,2026-07-27,2025-08-01,付费搜索广告,,DESKTOP,,0,4,0.0,55.0,query_device,2026-07-27 13:02:05
104445,2026-07-27,2025-08-01,促进销售,,DESKTOP,,0,1,0.0,86.0,query_device,2026-07-27 13:02:05
104446,2026-07-27,2025-08-01,信用卡谷歌广告,,DESKTOP,,0,23,0.0,82.73913043478261,query_device,2026-07-27 13:02:05
104447,2026-07-27,2025-08-01,关键词布局,,DESKTOP,,0,1,0.0,33.0,query_device,2026-07-27 13:02:05
104448,2026-07-27,2025-08-01,关键词广告,,DESKTOP,,0,36,0.0,83.27777777777777,query_device,2026-07-27 13:02:05
104449,2026-07-27,2025-08-01,关键词广告,,MOBILE,,0,25,0.0,87.0,query_device,2026-07-27 13:02:05
104450,2026-07-27,2025-08-01,关键词搜索量查询,,DESKTOP,,0,21,0.0,74.14285714285714,query_device,2026-07-27 13:02:05
104451,2026-07-27,2025-08-01,关键词搜索量查询,,MOBILE,,0,17,0.0,76.58823529411765,query_device,2026-07-27 13:02:05
104452,2026-07-27,2025-08-01,关键词规划,,DESKTOP,,0,1,0.0,37.0,query_device,2026-07-27 13:02:05
104453,2026-07-27,2025-08-01,关键词规划大师,,DESKTOP,,0,2,0.0,59.5,query_device,2026-07-27 13:02:05
104454,2026-07-27,2025-08-01,关键词规划大师,,MOBILE,,0,1,0.0,73.0,query_device,2026-07-27 13:02:05
104455,2026-07-27,2025-08-01,关键词规划师,,DESKTOP,,0,97,0.0,41.63917525773196,query_device,2026-07-27 13:02:05
104456,2026-07-27,2025-08-01,关键词规划师,,MOBILE,,0,73,0.0,43.97260273972603,query_device,2026-07-27 13:02:05
104457,2026-07-27,2025-08-01,再营销,,DESKTOP,,0,4,0.0,63.75,query_device,2026-07-27 13:02:05
104458,2026-07-27,2025-08-01,再营销,,MOBILE,,0,3,0.0,59.666666666666664,query_device,2026-07-27 13:02:05
104459,2026-07-27,2025-08-01,再营销广告,,DESKTOP,,0,5,0.0,58.4,query_device,2026-07-27 13:02:05
104460,2026-07-27,2025-08-01,再营销广告,,MOBILE,,0,7,0.0,71.57142857142857,query_device,2026-07-27 13:02:05
104461,2026-07-27,2025-08-01,出海 google seo,,DESKTOP,,0,16,0.0,73.625,query_device,2026-07-27 13:02:05
104462,2026-07-27,2025-08-01,出海 google 广告,,DESKTOP,,0,18,0.0,82.0,query_device,2026-07-27 13:02:05
104463,2026-07-27,2025-08-01,出海谷歌广告,,DESKTOP,,0,7,0.0,93.28571428571429,query_device,2026-07-27 13:02:05
104464,2026-07-27,2025-08-01,动态 搜索 广告,,DESKTOP,,0,25,0.0,36.64,query_device,2026-07-27 13:02:05
104465,2026-07-27,2025-08-01,动态搜索广告,,DESKTOP,,0,15,0.0,72.86666666666666,query_device,2026-07-27 13:02:05
104466,2026-07-27,2025-08-01,动态搜索广告,,MOBILE,,0,5,0.0,79.4,query_device,2026-07-27 13:02:05
104467,2026-07-27,2025-08-01,助和联属营销等方式获利。,,DESKTOP,,0,23,0.0,86.1304347826087,query_device,2026-07-27 13:02:05
104468,2026-07-27,2025-08-01,動態搜尋廣告,,DESKTOP,,0,3,0.0,37.333333333333336,query_device,2026-07-27 13:02:05
104469,2026-07-27,2025-08-01,動態搜尋廣告,,MOBILE,,0,2,0.0,36.5,query_device,2026-07-27 13:02:05
104470,2026-07-27,2025-08-01,即時競價/實時競價,,DESKTOP,,0,1,0.0,96.0,query_device,2026-07-27 13:02:05
104471,2026-07-27,2025-08-01,受众定位,,DESKTOP,,0,5,0.0,75.0,query_device,2026-07-27 13:02:05
104472,2026-07-27,2025-08-01,受众定位,,MOBILE,,0,3,0.0,70.66666666666667,query_device,2026-07-27 13:02:05
104473,2026-07-27,2025-08-01,启用自动调整功能来自动优化广告系列表现,,DESKTOP,,0,52,0.0,57.44230769230769,query_device,2026-07-27 13:02:05
104474,2026-07-27,2025-08-01,品質分數,,DESKTOP,,0,4,0.0,84.75,query_device,2026-07-27 13:02:05
104475,2026-07-27,2025-08-01,哪三个因素会影响搜索广告在竞价时的广告质量？,,DESKTOP,,0,6,0.0,7.0,query_device,2026-07-27 13:02:05
104476,2026-07-27,2025-08-01,回應式搜尋廣告,,DESKTOP,,0,1,0.0,95.0,query_device,2026-07-27 13:02:05
104477,2026-07-27,2025-08-01,国外社媒,,DESKTOP,,0,6,0.0,51.5,query_device,2026-07-27 13:02:05
104478,2026-07-27,2025-08-01,在不包含发布商内容的屏幕上展示 google 投放的广告,,DESKTOP,,0,2,0.0,86.0,query_device,2026-07-27 13:02:05
104479,2026-07-27,2025-08-01,在不包含发布商内容的屏幕上展示 google 投放的广告,,MOBILE,,0,1,0.0,86.0,query_device,2026-07-27 13:02:05
104480,2026-07-27,2025-08-01,在创建 google 展示广告系列时，广告客户可以从两种主要的广告格式中进行选择：自适应展示广告和上传的图片广告。 上传的图片广告的主要优势是什么？,,DESKTOP,,0,3,0.0,8.666666666666668,query_device,2026-07-27 13:02:05
104481,2026-07-27,2025-08-01,在媒体规划阶段，覆盖面规划师能提供哪些帮助？,,DESKTOP,,0,1,0.0,9.0,query_device,2026-07-27 13:02:05
104482,2026-07-27,2025-08-01,在效果规划工具中，为什么应将具有不同营销目标的广告系列分别纳入不同的方案中？,,DESKTOP,,0,2,0.0,6.0,query_device,2026-07-27 13:02:05
104483,2026-07-27,2025-08-01,增加銷售的方法,,DESKTOP,,0,1,0.0,47.0,query_device,2026-07-27 13:02:05
104484,2026-07-27,2025-08-01,外贸 seo,,DESKTOP,,0,3,0.0,51.666666666666664,query_device,2026-07-27 13:02:05
104485,2026-07-27,2025-08-01,外贸独立站,,DESKTOP,,0,3,0.0,94.33333333333333,query_device,2026-07-27 13:02:05
104486,2026-07-27,2025-08-01,外贸独立站,,MOBILE,,0,1,0.0,99.0,query_device,2026-07-27 13:02:05
104487,2026-07-27,2025-08-01,外贸网站优化,,DESKTOP,,0,1,0.0,28.0,query_device,2026-07-27 13:02:05
104488,2026-07-27,2025-08-01,外链发布,,DESKTOP,,0,1,0.0,28.0,query_device,2026-07-27 13:02:05
104489,2026-07-27,2025-08-01,如何做外链,,MOBILE,,0,1,0.0,99.0,query_device,2026-07-27 13:02:05
104490,2026-07-27,2025-08-01,如何制定整合营销策略？,,DESKTOP,,0,2,0.0,24.5,query_device,2026-07-27 13:02:05
104491,2026-07-27,2025-08-01,如何增加流量,,DESKTOP,,0,1,0.0,28.0,query_device,2026-07-27 13:02:05
104492,2026-07-27,2025-08-01,如何提高销售额,,DESKTOP,,0,5,0.0,43.8,query_device,2026-07-27 13:02:05
104493,2026-07-27,2025-08-01,如何提高销售额,,MOBILE,,0,5,0.0,44.4,query_device,2026-07-27 13:02:05
104494,2026-07-27,2025-08-01,如何测量相关词条的搜索数量,,DESKTOP,,0,2,0.0,93.0,query_device,2026-07-27 13:02:05
104495,2026-07-27,2025-08-01,安索夫矩阵,,DESKTOP,,0,3,0.0,70.33333333333333,query_device,2026-07-27 13:02:05
104496,2026-07-27,2025-08-01,安索夫矩阵市场开发定义,,DESKTOP,,0,1,0.0,27.0,query_device,2026-07-27 13:02:05
104497,2026-07-27,2025-08-01,安索夫矩陣範例,,DESKTOP,,0,3,0.0,42.666666666666664,query_device,2026-07-27 13:02:05
104498,2026-07-27,2025-08-01,实施智能出价和广泛匹配后，您应遵循哪三种广告系列最佳实践？,,DESKTOP,,0,1,0.0,10.0,query_device,2026-07-27 13:02:05
104499,2026-07-27,2025-08-01,富媒体搜索结果测试,,DESKTOP,,0,1,0.0,96.0,query_device,2026-07-27 13:02:05
104500,2026-07-27,2025-08-01,富媒体搜索结果测试,,MOBILE,,0,1,0.0,98.0,query_device,2026-07-27 13:02:05
104501,2026-07-27,2025-08-01,富媒体测试,,DESKTOP,,0,1,0.0,68.0,query_device,2026-07-27 13:02:05
104502,2026-07-27,2025-08-01,富媒體,,DESKTOP,,0,1,0.0,88.0,query_device,2026-07-27 13:02:05
104503,2026-07-27,2025-08-01,富媒體,,MOBILE,,0,2,0.0,90.0,query_device,2026-07-27 13:02:05
104504,2026-07-27,2025-08-01,富媒體廣告,,DESKTOP,,0,10,0.0,31.3,query_device,2026-07-27 13:02:05
104505,2026-07-27,2025-08-01,对于 google 展示广告网络上提供的广告格式，哪种会自动调整显示方式以充分利用页面上的可用空间？,,DESKTOP,,0,3,0.0,7.666666666666667,query_device,2026-07-27 13:02:05
104506,2026-07-27,2025-08-01,对于此搜索而言，您广告的广告评级较低。,,DESKTOP,,0,3,0.0,11.0,query_device,2026-07-27 13:02:05
104507,2026-07-27,2025-08-01,展示广告,,DESKTOP,,0,38,0.0,80.57894736842105,query_device,2026-07-27 13:02:05
104508,2026-07-27,2025-08-01,展示广告,,MOBILE,,0,4,0.0,84.5,query_device,2026-07-27 13:02:05
104509,2026-07-27,2025-08-01,帕累托法则,,DESKTOP,,0,3,0.0,59.666666666666664,query_device,2026-07-27 13:02:05
104510,2026-07-27,2025-08-01,帕累托法则,,MOBILE,,0,3,0.0,49.0,query_device,2026-07-27 13:02:05
104511,2026-07-27,2025-08-01,帕累托法則,,DESKTOP,,0,5,0.0,56.2,query_device,2026-07-27 13:02:05
104512,2026-07-27,2025-08-01,常用的搜索引擎都有哪些类型，他们的优缺点是什么,,DESKTOP,,0,3,0.0,25.666666666666668,query_device,2026-07-27 13:02:05
104513,2026-07-27,2025-08-01,广告 代理,,MOBILE,,0,2,0.0,70.0,query_device,2026-07-27 13:02:05
104514,2026-07-27,2025-08-01,广告cpm是什么,,DESKTOP,,0,1,0.0,50.0,query_device,2026-07-27 13:02:05
104515,2026-07-27,2025-08-01,广告cpm是什么,,MOBILE,,0,1,0.0,53.0,query_device,2026-07-27 13:02:05
104516,2026-07-27,2025-08-01,广告定位,,DESKTOP,,0,3,0.0,79.33333333333333,query_device,2026-07-27 13:02:05
104517,2026-07-27,2025-08-01,广告定位,,MOBILE,,0,5,0.0,78.2,query_device,2026-07-27 13:02:05
104518,2026-07-27,2025-08-01,广告归因,,DESKTOP,,0,1,0.0,1.0,query_device,2026-07-27 13:02:05
104519,2026-07-27,2025-08-01,广告色彩的选择,,DESKTOP,,0,32,0.0,37.46875,query_device,2026-07-27 13:02:05
104520,2026-07-27,2025-08-01,广告色彩色彩的心理感觉,,DESKTOP,,0,33,0.0,26.78787878787879,query_device,2026-07-27 13:02:05
104521,2026-07-27,2025-08-01,广告转化率怎么算,,DESKTOP,,0,1,0.0,42.0,query_device,2026-07-27 13:02:05
104522,2026-07-27,2025-08-01,廣告格式,,MOBILE,,0,1,0.0,97.0,query_device,2026-07-27 13:02:05
104523,2026-07-27,2025-08-01,廣告點擊率,,DESKTOP,,0,8,0.0,79.125,query_device,2026-07-27 13:02:05
104524,2026-07-27,2025-08-01,廣告點擊率,,MOBILE,,0,4,0.0,70.0,query_device,2026-07-27 13:02:05
104525,2026-07-27,2025-08-01,弹出式广告的优点和缺点,,DESKTOP,,0,25,0.0,67.48,query_device,2026-07-27 13:02:05
104526,2026-07-27,2025-08-01,归因模型,,DESKTOP,,0,1,0.0,70.0,query_device,2026-07-27 13:02:05
104527,2026-07-27,2025-08-01,微软广告,,MOBILE,,0,1,0.0,51.0,query_device,2026-07-27 13:02:05
104528,2026-07-27,2025-08-01,必应广告,,DESKTOP,,0,12,0.0,47.666666666666664,query_device,2026-07-27 13:02:05
104529,2026-07-27,2025-08-01,必应广告,,MOBILE,,0,8,0.0,46.625,query_device,2026-07-27 13:02:05
104530,2026-07-27,2025-08-01,必应搜索营销,,DESKTOP,,0,9,0.0,85.22222222222223,query_device,2026-07-27 13:02:05
104531,2026-07-27,2025-08-01,怀旧广告,,DESKTOP,,0,2,0.0,71.0,query_device,2026-07-27 13:02:05
104532,2026-07-27,2025-08-01,怀旧广告,,MOBILE,,0,2,0.0,67.0,query_device,2026-07-27 13:02:05
104533,2026-07-27,2025-08-01,怎么提高pinterest搜索的准确率,,DESKTOP,,0,1,0.0,96.0,query_device,2026-07-27 13:02:05
104534,2026-07-27,2025-08-01,怎么样组关键词更有吸引力,,DESKTOP,,0,25,0.0,60.08,query_device,2026-07-27 13:02:05
104535,2026-07-27,2025-08-01,您在制作 google 视频广告系列，目标是提高用户对您的品牌的钟意度。 使用视频广告依序展示解决方案的好处是什么？,,DESKTOP,,0,1,0.0,10.0,query_device,2026-07-27 13:02:05
104536,2026-07-27,2025-08-01,您应该如何评估行动号召视频广告系列的效果，进而促成更多转化？,,DESKTOP,,0,2,0.0,7.0,query_device,2026-07-27 13:02:05
104537,2026-07-27,2025-08-01,扩展,,DESKTOP,,0,2,0.0,88.5,query_device,2026-07-27 13:02:05
104538,2026-07-27,2025-08-01,抖音开户,,DESKTOP,,0,1,0.0,31.0,query_device,2026-07-27 13:02:05
104539,2026-07-27,2025-08-01,拉动式营销策略具体有哪些,,DESKTOP,,0,4,0.0,2.75,query_device,2026-07-27 13:02:05
104540,2026-07-27,2025-08-01,按点击付费,,DESKTOP,,0,2,0.0,99.0,query_device,2026-07-27 13:02:05
104541,2026-07-27,2025-08-01,探索式資料分析,,DESKTOP,,0,6,0.0,69.66666666666667,query_device,2026-07-27 13:02:05
104542,2026-07-27,2025-08-01,探索式資料分析,,MOBILE,,0,4,0.0,69.25,query_device,2026-07-27 13:02:05
104543,2026-07-27,2025-08-01,探索性分析,,DESKTOP,,0,1,0.0,48.0,query_device,2026-07-27 13:02:05
104544,2026-07-27,2025-08-01,探索性分析,,MOBILE,,0,1,0.0,51.0,query_device,2026-07-27 13:02:05
104545,2026-07-27,2025-08-01,探索性数据分析,,DESKTOP,,0,1,0.0,37.0,query_device,2026-07-27 13:02:05
104546,2026-07-27,2025-08-01,推文转发策略,,DESKTOP,,0,2,0.0,47.5,query_device,2026-07-27 13:02:05
104547,2026-07-27,2025-08-01,推特 4k,,MOBILE,,0,1,0.0,12.0,query_device,2026-07-27 13:02:05
104548,2026-07-27,2025-08-01,推特 列表,,DESKTOP,,0,3,0.0,11.666666666666666,query_device,2026-07-27 13:02:05
104549,2026-07-27,2025-08-01,推特 列表,,MOBILE,,0,2,0.0,10.0,query_device,2026-07-27 13:02:05
104550,2026-07-27,2025-08-01,推特4k,,DESKTOP,,0,1,0.0,9.0,query_device,2026-07-27 13:02:05
104551,2026-07-27,2025-08-01,推特4k,,MOBILE,,0,5,0.0,11.2,query_device,2026-07-27 13:02:05
104552,2026-07-27,2025-08-01,推特列表,,MOBILE,,0,2,0.0,6.0,query_device,2026-07-27 13:02:05
104553,2026-07-27,2025-08-01,推特推广,,DESKTOP,,0,1,0.0,63.0,query_device,2026-07-27 13:02:05
104554,2026-07-27,2025-08-01,推特推广,,MOBILE,,0,1,0.0,77.0,query_device,2026-07-27 13:02:05
104555,2026-07-27,2025-08-01,推特推广方案,,DESKTOP,,0,9,0.0,82.22222222222223,query_device,2026-07-27 13:02:05
104556,2026-07-27,2025-08-01,推特推广是什么,,DESKTOP,,0,4,0.0,94.75,query_device,2026-07-27 13:02:05
104557,2026-07-27,2025-08-01,推特搜图,,DESKTOP,,0,1,0.0,100.0,query_device,2026-07-27 13:02:05
104558,2026-07-27,2025-08-01,推特营销,,DESKTOP,,0,1,0.0,50.0,query_device,2026-07-27 13:02:05
104559,2026-07-27,2025-08-01,提高 ppc 性能,,DESKTOP,,0,91,0.0,6.538461538461538,query_device,2026-07-27 13:02:05
104560,2026-07-27,2025-08-01,提高 ppc 性能,,MOBILE,,0,40,0.0,9.45,query_device,2026-07-27 13:02:05
104561,2026-07-27,2025-08-01,提高销售,,DESKTOP,,0,1,0.0,90.0,query_device,2026-07-27 13:02:05
104562,2026-07-27,2025-08-01,搜索 引擎 营销,,DESKTOP,,0,17,0.0,80.11764705882354,query_device,2026-07-27 13:02:05
104563,2026-07-27,2025-08-01,搜索引擎优化seo和谷歌付费广告ppc,,DESKTOP,,0,26,0.0,27.5,query_device,2026-07-27 13:02:05
104564,2026-07-27,2025-08-01,搜索引擎优化活动如何与其他营销活动（例如电视广告、社交媒体营销或客户忠诚度计划）相结合？,,DESKTOP,,0,7,0.0,74.28571428571429,query_device,2026-07-27 13:02:05
104565,2026-07-27,2025-08-01,搜索引擎营销,,DESKTOP,,0,19,0.0,79.21052631578948,query_device,2026-07-27 13:02:05
104566,2026-07-27,2025-08-01,搜索引擎营销,,MOBILE,,0,20,0.0,77.35,query_device,2026-07-27 13:02:05
104567,2026-07-27,2025-08-01,效果最大化广告,,DESKTOP,,0,3,0.0,50.0,query_device,2026-07-27 13:02:05
104568,2026-07-27,2025-08-01,散 点 图,,DESKTOP,,0,3,0.0,85.33333333333333,query_device,2026-07-27 13:02:05
104569,2026-07-27,2025-08-01,数字化营销,,DESKTOP,,0,28,0.0,87.89285714285714,query_device,2026-07-27 13:02:05
104570,2026-07-27,2025-08-01,数字化营销,,MOBILE,,0,3,0.0,90.66666666666667,query_device,2026-07-27 13:02:05
104571,2026-07-27,2025-08-01,数字营销策略,,DESKTOP,,0,3,0.0,80.0,query_device,2026-07-27 13:02:05
104572,2026-07-27,2025-08-01,数据可视化最佳实践,,DESKTOP,,0,1,0.0,18.0,query_device,2026-07-27 13:02:05
104573,2026-07-27,2025-08-01,数据驱动营销,,DESKTOP,,0,1,0.0,89.0,query_device,2026-07-27 13:02:05
104574,2026-07-27,2025-08-01,整合营销,,DESKTOP,,0,4,0.0,21.5,query_device,2026-07-27 13:02:05
104575,2026-07-27,2025-08-01,數字營銷,,DESKTOP,,0,6,0.0,93.0,query_device,2026-07-27 13:02:05
104576,2026-07-27,2025-08-01,數字營銷,,MOBILE,,0,25,0.0,95.44,query_device,2026-07-27 13:02:05
104577,2026-07-27,2025-08-01,斜率的定义？怎样教学比较好？,,DESKTOP,,0,6,0.0,24.166666666666668,query_device,2026-07-27 13:02:05
104578,2026-07-27,2025-08-01,旭日图,,DESKTOP,,0,1,0.0,55.0,query_device,2026-07-27 13:02:05
104579,2026-07-27,2025-08-01,旭日圖,,DESKTOP,,0,2,0.0,44.0,query_device,2026-07-27 13:02:05
104580,2026-07-27,2025-08-01,易詞雲-詞雲生成器,,MOBILE,,0,8,0.0,48.25,query_device,2026-07-27 13:02:05
104581,2026-07-27,2025-08-01,智能购物广告,,DESKTOP,,0,32,0.0,47.6875,query_device,2026-07-27 13:02:05
104582,2026-07-27,2025-08-01,智能购物广告,,MOBILE,,0,3,0.0,51.333333333333336,query_device,2026-07-27 13:02:05
104583,2026-07-27,2025-08-01,最佳加密货币信号,,DESKTOP,,0,1,0.0,79.0,query_device,2026-07-27 13:02:05
104584,2026-07-27,2025-08-01,最佳加密货币信号,,MOBILE,,0,49,0.0,86.22448979591837,query_device,2026-07-27 13:02:05
104585,2026-07-27,2025-08-01,李克特五级量表,,DESKTOP,,0,2,0.0,16.0,query_device,2026-07-27 13:02:05
104586,2026-07-27,2025-08-01,李克特五點量表範例,,DESKTOP,,0,1,0.0,32.0,query_device,2026-07-27 13:02:05
104587,2026-07-27,2025-08-01,李克特式,,DESKTOP,,0,1,0.0,36.0,query_device,2026-07-27 13:02:05
104588,2026-07-27,2025-08-01,李克特量表,,DESKTOP,,0,27,0.0,36.51851851851852,query_device,2026-07-27 13:02:05
104589,2026-07-27,2025-08-01,李克特量表excel,,DESKTOP,,0,2,0.0,5.0,query_device,2026-07-27 13:02:05
104590,2026-07-27,2025-08-01,李克特量表excel,,MOBILE,,0,1,0.0,11.0,query_device,2026-07-27 13:02:05
104591,2026-07-27,2025-08-01,李克特量表分析方法,,DESKTOP,,0,1,0.0,14.0,query_device,2026-07-27 13:02:05
104592,2026-07-27,2025-08-01,李克特量表分析方法,,MOBILE,,0,1,0.0,16.0,query_device,2026-07-27 13:02:05
104593,2026-07-27,2025-08-01,查pinterest 平台浏览,,DESKTOP,,0,20,0.0,84.6,query_device,2026-07-27 13:02:05
104594,2026-07-27,2025-08-01,桑基图,,DESKTOP,,0,3,0.0,86.66666666666667,query_device,2026-07-27 13:02:05
104595,2026-07-27,2025-08-01,桑基图,,MOBILE,,0,1,0.0,79.0,query_device,2026-07-27 13:02:05
104596,2026-07-27,2025-08-01,桑基图excel,,MOBILE,,0,4,0.0,8.75,query_device,2026-07-27 13:02:05
104597,2026-07-27,2025-08-01,桑基图制作,,DESKTOP,,0,1,0.0,95.0,query_device,2026-07-27 13:02:05
104598,2026-07-27,2025-08-01,桑基圖excel,,DESKTOP,,0,6,0.0,8.0,query_device,2026-07-27 13:02:05
104599,2026-07-27,2025-08-01,桑基圖excel,,MOBILE,,0,3,0.0,10.333333333333334,query_device,2026-07-27 13:02:05
104600,2026-07-27,2025-08-01,桑基圖excel,,TABLET,,0,1,0.0,4.0,query_device,2026-07-27 13:02:05
104601,2026-07-27,2025-08-01,橡树学院,,MOBILE,,0,2,0.0,10.0,query_device,2026-07-27 13:02:05
104602,2026-07-27,2025-08-01,比較圖excel,,DESKTOP,,0,1,0.0,8.0,query_device,2026-07-27 13:02:05
104603,2026-07-27,2025-08-01,比較圖表,,DESKTOP,,0,4,0.0,62.75,query_device,2026-07-27 13:02:05
104604,2026-07-27,2025-08-01,比較圖表,,MOBILE,,0,2,0.0,60.5,query_device,2026-07-27 13:02:05
104605,2026-07-27,2025-08-01,比較圖製作,,DESKTOP,,0,8,0.0,25.625,query_device,2026-07-27 13:02:05
104606,2026-07-27,2025-08-01,比較圖製作,,MOBILE,,0,5,0.0,25.8,query_device,2026-07-27 13:02:05
104607,2026-07-27,2025-08-01,比較表格製作,,DESKTOP,,0,1,0.0,35.0,query_device,2026-07-27 13:02:05
104608,2026-07-27,2025-08-01,江苏未迟数字技术有限公司,,MOBILE,,0,5,0.0,2.8,query_device,2026-07-27 13:02:05
104609,2026-07-27,2025-08-01,海外广告平台,,DESKTOP,,0,2,0.0,10.0,query_device,2026-07-27 13:02:05
104610,2026-07-27,2025-08-01,海外广告平台,,MOBILE,,0,2,0.0,17.5,query_device,2026-07-27 13:02:05
104611,2026-07-27,2025-08-01,海外引流,,DESKTOP,,0,7,0.0,33.0,query_device,2026-07-27 13:02:05
104612,2026-07-27,2025-08-01,海外引流渠道,,DESKTOP,,0,2,0.0,24.5,query_device,2026-07-27 13:02:05
104613,2026-07-27,2025-08-01,海外推广平台,,DESKTOP,,0,1,0.0,97.0,query_device,2026-07-27 13:02:05
104614,2026-07-27,2025-08-01,海外数字营销,,DESKTOP,,0,7,0.0,22.428571428571427,query_device,2026-07-27 13:02:05
104615,2026-07-27,2025-08-01,海外整合营销,,DESKTOP,,0,1,0.0,37.0,query_device,2026-07-27 13:02:05
104616,2026-07-27,2025-08-01,海外社媒,,DESKTOP,,0,3,0.0,47.333333333333336,query_device,2026-07-27 13:02:05
104617,2026-07-27,2025-08-01,海外社媒,,MOBILE,,0,1,0.0,80.0,query_device,2026-07-27 13:02:05
104618,2026-07-27,2025-08-01,海外社媒有哪些,,DESKTOP,,0,4,0.0,59.75,query_device,2026-07-27 13:02:05
104619,2026-07-27,2025-08-01,海外社媒营销,,DESKTOP,,0,4,0.0,69.5,query_device,2026-07-27 13:02:05
104620,2026-07-27,2025-08-01,海外社媒运营,,MOBILE,,0,1,0.0,40.0,query_device,2026-07-27 13:02:05
104621,2026-07-27,2025-08-01,消费者市场细分,,DESKTOP,,0,1,0.0,92.0,query_device,2026-07-27 13:02:05
104622,2026-07-27,2025-08-01,消费者市场细分,,MOBILE,,0,1,0.0,92.0,query_device,2026-07-27 13:02:05
104623,2026-07-27,2025-08-01,漂亮的雷達圖,,DESKTOP,,0,6,0.0,57.833333333333336,query_device,2026-07-27 13:02:05
104624,2026-07-27,2025-08-01,漂亮的雷達圖,,MOBILE,,0,1,0.0,54.0,query_device,2026-07-27 13:02:05
104625,2026-07-27,2025-08-01,点击率,,DESKTOP,,0,2,0.0,49.0,query_device,2026-07-27 13:02:05
104626,2026-07-27,2025-08-01,点击率怎么算,,DESKTOP,,0,1,0.0,73.0,query_device,2026-07-27 13:02:05
104627,2026-07-27,2025-08-01,点击率怎么算,,MOBILE,,0,1,0.0,77.0,query_device,2026-07-27 13:02:05
104628,2026-07-27,2025-08-01,独立站,,DESKTOP,,0,1,0.0,69.0,query_device,2026-07-27 13:02:05
104629,2026-07-27,2025-08-01,独立站fb投放,,DESKTOP,,0,3,0.0,86.66666666666667,query_device,2026-07-27 13:02:05
104630,2026-07-27,2025-08-01,独立站外链,,DESKTOP,,0,2,0.0,18.0,query_device,2026-07-27 13:02:05
104631,2026-07-27,2025-08-01,獨立站,,DESKTOP,,0,1,0.0,47.0,query_device,2026-07-27 13:02:05
104632,2026-07-27,2025-08-01,用户关注转化率怎么计算？,,DESKTOP,,0,6,0.0,23.0,query_device,2026-07-27 13:02:05
104633,2026-07-27,2025-08-01,目標 cpa,,DESKTOP,,0,2,0.0,76.0,query_device,2026-07-27 13:02:05
104634,2026-07-27,2025-08-01,目標cpa,,DESKTOP,,0,2,0.0,76.5,query_device,2026-07-27 13:02:05
104635,2026-07-27,2025-08-01,矩阵图,,DESKTOP,,0,1,0.0,41.0,query_device,2026-07-27 13:02:05
104636,2026-07-27,2025-08-01,矩陣圖,,DESKTOP,,0,1,0.0,47.0,query_device,2026-07-27 13:02:05
104637,2026-07-27,2025-08-01,社交媒体内容创作技巧,,DESKTOP,,0,2,0.0,14.0,query_device,2026-07-27 13:02:05
104638,2026-07-27,2025-08-01,社交媒体运营,,DESKTOP,,0,3,0.0,76.33333333333333,query_device,2026-07-27 13:02:05
104639,2026-07-27,2025-08-01,社交媒体运营,,MOBILE,,0,1,0.0,79.0,query_device,2026-07-27 13:02:05
104640,2026-07-27,2025-08-01,社媒推广,,DESKTOP,,0,7,0.0,71.42857142857143,query_device,2026-07-27 13:02:05
104641,2026-07-27,2025-08-01,社媒运营,,DESKTOP,,0,1,0.0,59.0,query_device,2026-07-27 13:02:05
104642,2026-07-27,2025-08-01,竞价广告,,DESKTOP,,0,26,0.0,79.23076923076923,query_device,2026-07-27 13:02:05
104643,2026-07-27,2025-08-01,竞价广告,,MOBILE,,0,32,0.0,79.625,query_device,2026-07-27 13:02:05
104644,2026-07-27,2025-08-01,给客户展示衡量标准,,DESKTOP,,0,1,0.0,86.0,query_device,2026-07-27 13:02:05
104645,2026-07-27,2025-08-01,网站广告报价,,MOBILE,,0,1,0.0,93.0,query_device,2026-07-27 13:02:05
104646,2026-07-27,2025-08-01,网站推广公司,,DESKTOP,,0,2,0.0,57.0,query_device,2026-07-27 13:02:05
104647,2026-07-27,2025-08-01,网站推广公司,,MOBILE,,0,2,0.0,92.0,query_device,2026-07-27 13:02:05
104648,2026-07-27,2025-08-01,美国产品广告调色,,DESKTOP,,0,9,0.0,93.88888888888889,query_device,2026-07-27 13:02:05
104649,2026-07-27,2025-08-01,脸书广告,,MOBILE,,0,1,0.0,73.0,query_device,2026-07-27 13:02:05
104650,2026-07-27,2025-08-01,自動化廣告,,DESKTOP,,0,8,0.0,76.625,query_device,2026-07-27 13:02:05
104651,2026-07-27,2025-08-01,自動化廣告,,MOBILE,,0,4,0.0,68.75,query_device,2026-07-27 13:02:05
104652,2026-07-27,2025-08-01,色彩心理学在广告中的应用,,DESKTOP,,0,17,0.0,84.70588235294117,query_device,2026-07-27 13:02:05
104653,2026-07-27,2025-08-01,营销组合,,DESKTOP,,0,21,0.0,67.42857142857143,query_device,2026-07-27 13:02:05
104654,2026-07-27,2025-08-01,营销者可以使用当前的哪两种无关键字广告系列类型来增加额外覆盖的人数？,,DESKTOP,,0,5,0.0,9.4,query_device,2026-07-27 13:02:05
104655,2026-07-27,2025-08-01,规避系统,,DESKTOP,,0,1,0.0,91.0,query_device,2026-07-27 13:02:05
104656,2026-07-27,2025-08-01,规避系统,,MOBILE,,0,1,0.0,88.0,query_device,2026-07-27 13:02:05
104657,2026-07-27,2025-08-01,词组匹配,,DESKTOP,,0,1,0.0,28.0,query_device,2026-07-27 13:02:05
104658,2026-07-27,2025-08-01,谷歌 ads 运营公司,,DESKTOP,,0,12,0.0,87.5,query_device,2026-07-27 13:02:05
104659,2026-07-27,2025-08-01,谷歌 seo 推广,,DESKTOP,,0,8,0.0,71.75,query_device,2026-07-27 13:02:05
104660,2026-07-27,2025-08-01,谷歌 优化 推广,,DESKTOP,,0,1,0.0,83.0,query_device,2026-07-27 13:02:05
104661,2026-07-27,2025-08-01,谷歌 关键 词 分析,,DESKTOP,,0,2,0.0,59.5,query_device,2026-07-27 13:02:05
104662,2026-07-27,2025-08-01,谷歌 关键 词 规划 师,,DESKTOP,,0,1,0.0,26.0,query_device,2026-07-27 13:02:05
104663,2026-07-27,2025-08-01,谷歌 关键 词 规划 师,,MOBILE,,0,3,0.0,50.0,query_device,2026-07-27 13:02:05
104664,2026-07-27,2025-08-01,谷歌 图片 广告,,DESKTOP,,0,2,0.0,85.5,query_device,2026-07-27 13:02:05
104665,2026-07-27,2025-08-01,谷歌 展示 广告,,DESKTOP,,0,30,0.0,56.8,query_device,2026-07-27 13:02:05
104666,2026-07-27,2025-08-01,谷歌 广告 价格,,DESKTOP,,0,1,0.0,69.0,query_device,2026-07-27 13:02:05
104667,2026-07-27,2025-08-01,谷歌 广告 价格,,MOBILE,,0,1,0.0,94.0,query_device,2026-07-27 13:02:05
104668,2026-07-27,2025-08-01,谷歌 广告 优化,,DESKTOP,,0,29,0.0,85.17241379310344,query_device,2026-07-27 13:02:05
104669,2026-07-27,2025-08-01,谷歌 广告 关键 词,,DESKTOP,,0,23,0.0,31.130434782608695,query_device,2026-07-27 13:02:05
104670,2026-07-27,2025-08-01,谷歌 广告 设置,,DESKTOP,,0,2,0.0,88.5,query_device,2026-07-27 13:02:05
104671,2026-07-27,2025-08-01,谷歌 广告 设置,,MOBILE,,0,2,0.0,87.5,query_device,2026-07-27 13:02:05
104672,2026-07-27,2025-08-01,谷歌 竞价,,DESKTOP,,0,26,0.0,45.80769230769231,query_device,2026-07-27 13:02:05
104673,2026-07-27,2025-08-01,谷歌cro优化,,DESKTOP,,0,27,0.0,83.44444444444444,query_device,2026-07-27 13:02:05
104674,2026-07-27,2025-08-01,谷歌gmc 的产品标题跟描述怎么写,,DESKTOP,,0,1,0.0,82.0,query_device,2026-07-27 13:02:05
104675,2026-07-27,2025-08-01,谷歌mcc,,DESKTOP,,0,2,0.0,39.5,query_device,2026-07-27 13:02:05
104676,2026-07-27,2025-08-01,谷歌ppc优化,,DESKTOP,,0,28,0.0,13.285714285714286,query_device,2026-07-27 13:02:05
104677,2026-07-27,2025-08-01,谷歌seo代运营,,DESKTOP,,0,10,0.0,74.5,query_device,2026-07-27 13:02:05
104678,2026-07-27,2025-08-01,谷歌seo代运营,,MOBILE,,0,3,0.0,72.0,query_device,2026-07-27 13:02:05
104679,2026-07-27,2025-08-01,谷歌seo咨询,,DESKTOP,,0,2,0.0,40.5,query_device,2026-07-27 13:02:05
104680,2026-07-27,2025-08-01,谷歌seo推广,,DESKTOP,,0,38,0.0,52.026315789473685,query_device,2026-07-27 13:02:05
104681,2026-07-27,2025-08-01,谷歌seo推广,,MOBILE,,0,3,0.0,56.0,query_device,2026-07-27 13:02:05
104682,2026-07-27,2025-08-01,谷歌shopping广告转化低怎么办,,DESKTOP,,0,7,0.0,59.57142857142857,query_device,2026-07-27 13:02:05
104683,2026-07-27,2025-08-01,谷歌代码跟踪器,,DESKTOP,,0,1,0.0,34.0,query_device,2026-07-27 13:02:05
104684,2026-07-27,2025-08-01,谷歌代运营,,DESKTOP,,0,1,0.0,36.0,query_device,2026-07-27 13:02:05
104685,2026-07-27,2025-08-01,谷歌优化推广,,DESKTOP,,0,1,0.0,90.0,query_device,2026-07-27 13:02:05
104686,2026-07-27,2025-08-01,谷歌关键字搜索量检查器,,DESKTOP,,0,4,0.0,73.75,query_device,2026-07-27 13:02:05
104687,2026-07-27,2025-08-01,谷歌关键字规划师,,DESKTOP,,0,11,0.0,63.0,query_device,2026-07-27 13:02:05
104688,2026-07-27,2025-08-01,谷歌关键字规划师,,MOBILE,,0,9,0.0,56.22222222222222,query_device,2026-07-27 13:02:05
104689,2026-07-27,2025-08-01,谷歌关键词广告,,DESKTOP,,0,8,0.0,46.625,query_device,2026-07-27 13:02:05
104690,2026-07-27,2025-08-01,谷歌关键词搜索,,DESKTOP,,0,3,0.0,94.33333333333333,query_device,2026-07-27 13:02:05
104691,2026-07-27,2025-08-01,谷歌关键词规划,,DESKTOP,,0,1,0.0,27.0,query_device,2026-07-27 13:02:05
104692,2026-07-27,2025-08-01,谷歌关键词规划师,,DESKTOP,,0,81,0.0,43.67901234567901,query_device,2026-07-27 13:02:05
104693,2026-07-27,2025-08-01,谷歌关键词规划师,,MOBILE,,0,37,0.0,49.270270270270274,query_device,2026-07-27 13:02:05
104694,2026-07-27,2025-08-01,谷歌出海大讲堂,,DESKTOP,,0,3,0.0,10.0,query_device,2026-07-27 13:02:05
104695,2026-07-27,2025-08-01,谷歌动态,,DESKTOP,,0,1,0.0,61.0,query_device,2026-07-27 13:02:05
104696,2026-07-27,2025-08-01,谷歌合作伙伴,,DESKTOP,,0,1,0.0,28.0,query_device,2026-07-27 13:02:05
104697,2026-07-27,2025-08-01,谷歌地图推广,,DESKTOP,,0,6,0.0,92.66666666666667,query_device,2026-07-27 13:02:05
104698,2026-07-27,2025-08-01,谷歌地图推广,,MOBILE,,0,9,0.0,91.11111111111111,query_device,2026-07-27 13:02:05
104699,2026-07-27,2025-08-01,谷歌展示广告,,DESKTOP,,0,72,0.0,58.43055555555556,query_device,2026-07-27 13:02:05
104700,2026-07-27,2025-08-01,谷歌展示广告,,MOBILE,,0,73,0.0,59.02739726027397,query_device,2026-07-27 13:02:05
104701,2026-07-27,2025-08-01,谷歌广告不出现,,DESKTOP,,0,4,0.0,47.5,query_device,2026-07-27 13:02:05
104702,2026-07-27,2025-08-01,谷歌广告不出现,,MOBILE,,0,4,0.0,52.0,query_device,2026-07-27 13:02:05
104703,2026-07-27,2025-08-01,谷歌广告优化,,DESKTOP,,0,45,0.0,78.77777777777777,query_device,2026-07-27 13:02:05
104704,2026-07-27,2025-08-01,谷歌广告优化,,MOBILE,,0,35,0.0,76.51428571428572,query_device,2026-07-27 13:02:05
104705,2026-07-27,2025-08-01,谷歌广告客户验证,,DESKTOP,,0,2,0.0,64.0,query_device,2026-07-27 13:02:05
104706,2026-07-27,2025-08-01,谷歌广告开户,,DESKTOP,,0,3,0.0,68.0,query_device,2026-07-27 13:02:05
104707,2026-07-27,2025-08-01,谷歌广告开户,,MOBILE,,0,1,0.0,72.0,query_device,2026-07-27 13:02:05
104708,2026-07-27,2025-08-01,谷歌广告拒登,,DESKTOP,,0,9,0.0,61.888888888888886,query_device,2026-07-27 13:02:05
104709,2026-07-27,2025-08-01,谷歌广告拒登,,MOBILE,,0,6,0.0,61.166666666666664,query_device,2026-07-27 13:02:05
104710,2026-07-27,2025-08-01,谷歌广告排名,,DESKTOP,,0,2,0.0,87.0,query_device,2026-07-27 13:02:05
104711,2026-07-27,2025-08-01,谷歌广告排名,,MOBILE,,0,2,0.0,85.5,query_device,2026-07-27 13:02:05
104712,2026-07-27,2025-08-01,谷歌广告政策,,DESKTOP,,0,1,0.0,28.0,query_device,2026-07-27 13:02:05
104713,2026-07-27,2025-08-01,谷歌广告类型,,DESKTOP,,0,4,0.0,65.0,query_device,2026-07-27 13:02:05
104714,2026-07-27,2025-08-01,谷歌广告认证,,DESKTOP,,0,1,0.0,25.0,query_device,2026-07-27 13:02:05
104715,2026-07-27,2025-08-01,谷歌搜索控制台,,DESKTOP,,0,6,0.0,64.66666666666666,query_device,2026-07-27 13:02:05
104716,2026-07-27,2025-08-01,谷歌效果最大化广告怎么优化,,DESKTOP,,0,26,0.0,73.88461538461539,query_device,2026-07-27 13:02:05
104717,2026-07-27,2025-08-01,谷歌独立站,,DESKTOP,,0,4,0.0,78.0,query_device,2026-07-27 13:02:05
104718,2026-07-27,2025-08-01,谷歌竞价,,DESKTOP,,0,8,0.0,46.375,query_device,2026-07-27 13:02:05
104719,2026-07-27,2025-08-01,谷歌竞价,,MOBILE,,0,2,0.0,43.0,query_device,2026-07-27 13:02:05
104720,2026-07-27,2025-08-01,谷歌竞价广告,,DESKTOP,,0,2,0.0,42.5,query_device,2026-07-27 13:02:05
104721,2026-07-27,2025-08-01,谷歌竞价开户,,DESKTOP,,0,17,0.0,7.823529411764706,query_device,2026-07-27 13:02:05
104722,2026-07-27,2025-08-01,谷歌竞价开户,,MOBILE,,0,15,0.0,8.933333333333334,query_device,2026-07-27 13:02:05
104723,2026-07-27,2025-08-01,谷歌经理账户,,DESKTOP,,0,1,0.0,31.0,query_device,2026-07-27 13:02:05
104724,2026-07-27,2025-08-01,谷歌编辑器,,DESKTOP,,0,1,0.0,20.0,query_device,2026-07-27 13:02:05
104725,2026-07-27,2025-08-01,谷歌网络推广,,DESKTOP,,0,6,0.0,49.833333333333336,query_device,2026-07-27 13:02:05
104726,2026-07-27,2025-08-01,谷歌规划师,,DESKTOP,,0,1,0.0,42.0,query_device,2026-07-27 13:02:05
104727,2026-07-27,2025-08-01,谷歌规划师,,MOBILE,,0,1,0.0,40.0,query_device,2026-07-27 13:02:05
104728,2026-07-27,2025-08-01,谷歌视频广告,,DESKTOP,,0,3,0.0,82.33333333333333,query_device,2026-07-27 13:02:05
104729,2026-07-27,2025-08-01,谷歌视频广告,,MOBILE,,0,4,0.0,88.5,query_device,2026-07-27 13:02:05
104730,2026-07-27,2025-08-01,谷歌购物广告,,DESKTOP,,0,40,0.0,56.275,query_device,2026-07-27 13:02:05
104731,2026-07-27,2025-08-01,谷歌购物广告,,MOBILE,,0,14,0.0,56.142857142857146,query_device,2026-07-27 13:02:05
104732,2026-07-27,2025-08-01,谷歌购物广告如何出价,,DESKTOP,,0,56,0.0,47.267857142857146,query_device,2026-07-27 13:02:05
104733,2026-07-27,2025-08-01,谷歌购物广告怎么开,,DESKTOP,,0,4,0.0,63.0,query_device,2026-07-27 13:02:05
104734,2026-07-27,2025-08-01,谷歌购物广告怎么投,,DESKTOP,,0,43,0.0,51.23255813953488,query_device,2026-07-27 13:02:05
104735,2026-07-27,2025-08-01,谷歌购物广告投放技巧,,DESKTOP,,0,1,0.0,48.0,query_device,2026-07-27 13:02:05
104736,2026-07-27,2025-08-01,质量分,,DESKTOP,,0,1,0.0,11.0,query_device,2026-07-27 13:02:05
104737,2026-07-27,2025-08-01,质量分数,,DESKTOP,,0,1,0.0,1.0,query_device,2026-07-27 13:02:05
104738,2026-07-27,2025-08-01,购物 广告,,DESKTOP,,0,14,0.0,90.71428571428571,query_device,2026-07-27 13:02:05
104739,2026-07-27,2025-08-01,购物广告出价方式,,DESKTOP,,0,58,0.0,61.58620689655172,query_device,2026-07-27 13:02:05
104740,2026-07-27,2025-08-01,购物广告用哪个出价,,DESKTOP,,0,33,0.0,42.18181818181818,query_device,2026-07-27 13:02:05
104741,2026-07-27,2025-08-01,跟踪参数,,DESKTOP,,0,1,0.0,85.0,query_device,2026-07-27 13:02:05
104742,2026-07-27,2025-08-01,跨境电商广告投放,,DESKTOP,,0,4,0.0,86.25,query_device,2026-07-27 13:02:05
104743,2026-07-27,2025-08-01,跨境电商引流,,DESKTOP,,0,4,0.0,66.5,query_device,2026-07-27 13:02:05
104744,2026-07-27,2025-08-01,跨境电商引流,,MOBILE,,0,3,0.0,72.66666666666667,query_device,2026-07-27 13:02:05
104745,2026-07-27,2025-08-01,跳出 率,,DESKTOP,,0,1,0.0,70.0,query_device,2026-07-27 13:02:05
104746,2026-07-27,2025-08-01,跳出率,,DESKTOP,,0,4,0.0,94.75,query_device,2026-07-27 13:02:05
104747,2026-07-27,2025-08-01,轉換成本,,DESKTOP,,0,2,0.0,21.5,query_device,2026-07-27 13:02:05
104748,2026-07-27,2025-08-01,轉換率公式,,DESKTOP,,0,30,0.0,78.9,query_device,2026-07-27 13:02:05
104749,2026-07-27,2025-08-01,轉換率公式,,MOBILE,,0,21,0.0,73.28571428571429,query_device,2026-07-27 13:02:05
104750,2026-07-27,2025-08-01,轉換率怎麼算,,DESKTOP,,0,6,0.0,73.16666666666667,query_device,2026-07-27 13:02:05
104751,2026-07-27,2025-08-01,轉換率怎麼算,,MOBILE,,0,3,0.0,69.33333333333333,query_device,2026-07-27 13:02:05
104752,2026-07-27,2025-08-01,轉換率算法,,DESKTOP,,0,1,0.0,96.0,query_device,2026-07-27 13:02:05
104753,2026-07-27,2025-08-01,轉換率算法,,MOBILE,,0,3,0.0,96.0,query_device,2026-07-27 13:02:05
104754,2026-07-27,2025-08-01,轉換率計算,,DESKTOP,,0,6,0.0,69.5,query_device,2026-07-27 13:02:05
104755,2026-07-27,2025-08-01,轉換率計算,,MOBILE,,0,4,0.0,69.75,query_device,2026-07-27 13:02:05
104756,2026-07-27,2025-08-01,转化潜在客户的案例,,DESKTOP,,0,1,0.0,97.0,query_device,2026-07-27 13:02:05
104757,2026-07-27,2025-08-01,转化率公式,,DESKTOP,,0,1,0.0,47.0,query_device,2026-07-27 13:02:05
104758,2026-07-27,2025-08-01,转化率怎么算,,DESKTOP,,0,3,0.0,54.333333333333336,query_device,2026-07-27 13:02:05
104759,2026-07-27,2025-08-01,转化率怎么算,,MOBILE,,0,2,0.0,59.5,query_device,2026-07-27 13:02:05
104760,2026-07-27,2025-08-01,这是您第一次投放行动号召视频广告系列。 为了获得最佳效果，您应该实施何种出价策略？,,DESKTOP,,0,3,0.0,9.666666666666666,query_device,2026-07-27 13:02:05
104761,2026-07-27,2025-08-01,销售漏斗图,,DESKTOP,,0,1,0.0,46.0,query_device,2026-07-27 13:02:05
104762,2026-07-27,2025-08-01,雙y軸,,DESKTOP,,0,1,0.0,39.0,query_device,2026-07-27 13:02:05
104763,2026-07-27,2025-08-01,領英公司,,DESKTOP,,0,1,0.0,73.0,query_device,2026-07-27 13:02:05
104764,2026-07-27,2025-08-01,领英推广,,DESKTOP,,0,4,0.0,67.0,query_device,2026-07-27 13:02:05
104765,2026-07-27,2025-08-01,领英推广,,MOBILE,,0,3,0.0,78.0,query_device,2026-07-27 13:02:05
104766,2026-07-27,2025-08-01,领英无法注册,,DESKTOP,,0,1,0.0,19.0,query_device,2026-07-27 13:02:05
104767,2026-07-27,2025-08-01,领英注册,,DESKTOP,,0,1,0.0,10.0,query_device,2026-07-27 13:02:05
104768,2026-07-27,2025-08-01,领英注册不了,,DESKTOP,,0,3,0.0,27.666666666666668,query_device,2026-07-27 13:02:05
104769,2026-07-27,2025-08-01,领英账号,,MOBILE,,0,1,0.0,47.0,query_device,2026-07-27 13:02:05
104770,2026-07-27,2025-08-01,颜色心理学与消费,,DESKTOP,,0,2,0.0,85.5,query_device,2026-07-27 13:02:05
104771,2026-07-27,2025-08-01,點圖製作,,DESKTOP,,0,2,0.0,54.0,query_device,2026-07-27 13:02:05
104772,2026-07-27,2025-08-01,點圖製作,,MOBILE,,0,1,0.0,53.0,query_device,2026-07-27 13:02:05
104773,2026-07-27,2025-08-01,點擊付費,,DESKTOP,,0,23,0.0,80.17391304347827,query_device,2026-07-27 13:02:05
85230,2026-07-27,2025-07-02,advich group limited,,DESKTOP,,9,26,0.34615384615384615,1.4615384615384617,query_device,2026-07-27 13:01:48
85231,2026-07-27,2025-07-02,advich,,DESKTOP,,8,26,0.3076923076923077,3.9615384615384617,query_device,2026-07-27 13:01:48
85232,2026-07-27,2025-07-02,tiktok代投,,DESKTOP,,3,8,0.375,5.375,query_device,2026-07-27 13:01:48
85233,2026-07-27,2025-07-02,excel 桑基图,,DESKTOP,,2,12,0.16666666666666666,4.083333333333334,query_device,2026-07-27 13:01:48
85234,2026-07-27,2025-07-02,江苏未迟数字技术有限公司,,DESKTOP,,2,16,0.125,1.6875,query_device,2026-07-27 13:01:48
85235,2026-07-27,2025-07-02,江苏未迟数字技术有限公司,,MOBILE,,2,2,1.0,3.5,query_device,2026-07-27 13:01:48
85236,2026-07-27,2025-07-02,advich group limited,,MOBILE,,1,4,0.25,1.5,query_device,2026-07-27 13:01:48
85237,2026-07-27,2025-07-02,tiktok投放,,DESKTOP,,1,1,1.0,61.0,query_device,2026-07-27 13:01:48
85238,2026-07-27,2025-07-02,x android 4k,,DESKTOP,,1,1,1.0,10.0,query_device,2026-07-27 13:01:48
85239,2026-07-27,2025-07-02,在不包含发布商内容的屏幕上展示 google 投放的广告,,DESKTOP,,1,4,0.25,21.25,query_device,2026-07-27 13:01:48
85240,2026-07-27,2025-07-02,谷歌竞价开户,,DESKTOP,,1,33,0.030303030303030304,7.090909090909091,query_device,2026-07-27 13:01:48
85241,2026-07-27,2025-07-02,谷歌编辑器,,DESKTOP,,1,7,0.14285714285714285,22.285714285714285,query_device,2026-07-27 13:01:48
85242,2026-07-27,2025-07-02,3軸 グラフ エクセル,,DESKTOP,,0,1,0.0,77.0,query_device,2026-07-27 13:01:48
85243,2026-07-27,2025-07-02,3軸 グラフ エクセル,,MOBILE,,0,1,0.0,66.0,query_device,2026-07-27 13:01:48
85244,2026-07-27,2025-07-02,5 point chart,,DESKTOP,,0,1,0.0,81.0,query_device,2026-07-27 13:01:48
85245,2026-07-27,2025-07-02,ads优惠码,,DESKTOP,,0,1,0.0,18.0,query_device,2026-07-27 13:01:48
85246,2026-07-27,2025-07-02,ads开户,,DESKTOP,,0,3,0.0,60.0,query_device,2026-07-27 13:01:48
85247,2026-07-27,2025-07-02,advantages of bar chart over pie chart,,DESKTOP,,0,1,0.0,18.0,query_device,2026-07-27 13:01:48
85248,2026-07-27,2025-07-02,advantages of bar graphs,,DESKTOP,,0,1,0.0,18.0,query_device,2026-07-27 13:01:48
85249,2026-07-27,2025-07-02,advantages of line graph,,DESKTOP,,0,1,0.0,21.0,query_device,2026-07-27 13:01:48
85250,2026-07-27,2025-07-02,advantages of line graphs,,DESKTOP,,0,1,0.0,12.0,query_device,2026-07-27 13:01:48
85251,2026-07-27,2025-07-02,advich,,MOBILE,,0,13,0.0,7.230769230769231,query_device,2026-07-27 13:01:48
85252,2026-07-27,2025-07-02,advich.com,,DESKTOP,,0,3,0.0,1.0,query_device,2026-07-27 13:01:48
85253,2026-07-27,2025-07-02,adweb,,DESKTOP,,0,1,0.0,36.0,query_device,2026-07-27 13:01:48
85254,2026-07-27,2025-07-02,adwords editor,,DESKTOP,,0,2,0.0,41.0,query_device,2026-07-27 13:01:48
85255,2026-07-27,2025-07-02,adwords express,,MOBILE,,0,1,0.0,4.0,query_device,2026-07-27 13:01:48
85256,2026-07-27,2025-07-02,adwords seo,,DESKTOP,,0,1,0.0,93.0,query_device,2026-07-27 13:01:48
85257,2026-07-27,2025-07-02,adwords关键词工具,,DESKTOP,,0,6,0.0,76.33333333333333,query_device,2026-07-27 13:01:48
85258,2026-07-27,2025-07-02,adwords关键词工具,,MOBILE,,0,3,0.0,72.66666666666667,query_device,2026-07-27 13:01:48
85259,2026-07-27,2025-07-02,aida是什么,,DESKTOP,,0,4,0.0,40.25,query_device,2026-07-27 13:01:48
85260,2026-07-27,2025-07-02,aida是什麼,,DESKTOP,,0,3,0.0,71.66666666666667,query_device,2026-07-27 13:01:48
85261,2026-07-27,2025-07-02,aida是什麼,,MOBILE,,0,3,0.0,68.33333333333333,query_device,2026-07-27 13:01:48
85262,2026-07-27,2025-07-02,aida模型,,DESKTOP,,0,2,0.0,66.5,query_device,2026-07-27 13:01:48
85263,2026-07-27,2025-07-02,amazon dsp,,DESKTOP,,0,1,0.0,47.0,query_device,2026-07-27 13:01:48
85264,2026-07-27,2025-07-02,android twitter 4k,,MOBILE,,0,1,0.0,7.0,query_device,2026-07-27 13:01:48
85265,2026-07-27,2025-07-02,ansoff,,DESKTOP,,0,1,0.0,89.0,query_device,2026-07-27 13:01:48
85266,2026-07-27,2025-07-02,ansoff 矩陣,,DESKTOP,,0,1,0.0,67.0,query_device,2026-07-27 13:01:48
85267,2026-07-27,2025-07-02,asset library google ads,,DESKTOP,,0,1,0.0,15.0,query_device,2026-07-27 13:01:48
85268,2026-07-27,2025-07-02,auction insights,,DESKTOP,,0,1,0.0,28.0,query_device,2026-07-27 13:01:48
85269,2026-07-27,2025-07-02,b2b dsp,,DESKTOP,,0,1,0.0,83.0,query_device,2026-07-27 13:01:48
85270,2026-07-27,2025-07-02,benefits of data visualization,,DESKTOP,,0,1,0.0,32.0,query_device,2026-07-27 13:01:48
85271,2026-07-27,2025-07-02,bing remarketing,,DESKTOP,,0,1,0.0,84.0,query_device,2026-07-27 13:01:48
85272,2026-07-27,2025-07-02,bing 廣告,,DESKTOP,,0,2,0.0,41.5,query_device,2026-07-27 13:01:48
85273,2026-07-27,2025-07-02,bing 廣告,,MOBILE,,0,2,0.0,40.5,query_device,2026-07-27 13:01:48
85274,2026-07-27,2025-07-02,bing广告,,DESKTOP,,0,6,0.0,33.833333333333336,query_device,2026-07-27 13:01:48
85275,2026-07-27,2025-07-02,bing广告,,MOBILE,,0,4,0.0,37.0,query_device,2026-07-27 13:01:48
85276,2026-07-27,2025-07-02,bing广告投放,,DESKTOP,,0,1,0.0,31.0,query_device,2026-07-27 13:01:48
85277,2026-07-27,2025-07-02,bing廣告,,DESKTOP,,0,2,0.0,47.0,query_device,2026-07-27 13:01:48
85278,2026-07-27,2025-07-02,bing廣告,,MOBILE,,0,5,0.0,45.0,query_device,2026-07-27 13:01:48
85279,2026-07-27,2025-07-02,box and whisker chart example,,DESKTOP,,0,1,0.0,16.0,query_device,2026-07-27 13:01:48
85280,2026-07-27,2025-07-02,box and whisker chart google sheets,,DESKTOP,,0,1,0.0,69.0,query_device,2026-07-27 13:01:48
85281,2026-07-27,2025-07-02,box and whisker plot google sheets,,DESKTOP,,0,1,0.0,97.0,query_device,2026-07-27 13:01:48
85282,2026-07-27,2025-07-02,box plot use,,DESKTOP,,0,1,0.0,41.0,query_device,2026-07-27 13:01:48
85283,2026-07-27,2025-07-02,business manager,,DESKTOP,,0,5,0.0,77.2,query_device,2026-07-27 13:01:48
85284,2026-07-27,2025-07-02,business manager,,MOBILE,,0,2,0.0,76.0,query_device,2026-07-27 13:01:48
85285,2026-07-27,2025-07-02,business manager 中文,,DESKTOP,,0,1,0.0,97.0,query_device,2026-07-27 13:01:48
85286,2026-07-27,2025-07-02,case data studio,,DESKTOP,,0,1,0.0,92.0,query_device,2026-07-27 13:01:48
85287,2026-07-27,2025-07-02,certified digital marketing associate,,DESKTOP,,0,1,0.0,44.0,query_device,2026-07-27 13:01:48
85288,2026-07-27,2025-07-02,chartexpo,,DESKTOP,,0,1,0.0,24.0,query_device,2026-07-27 13:01:48
85289,2026-07-27,2025-07-02,chartexpo for excel,,DESKTOP,,0,1,0.0,35.0,query_device,2026-07-27 13:01:48
85290,2026-07-27,2025-07-02,chartexpo™ for excel,,DESKTOP,,0,1,0.0,6.0,query_device,2026-07-27 13:01:48
85291,2026-07-27,2025-07-02,chatfuel linkedin,,DESKTOP,,0,1,0.0,94.0,query_device,2026-07-27 13:01:48
85292,2026-07-27,2025-07-02,chrome 关闭搜索标签页,,DESKTOP,,0,1,0.0,57.0,query_device,2026-07-27 13:01:48
85293,2026-07-27,2025-07-02,clickshare google ads,,DESKTOP,,0,4,0.0,58.5,query_device,2026-07-27 13:01:48
85294,2026-07-27,2025-07-02,clickshare google ads,,MOBILE,,0,1,0.0,75.0,query_device,2026-07-27 13:01:48
85295,2026-07-27,2025-07-02,clv ltv,,DESKTOP,,0,1,0.0,38.0,query_device,2026-07-27 13:01:48
85296,2026-07-27,2025-07-02,clv是什么,,DESKTOP,,0,1,0.0,44.0,query_device,2026-07-27 13:01:48
85297,2026-07-27,2025-07-02,column chart and bar chart difference,,DESKTOP,,0,1,0.0,58.0,query_device,2026-07-27 13:01:48
85298,2026-07-27,2025-07-02,column chart google sheets,,DESKTOP,,0,2,0.0,62.0,query_device,2026-07-27 13:01:48
85299,2026-07-27,2025-07-02,contract value formula,,DESKTOP,,0,1,0.0,68.0,query_device,2026-07-27 13:01:48
85300,2026-07-27,2025-07-02,cost for google ads,,DESKTOP,,0,1,0.0,43.0,query_device,2026-07-27 13:01:48
85301,2026-07-27,2025-07-02,cpa ppc,,DESKTOP,,0,1,0.0,85.0,query_device,2026-07-27 13:01:48
85302,2026-07-27,2025-07-02,cpc 計算,,DESKTOP,,0,1,0.0,53.0,query_device,2026-07-27 13:01:48
85303,2026-07-27,2025-07-02,cpc广告,,DESKTOP,,0,6,0.0,86.33333333333333,query_device,2026-07-27 13:01:48
85304,2026-07-27,2025-07-02,cpc广告,,MOBILE,,0,3,0.0,87.66666666666667,query_device,2026-07-27 13:01:48
85305,2026-07-27,2025-07-02,cpc怎么算,,DESKTOP,,0,2,0.0,39.0,query_device,2026-07-27 13:01:48
85306,2026-07-27,2025-07-02,cpc是什么,,DESKTOP,,0,6,0.0,91.5,query_device,2026-07-27 13:01:48
85307,2026-07-27,2025-07-02,cpc点击成本行业均值,,DESKTOP,,0,26,0.0,29.346153846153847,query_device,2026-07-27 13:01:48
85308,2026-07-27,2025-07-02,cpc计算公式,,DESKTOP,,0,1,0.0,49.0,query_device,2026-07-27 13:01:48
85309,2026-07-27,2025-07-02,cpe 廣告,,DESKTOP,,0,1,0.0,44.0,query_device,2026-07-27 13:01:48
85310,2026-07-27,2025-07-02,cpe广告,,DESKTOP,,0,1,0.0,42.0,query_device,2026-07-27 13:01:48
85311,2026-07-27,2025-07-02,cpm google,,DESKTOP,,0,2,0.0,97.5,query_device,2026-07-27 13:01:48
85312,2026-07-27,2025-07-02,cpm google ads,,DESKTOP,,0,5,0.0,72.2,query_device,2026-07-27 13:01:48
85313,2026-07-27,2025-07-02,cpm 含义,,DESKTOP,,0,1,0.0,29.0,query_device,2026-07-27 13:01:48
85314,2026-07-27,2025-07-02,cpm广告,,DESKTOP,,0,1,0.0,82.0,query_device,2026-07-27 13:01:48
85315,2026-07-27,2025-07-02,cpm指标,,DESKTOP,,0,1,0.0,1.0,query_device,2026-07-27 13:01:48
85316,2026-07-27,2025-07-02,cpm是什么,,DESKTOP,,0,1,0.0,92.0,query_device,2026-07-27 13:01:48
85317,2026-07-27,2025-07-02,cpm是什么意思,,DESKTOP,,0,1,0.0,89.0,query_device,2026-07-27 13:01:48
85318,2026-07-27,2025-07-02,cpm是啥,,DESKTOP,,0,1,0.0,84.0,query_device,2026-07-27 13:01:48
85319,2026-07-27,2025-07-02,cps 广告,,DESKTOP,,0,2,0.0,60.0,query_device,2026-07-27 13:01:48
85320,2026-07-27,2025-07-02,cps广告,,DESKTOP,,0,1,0.0,37.0,query_device,2026-07-27 13:01:48
85321,2026-07-27,2025-07-02,create a graph in excel,,DESKTOP,,0,1,0.0,47.0,query_device,2026-07-27 13:01:48
85322,2026-07-27,2025-07-02,create graph in excel,,DESKTOP,,0,1,0.0,77.0,query_device,2026-07-27 13:01:48
85323,2026-07-27,2025-07-02,create pareto chart,,DESKTOP,,0,1,0.0,48.0,query_device,2026-07-27 13:01:48
85324,2026-07-27,2025-07-02,ctr,,DESKTOP,,0,10,0.0,75.6,query_device,2026-07-27 13:01:48
85325,2026-07-27,2025-07-02,ctr 公式,,DESKTOP,,0,1,0.0,45.0,query_device,2026-07-27 13:01:48
85326,2026-07-27,2025-07-02,ctr 多少算好,,DESKTOP,,0,1,0.0,69.0,query_device,2026-07-27 13:01:48
85327,2026-07-27,2025-07-02,ctr 意思,,DESKTOP,,0,4,0.0,69.5,query_device,2026-07-27 13:01:48
85328,2026-07-27,2025-07-02,ctr 意思,,MOBILE,,0,1,0.0,87.0,query_device,2026-07-27 13:01:48
85329,2026-07-27,2025-07-02,ctr 是什么,,DESKTOP,,0,3,0.0,73.0,query_device,2026-07-27 13:01:48
85330,2026-07-27,2025-07-02,ctr 是什麼,,DESKTOP,,0,1,0.0,89.0,query_device,2026-07-27 13:01:48
85331,2026-07-27,2025-07-02,ctr公式,,DESKTOP,,0,2,0.0,64.0,query_device,2026-07-27 13:01:48
85332,2026-07-27,2025-07-02,ctr公式,,MOBILE,,0,1,0.0,58.0,query_device,2026-07-27 13:01:48
85333,2026-07-27,2025-07-02,ctr多少合理,,DESKTOP,,0,1,0.0,39.0,query_device,2026-07-27 13:01:48
85334,2026-07-27,2025-07-02,ctr多少算好,,DESKTOP,,0,2,0.0,68.5,query_device,2026-07-27 13:01:48
85335,2026-07-27,2025-07-02,ctr意思,,DESKTOP,,0,4,0.0,90.25,query_device,2026-07-27 13:01:48
85336,2026-07-27,2025-07-02,ctr意思,,MOBILE,,0,2,0.0,89.5,query_device,2026-07-27 13:01:48
85337,2026-07-27,2025-07-02,ctr是什么,,DESKTOP,,0,10,0.0,65.5,query_device,2026-07-27 13:01:48
85338,2026-07-27,2025-07-02,ctr是什么,,MOBILE,,0,3,0.0,76.33333333333333,query_device,2026-07-27 13:01:48
85339,2026-07-27,2025-07-02,ctr是什么意思,,DESKTOP,,0,7,0.0,76.42857142857143,query_device,2026-07-27 13:01:48
85340,2026-07-27,2025-07-02,ctr是什么意思,,MOBILE,,0,2,0.0,83.5,query_device,2026-07-27 13:01:48
85341,2026-07-27,2025-07-02,ctr是什么指标,,DESKTOP,,0,3,0.0,38.333333333333336,query_device,2026-07-27 13:01:48
85342,2026-07-27,2025-07-02,ctr是什么指标,,MOBILE,,0,1,0.0,53.0,query_device,2026-07-27 13:01:48
85343,2026-07-27,2025-07-02,ctr是什麼,,DESKTOP,,0,1,0.0,81.0,query_device,2026-07-27 13:01:48
85344,2026-07-27,2025-07-02,custom audiences google ads,,DESKTOP,,0,1,0.0,57.0,query_device,2026-07-27 13:01:48
85345,2026-07-27,2025-07-02,custom intent audiences,,DESKTOP,,0,1,0.0,93.0,query_device,2026-07-27 13:01:48
85346,2026-07-27,2025-07-02,custom intent google ads,,DESKTOP,,0,13,0.0,92.92307692307692,query_device,2026-07-27 13:01:48
85347,2026-07-27,2025-07-02,custom intent google ads,,MOBILE,,0,1,0.0,99.0,query_device,2026-07-27 13:01:48
85348,2026-07-27,2025-07-02,data eda,,DESKTOP,,0,1,0.0,65.0,query_device,2026-07-27 13:01:48
85349,2026-07-27,2025-07-02,data hub google,,DESKTOP,,0,1,0.0,57.0,query_device,2026-07-27 13:01:48
85350,2026-07-27,2025-07-02,data visualization benefits,,DESKTOP,,0,1,0.0,19.0,query_device,2026-07-27 13:01:48
85351,2026-07-27,2025-07-02,demographic target market example,,DESKTOP,,0,1,0.0,65.0,query_device,2026-07-27 13:01:48
85352,2026-07-27,2025-07-02,destination mismatch,,DESKTOP,,0,1,0.0,43.0,query_device,2026-07-27 13:01:48
85353,2026-07-27,2025-07-02,destination mismatch google ads,,DESKTOP,,0,5,0.0,40.4,query_device,2026-07-27 13:01:48
85354,2026-07-27,2025-07-02,destination mismatch google ads,,MOBILE,,0,1,0.0,38.0,query_device,2026-07-27 13:01:48
85355,2026-07-27,2025-07-02,diagrama sankey excel,,DESKTOP,,0,1,0.0,67.0,query_device,2026-07-27 13:01:48
85356,2026-07-27,2025-07-02,different types of graphs,,DESKTOP,,0,1,0.0,18.0,query_device,2026-07-27 13:01:48
85357,2026-07-27,2025-07-02,discoverly,,DESKTOP,,0,1,0.0,32.0,query_device,2026-07-27 13:01:48
85358,2026-07-27,2025-07-02,display & video,,DESKTOP,,0,1,0.0,93.0,query_device,2026-07-27 13:01:48
85359,2026-07-27,2025-07-02,display ads on youtube,,DESKTOP,,0,1,0.0,60.0,query_device,2026-07-27 13:01:48
85360,2026-07-27,2025-07-02,dot plot google sheets,,DESKTOP,,0,3,0.0,50.0,query_device,2026-07-27 13:01:48
85361,2026-07-27,2025-07-02,dot plot maker,,DESKTOP,,0,1,0.0,48.0,query_device,2026-07-27 13:01:48
85362,2026-07-27,2025-07-02,dot plot maker,,MOBILE,,0,1,0.0,48.0,query_device,2026-07-27 13:01:48
85363,2026-07-27,2025-07-02,dot plot on google sheets,,DESKTOP,,0,1,0.0,52.0,query_device,2026-07-27 13:01:48
85364,2026-07-27,2025-07-02,dsp ssp,,DESKTOP,,0,4,0.0,41.75,query_device,2026-07-27 13:01:48
85365,2026-07-27,2025-07-02,dsp ssp,,MOBILE,,0,14,0.0,47.42857142857143,query_device,2026-07-27 13:01:48
85366,2026-07-27,2025-07-02,dsp 平台,,DESKTOP,,0,1,0.0,1.0,query_device,2026-07-27 13:01:48
85367,2026-07-27,2025-07-02,dsp 广告,,DESKTOP,,0,1,0.0,93.0,query_device,2026-07-27 13:01:48
85368,2026-07-27,2025-07-02,dsp/需求方平台,,DESKTOP,,0,3,0.0,78.0,query_device,2026-07-27 13:01:48
85369,2026-07-27,2025-07-02,dsp/需求方平台,,MOBILE,,0,4,0.0,85.75,query_device,2026-07-27 13:01:48
85370,2026-07-27,2025-07-02,dsp广告是什么,,DESKTOP,,0,1,0.0,12.0,query_device,2026-07-27 13:01:48
85371,2026-07-27,2025-07-02,dsp是什麼,,DESKTOP,,0,1,0.0,13.0,query_device,2026-07-27 13:01:48
85372,2026-07-27,2025-07-02,dtc增长,,DESKTOP,,0,27,0.0,52.03703703703704,query_device,2026-07-27 13:01:48
85373,2026-07-27,2025-07-02,duckduckgo 替代,,DESKTOP,,0,1,0.0,97.0,query_device,2026-07-27 13:01:48
85374,2026-07-27,2025-07-02,easy data visualization,,DESKTOP,,0,1,0.0,33.0,query_device,2026-07-27 13:01:48
85375,2026-07-27,2025-07-02,eda是什么,,DESKTOP,,0,1,0.0,77.0,query_device,2026-07-27 13:01:48
85376,2026-07-27,2025-07-02,eda是啥,,DESKTOP,,0,1,0.0,101.0,query_device,2026-07-27 13:01:48
85377,2026-07-27,2025-07-02,eda資料分析,,DESKTOP,,0,14,0.0,70.07142857142857,query_device,2026-07-27 13:01:48
85378,2026-07-27,2025-07-02,eda資料分析,,MOBILE,,0,7,0.0,80.71428571428571,query_device,2026-07-27 13:01:48
85379,2026-07-27,2025-07-02,elements of promotion,,DESKTOP,,0,1,0.0,91.0,query_device,2026-07-27 13:01:48
85380,2026-07-27,2025-07-02,example of data storytelling,,DESKTOP,,0,1,0.0,62.0,query_device,2026-07-27 13:01:48
85381,2026-07-27,2025-07-02,examples of competitors in business,,DESKTOP,,0,1,0.0,99.0,query_device,2026-07-27 13:01:48
85382,2026-07-27,2025-07-02,examples of google display ads,,DESKTOP,,0,1,0.0,58.0,query_device,2026-07-27 13:01:48
85383,2026-07-27,2025-07-02,excel 3,,DESKTOP,,0,1,0.0,61.0,query_device,2026-07-27 13:01:48
85384,2026-07-27,2025-07-02,excel 3 axis chart,,DESKTOP,,0,1,0.0,55.0,query_device,2026-07-27 13:01:48
85385,2026-07-27,2025-07-02,excel 3軸,,DESKTOP,,0,3,0.0,77.66666666666667,query_device,2026-07-27 13:01:48
85386,2026-07-27,2025-07-02,excel 3軸 グラフ,,DESKTOP,,0,4,0.0,88.25,query_device,2026-07-27 13:01:48
85387,2026-07-27,2025-07-02,excel 3軸 グラフ,,MOBILE,,0,2,0.0,81.0,query_device,2026-07-27 13:01:48
85388,2026-07-27,2025-07-02,excel chart with 3 axis,,DESKTOP,,0,1,0.0,54.0,query_device,2026-07-27 13:01:48
85389,2026-07-27,2025-07-02,excel sunburst diagramm,,DESKTOP,,0,3,0.0,62.666666666666664,query_device,2026-07-27 13:01:48
85390,2026-07-27,2025-07-02,excel treemap,,DESKTOP,,0,1,0.0,42.0,query_device,2026-07-27 13:01:48
85391,2026-07-27,2025-07-02,excel グラフ 3軸,,DESKTOP,,0,28,0.0,77.82142857142857,query_device,2026-07-27 13:01:48
85392,2026-07-27,2025-07-02,excel グラフ 3軸,,MOBILE,,0,32,0.0,75.875,query_device,2026-07-27 13:01:48
85393,2026-07-27,2025-07-02,excel 双y轴,,DESKTOP,,0,1,0.0,18.0,query_device,2026-07-27 13:01:48
85394,2026-07-27,2025-07-02,excel 圖表 雙y軸,,DESKTOP,,0,1,0.0,34.0,query_device,2026-07-27 13:01:48
85395,2026-07-27,2025-07-02,excel 雙y軸,,DESKTOP,,0,1,0.0,36.0,query_device,2026-07-27 13:01:48
85396,2026-07-27,2025-07-02,excel三個座標軸,,MOBILE,,0,2,0.0,29.5,query_device,2026-07-27 13:01:48
85397,2026-07-27,2025-07-02,excel三軸圖,,DESKTOP,,0,10,0.0,6.5,query_device,2026-07-27 13:01:48
85398,2026-07-27,2025-07-02,excel三軸圖,,MOBILE,,0,7,0.0,7.142857142857143,query_device,2026-07-27 13:01:48
85399,2026-07-27,2025-07-02,excel三軸圖,,TABLET,,0,1,0.0,7.0,query_device,2026-07-27 13:01:48
85400,2026-07-27,2025-07-02,excel双y轴柱状图,,DESKTOP,,0,1,0.0,47.0,query_device,2026-07-27 13:01:48
85401,2026-07-27,2025-07-02,explain the importance of understanding customers and the marketplace,,DESKTOP,,0,1,0.0,74.0,query_device,2026-07-27 13:01:48
85402,2026-07-27,2025-07-02,facebook ad grants for nonprofits,,DESKTOP,,0,1,0.0,56.0,query_device,2026-07-27 13:01:48
85403,2026-07-27,2025-07-02,facebook ads roas,,DESKTOP,,0,1,0.0,78.0,query_device,2026-07-27 13:01:48
85404,2026-07-27,2025-07-02,facebook business manager,,DESKTOP,,0,15,0.0,35.86666666666667,query_device,2026-07-27 13:01:48
85405,2026-07-27,2025-07-02,facebook business manager,,MOBILE,,0,2,0.0,38.5,query_device,2026-07-27 13:01:48
85406,2026-07-27,2025-07-02,facebook business manager create,,DESKTOP,,0,1,0.0,83.0,query_device,2026-07-27 13:01:48
85407,2026-07-27,2025-07-02,facebook conversions api ios14,,DESKTOP,,0,1,0.0,86.0,query_device,2026-07-27 13:01:48
85408,2026-07-27,2025-07-02,facebook group statistics,,DESKTOP,,0,1,0.0,76.0,query_device,2026-07-27 13:01:48
85409,2026-07-27,2025-07-02,facebook idfa,,DESKTOP,,0,1,0.0,27.0,query_device,2026-07-27 13:01:48
85410,2026-07-27,2025-07-02,facebook manager,,DESKTOP,,0,2,0.0,37.0,query_device,2026-07-27 13:01:48
85411,2026-07-27,2025-07-02,facebook marketplace卖东西,,DESKTOP,,0,1,0.0,90.0,query_device,2026-07-27 13:01:48
85412,2026-07-27,2025-07-02,facebook 商务管理平台,,DESKTOP,,0,1,0.0,35.0,query_device,2026-07-27 13:01:48
85413,2026-07-27,2025-07-02,facebook 广告,,DESKTOP,,0,7,0.0,51.0,query_device,2026-07-27 13:01:48
85414,2026-07-27,2025-07-02,facebook 广告,,MOBILE,,0,3,0.0,59.0,query_device,2026-07-27 13:01:48
85415,2026-07-27,2025-07-02,facebook 广告 营销,,DESKTOP,,0,5,0.0,64.8,query_device,2026-07-27 13:01:48
85416,2026-07-27,2025-07-02,facebook 推广,,DESKTOP,,0,1,0.0,65.0,query_device,2026-07-27 13:01:48
85417,2026-07-27,2025-07-02,facebook 推廣,,DESKTOP,,0,2,0.0,92.5,query_device,2026-07-27 13:01:48
85418,2026-07-27,2025-07-02,facebook.com/ads manager,,DESKTOP,,0,1,0.0,89.0,query_device,2026-07-27 13:01:48
85419,2026-07-27,2025-07-02,facebook各国用户排名,,DESKTOP,,0,3,0.0,91.0,query_device,2026-07-27 13:01:48
85420,2026-07-27,2025-07-02,facebook商务管理平台,,DESKTOP,,0,4,0.0,42.25,query_device,2026-07-27 13:01:48
85421,2026-07-27,2025-07-02,facebook如何获客,,DESKTOP,,0,1,0.0,87.0,query_device,2026-07-27 13:01:48
85422,2026-07-27,2025-07-02,facebook广告,,DESKTOP,,0,9,0.0,40.44444444444444,query_device,2026-07-27 13:01:48
85423,2026-07-27,2025-07-02,facebook广告,,MOBILE,,0,2,0.0,40.0,query_device,2026-07-27 13:01:48
85424,2026-07-27,2025-07-02,facebook广告营销,,DESKTOP,,0,10,0.0,58.2,query_device,2026-07-27 13:01:48
85425,2026-07-27,2025-07-02,facebook广告营销,,MOBILE,,0,23,0.0,59.69565217391305,query_device,2026-07-27 13:01:48
85426,2026-07-27,2025-07-02,facebook推广,,DESKTOP,,0,3,0.0,76.33333333333333,query_device,2026-07-27 13:01:48
85427,2026-07-27,2025-07-02,facebook推广,,MOBILE,,0,3,0.0,53.0,query_device,2026-07-27 13:01:48
85428,2026-07-27,2025-07-02,facebook标准事件,,DESKTOP,,0,3,0.0,46.333333333333336,query_device,2026-07-27 13:01:48
85429,2026-07-27,2025-07-02,facebook标准事件,,MOBILE,,0,1,0.0,74.0,query_device,2026-07-27 13:01:48
85430,2026-07-27,2025-07-02,facebook群组,,DESKTOP,,0,1,0.0,94.0,query_device,2026-07-27 13:01:48
85431,2026-07-27,2025-07-02,facebook营销,,DESKTOP,,0,4,0.0,65.0,query_device,2026-07-27 13:01:48
85432,2026-07-27,2025-07-02,facebook营销,,MOBILE,,0,1,0.0,51.0,query_device,2026-07-27 13:01:48
85433,2026-07-27,2025-07-02,facebook表单广告,,DESKTOP,,0,2,0.0,27.5,query_device,2026-07-27 13:01:48
85434,2026-07-27,2025-07-02,facebook跨境电商,,DESKTOP,,0,3,0.0,49.333333333333336,query_device,2026-07-27 13:01:48
85435,2026-07-27,2025-07-02,facebook跨境电商,,MOBILE,,0,2,0.0,55.5,query_device,2026-07-27 13:01:48
85436,2026-07-27,2025-07-02,fb business manager,,DESKTOP,,0,2,0.0,48.5,query_device,2026-07-27 13:01:48
85437,2026-07-27,2025-07-02,fb 多广告主广告,,DESKTOP,,0,1,0.0,83.0,query_device,2026-07-27 13:01:48
85438,2026-07-27,2025-07-02,fb 广告,,DESKTOP,,0,2,0.0,23.5,query_device,2026-07-27 13:01:48
85439,2026-07-27,2025-07-02,fb 推广,,DESKTOP,,0,26,0.0,31.153846153846153,query_device,2026-07-27 13:01:48
85440,2026-07-27,2025-07-02,fb广告,,DESKTOP,,0,2,0.0,89.0,query_device,2026-07-27 13:01:48
85441,2026-07-27,2025-07-02,fb广告投放技巧,,DESKTOP,,0,1,0.0,84.0,query_device,2026-07-27 13:01:48
85442,2026-07-27,2025-07-02,fb广告自动化设置,,DESKTOP,,0,8,0.0,76.0,query_device,2026-07-27 13:01:48
85443,2026-07-27,2025-07-02,fb表單,,DESKTOP,,0,3,0.0,56.333333333333336,query_device,2026-07-27 13:01:48
85444,2026-07-27,2025-07-02,gdn lightbox,,DESKTOP,,0,1,0.0,61.0,query_device,2026-07-27 13:01:48
85445,2026-07-27,2025-07-02,gdn是什么,,DESKTOP,,0,1,0.0,69.0,query_device,2026-07-27 13:01:48
85446,2026-07-27,2025-07-02,gdn目標對象,,DESKTOP,,0,1,0.0,92.0,query_device,2026-07-27 13:01:48
85447,2026-07-27,2025-07-02,googe 推荐搜索广告数量,,DESKTOP,,0,31,0.0,65.61290322580645,query_device,2026-07-27 13:01:48
85448,2026-07-27,2025-07-02,google ads 360,,DESKTOP,,0,1,0.0,27.0,query_device,2026-07-27 13:01:48
85449,2026-07-27,2025-07-02,google ads cpm,,DESKTOP,,0,5,0.0,81.4,query_device,2026-07-27 13:01:48
85450,2026-07-27,2025-07-02,google ads creative studio,,DESKTOP,,0,1,0.0,55.0,query_device,2026-07-27 13:01:48
85451,2026-07-27,2025-07-02,google ads destination mismatch,,DESKTOP,,0,4,0.0,42.25,query_device,2026-07-27 13:01:48
85452,2026-07-27,2025-07-02,google ads editor,,DESKTOP,,0,4,0.0,18.75,query_device,2026-07-27 13:01:48
85453,2026-07-27,2025-07-02,google ads forecast,,DESKTOP,,0,1,0.0,40.0,query_device,2026-07-27 13:01:48
85454,2026-07-27,2025-07-02,google ads html5,,DESKTOP,,0,1,0.0,40.0,query_device,2026-07-27 13:01:48
85455,2026-07-27,2025-07-02,google ads lead forms,,DESKTOP,,0,1,0.0,28.0,query_device,2026-07-27 13:01:48
85456,2026-07-27,2025-07-02,google ads pricing,,DESKTOP,,0,1,0.0,70.0,query_device,2026-07-27 13:01:48
85457,2026-07-27,2025-07-02,google ads roas,,DESKTOP,,0,1,0.0,54.0,query_device,2026-07-27 13:01:48
85458,2026-07-27,2025-07-02,google ads roi,,DESKTOP,,0,1,0.0,51.0,query_device,2026-07-27 13:01:48
85459,2026-07-27,2025-07-02,google ads rsa,,DESKTOP,,0,1,0.0,72.0,query_device,2026-07-27 13:01:48
85460,2026-07-27,2025-07-02,google ads search ads,,DESKTOP,,0,1,0.0,99.0,query_device,2026-07-27 13:01:48
85461,2026-07-27,2025-07-02,google ads sem,,DESKTOP,,0,1,0.0,100.0,query_device,2026-07-27 13:01:48
85462,2026-07-27,2025-07-02,google ads smart campaigns,,DESKTOP,,0,1,0.0,89.0,query_device,2026-07-27 13:01:48
85463,2026-07-27,2025-07-02,google ads tag,,DESKTOP,,0,1,0.0,22.0,query_device,2026-07-27 13:01:48
85464,2026-07-27,2025-07-02,google ads target roas,,DESKTOP,,0,18,0.0,82.05555555555556,query_device,2026-07-27 13:01:48
85465,2026-07-27,2025-07-02,google ads 关键词规划师,,DESKTOP,,0,2,0.0,25.5,query_device,2026-07-27 13:01:48
85466,2026-07-27,2025-07-02,google ads 可以通过下面哪两种方式助您实现业务目标？（请选择两项。）,,DESKTOP,,0,1,0.0,18.0,query_device,2026-07-27 13:01:48
85467,2026-07-27,2025-07-02,google ads 搜尋廣告認證,,DESKTOP,,0,1,0.0,52.0,query_device,2026-07-27 13:01:48
85468,2026-07-27,2025-07-02,google ads 搜尋廣告認證,,MOBILE,,0,1,0.0,54.0,query_device,2026-07-27 13:01:48
85469,2026-07-27,2025-07-02,google ads 编辑器,,DESKTOP,,0,3,0.0,16.0,query_device,2026-07-27 13:01:48
85470,2026-07-27,2025-07-02,google ads 编辑器,,MOBILE,,0,1,0.0,17.0,query_device,2026-07-27 13:01:48
85471,2026-07-27,2025-07-02,google ads 認證,,DESKTOP,,0,1,0.0,52.0,query_device,2026-07-27 13:01:48
85472,2026-07-27,2025-07-02,google ads 认证,,DESKTOP,,0,3,0.0,37.0,query_device,2026-07-27 13:01:48
85473,2026-07-27,2025-07-02,google ads 运营公司,,DESKTOP,,0,12,0.0,75.25,query_device,2026-07-27 13:01:48
85474,2026-07-27,2025-07-02,google ads促销代码,,DESKTOP,,0,4,0.0,10.75,query_device,2026-07-27 13:01:48
85475,2026-07-27,2025-07-02,google ads認證,,DESKTOP,,0,1,0.0,51.0,query_device,2026-07-27 13:01:48
85476,2026-07-27,2025-07-02,google ads认证,,DESKTOP,,0,4,0.0,44.25,query_device,2026-07-27 13:01:48
85477,2026-07-27,2025-07-02,google ads认证考试,,DESKTOP,,0,2,0.0,32.0,query_device,2026-07-27 13:01:48
85478,2026-07-27,2025-07-02,google ads關鍵字規劃工具,,DESKTOP,,0,15,0.0,64.73333333333333,query_device,2026-07-27 13:01:48
85479,2026-07-27,2025-07-02,google adweb,,DESKTOP,,0,3,0.0,84.66666666666667,query_device,2026-07-27 13:01:48
85480,2026-07-27,2025-07-02,google adword express,,DESKTOP,,0,6,0.0,93.16666666666667,query_device,2026-07-27 13:01:48
85481,2026-07-27,2025-07-02,google adwords 关键 词 工具,,DESKTOP,,0,81,0.0,67.30864197530865,query_device,2026-07-27 13:01:48
85482,2026-07-27,2025-07-02,google adwords 关键 词 工具,,MOBILE,,0,118,0.0,73.92372881355932,query_device,2026-07-27 13:01:48
85483,2026-07-27,2025-07-02,google adwords关键字工具,,DESKTOP,,0,12,0.0,69.0,query_device,2026-07-27 13:01:48
85484,2026-07-27,2025-07-02,google adwords关键字工具,,MOBILE,,0,3,0.0,68.0,query_device,2026-07-27 13:01:48
85485,2026-07-27,2025-07-02,google adwords关键词工具,,DESKTOP,,0,143,0.0,74.37062937062937,query_device,2026-07-27 13:01:48
85486,2026-07-27,2025-07-02,google adwords关键词工具,,MOBILE,,0,98,0.0,70.09183673469387,query_device,2026-07-27 13:01:48
85487,2026-07-27,2025-07-02,google adwords关键词规划师,,DESKTOP,,0,1,0.0,58.0,query_device,2026-07-27 13:01:48
85488,2026-07-27,2025-07-02,google analytics acquisition channels,,DESKTOP,,0,1,0.0,67.0,query_device,2026-07-27 13:01:48
85489,2026-07-27,2025-07-02,google analytics attribution models,,DESKTOP,,0,1,0.0,56.0,query_device,2026-07-27 13:01:48
85490,2026-07-27,2025-07-02,google app广告,,DESKTOP,,0,1,0.0,44.0,query_device,2026-07-27 13:01:48
85491,2026-07-27,2025-07-02,google attribution model,,DESKTOP,,0,1,0.0,82.0,query_device,2026-07-27 13:01:48
85492,2026-07-27,2025-07-02,google chart examples,,DESKTOP,,0,1,0.0,51.0,query_device,2026-07-27 13:01:48
85493,2026-07-27,2025-07-02,google charts data visualization,,DESKTOP,,0,1,0.0,43.0,query_device,2026-07-27 13:01:48
85494,2026-07-27,2025-07-02,google charts example,,MOBILE,,0,1,0.0,57.0,query_device,2026-07-27 13:01:48
85495,2026-07-27,2025-07-02,google charts examples,,DESKTOP,,0,17,0.0,60.35294117647059,query_device,2026-07-27 13:01:48
85496,2026-07-27,2025-07-02,google charts examples,,MOBILE,,0,7,0.0,57.142857142857146,query_device,2026-07-27 13:01:48
85497,2026-07-27,2025-07-02,google cpa,,DESKTOP,,0,3,0.0,50.666666666666664,query_device,2026-07-27 13:01:48
85498,2026-07-27,2025-07-02,google cpc,,DESKTOP,,0,44,0.0,49.65909090909091,query_device,2026-07-27 13:01:48
85499,2026-07-27,2025-07-02,google cpc,,MOBILE,,0,15,0.0,51.53333333333333,query_device,2026-07-27 13:01:48
85500,2026-07-27,2025-07-02,google cpm,,DESKTOP,,0,3,0.0,61.666666666666664,query_device,2026-07-27 13:01:48
85501,2026-07-27,2025-07-02,google cps,,DESKTOP,,0,1,0.0,4.0,query_device,2026-07-27 13:01:48
85502,2026-07-27,2025-07-02,google creative studio,,DESKTOP,,0,1,0.0,64.0,query_device,2026-07-27 13:01:48
85503,2026-07-27,2025-07-02,google data visualisation,,DESKTOP,,0,1,0.0,46.0,query_device,2026-07-27 13:01:48
85504,2026-07-27,2025-07-02,google data visualization tools,,DESKTOP,,0,1,0.0,48.0,query_device,2026-07-27 13:01:48
85505,2026-07-27,2025-07-02,google director mix,,MOBILE,,0,1,0.0,76.0,query_device,2026-07-27 13:01:48
85506,2026-07-27,2025-07-02,google discovery logo,,DESKTOP,,0,1,0.0,43.0,query_device,2026-07-27 13:01:48
85507,2026-07-27,2025-07-02,google display cpm,,DESKTOP,,0,1,0.0,81.0,query_device,2026-07-27 13:01:48
85508,2026-07-27,2025-07-02,google dsa,,DESKTOP,,0,25,0.0,35.8,query_device,2026-07-27 13:01:48
85509,2026-07-27,2025-07-02,google keyword planner怎么用,,DESKTOP,,0,5,0.0,76.8,query_device,2026-07-27 13:01:48
85510,2026-07-27,2025-07-02,google keyword planner怎么用,,MOBILE,,0,1,0.0,75.0,query_device,2026-07-27 13:01:48
85511,2026-07-27,2025-07-02,google map 推广,,DESKTOP,,0,2,0.0,95.0,query_device,2026-07-27 13:01:48
85512,2026-07-27,2025-07-02,google map 推广,,MOBILE,,0,2,0.0,94.0,query_device,2026-07-27 13:01:48
85513,2026-07-27,2025-07-02,google marketing api,,DESKTOP,,0,1,0.0,43.0,query_device,2026-07-27 13:01:48
85514,2026-07-27,2025-07-02,google merchant promotions,,DESKTOP,,0,1,0.0,78.0,query_device,2026-07-27 13:01:48
85515,2026-07-27,2025-07-02,google rankbrain 2020,,DESKTOP,,0,1,0.0,69.0,query_device,2026-07-27 13:01:48
85516,2026-07-27,2025-07-02,google roas,,DESKTOP,,0,1,0.0,57.0,query_device,2026-07-27 13:01:48
85517,2026-07-27,2025-07-02,google sankey,,DESKTOP,,0,1,0.0,8.0,query_device,2026-07-27 13:01:48
85518,2026-07-27,2025-07-02,google sem,,DESKTOP,,0,1,0.0,87.0,query_device,2026-07-27 13:01:48
85519,2026-07-27,2025-07-02,google seo adwords,,DESKTOP,,0,1,0.0,89.0,query_device,2026-07-27 13:01:48
85520,2026-07-27,2025-07-02,google seo and sem,,MOBILE,,0,1,0.0,56.0,query_device,2026-07-27 13:01:48
85521,2026-07-27,2025-07-02,google seo推广,,DESKTOP,,0,2,0.0,93.5,query_device,2026-07-27 13:01:48
85522,2026-07-27,2025-07-02,google serp ctr,,DESKTOP,,0,1,0.0,6.0,query_device,2026-07-27 13:01:48
85523,2026-07-27,2025-07-02,google sheet pie chart show value,,DESKTOP,,0,1,0.0,13.0,query_device,2026-07-27 13:01:48
85524,2026-07-27,2025-07-02,google sheets dot plot,,DESKTOP,,0,1,0.0,52.0,query_device,2026-07-27 13:01:48
85525,2026-07-27,2025-07-02,google sheets drop down list multiple selection,,DESKTOP,,0,1,0.0,71.0,query_device,2026-07-27 13:01:48
85526,2026-07-27,2025-07-02,google sheets line graph,,DESKTOP,,0,1,0.0,12.0,query_device,2026-07-27 13:01:48
85527,2026-07-27,2025-07-02,google sheets pareto chart,,DESKTOP,,0,4,0.0,53.5,query_device,2026-07-27 13:01:48
85528,2026-07-27,2025-07-02,google sheets pareto chart,,MOBILE,,0,1,0.0,66.0,query_device,2026-07-27 13:01:48
85529,2026-07-27,2025-07-02,google sheets pareto chart tutorial,,DESKTOP,,0,1,0.0,74.0,query_device,2026-07-27 13:01:48
85530,2026-07-27,2025-07-02,google sheets sankey,,DESKTOP,,0,2,0.0,51.5,query_device,2026-07-27 13:01:48
85531,2026-07-27,2025-07-02,google sheets sankey chart,,DESKTOP,,0,1,0.0,56.0,query_device,2026-07-27 13:01:48
85532,2026-07-27,2025-07-02,google sheets sankey diagram,,DESKTOP,,0,9,0.0,54.22222222222222,query_device,2026-07-27 13:01:48
85533,2026-07-27,2025-07-02,google sheets sankey diagram,,TABLET,,0,1,0.0,37.0,query_device,2026-07-27 13:01:48
85534,2026-07-27,2025-07-02,google sheets track changes,,DESKTOP,,0,1,0.0,20.0,query_device,2026-07-27 13:01:48
85535,2026-07-27,2025-07-02,google sheets word cloud,,DESKTOP,,0,1,0.0,9.0,query_device,2026-07-27 13:01:48
85536,2026-07-27,2025-07-02,google shopping怎么用,,DESKTOP,,0,1,0.0,38.0,query_device,2026-07-27 13:01:48
85537,2026-07-27,2025-07-02,google table chart,,DESKTOP,,0,1,0.0,34.0,query_device,2026-07-27 13:01:48
85538,2026-07-27,2025-07-02,google tag manager 介绍,,DESKTOP,,0,1,0.0,55.0,query_device,2026-07-27 13:01:48
85539,2026-07-27,2025-07-02,google tag manager是什么,,DESKTOP,,0,2,0.0,44.5,query_device,2026-07-27 13:01:48
85540,2026-07-27,2025-07-02,google troas,,DESKTOP,,0,1,0.0,74.0,query_device,2026-07-27 13:01:48
85541,2026-07-27,2025-07-02,google visualization table,,MOBILE,,0,1,0.0,53.0,query_device,2026-07-27 13:01:48
85542,2026-07-27,2025-07-02,google 再營銷,,DESKTOP,,0,12,0.0,76.33333333333333,query_device,2026-07-27 13:01:48
85543,2026-07-27,2025-07-02,google 再營銷,,MOBILE,,0,11,0.0,79.0,query_device,2026-07-27 13:01:48
85544,2026-07-27,2025-07-02,google 展示 广告,,DESKTOP,,0,14,0.0,77.07142857142857,query_device,2026-07-27 13:01:48
85545,2026-07-27,2025-07-02,google 展示广告如何助力广告客户提高营销效果？,,DESKTOP,,0,2,0.0,25.0,query_device,2026-07-27 13:01:48
85546,2026-07-27,2025-07-02,google 展示广告如何助力广告客户提高营销效果？,,MOBILE,,0,1,0.0,44.0,query_device,2026-07-27 13:01:48
85547,2026-07-27,2025-07-02,google 广告 价格,,DESKTOP,,0,7,0.0,67.85714285714286,query_device,2026-07-27 13:01:48
85548,2026-07-27,2025-07-02,google 广告 价格,,MOBILE,,0,2,0.0,83.5,query_device,2026-07-27 13:01:48
85549,2026-07-27,2025-07-02,google 广告 优化,,DESKTOP,,0,23,0.0,82.69565217391305,query_device,2026-07-27 13:01:48
85550,2026-07-27,2025-07-02,google 广告 关键 词,,DESKTOP,,0,32,0.0,64.15625,query_device,2026-07-27 13:01:48
85551,2026-07-27,2025-07-02,google 广告 分成,,DESKTOP,,0,1,0.0,97.0,query_device,2026-07-27 13:01:48
85552,2026-07-27,2025-07-02,google 广告 设置,,DESKTOP,,0,1,0.0,93.0,query_device,2026-07-27 13:01:48
85553,2026-07-27,2025-07-02,google 廣告 預算,,DESKTOP,,0,1,0.0,92.0,query_device,2026-07-27 13:01:48
85554,2026-07-27,2025-07-02,google 廣告預算,,DESKTOP,,0,1,0.0,87.0,query_device,2026-07-27 13:01:48
85555,2026-07-27,2025-07-02,google 廣告預算,,MOBILE,,0,1,0.0,86.0,query_device,2026-07-27 13:01:48
85556,2026-07-27,2025-07-02,google 懲罰,,MOBILE,,0,56,0.0,64.67857142857143,query_device,2026-07-27 13:01:48
85557,2026-07-27,2025-07-02,google 竞价 排名,,DESKTOP,,0,38,0.0,79.44736842105263,query_device,2026-07-27 13:01:48
85558,2026-07-27,2025-07-02,google 關鍵字搜尋量,,MOBILE,,0,1,0.0,93.0,query_device,2026-07-27 13:01:48
85559,2026-07-27,2025-07-02,google再營銷,,DESKTOP,,0,9,0.0,73.0,query_device,2026-07-27 13:01:48
85560,2026-07-27,2025-07-02,google再營銷,,MOBILE,,0,4,0.0,77.75,query_device,2026-07-27 13:01:48
85561,2026-07-27,2025-07-02,google動態廣告,,DESKTOP,,0,12,0.0,38.5,query_device,2026-07-27 13:01:48
85562,2026-07-27,2025-07-02,google動態廣告,,MOBILE,,0,7,0.0,43.0,query_device,2026-07-27 13:01:48
85563,2026-07-27,2025-07-02,google動態廣告目標,,DESKTOP,,0,2,0.0,46.0,query_device,2026-07-27 13:01:48
85564,2026-07-27,2025-07-02,google動態廣告目標,,MOBILE,,0,3,0.0,46.666666666666664,query_device,2026-07-27 13:01:48
85565,2026-07-27,2025-07-02,google動態搜尋廣告,,DESKTOP,,0,3,0.0,49.666666666666664,query_device,2026-07-27 13:01:48
85566,2026-07-27,2025-07-02,google動態搜尋廣告,,MOBILE,,0,3,0.0,47.333333333333336,query_device,2026-07-27 13:01:48
85567,2026-07-27,2025-07-02,google合作夥伴名單,,MOBILE,,0,1,0.0,19.0,query_device,2026-07-27 13:01:48
85568,2026-07-27,2025-07-02,google商家最佳實踐,,DESKTOP,,0,1,0.0,45.0,query_device,2026-07-27 13:01:48
85569,2026-07-27,2025-07-02,google展示广告,,DESKTOP,,0,4,0.0,75.25,query_device,2026-07-27 13:01:48
85570,2026-07-27,2025-07-02,google展示广告,,MOBILE,,0,2,0.0,75.0,query_device,2026-07-27 13:01:48
85571,2026-07-27,2025-07-02,google广告优化,,DESKTOP,,0,69,0.0,77.47826086956522,query_device,2026-07-27 13:01:48
85572,2026-07-27,2025-07-02,google广告优化,,MOBILE,,0,65,0.0,78.0923076923077,query_device,2026-07-27 13:01:48
85573,2026-07-27,2025-07-02,google广告拒登,,DESKTOP,,0,4,0.0,56.5,query_device,2026-07-27 13:01:48
85574,2026-07-27,2025-07-02,google广告拒登,,MOBILE,,0,4,0.0,69.0,query_device,2026-07-27 13:01:48
85575,2026-07-27,2025-07-02,google广告排名,,DESKTOP,,0,2,0.0,64.5,query_device,2026-07-27 13:01:48
85576,2026-07-27,2025-07-02,google广告排名,,MOBILE,,0,1,0.0,98.0,query_device,2026-07-27 13:01:48
85577,2026-07-27,2025-07-02,google廣告創作,,DESKTOP,,0,29,0.0,20.93103448275862,query_device,2026-07-27 13:01:48
85578,2026-07-27,2025-07-02,google探索是什么,,DESKTOP,,0,1,0.0,90.0,query_device,2026-07-27 13:01:48
85579,2026-07-27,2025-07-02,google购物广告,,DESKTOP,,0,3,0.0,91.33333333333333,query_device,2026-07-27 13:01:48
85580,2026-07-27,2025-07-02,google购物广告,,MOBILE,,0,9,0.0,73.22222222222223,query_device,2026-07-27 13:01:48
85581,2026-07-27,2025-07-02,google關鍵字搜尋量,,DESKTOP,,0,3,0.0,89.66666666666667,query_device,2026-07-27 13:01:48
85582,2026-07-27,2025-07-02,google關鍵字搜尋量,,MOBILE,,0,1,0.0,94.0,query_device,2026-07-27 13:01:48
85583,2026-07-27,2025-07-02,grouped line graph,,DESKTOP,,0,1,0.0,58.0,query_device,2026-07-27 13:01:48
85584,2026-07-27,2025-07-02,gtm,,DESKTOP,,0,8,0.0,91.125,query_device,2026-07-27 13:01:48
85585,2026-07-27,2025-07-02,gtm 是什麼,,DESKTOP,,0,5,0.0,75.4,query_device,2026-07-27 13:01:48
85586,2026-07-27,2025-07-02,gtm 是什麼,,MOBILE,,0,5,0.0,78.2,query_device,2026-07-27 13:01:48
85587,2026-07-27,2025-07-02,gtm是什麼,,DESKTOP,,0,23,0.0,81.73913043478261,query_device,2026-07-27 13:01:48
85588,2026-07-27,2025-07-02,gtm是什麼,,MOBILE,,0,2,0.0,78.5,query_device,2026-07-27 13:01:48
85589,2026-07-27,2025-07-02,gtm預覽模式,,DESKTOP,,0,3,0.0,90.0,query_device,2026-07-27 13:01:48
85590,2026-07-27,2025-07-02,h5广告,,DESKTOP,,0,1,0.0,37.0,query_device,2026-07-27 13:01:48
85591,2026-07-27,2025-07-02,how big is your company?,,DESKTOP,,0,1,0.0,23.0,query_device,2026-07-27 13:01:48
85592,2026-07-27,2025-07-02,how to add data to a chart in google sheets,,DESKTOP,,0,1,0.0,22.0,query_device,2026-07-27 13:01:48
85593,2026-07-27,2025-07-02,how to center text in google sheets,,DESKTOP,,0,1,0.0,47.0,query_device,2026-07-27 13:01:48
85594,2026-07-27,2025-07-02,how to create html5 ads,,DESKTOP,,0,1,0.0,23.0,query_device,2026-07-27 13:01:48
85595,2026-07-27,2025-07-02,how to draw a line graph,,DESKTOP,,0,1,0.0,80.0,query_device,2026-07-27 13:01:48
85596,2026-07-27,2025-07-02,how to find outliers in boxplot,,DESKTOP,,0,1,0.0,83.0,query_device,2026-07-27 13:01:48
85597,2026-07-27,2025-07-02,how to interpret boxplot,,DESKTOP,,0,1,0.0,89.0,query_device,2026-07-27 13:01:48
85598,2026-07-27,2025-07-02,how to linkedin account,,DESKTOP,,0,1,0.0,68.0,query_device,2026-07-27 13:01:48
85599,2026-07-27,2025-07-02,how to make a behavior chart,,DESKTOP,,0,1,0.0,47.0,query_device,2026-07-27 13:01:48
85600,2026-07-27,2025-07-02,how to make a comparison chart in excel,,DESKTOP,,0,1,0.0,74.0,query_device,2026-07-27 13:01:48
85601,2026-07-27,2025-07-02,how to make a pareto chart in google sheets,,DESKTOP,,0,1,0.0,93.0,query_device,2026-07-27 13:01:48
85602,2026-07-27,2025-07-02,how to make a simple bar graph,,DESKTOP,,0,1,0.0,67.0,query_device,2026-07-27 13:01:48
85603,2026-07-27,2025-07-02,how to make box and whisker plot in google sheets,,DESKTOP,,0,1,0.0,94.0,query_device,2026-07-27 13:01:48
85604,2026-07-27,2025-07-02,how to make box plot,,DESKTOP,,0,1,0.0,71.0,query_device,2026-07-27 13:01:48
85605,2026-07-27,2025-07-02,how to make box plot in google sheets,,DESKTOP,,0,1,0.0,2.0,query_device,2026-07-27 13:01:48
85606,2026-07-27,2025-07-02,how to make drop down list in google sheets,,DESKTOP,,0,1,0.0,34.0,query_device,2026-07-27 13:01:48
85607,2026-07-27,2025-07-02,how to see changes in google sheets,,DESKTOP,,0,1,0.0,31.0,query_device,2026-07-27 13:01:48
85608,2026-07-27,2025-07-02,how to track changes in google sheets,,DESKTOP,,0,1,0.0,17.0,query_device,2026-07-27 13:01:48
85609,2026-07-27,2025-07-02,how to use word cloud generator,,DESKTOP,,0,1,0.0,38.0,query_device,2026-07-27 13:01:48
85610,2026-07-27,2025-07-02,html5 ads google ads,,DESKTOP,,0,1,0.0,43.0,query_device,2026-07-27 13:01:48
85611,2026-07-27,2025-07-02,html5 google ads,,DESKTOP,,0,2,0.0,37.5,query_device,2026-07-27 13:01:48
85612,2026-07-27,2025-07-02,html5 google ads,,MOBILE,,0,1,0.0,50.0,query_device,2026-07-27 13:01:48
85613,2026-07-27,2025-07-02,imc是什么,,DESKTOP,,0,2,0.0,61.5,query_device,2026-07-27 13:01:48
85614,2026-07-27,2025-07-02,imc是什么,,MOBILE,,0,1,0.0,85.0,query_device,2026-07-27 13:01:48
85615,2026-07-27,2025-07-02,importance of market share,,DESKTOP,,0,1,0.0,101.0,query_device,2026-07-27 13:01:48
85616,2026-07-27,2025-07-02,interactive bar graph,,DESKTOP,,0,1,0.0,68.0,query_device,2026-07-27 13:01:48
85617,2026-07-27,2025-07-02,is there a google ads library,,DESKTOP,,0,1,0.0,28.0,query_device,2026-07-27 13:01:48
85618,2026-07-27,2025-07-02,keywordshitter.com 2,,MOBILE,,0,1,0.0,43.0,query_device,2026-07-27 13:01:48
85619,2026-07-27,2025-07-02,landing page quality score google ads,,DESKTOP,,0,1,0.0,47.0,query_device,2026-07-27 13:01:48
85620,2026-07-27,2025-07-02,large target market,,DESKTOP,,0,1,0.0,62.0,query_device,2026-07-27 13:01:48
85621,2026-07-27,2025-07-02,lightbox ads google,,MOBILE,,0,1,0.0,96.0,query_device,2026-07-27 13:01:48
85622,2026-07-27,2025-07-02,likert,,DESKTOP,,0,1,0.0,90.0,query_device,2026-07-27 13:01:48
85623,2026-07-27,2025-07-02,likert scale是什么,,DESKTOP,,0,2,0.0,44.5,query_device,2026-07-27 13:01:48
85624,2026-07-27,2025-07-02,likert量表,,DESKTOP,,0,1,0.0,32.0,query_device,2026-07-27 13:01:48
85625,2026-07-27,2025-07-02,line graph advantages,,DESKTOP,,0,1,0.0,11.0,query_device,2026-07-27 13:01:48
85626,2026-07-27,2025-07-02,lines of symmetry worksheet year 5,,DESKTOP,,0,1,0.0,35.0,query_device,2026-07-27 13:01:48
85627,2026-07-27,2025-07-02,linkedin 行销,,DESKTOP,,0,7,0.0,81.0,query_device,2026-07-27 13:01:48
85628,2026-07-27,2025-07-02,linkedin上的营销专业小组,,DESKTOP,,0,9,0.0,63.111111111111114,query_device,2026-07-27 13:01:48
85629,2026-07-27,2025-07-02,linkedin广告,,MOBILE,,0,1,0.0,83.0,query_device,2026-07-27 13:01:48
85630,2026-07-27,2025-07-02,linkedin推广,,DESKTOP,,0,1,0.0,69.0,query_device,2026-07-27 13:01:48
85631,2026-07-27,2025-07-02,linkedin推广,,MOBILE,,0,2,0.0,76.5,query_device,2026-07-27 13:01:48
85632,2026-07-27,2025-07-02,linkedin注册不了,,DESKTOP,,0,4,0.0,11.5,query_device,2026-07-27 13:01:48
85633,2026-07-27,2025-07-02,linkedin注册不了,,MOBILE,,0,1,0.0,30.0,query_device,2026-07-27 13:01:48
85634,2026-07-27,2025-07-02,looker kpi,,DESKTOP,,0,1,0.0,30.0,query_device,2026-07-27 13:01:48
85635,2026-07-27,2025-07-02,ltv 是什么,,MOBILE,,0,1,0.0,55.0,query_device,2026-07-27 13:01:48
85636,2026-07-27,2025-07-02,ltv是什么意思,,DESKTOP,,0,1,0.0,63.0,query_device,2026-07-27 13:01:48
85637,2026-07-27,2025-07-02,make a bar graph worksheet,,DESKTOP,,0,1,0.0,12.0,query_device,2026-07-27 13:01:48
85638,2026-07-27,2025-07-02,market size estimation techniques,,DESKTOP,,0,1,0.0,10.0,query_device,2026-07-27 13:01:48
85639,2026-07-27,2025-07-02,meta投放,,MOBILE,,0,1,0.0,100.0,query_device,2026-07-27 13:01:48
85640,2026-07-27,2025-07-02,microsoft ads,,MOBILE,,0,1,0.0,49.0,query_device,2026-07-27 13:01:48
85641,2026-07-27,2025-07-02,molly fish diagram,,DESKTOP,,0,1,0.0,19.0,query_device,2026-07-27 13:01:48
85642,2026-07-27,2025-07-02,mql,,DESKTOP,,0,1,0.0,94.0,query_device,2026-07-27 13:01:48
85643,2026-07-27,2025-07-02,mql sql,,DESKTOP,,0,2,0.0,27.0,query_device,2026-07-27 13:01:48
85644,2026-07-27,2025-07-02,mqls and sqls,,DESKTOP,,0,1,0.0,11.0,query_device,2026-07-27 13:01:48
85645,2026-07-27,2025-07-02,mqls marketing,,DESKTOP,,0,1,0.0,79.0,query_device,2026-07-27 13:01:48
85646,2026-07-27,2025-07-02,mql是什么,,DESKTOP,,0,1,0.0,26.0,query_device,2026-07-27 13:01:48
85647,2026-07-27,2025-07-02,multiple pie of pie chart,,DESKTOP,,0,1,0.0,94.0,query_device,2026-07-27 13:01:48
85648,2026-07-27,2025-07-02,netflix廣告,,DESKTOP,,0,1,0.0,88.0,query_device,2026-07-27 13:01:48
85649,2026-07-27,2025-07-02,pareto chart google sheets,,DESKTOP,,0,11,0.0,57.90909090909091,query_device,2026-07-27 13:01:48
85650,2026-07-27,2025-07-02,pareto chart in google sheets,,DESKTOP,,0,2,0.0,56.0,query_device,2026-07-27 13:01:48
85651,2026-07-27,2025-07-02,pareto chart used for,,DESKTOP,,0,1,0.0,49.0,query_device,2026-07-27 13:01:48
85652,2026-07-27,2025-07-02,pareto diagram example,,DESKTOP,,0,1,0.0,90.0,query_device,2026-07-27 13:01:48
85653,2026-07-27,2025-07-02,pareto google sheets,,DESKTOP,,0,2,0.0,45.5,query_device,2026-07-27 13:01:48
85654,2026-07-27,2025-07-02,performance max,,DESKTOP,,0,1,0.0,39.0,query_device,2026-07-27 13:01:48
85655,2026-07-27,2025-07-02,peso模型,,DESKTOP,,0,5,0.0,6.4,query_device,2026-07-27 13:01:48
85656,2026-07-27,2025-07-02,pie chart free,,DESKTOP,,0,1,0.0,88.0,query_device,2026-07-27 13:01:48
85657,2026-07-27,2025-07-02,pinterest ads support,,DESKTOP,,0,1,0.0,65.0,query_device,2026-07-27 13:01:48
85658,2026-07-27,2025-07-02,pinterest 广告,,DESKTOP,,0,6,0.0,10.666666666666666,query_device,2026-07-27 13:01:48
85659,2026-07-27,2025-07-02,pinterest 广告,,MOBILE,,0,1,0.0,25.0,query_device,2026-07-27 13:01:48
85660,2026-07-27,2025-07-02,pinterest 廣告,,DESKTOP,,0,1,0.0,30.0,query_device,2026-07-27 13:01:48
85661,2026-07-27,2025-07-02,pinterest广告,,DESKTOP,,0,17,0.0,10.0,query_device,2026-07-27 13:01:48
85662,2026-07-27,2025-07-02,pinterest广告,,MOBILE,,0,2,0.0,20.5,query_device,2026-07-27 13:01:48
85663,2026-07-27,2025-07-02,pinterest广告投放,,DESKTOP,,0,1,0.0,32.0,query_device,2026-07-27 13:01:48
85664,2026-07-27,2025-07-02,pinterest怎么知道那个图片受欢迎,,DESKTOP,,0,27,0.0,33.629629629629626,query_device,2026-07-27 13:01:48
85665,2026-07-27,2025-07-02,plm 業務改善,,DESKTOP,,0,3,0.0,44.0,query_device,2026-07-27 13:01:48
85666,2026-07-27,2025-07-02,ppc cpc,,DESKTOP,,0,1,0.0,96.0,query_device,2026-07-27 13:01:48
85667,2026-07-27,2025-07-02,ppc performance,,DESKTOP,,0,1,0.0,67.0,query_device,2026-07-27 13:01:48
85668,2026-07-27,2025-07-02,ppc services meaning,,DESKTOP,,0,1,0.0,24.0,query_device,2026-07-27 13:01:48
85669,2026-07-27,2025-07-02,puffery,,DESKTOP,,0,3,0.0,90.0,query_device,2026-07-27 13:01:48
85670,2026-07-27,2025-07-02,puffery,,MOBILE,,0,1,0.0,99.0,query_device,2026-07-27 13:01:48
85671,2026-07-27,2025-07-02,reddit 广告,,DESKTOP,,0,2,0.0,37.5,query_device,2026-07-27 13:01:48
85672,2026-07-27,2025-07-02,reddit广告,,DESKTOP,,0,3,0.0,36.0,query_device,2026-07-27 13:01:48
85673,2026-07-27,2025-07-02,reddit广告投放,,DESKTOP,,0,1,0.0,15.0,query_device,2026-07-27 13:01:48
85674,2026-07-27,2025-07-02,reddit推广,,DESKTOP,,0,1,0.0,45.0,query_device,2026-07-27 13:01:48
85675,2026-07-27,2025-07-02,revenue marketing definition,,DESKTOP,,0,1,0.0,58.0,query_device,2026-07-27 13:01:48
85676,2026-07-27,2025-07-02,roas,,DESKTOP,,0,26,0.0,88.23076923076923,query_device,2026-07-27 13:01:48
85677,2026-07-27,2025-07-02,roas,,MOBILE,,0,24,0.0,88.29166666666667,query_device,2026-07-27 13:01:48
85678,2026-07-27,2025-07-02,roas facebook,,DESKTOP,,0,1,0.0,47.0,query_device,2026-07-27 13:01:48
85679,2026-07-27,2025-07-02,roas facebook ads,,DESKTOP,,0,1,0.0,73.0,query_device,2026-07-27 13:01:48
85680,2026-07-27,2025-07-02,roas google,,DESKTOP,,0,1,0.0,65.0,query_device,2026-07-27 13:01:48
85681,2026-07-27,2025-07-02,roas google ads,,DESKTOP,,0,1,0.0,83.0,query_device,2026-07-27 13:01:48
85682,2026-07-27,2025-07-02,roas 指標,,DESKTOP,,0,7,0.0,80.71428571428571,query_device,2026-07-27 13:01:48
85683,2026-07-27,2025-07-02,roas 目標,,DESKTOP,,0,12,0.0,80.83333333333333,query_device,2026-07-27 13:01:48
85684,2026-07-27,2025-07-02,roas 算法,,DESKTOP,,0,1,0.0,96.0,query_device,2026-07-27 13:01:48
85685,2026-07-27,2025-07-02,roas什么意思,,DESKTOP,,0,1,0.0,90.0,query_device,2026-07-27 13:01:48
85686,2026-07-27,2025-07-02,roas和roi的区别,,DESKTOP,,0,20,0.0,33.6,query_device,2026-07-27 13:01:48
85687,2026-07-27,2025-07-02,roas和roi的区别,,MOBILE,,0,4,0.0,41.5,query_device,2026-07-27 13:01:48
85688,2026-07-27,2025-07-02,roas是什么,,DESKTOP,,0,5,0.0,82.2,query_device,2026-07-27 13:01:48
85689,2026-07-27,2025-07-02,roas是什么,,MOBILE,,0,1,0.0,98.0,query_device,2026-07-27 13:01:48
85690,2026-07-27,2025-07-02,roi google ads,,DESKTOP,,0,1,0.0,95.0,query_device,2026-07-27 13:01:48
85691,2026-07-27,2025-07-02,roi和roas的区别,,DESKTOP,,0,6,0.0,28.833333333333332,query_device,2026-07-27 13:01:48
85692,2026-07-27,2025-07-02,roi和roas的区别,,MOBILE,,0,1,0.0,45.0,query_device,2026-07-27 13:01:48
85693,2026-07-27,2025-07-02,sa360,,DESKTOP,,0,20,0.0,53.15,query_device,2026-07-27 13:01:48
85694,2026-07-27,2025-07-02,sa360,,MOBILE,,0,12,0.0,64.66666666666666,query_device,2026-07-27 13:01:48
85695,2026-07-27,2025-07-02,sainsbury's christmas advert 2017,,DESKTOP,,0,1,0.0,30.0,query_device,2026-07-27 13:01:48
85696,2026-07-27,2025-07-02,sales dashboard google sheets,,DESKTOP,,0,1,0.0,53.0,query_device,2026-07-27 13:01:48
85697,2026-07-27,2025-07-02,sales graph example,,DESKTOP,,0,1,0.0,39.0,query_device,2026-07-27 13:01:48
85698,2026-07-27,2025-07-02,sam market full form,,DESKTOP,,0,1,0.0,83.0,query_device,2026-07-27 13:01:48
85699,2026-07-27,2025-07-02,sam som,,DESKTOP,,0,1,0.0,92.0,query_device,2026-07-27 13:01:48
85700,2026-07-27,2025-07-02,sam tam som,,DESKTOP,,0,1,0.0,79.0,query_device,2026-07-27 13:01:48
85701,2026-07-27,2025-07-02,sankey,,DESKTOP,,0,3,0.0,83.66666666666667,query_device,2026-07-27 13:01:48
85702,2026-07-27,2025-07-02,sankey chart,,DESKTOP,,0,1,0.0,89.0,query_device,2026-07-27 13:01:48
85703,2026-07-27,2025-07-02,sankey chart google sheets,,DESKTOP,,0,9,0.0,54.22222222222222,query_device,2026-07-27 13:01:48
85704,2026-07-27,2025-07-02,sankey chart in google sheets,,DESKTOP,,0,1,0.0,55.0,query_device,2026-07-27 13:01:48
85705,2026-07-27,2025-07-02,sankey diagram excel,,DESKTOP,,0,3,0.0,52.0,query_device,2026-07-27 13:01:48
85706,2026-07-27,2025-07-02,sankey diagram excel,,MOBILE,,0,3,0.0,49.666666666666664,query_device,2026-07-27 13:01:48
85707,2026-07-27,2025-07-02,sankey diagram google,,MOBILE,,0,1,0.0,54.0,query_device,2026-07-27 13:01:48
85708,2026-07-27,2025-07-02,sankey diagram google sheet,,DESKTOP,,0,1,0.0,52.0,query_device,2026-07-27 13:01:48
85709,2026-07-27,2025-07-02,sankey diagram google sheet,,MOBILE,,0,2,0.0,48.5,query_device,2026-07-27 13:01:48
85710,2026-07-27,2025-07-02,sankey diagram google sheets,,DESKTOP,,0,16,0.0,50.25,query_device,2026-07-27 13:01:48
85711,2026-07-27,2025-07-02,sankey diagram google sheets,,MOBILE,,0,1,0.0,54.0,query_device,2026-07-27 13:01:48
85712,2026-07-27,2025-07-02,sankey diagram in google sheets,,DESKTOP,,0,1,0.0,50.0,query_device,2026-07-27 13:01:48
85713,2026-07-27,2025-07-02,sankey diagram中文,,DESKTOP,,0,1,0.0,66.0,query_device,2026-07-27 13:01:48
85714,2026-07-27,2025-07-02,sankey google sheets,,DESKTOP,,0,1,0.0,49.0,query_device,2026-07-27 13:01:48
85715,2026-07-27,2025-07-02,sankey in google sheets,,DESKTOP,,0,1,0.0,36.0,query_device,2026-07-27 13:01:48
85716,2026-07-27,2025-07-02,sankey maker,,DESKTOP,,0,3,0.0,90.66666666666667,query_device,2026-07-27 13:01:48
85717,2026-07-27,2025-07-02,scatter diagram with example,,DESKTOP,,0,1,0.0,45.0,query_device,2026-07-27 13:01:48
85718,2026-07-27,2025-07-02,selling ppc services,,DESKTOP,,0,1,0.0,57.0,query_device,2026-07-27 13:01:48
85719,2026-07-27,2025-07-02,sem效果营销干什么的,,DESKTOP,,0,7,0.0,54.42857142857143,query_device,2026-07-27 13:01:48
85720,2026-07-27,2025-07-02,seo咨询,,DESKTOP,,0,3,0.0,56.666666666666664,query_device,2026-07-27 13:01:48
85721,2026-07-27,2025-07-02,serp是什么意思,,DESKTOP,,0,1,0.0,99.0,query_device,2026-07-27 13:01:48
85722,2026-07-27,2025-07-02,serviceable obtainable market calculation,,DESKTOP,,0,1,0.0,1.0,query_device,2026-07-27 13:01:48
85723,2026-07-27,2025-07-02,shopify plus 费用,,DESKTOP,,0,1,0.0,50.0,query_device,2026-07-27 13:01:48
85724,2026-07-27,2025-07-02,shopify专家,,DESKTOP,,0,1,0.0,42.0,query_device,2026-07-27 13:01:48
85725,2026-07-27,2025-07-02,shopify专家,,MOBILE,,0,1,0.0,52.0,query_device,2026-07-27 13:01:48
85726,2026-07-27,2025-07-02,shopify独立站排名,,DESKTOP,,0,1,0.0,92.0,query_device,2026-07-27 13:01:48
85727,2026-07-27,2025-07-02,site:advich.com,,DESKTOP,,0,116,0.0,2.7241379310344827,query_device,2026-07-27 13:01:48
85728,2026-07-27,2025-07-02,sns promotion,,DESKTOP,,0,2,0.0,12.0,query_device,2026-07-27 13:01:48
85729,2026-07-27,2025-07-02,sns推广,,DESKTOP,,0,3,0.0,22.0,query_device,2026-07-27 13:01:48
85730,2026-07-27,2025-07-02,social media marketing linkedin profile,,DESKTOP,,0,1,0.0,47.0,query_device,2026-07-27 13:01:48
85731,2026-07-27,2025-07-02,som sam tam,,DESKTOP,,0,4,0.0,91.75,query_device,2026-07-27 13:01:48
85732,2026-07-27,2025-07-02,sqls and mqls,,DESKTOP,,0,1,0.0,24.0,query_device,2026-07-27 13:01:48
85733,2026-07-27,2025-07-02,ssp dsp,,DESKTOP,,0,1,0.0,52.0,query_device,2026-07-27 13:01:48
85734,2026-07-27,2025-07-02,ssp/供應方平台,,DESKTOP,,0,5,0.0,78.4,query_device,2026-07-27 13:01:48
85735,2026-07-27,2025-07-02,ssp/供應方平台,,MOBILE,,0,4,0.0,72.0,query_device,2026-07-27 13:01:48
85736,2026-07-27,2025-07-02,ssp是什么,,DESKTOP,,0,2,0.0,60.5,query_device,2026-07-27 13:01:48
85737,2026-07-27,2025-07-02,ssp是什麼,,DESKTOP,,0,7,0.0,53.0,query_device,2026-07-27 13:01:48
85738,2026-07-27,2025-07-02,ssp是什麼,,MOBILE,,0,5,0.0,1.8,query_device,2026-07-27 13:01:48
85739,2026-07-27,2025-07-02,stacked bar graph worksheet,,DESKTOP,,0,1,0.0,5.0,query_device,2026-07-27 13:01:48
85740,2026-07-27,2025-07-02,statistics graph types,,DESKTOP,,0,1,0.0,32.0,query_device,2026-07-27 13:01:48
85741,2026-07-27,2025-07-02,stop google ads,,DESKTOP,,0,1,0.0,76.0,query_device,2026-07-27 13:01:48
85742,2026-07-27,2025-07-02,story plot graph,,DESKTOP,,0,1,0.0,73.0,query_device,2026-07-27 13:01:48
85743,2026-07-27,2025-07-02,story telling chart,,DESKTOP,,0,1,0.0,35.0,query_device,2026-07-27 13:01:48
85744,2026-07-27,2025-07-02,stp 分析,,DESKTOP,,0,1,0.0,95.0,query_device,2026-07-27 13:01:48
85745,2026-07-27,2025-07-02,stp分析,,DESKTOP,,0,1,0.0,84.0,query_device,2026-07-27 13:01:48
85746,2026-07-27,2025-07-02,stp战略,,DESKTOP,,0,2,0.0,58.0,query_device,2026-07-27 13:01:48
85747,2026-07-27,2025-07-02,sunburst diagramm,,DESKTOP,,0,4,0.0,84.25,query_device,2026-07-27 13:01:48
85748,2026-07-27,2025-07-02,sunburst diagramm excel,,DESKTOP,,0,3,0.0,60.333333333333336,query_device,2026-07-27 13:01:48
85749,2026-07-27,2025-07-02,sunburst diagramm excel,,MOBILE,,0,1,0.0,56.0,query_device,2026-07-27 13:01:48
85750,2026-07-27,2025-07-02,sunburst excel,,DESKTOP,,0,1,0.0,66.0,query_device,2026-07-27 13:01:48
85751,2026-07-27,2025-07-02,sunburst graphic,,DESKTOP,,0,1,0.0,79.0,query_device,2026-07-27 13:01:48
85752,2026-07-27,2025-07-02,sunburst-diagramm,,DESKTOP,,0,1,0.0,80.0,query_device,2026-07-27 13:01:48
85753,2026-07-27,2025-07-02,tam sam,,DESKTOP,,0,2,0.0,101.0,query_device,2026-07-27 13:01:48
85754,2026-07-27,2025-07-02,tam sam som,,DESKTOP,,0,20,0.0,84.65,query_device,2026-07-27 13:01:48
85755,2026-07-27,2025-07-02,tam sam som,,MOBILE,,0,3,0.0,91.66666666666667,query_device,2026-07-27 13:01:48
85756,2026-07-27,2025-07-02,tam tam som,,DESKTOP,,0,1,0.0,96.0,query_device,2026-07-27 13:01:48
85757,2026-07-27,2025-07-02,three axis graph excel,,DESKTOP,,0,1,0.0,63.0,query_device,2026-07-27 13:01:48
85758,2026-07-27,2025-07-02,tik tok 廣告,,DESKTOP,,0,5,0.0,56.0,query_device,2026-07-27 13:01:48
85759,2026-07-27,2025-07-02,tik tok 廣告,,MOBILE,,0,1,0.0,74.0,query_device,2026-07-27 13:01:48
85760,2026-07-27,2025-07-02,tiktok ads开户,,DESKTOP,,0,1,0.0,23.0,query_device,2026-07-27 13:01:48
85761,2026-07-27,2025-07-02,tiktok ads注册,,DESKTOP,,0,5,0.0,88.4,query_device,2026-07-27 13:01:48
85762,2026-07-27,2025-07-02,tiktok 代理商,,DESKTOP,,0,3,0.0,23.0,query_device,2026-07-27 13:01:48
85763,2026-07-27,2025-07-02,tiktok一级代理,,DESKTOP,,0,3,0.0,53.333333333333336,query_device,2026-07-27 13:01:48
85764,2026-07-27,2025-07-02,tiktok为了宣传自己,,DESKTOP,,0,6,0.0,64.0,query_device,2026-07-27 13:01:48
85765,2026-07-27,2025-07-02,tiktok代投,,MOBILE,,0,4,0.0,6.75,query_device,2026-07-27 13:01:48
85766,2026-07-27,2025-07-02,tiktok代理,,DESKTOP,,0,6,0.0,22.833333333333332,query_device,2026-07-27 13:01:48
85767,2026-07-27,2025-07-02,tiktok代理商,,DESKTOP,,0,5,0.0,22.2,query_device,2026-07-27 13:01:48
85768,2026-07-27,2025-07-02,tiktok官方广告,,DESKTOP,,0,29,0.0,49.89655172413793,query_device,2026-07-27 13:01:48
85769,2026-07-27,2025-07-02,tiktok广告,,DESKTOP,,0,1,0.0,26.0,query_device,2026-07-27 13:01:48
85770,2026-07-27,2025-07-02,tiktok广告开户,,DESKTOP,,0,10,0.0,25.5,query_device,2026-07-27 13:01:48
85771,2026-07-27,2025-07-02,tiktok广告怎么加预算,,DESKTOP,,0,12,0.0,73.91666666666667,query_device,2026-07-27 13:01:48
85772,2026-07-27,2025-07-02,tiktok广告投放平台,,DESKTOP,,0,1,0.0,65.0,query_device,2026-07-27 13:01:48
85773,2026-07-27,2025-07-02,tiktok广告账户开户,,DESKTOP,,0,3,0.0,34.0,query_device,2026-07-27 13:01:48
85774,2026-07-27,2025-07-02,tiktok是如何推广的,,DESKTOP,,0,2,0.0,59.0,query_device,2026-07-27 13:01:48
85775,2026-07-27,2025-07-02,tiktok的营销,,DESKTOP,,0,1,0.0,58.0,query_device,2026-07-27 13:01:48
85776,2026-07-27,2025-07-02,tiktok视频如何投广告,,DESKTOP,,0,15,0.0,70.4,query_device,2026-07-27 13:01:48
85777,2026-07-27,2025-07-02,topbuzz babe,,MOBILE,,0,4,0.0,65.25,query_device,2026-07-27 13:01:48
85778,2026-07-27,2025-07-02,total addressable market中文,,DESKTOP,,0,1,0.0,75.0,query_device,2026-07-27 13:01:48
85779,2026-07-27,2025-07-02,tracking google sheets,,DESKTOP,,0,1,0.0,70.0,query_device,2026-07-27 13:01:48
85780,2026-07-27,2025-07-02,troas google ads,,DESKTOP,,0,2,0.0,57.5,query_device,2026-07-27 13:01:48
85781,2026-07-27,2025-07-02,troas是什么,,DESKTOP,,0,1,0.0,16.0,query_device,2026-07-27 13:01:48
85782,2026-07-27,2025-07-02,twitter 4k,,DESKTOP,,0,4,0.0,65.5,query_device,2026-07-27 13:01:48
85783,2026-07-27,2025-07-02,twitter 4k,,MOBILE,,0,1,0.0,15.0,query_device,2026-07-27 13:01:48
85784,2026-07-27,2025-07-02,twitter 4k android,,DESKTOP,,0,1,0.0,50.0,query_device,2026-07-27 13:01:48
85785,2026-07-27,2025-07-02,twitter 4k android,,MOBILE,,0,6,0.0,11.666666666666666,query_device,2026-07-27 13:01:48
85786,2026-07-27,2025-07-02,twitter 列表,,DESKTOP,,0,1,0.0,37.0,query_device,2026-07-27 13:01:48
85787,2026-07-27,2025-07-02,twitter 列表,,MOBILE,,0,2,0.0,15.5,query_device,2026-07-27 13:01:48
85788,2026-07-27,2025-07-02,twitter怎么推广,,DESKTOP,,0,17,0.0,76.70588235294117,query_device,2026-07-27 13:01:48
85789,2026-07-27,2025-07-02,twitter推广,,DESKTOP,,0,4,0.0,55.0,query_device,2026-07-27 13:01:48
85790,2026-07-27,2025-07-02,twitter用户内容营销挑战,,DESKTOP,,0,7,0.0,72.14285714285714,query_device,2026-07-27 13:01:48
85791,2026-07-27,2025-07-02,twitter营销,,DESKTOP,,0,4,0.0,66.5,query_device,2026-07-27 13:01:48
85792,2026-07-27,2025-07-02,types of campaigns in google ads,,DESKTOP,,0,1,0.0,69.0,query_device,2026-07-27 13:01:48
85793,2026-07-27,2025-07-02,types of charts in statistics,,DESKTOP,,0,1,0.0,36.0,query_device,2026-07-27 13:01:48
85794,2026-07-27,2025-07-02,types of graphs in excel,,DESKTOP,,0,1,0.0,69.0,query_device,2026-07-27 13:01:48
85795,2026-07-27,2025-07-02,types of line graphs in statistics,,DESKTOP,,0,1,0.0,32.0,query_device,2026-07-27 13:01:48
85796,2026-07-27,2025-07-02,types of lines on a graph,,DESKTOP,,0,1,0.0,96.0,query_device,2026-07-27 13:01:48
85797,2026-07-27,2025-07-02,video action campaign,,DESKTOP,,0,1,0.0,80.0,query_device,2026-07-27 13:01:48
85798,2026-07-27,2025-07-02,ways to represent data visually,,DESKTOP,,0,1,0.0,53.0,query_device,2026-07-27 13:01:48
85799,2026-07-27,2025-07-02,what does box and whisker plot show,,DESKTOP,,0,1,0.0,21.0,query_device,2026-07-27 13:01:48
85800,2026-07-27,2025-07-02,what is a data range in google sheets,,DESKTOP,,0,1,0.0,54.0,query_device,2026-07-27 13:01:48
85801,2026-07-27,2025-07-02,what is google tag manager,,DESKTOP,,0,1,0.0,95.0,query_device,2026-07-27 13:01:48
85802,2026-07-27,2025-07-02,what is sam market,,DESKTOP,,0,1,0.0,4.0,query_device,2026-07-27 13:01:48
85803,2026-07-27,2025-07-02,what is search ads 360,,DESKTOP,,0,1,0.0,34.0,query_device,2026-07-27 13:01:48
85804,2026-07-27,2025-07-02,wilkinson dot plot,,DESKTOP,,0,2,0.0,83.5,query_device,2026-07-27 13:01:48
85805,2026-07-27,2025-07-02,wordpress google优化得分,,DESKTOP,,0,7,0.0,75.28571428571429,query_device,2026-07-27 13:01:48
85806,2026-07-27,2025-07-02,wordpress 建站教程,,DESKTOP,,0,1,0.0,72.0,query_device,2026-07-27 13:01:48
85807,2026-07-27,2025-07-02,wordpress建站教程,,DESKTOP,,0,1,0.0,92.0,query_device,2026-07-27 13:01:48
85808,2026-07-27,2025-07-02,wordstream ppc,,DESKTOP,,0,1,0.0,50.0,query_device,2026-07-27 13:01:48
85809,2026-07-27,2025-07-02,x 4k android,,MOBILE,,0,1,0.0,9.0,query_device,2026-07-27 13:01:48
85810,2026-07-27,2025-07-02,yandex 介绍,,DESKTOP,,0,3,0.0,11.333333333333334,query_device,2026-07-27 13:01:48
85811,2026-07-27,2025-07-02,youtube ad type,,DESKTOP,,0,1,0.0,11.0,query_device,2026-07-27 13:01:48
85812,2026-07-27,2025-07-02,youtube 的 广告,,DESKTOP,,0,1,0.0,96.0,query_device,2026-07-27 13:01:48
85813,2026-07-27,2025-07-02,youtube付费推广,,DESKTOP,,0,5,0.0,24.8,query_device,2026-07-27 13:01:48
85814,2026-07-27,2025-07-02,youtube付费推广,,MOBILE,,0,10,0.0,26.1,query_device,2026-07-27 13:01:48
85815,2026-07-27,2025-07-02,youtube广告设置,,DESKTOP,,0,1,0.0,96.0,query_device,2026-07-27 13:01:48
85816,2026-07-27,2025-07-02,youtube搜索为什么往下拉会看到无关内容,,DESKTOP,,0,10,0.0,16.8,query_device,2026-07-27 13:01:48
85817,2026-07-27,2025-07-02,youtube用户群体统计,,DESKTOP,,0,7,0.0,88.71428571428571,query_device,2026-07-27 13:01:48
85818,2026-07-27,2025-07-02,zendesk app shopify,,DESKTOP,,0,1,0.0,77.0,query_device,2026-07-27 13:01:48
85819,2026-07-27,2025-07-02,там sam som,,DESKTOP,,0,1,0.0,96.0,query_device,2026-07-27 13:01:48
85820,2026-07-27,2025-07-02,там sam som,,MOBILE,,0,1,0.0,97.0,query_device,2026-07-27 13:01:48
85821,2026-07-27,2025-07-02,エクセル 3 軸 グラフ,,DESKTOP,,0,28,0.0,82.25,query_device,2026-07-27 13:01:48
85822,2026-07-27,2025-07-02,エクセル 3軸,,DESKTOP,,0,2,0.0,74.5,query_device,2026-07-27 13:01:48
85823,2026-07-27,2025-07-02,エクセル 3軸 グラフ,,DESKTOP,,0,30,0.0,83.13333333333334,query_device,2026-07-27 13:01:48
85824,2026-07-27,2025-07-02,エクセル 3軸 グラフ,,MOBILE,,0,27,0.0,80.55555555555556,query_device,2026-07-27 13:01:48
85825,2026-07-27,2025-07-02,エクセル 3軸グラフ,,DESKTOP,,0,1,0.0,78.0,query_device,2026-07-27 13:01:48
85826,2026-07-27,2025-07-02,エクセル グラフ 3 軸,,DESKTOP,,0,25,0.0,75.4,query_device,2026-07-27 13:01:48
85827,2026-07-27,2025-07-02,エクセル グラフ 3軸,,DESKTOP,,0,32,0.0,76.84375,query_device,2026-07-27 13:01:48
85828,2026-07-27,2025-07-02,エクセル グラフ 3軸,,MOBILE,,0,25,0.0,73.88,query_device,2026-07-27 13:01:48
85829,2026-07-27,2025-07-02,エクセル グラフ 三軸,,DESKTOP,,0,1,0.0,73.0,query_device,2026-07-27 13:01:48
85830,2026-07-27,2025-07-02,エクセル グラフ 三軸,,MOBILE,,0,1,0.0,68.0,query_device,2026-07-27 13:01:48
85831,2026-07-27,2025-07-02,エクセル グラフ3軸,,DESKTOP,,0,1,0.0,71.0,query_device,2026-07-27 13:01:48
85832,2026-07-27,2025-07-02,エクセル 三軸グラフ,,DESKTOP,,0,1,0.0,72.0,query_device,2026-07-27 13:01:48
85833,2026-07-27,2025-07-02,エクセルグラフ 3軸,,DESKTOP,,0,1,0.0,73.0,query_device,2026-07-27 13:01:48
85834,2026-07-27,2025-07-02,ツイッター 4k,,DESKTOP,,0,5,0.0,88.2,query_device,2026-07-27 13:01:48
85835,2026-07-27,2025-07-02,一位营销者可能使用自适应展示广告的两个原因是什么？请选择两项。,,DESKTOP,,0,1,0.0,1.0,query_device,2026-07-27 13:01:48
85836,2026-07-27,2025-07-02,一位营销者在跟踪他的广告系列所带来的收入。他想看到他的每月广告支出的具体投资回报率。 哪种自动出价策略能满足他的需要？,,DESKTOP,,0,2,0.0,10.0,query_device,2026-07-27 13:01:48
85837,2026-07-27,2025-07-02,三軸 グラフ,,DESKTOP,,0,1,0.0,78.0,query_device,2026-07-27 13:01:48
85838,2026-07-27,2025-07-02,三軸 グラフ,,MOBILE,,0,1,0.0,82.0,query_device,2026-07-27 13:01:48
85839,2026-07-27,2025-07-02,三軸グラフ,,DESKTOP,,0,3,0.0,80.0,query_device,2026-07-27 13:01:48
85840,2026-07-27,2025-07-02,三軸グラフ,,MOBILE,,0,1,0.0,78.0,query_device,2026-07-27 13:01:48
85841,2026-07-27,2025-07-02,三軸圖,,DESKTOP,,0,1,0.0,5.0,query_device,2026-07-27 13:01:48
85842,2026-07-27,2025-07-02,三軸圖,,MOBILE,,0,2,0.0,8.0,query_device,2026-07-27 13:01:48
85843,2026-07-27,2025-07-02,下面哪一项是自适应展示广告的关键优势？,,DESKTOP,,0,4,0.0,9.75,query_device,2026-07-27 13:01:48
85844,2026-07-27,2025-07-02,为了利用广泛匹配扩大覆盖面，您可以遵循哪三项最佳实践？,,DESKTOP,,0,6,0.0,7.666666666666667,query_device,2026-07-27 13:01:48
85845,2026-07-27,2025-07-02,为了利用广泛匹配扩大覆盖面，您可以遵循哪三项最佳实践？,,TABLET,,0,1,0.0,8.0,query_device,2026-07-27 13:01:48
85846,2026-07-27,2025-07-02,为了更好的观察一周气温的变化情况，应该选择绘制什么统计图？,,DESKTOP,,0,3,0.0,13.0,query_device,2026-07-27 13:01:48
85847,2026-07-27,2025-07-02,为什么亮黄色能吸引消费者注意 是什么原理,,DESKTOP,,0,27,0.0,13.333333333333334,query_device,2026-07-27 13:01:48
85848,2026-07-27,2025-07-02,为什么说自动出价（而非人工出价）有助于 google ads 广告系列取得显著成效？,,DESKTOP,,0,1,0.0,13.0,query_device,2026-07-27 13:01:48
85849,2026-07-27,2025-07-02,为广告系列选择出价策略时，应考虑的主要因素有哪些？,,DESKTOP,,0,3,0.0,8.0,query_device,2026-07-27 13:01:48
85850,2026-07-27,2025-07-02,互动率怎么算,,MOBILE,,0,1,0.0,69.0,query_device,2026-07-27 13:01:48
85851,2026-07-27,2025-07-02,什么情况下您应当使用自适应展示广告？,,DESKTOP,,0,7,0.0,15.428571428571429,query_device,2026-07-27 13:01:48
85852,2026-07-27,2025-07-02,什么情况下您应当使用自适应展示广告？,,MOBILE,,0,1,0.0,47.0,query_device,2026-07-27 13:01:48
85853,2026-07-27,2025-07-02,什么是独立站,,DESKTOP,,0,6,0.0,20.0,query_device,2026-07-27 13:01:48
85854,2026-07-27,2025-07-02,什么是让客价值,,DESKTOP,,0,6,0.0,94.83333333333333,query_device,2026-07-27 13:01:48
85855,2026-07-27,2025-07-02,介绍一下什么是分数？,,DESKTOP,,0,1,0.0,28.0,query_device,2026-07-27 13:01:48
85856,2026-07-27,2025-07-02,付费搜索广告,,DESKTOP,,0,3,0.0,16.0,query_device,2026-07-27 13:01:48
85857,2026-07-27,2025-07-02,以下关于使用定位选项来优化 google ads 广告系列的说法中，哪两项是正确的？（请选择两项。）,,DESKTOP,,0,2,0.0,11.0,query_device,2026-07-27 13:01:48
85858,2026-07-27,2025-07-02,价格对于数字化营销的影响,,DESKTOP,,0,3,0.0,94.66666666666667,query_device,2026-07-27 13:01:48
85859,2026-07-27,2025-07-02,优化得分工具可通过哪两种方式帮助营销者取得成功？,,DESKTOP,,0,2,0.0,11.0,query_device,2026-07-27 13:01:48
85860,2026-07-27,2025-07-02,使用“兴趣相似的受众群体”作为定位选项时，以下受众群体示例中，哪两个属于您可以覆盖的受众群体？（请选择两项。）,,DESKTOP,,0,4,0.0,7.25,query_device,2026-07-27 13:01:48
85861,2026-07-27,2025-07-02,使用自动出价有哪两方面的好处？（请选择两项。）,,DESKTOP,,0,2,0.0,25.0,query_device,2026-07-27 13:01:48
85862,2026-07-27,2025-07-02,使用自动出价有哪两方面的好处？（请选择两项。）,,MOBILE,,0,1,0.0,87.0,query_device,2026-07-27 13:01:48
85863,2026-07-27,2025-07-02,促进销售,,DESKTOP,,0,1,0.0,96.0,query_device,2026-07-27 13:01:48
85864,2026-07-27,2025-07-02,俄罗斯跨境电商平台,,MOBILE,,0,1,0.0,77.0,query_device,2026-07-27 13:01:48
85865,2026-07-27,2025-07-02,信用卡谷歌广告,,DESKTOP,,0,27,0.0,49.18518518518518,query_device,2026-07-27 13:01:48
85866,2026-07-27,2025-07-02,关键字规划工具,,DESKTOP,,0,1,0.0,43.0,query_device,2026-07-27 13:01:48
85867,2026-07-27,2025-07-02,关键词优化,,DESKTOP,,0,1,0.0,26.0,query_device,2026-07-27 13:01:48
85868,2026-07-27,2025-07-02,关键词布局,,DESKTOP,,0,1,0.0,26.0,query_device,2026-07-27 13:01:48
85869,2026-07-27,2025-07-02,关键词广告,,DESKTOP,,0,27,0.0,66.92592592592592,query_device,2026-07-27 13:01:48
85870,2026-07-27,2025-07-02,关键词广告,,MOBILE,,0,26,0.0,70.61538461538461,query_device,2026-07-27 13:01:48
85871,2026-07-27,2025-07-02,关键词搜索量,,DESKTOP,,0,1,0.0,96.0,query_device,2026-07-27 13:01:48
85872,2026-07-27,2025-07-02,关键词搜索量查询,,DESKTOP,,0,65,0.0,71.67692307692307,query_device,2026-07-27 13:01:48
85873,2026-07-27,2025-07-02,关键词搜索量查询,,MOBILE,,0,53,0.0,71.69811320754717,query_device,2026-07-27 13:01:48
85874,2026-07-27,2025-07-02,关键词规划工具,,DESKTOP,,0,1,0.0,44.0,query_device,2026-07-27 13:01:48
85875,2026-07-27,2025-07-02,关键词规划师,,DESKTOP,,0,2,0.0,44.5,query_device,2026-07-27 13:01:48
85876,2026-07-27,2025-07-02,关键词规划师,,MOBILE,,0,7,0.0,39.42857142857143,query_device,2026-07-27 13:01:48
85877,2026-07-27,2025-07-02,关键词规划师工具,,DESKTOP,,0,2,0.0,60.0,query_device,2026-07-27 13:01:48
85878,2026-07-27,2025-07-02,内容营销的改善,,DESKTOP,,0,1,0.0,94.0,query_device,2026-07-27 13:01:48
85879,2026-07-27,2025-07-02,再营销,,DESKTOP,,0,13,0.0,71.92307692307692,query_device,2026-07-27 13:01:48
85880,2026-07-27,2025-07-02,再营销,,MOBILE,,0,6,0.0,71.66666666666667,query_device,2026-07-27 13:01:48
85881,2026-07-27,2025-07-02,再营销广告,,DESKTOP,,0,6,0.0,72.33333333333333,query_device,2026-07-27 13:01:48
85882,2026-07-27,2025-07-02,再营销广告,,MOBILE,,0,3,0.0,66.0,query_device,2026-07-27 13:01:48
85883,2026-07-27,2025-07-02,出海 google seo,,DESKTOP,,0,26,0.0,67.53846153846153,query_device,2026-07-27 13:01:48
85884,2026-07-27,2025-07-02,出海 google 广告,,DESKTOP,,0,19,0.0,72.73684210526316,query_device,2026-07-27 13:01:48
85885,2026-07-27,2025-07-02,出海 seo,,DESKTOP,,0,2,0.0,91.5,query_device,2026-07-27 13:01:48
85886,2026-07-27,2025-07-02,出海 seo,,MOBILE,,0,1,0.0,95.0,query_device,2026-07-27 13:01:48
85887,2026-07-27,2025-07-02,出海seo,,DESKTOP,,0,13,0.0,76.84615384615384,query_device,2026-07-27 13:01:48
85888,2026-07-27,2025-07-02,出海谷歌广告,,DESKTOP,,0,15,0.0,53.0,query_device,2026-07-27 13:01:48
85889,2026-07-27,2025-07-02,利用广告色彩来影响消费者消费心理的方法,,DESKTOP,,0,7,0.0,25.571428571428573,query_device,2026-07-27 13:01:48
85890,2026-07-27,2025-07-02,制作 google 展示广告时，广告客户可以向系统中上传自己的广告，以便更好地控制广告内容的外观和风格。 上传的广告有哪两种类型？,,DESKTOP,,0,1,0.0,9.0,query_device,2026-07-27 13:01:48
85891,2026-07-27,2025-07-02,动态 搜索 广告,,DESKTOP,,0,25,0.0,38.24,query_device,2026-07-27 13:01:48
85892,2026-07-27,2025-07-02,动态广告,,DESKTOP,,0,1,0.0,75.0,query_device,2026-07-27 13:01:48
85893,2026-07-27,2025-07-02,动态搜索广告,,DESKTOP,,0,14,0.0,42.07142857142857,query_device,2026-07-27 13:01:48
85894,2026-07-27,2025-07-02,动态搜索广告,,MOBILE,,0,4,0.0,51.25,query_device,2026-07-27 13:01:48
85895,2026-07-27,2025-07-02,助和联属营销等方式获利。,,DESKTOP,,0,21,0.0,83.04761904761905,query_device,2026-07-27 13:01:48
85896,2026-07-27,2025-07-02,動態搜尋廣告,,DESKTOP,,0,15,0.0,38.13333333333333,query_device,2026-07-27 13:01:48
85897,2026-07-27,2025-07-02,動態搜尋廣告,,MOBILE,,0,7,0.0,33.0,query_device,2026-07-27 13:01:48
85898,2026-07-27,2025-07-02,千次展示费用,,DESKTOP,,0,2,0.0,25.0,query_device,2026-07-27 13:01:48
85899,2026-07-27,2025-07-02,单次成效费用,,DESKTOP,,0,1,0.0,36.0,query_device,2026-07-27 13:01:48
85900,2026-07-27,2025-07-02,即時競價/實時競價,,DESKTOP,,0,1,0.0,75.0,query_device,2026-07-27 13:01:48
85901,2026-07-27,2025-07-02,双y轴,,DESKTOP,,0,1,0.0,42.0,query_device,2026-07-27 13:01:48
85902,2026-07-27,2025-07-02,双y轴折线图,,DESKTOP,,0,1,0.0,37.0,query_device,2026-07-27 13:01:48
85903,2026-07-27,2025-07-02,受众定位,,DESKTOP,,0,4,0.0,55.25,query_device,2026-07-27 13:01:48
85904,2026-07-27,2025-07-02,受众定位,,MOBILE,,0,4,0.0,60.75,query_device,2026-07-27 13:01:48
85905,2026-07-27,2025-07-02,启用自动调整功能来自动优化广告系列表现,,DESKTOP,,0,27,0.0,62.96296296296296,query_device,2026-07-27 13:01:48
85906,2026-07-27,2025-07-02,周末购物节省时间技巧,,DESKTOP,,0,7,0.0,9.857142857142858,query_device,2026-07-27 13:01:48
85907,2026-07-27,2025-07-02,品牌整合营销,,DESKTOP,,0,1,0.0,6.0,query_device,2026-07-27 13:01:48
85908,2026-07-27,2025-07-02,品牌认知度如何衡量,,DESKTOP,,0,1,0.0,89.0,query_device,2026-07-27 13:01:48
85909,2026-07-27,2025-07-02,品質分數,,DESKTOP,,0,2,0.0,93.0,query_device,2026-07-27 13:01:48
85910,2026-07-27,2025-07-02,哪三个因素会影响搜索广告在竞价时的广告质量？,,DESKTOP,,0,9,0.0,7.555555555555555,query_device,2026-07-27 13:01:48
85911,2026-07-27,2025-07-02,哪两种视频广告格式为提高互动度而进行了优化，旨在让客户在想要购买相关产品时率先想到您的品牌？,,DESKTOP,,0,2,0.0,3.5,query_device,2026-07-27 13:01:48
85912,2026-07-27,2025-07-02,哪個指標會顯示單次廣告點擊或其他廣告互動促成轉換的平均頻率？,,DESKTOP,,0,1,0.0,62.0,query_device,2026-07-27 13:01:48
85913,2026-07-27,2025-07-02,哪個指標會顯示單次廣告點擊或其他廣告互動促成轉換的平均頻率？,,MOBILE,,0,1,0.0,66.0,query_device,2026-07-27 13:01:48
85914,2026-07-27,2025-07-02,国外社媒,,DESKTOP,,0,3,0.0,40.666666666666664,query_device,2026-07-27 13:01:48
85915,2026-07-27,2025-07-02,在创建 google 展示广告系列时，广告客户可以从两种主要的广告格式中进行选择：自适应展示广告和上传的图片广告。 上传的图片广告的主要优势是什么？,,DESKTOP,,0,18,0.0,7.722222222222222,query_device,2026-07-27 13:01:48
85916,2026-07-27,2025-07-02,在创建 google 展示广告系列时，广告客户可以从两种主要的广告格式中进行选择：自适应展示广告和上传的图片广告。 上传的图片广告的主要优势是什么？,,MOBILE,,0,1,0.0,19.0,query_device,2026-07-27 13:01:48
85917,2026-07-27,2025-07-02,在效果规划工具中，为什么应将具有不同营销目标的广告系列分别纳入不同的方案中？,,DESKTOP,,0,8,0.0,6.0,query_device,2026-07-27 13:01:48
85918,2026-07-27,2025-07-02,在效果规划工具中，为什么应将具有不同营销目标的广告系列分别纳入不同的方案中？,,MOBILE,,0,1,0.0,9.0,query_device,2026-07-27 13:01:48
85919,2026-07-27,2025-07-02,在策划广告活动时什么是重要的,,DESKTOP,,0,2,0.0,94.0,query_device,2026-07-27 13:01:48
85920,2026-07-27,2025-07-02,地产经纪人广告,,DESKTOP,,0,50,0.0,33.08,query_device,2026-07-27 13:01:48
85921,2026-07-27,2025-07-02,地产经纪人广告,,MOBILE,,0,45,0.0,33.4,query_device,2026-07-27 13:01:48
85922,2026-07-27,2025-07-02,地产经纪人推广,,DESKTOP,,0,10,0.0,72.9,query_device,2026-07-27 13:01:48
85923,2026-07-27,2025-07-02,地产经纪人推广,,MOBILE,,0,6,0.0,86.33333333333333,query_device,2026-07-27 13:01:48
85924,2026-07-27,2025-07-02,地产经纪人营销,,DESKTOP,,0,1,0.0,53.0,query_device,2026-07-27 13:01:48
85925,2026-07-27,2025-07-02,地产经纪营销,,DESKTOP,,0,1,0.0,85.0,query_device,2026-07-27 13:01:48
85926,2026-07-27,2025-07-02,基于价值的出价策略的工作原理是怎样的？,,DESKTOP,,0,3,0.0,8.666666666666668,query_device,2026-07-27 13:01:48
85927,2026-07-27,2025-07-02,基于价值的智能出价策略有哪两种？,,DESKTOP,,0,1,0.0,37.0,query_device,2026-07-27 13:01:48
85928,2026-07-27,2025-07-02,堆叠面积图,,DESKTOP,,0,1,0.0,17.0,query_device,2026-07-27 13:01:48
85929,2026-07-27,2025-07-02,堆积面积图,,DESKTOP,,0,1,0.0,22.0,query_device,2026-07-27 13:01:48
85930,2026-07-27,2025-07-02,增粉,,DESKTOP,,0,5,0.0,52.4,query_device,2026-07-27 13:01:48
85931,2026-07-27,2025-07-02,增粉,,MOBILE,,0,1,0.0,53.0,query_device,2026-07-27 13:01:48
85932,2026-07-27,2025-07-02,增長最快的加密貨幣,,MOBILE,,0,1,0.0,91.0,query_device,2026-07-27 13:01:48
85933,2026-07-27,2025-07-02,复粉 社交媒体 用法,,DESKTOP,,0,1,0.0,6.0,query_device,2026-07-27 13:01:48
85934,2026-07-27,2025-07-02,外贸 seo,,DESKTOP,,0,2,0.0,44.5,query_device,2026-07-27 13:01:48
85935,2026-07-27,2025-07-02,外贸独立站,,DESKTOP,,0,1,0.0,90.0,query_device,2026-07-27 13:01:48
85936,2026-07-27,2025-07-02,外链发布,,DESKTOP,,0,1,0.0,17.0,query_device,2026-07-27 13:01:48
85937,2026-07-27,2025-07-02,外链收录,,DESKTOP,,0,2,0.0,87.0,query_device,2026-07-27 13:01:48
85938,2026-07-27,2025-07-02,如何使用可视化搜索引擎？,,DESKTOP,,0,7,0.0,77.28571428571429,query_device,2026-07-27 13:01:48
85939,2026-07-27,2025-07-02,如何分析独立站数据,,DESKTOP,,0,10,0.0,91.7,query_device,2026-07-27 13:01:48
85940,2026-07-27,2025-07-02,如何制定整合营销策略？,,DESKTOP,,0,3,0.0,26.666666666666668,query_device,2026-07-27 13:01:48
85941,2026-07-27,2025-07-02,如何提高销售额,,DESKTOP,,0,6,0.0,46.833333333333336,query_device,2026-07-27 13:01:48
85942,2026-07-27,2025-07-02,如何提高销售额,,MOBILE,,0,4,0.0,43.75,query_device,2026-07-27 13:01:48
85943,2026-07-27,2025-07-02,如何构建受众与品牌的对话关系,,DESKTOP,,0,1,0.0,78.0,query_device,2026-07-27 13:01:48
85944,2026-07-27,2025-07-02,如何注册领英账号,,DESKTOP,,0,1,0.0,38.0,query_device,2026-07-27 13:01:48
85945,2026-07-27,2025-07-02,如何测量相关词条的搜索数量,,DESKTOP,,0,14,0.0,83.85714285714286,query_device,2026-07-27 13:01:48
85946,2026-07-27,2025-07-02,如何确定合适的搜索词,,DESKTOP,,0,1,0.0,56.0,query_device,2026-07-27 13:01:48
85947,2026-07-27,2025-07-02,安索夫矩阵,,DESKTOP,,0,3,0.0,77.0,query_device,2026-07-27 13:01:48
85948,2026-07-27,2025-07-02,安索夫矩陣,,DESKTOP,,0,2,0.0,78.0,query_device,2026-07-27 13:01:48
85949,2026-07-27,2025-07-02,安索夫矩陣,,MOBILE,,0,1,0.0,78.0,query_device,2026-07-27 13:01:48
85950,2026-07-27,2025-07-02,安索夫矩陣範例,,DESKTOP,,0,1,0.0,50.0,query_device,2026-07-27 13:01:48
85951,2026-07-27,2025-07-02,实施智能出价和广泛匹配后，您应遵循哪三种广告系列最佳实践？,,DESKTOP,,0,1,0.0,9.0,query_device,2026-07-27 13:01:48
85952,2026-07-27,2025-07-02,客户分析,,DESKTOP,,0,3,0.0,87.0,query_device,2026-07-27 13:01:48
85953,2026-07-27,2025-07-02,富媒體,,MOBILE,,0,1,0.0,81.0,query_device,2026-07-27 13:01:48
85954,2026-07-27,2025-07-02,富媒體廣告,,DESKTOP,,0,8,0.0,33.625,query_device,2026-07-27 13:01:48
85955,2026-07-27,2025-07-02,对于 google 展示广告网络上提供的广告格式，哪种会自动调整显示方式以充分利用页面上的可用空间？,,DESKTOP,,0,3,0.0,17.0,query_device,2026-07-27 13:01:48
85956,2026-07-27,2025-07-02,对于 google 展示广告网络上提供的广告格式，哪种会自动调整显示方式以充分利用页面上的可用空间？,,MOBILE,,0,1,0.0,36.0,query_device,2026-07-27 13:01:48
85957,2026-07-27,2025-07-02,对于此搜索而言，您广告的广告评级较低。,,DESKTOP,,0,11,0.0,9.363636363636363,query_device,2026-07-27 13:01:48
85958,2026-07-27,2025-07-02,将广泛匹配、智能出价和自适应搜索广告结合使用有哪两个好处？,,DESKTOP,,0,2,0.0,9.5,query_device,2026-07-27 13:01:48
85959,2026-07-27,2025-07-02,将智能出价与广泛匹配结合使用的好处是什么？,,DESKTOP,,0,5,0.0,5.4,query_device,2026-07-27 13:01:48
85960,2026-07-27,2025-07-02,展示广告,,DESKTOP,,0,20,0.0,81.8,query_device,2026-07-27 13:01:48
85961,2026-07-27,2025-07-02,展示广告,,MOBILE,,0,3,0.0,77.33333333333333,query_device,2026-07-27 13:01:48
85962,2026-07-27,2025-07-02,帕累托,,DESKTOP,,0,2,0.0,56.5,query_device,2026-07-27 13:01:48
85963,2026-07-27,2025-07-02,帕累托分析法,,DESKTOP,,0,1,0.0,95.0,query_device,2026-07-27 13:01:48
85964,2026-07-27,2025-07-02,帕累托法则,,MOBILE,,0,1,0.0,54.0,query_device,2026-07-27 13:01:48
85965,2026-07-27,2025-07-02,帕累托法則,,DESKTOP,,0,1,0.0,59.0,query_device,2026-07-27 13:01:48
85966,2026-07-27,2025-07-02,常用的搜索引擎都有哪些类型，他们的优缺点是什么,,DESKTOP,,0,5,0.0,24.8,query_device,2026-07-27 13:01:48
85967,2026-07-27,2025-07-02,广告 形式,,DESKTOP,,0,1,0.0,80.0,query_device,2026-07-27 13:01:48
85968,2026-07-27,2025-07-02,广告cpm,,DESKTOP,,0,1,0.0,50.0,query_device,2026-07-27 13:01:48
85969,2026-07-27,2025-07-02,广告出价与人,,DESKTOP,,0,2,0.0,98.0,query_device,2026-07-27 13:01:48
85970,2026-07-27,2025-07-02,广告印象 广告到达数量*平均频率,,DESKTOP,,0,4,0.0,20.75,query_device,2026-07-27 13:01:48
85971,2026-07-27,2025-07-02,广告定位,,DESKTOP,,0,2,0.0,70.0,query_device,2026-07-27 13:01:48
85972,2026-07-27,2025-07-02,广告定位,,MOBILE,,0,3,0.0,69.0,query_device,2026-07-27 13:01:48
85973,2026-07-27,2025-07-02,广告的类型,,DESKTOP,,0,1,0.0,96.0,query_device,2026-07-27 13:01:48
85974,2026-07-27,2025-07-02,广告的类型,,MOBILE,,0,2,0.0,96.0,query_device,2026-07-27 13:01:48
85975,2026-07-27,2025-07-02,广告类型有哪些,,DESKTOP,,0,1,0.0,61.0,query_device,2026-07-27 13:01:48
85976,2026-07-27,2025-07-02,广告类型有哪些,,MOBILE,,0,2,0.0,75.5,query_device,2026-07-27 13:01:48
85977,2026-07-27,2025-07-02,广告色彩的选择,,DESKTOP,,0,33,0.0,23.666666666666668,query_device,2026-07-27 13:01:48
85978,2026-07-27,2025-07-02,广告色彩色彩的心理感觉,,DESKTOP,,0,31,0.0,17.677419354838708,query_device,2026-07-27 13:01:48
85979,2026-07-27,2025-07-02,广告转化率怎么算,,DESKTOP,,0,1,0.0,49.0,query_device,2026-07-27 13:01:48
85980,2026-07-27,2025-07-02,廣告客戶使用 google 手機來電轉換追蹤功能時，要如何追蹤帳戶中的通話？,,DESKTOP,,0,1,0.0,38.0,query_device,2026-07-27 13:01:48
85981,2026-07-27,2025-07-02,廣告平台,,MOBILE,,0,1,0.0,88.0,query_device,2026-07-27 13:01:48
85982,2026-07-27,2025-07-02,廣告點擊率,,DESKTOP,,0,5,0.0,71.0,query_device,2026-07-27 13:01:48
85983,2026-07-27,2025-07-02,廣告點擊率,,MOBILE,,0,3,0.0,68.33333333333333,query_device,2026-07-27 13:01:48
85984,2026-07-27,2025-07-02,弹出式广告的优点和缺点,,DESKTOP,,0,23,0.0,66.82608695652173,query_device,2026-07-27 13:01:48
85985,2026-07-27,2025-07-02,微软广告,,DESKTOP,,0,2,0.0,59.5,query_device,2026-07-27 13:01:48
85986,2026-07-27,2025-07-02,必应广告,,DESKTOP,,0,1,0.0,41.0,query_device,2026-07-27 13:01:48
85987,2026-07-27,2025-07-02,必应广告,,MOBILE,,0,1,0.0,60.0,query_device,2026-07-27 13:01:48
85988,2026-07-27,2025-07-02,必应搜索营销,,DESKTOP,,0,9,0.0,72.22222222222223,query_device,2026-07-27 13:01:48
85989,2026-07-27,2025-07-02,怀旧广告,,DESKTOP,,0,1,0.0,57.0,query_device,2026-07-27 13:01:48
85990,2026-07-27,2025-07-02,怀旧广告,,MOBILE,,0,1,0.0,55.0,query_device,2026-07-27 13:01:48
85991,2026-07-27,2025-07-02,怎么提高pinterest搜索的准确率,,DESKTOP,,0,6,0.0,70.33333333333333,query_device,2026-07-27 13:01:48
85992,2026-07-27,2025-07-02,怎么样组关键词更有吸引力,,DESKTOP,,0,22,0.0,42.63636363636363,query_device,2026-07-27 13:01:48
85993,2026-07-27,2025-07-02,您可以在哪里查看出价状态、一段时间内的效果趋势和转化延迟时间报告？,,DESKTOP,,0,1,0.0,11.0,query_device,2026-07-27 13:01:48
85994,2026-07-27,2025-07-02,您的营销公司制作了一则非常有吸引力的广告，相对于展示而言，该广告获得了许多点击。 该广告可能会对 google ads 竞价造成什么影响？,,DESKTOP,,0,3,0.0,9.0,query_device,2026-07-27 13:01:48
85995,2026-07-27,2025-07-02,我想问一下什么是斜率？,,DESKTOP,,0,2,0.0,24.0,query_device,2026-07-27 13:01:48
85996,2026-07-27,2025-07-02,抖音开户,,MOBILE,,0,1,0.0,34.0,query_device,2026-07-27 13:01:48
85997,2026-07-27,2025-07-02,拉动式营销策略具体有哪些,,DESKTOP,,0,3,0.0,2.666666666666667,query_device,2026-07-27 13:01:48
85998,2026-07-27,2025-07-02,按点击付费,,DESKTOP,,0,18,0.0,57.94444444444444,query_device,2026-07-27 13:01:48
85999,2026-07-27,2025-07-02,探索性分析,,DESKTOP,,0,1,0.0,41.0,query_device,2026-07-27 13:01:48
86000,2026-07-27,2025-07-02,探索性数据分析,,DESKTOP,,0,1,0.0,49.0,query_device,2026-07-27 13:01:48
86001,2026-07-27,2025-07-02,推式策略,,DESKTOP,,0,1,0.0,3.0,query_device,2026-07-27 13:01:48
86002,2026-07-27,2025-07-02,推文转发策略,,DESKTOP,,0,3,0.0,91.0,query_device,2026-07-27 13:01:48
86003,2026-07-27,2025-07-02,推特 4k,,MOBILE,,0,3,0.0,10.333333333333334,query_device,2026-07-27 13:01:48
86004,2026-07-27,2025-07-02,推特 列表,,MOBILE,,0,1,0.0,12.0,query_device,2026-07-27 13:01:48
86005,2026-07-27,2025-07-02,推特4k,,MOBILE,,0,2,0.0,13.5,query_device,2026-07-27 13:01:48
86006,2026-07-27,2025-07-02,推特列表,,MOBILE,,0,2,0.0,15.5,query_device,2026-07-27 13:01:48
86007,2026-07-27,2025-07-02,推特怎么退出登录,,DESKTOP,,0,1,0.0,77.0,query_device,2026-07-27 13:01:48
86008,2026-07-27,2025-07-02,推特推广,,DESKTOP,,0,1,0.0,54.0,query_device,2026-07-27 13:01:48
86009,2026-07-27,2025-07-02,推特推广,,MOBILE,,0,1,0.0,53.0,query_device,2026-07-27 13:01:48
86010,2026-07-27,2025-07-02,推特推广方案,,DESKTOP,,0,26,0.0,82.96153846153847,query_device,2026-07-27 13:01:48
86011,2026-07-27,2025-07-02,推特推广是什么,,DESKTOP,,0,11,0.0,79.27272727272727,query_device,2026-07-27 13:01:48
86012,2026-07-27,2025-07-02,推特营销,,DESKTOP,,0,1,0.0,37.0,query_device,2026-07-27 13:01:48
86013,2026-07-27,2025-07-02,推特软件推广,,DESKTOP,,0,1,0.0,97.0,query_device,2026-07-27 13:01:48
86014,2026-07-27,2025-07-02,提高 ppc 性能,,DESKTOP,,0,61,0.0,7.39344262295082,query_device,2026-07-27 13:01:48
86015,2026-07-27,2025-07-02,提高 ppc 性能,,MOBILE,,0,31,0.0,8.032258064516128,query_device,2026-07-27 13:01:48
86016,2026-07-27,2025-07-02,提高销售,,DESKTOP,,0,4,0.0,64.0,query_device,2026-07-27 13:01:48
86017,2026-07-27,2025-07-02,搜索 引擎 营销,,DESKTOP,,0,10,0.0,76.3,query_device,2026-07-27 13:01:48
86018,2026-07-27,2025-07-02,搜索引擎优化seo和谷歌付费广告ppc,,DESKTOP,,0,24,0.0,27.75,query_device,2026-07-27 13:01:48
86019,2026-07-27,2025-07-02,搜索引擎优化活动如何与其他营销活动（例如电视广告、社交媒体营销或客户忠诚度计划）相结合？,,DESKTOP,,0,12,0.0,53.666666666666664,query_device,2026-07-27 13:01:48
86020,2026-07-27,2025-07-02,搜索引擎营销,,DESKTOP,,0,11,0.0,72.18181818181819,query_device,2026-07-27 13:01:48
86021,2026-07-27,2025-07-02,搜索引擎营销,,MOBILE,,0,10,0.0,80.3,query_device,2026-07-27 13:01:48
86022,2026-07-27,2025-07-02,搜索查询词优化技巧,,DESKTOP,,0,1,0.0,83.0,query_device,2026-07-27 13:01:48
86023,2026-07-27,2025-07-02,散 点 图,,DESKTOP,,0,4,0.0,80.0,query_device,2026-07-27 13:01:48
86024,2026-07-27,2025-07-02,散点图,,DESKTOP,,0,6,0.0,85.33333333333333,query_device,2026-07-27 13:01:48
86025,2026-07-27,2025-07-02,散点图,,MOBILE,,0,2,0.0,92.0,query_device,2026-07-27 13:01:48
86026,2026-07-27,2025-07-02,数字化营销,,DESKTOP,,0,9,0.0,88.44444444444444,query_device,2026-07-27 13:01:48
86027,2026-07-27,2025-07-02,数据可视化最佳实践,,DESKTOP,,0,2,0.0,15.0,query_device,2026-07-27 13:01:48
86028,2026-07-27,2025-07-02,数据探索,,DESKTOP,,0,1,0.0,76.0,query_device,2026-07-27 13:01:48
86029,2026-07-27,2025-07-02,数据驱动决策,,DESKTOP,,0,4,0.0,85.5,query_device,2026-07-27 13:01:48
86030,2026-07-27,2025-07-02,整合营销,,DESKTOP,,0,3,0.0,19.666666666666668,query_device,2026-07-27 13:01:48
86031,2026-07-27,2025-07-02,整合营销,,MOBILE,,0,1,0.0,87.0,query_device,2026-07-27 13:01:48
86032,2026-07-27,2025-07-02,數字營銷,,DESKTOP,,0,1,0.0,86.0,query_device,2026-07-27 13:01:48
86033,2026-07-27,2025-07-02,數字營銷,,MOBILE,,0,1,0.0,95.0,query_device,2026-07-27 13:01:48
86034,2026-07-27,2025-07-02,斜率的定义？怎样教学比较好？,,DESKTOP,,0,3,0.0,25.666666666666668,query_device,2026-07-27 13:01:48
86035,2026-07-27,2025-07-02,旭日图,,DESKTOP,,0,1,0.0,56.0,query_device,2026-07-27 13:01:48
86036,2026-07-27,2025-07-02,旭日图,,MOBILE,,0,1,0.0,55.0,query_device,2026-07-27 13:01:48
86037,2026-07-27,2025-07-02,易詞雲-詞雲生成器,,MOBILE,,0,14,0.0,42.214285714285715,query_device,2026-07-27 13:01:48
86038,2026-07-27,2025-07-02,智能购物广告,,DESKTOP,,0,33,0.0,52.81818181818182,query_device,2026-07-27 13:01:48
86039,2026-07-27,2025-07-02,智能购物广告,,MOBILE,,0,2,0.0,56.5,query_device,2026-07-27 13:01:48
86040,2026-07-27,2025-07-02,最佳加密货币,,DESKTOP,,0,3,0.0,95.66666666666667,query_device,2026-07-27 13:01:48
86041,2026-07-27,2025-07-02,最佳加密货币,,MOBILE,,0,10,0.0,83.2,query_device,2026-07-27 13:01:48
86042,2026-07-27,2025-07-02,最佳加密货币信号,,MOBILE,,0,57,0.0,85.66666666666667,query_device,2026-07-27 13:01:48
86043,2026-07-27,2025-07-02,李克特5级量表,,DESKTOP,,0,2,0.0,22.0,query_device,2026-07-27 13:01:48
86044,2026-07-27,2025-07-02,李克特五分量表,,DESKTOP,,0,1,0.0,60.0,query_device,2026-07-27 13:01:48
86045,2026-07-27,2025-07-02,李克特五点量表,,DESKTOP,,0,1,0.0,14.0,query_device,2026-07-27 13:01:48
86046,2026-07-27,2025-07-02,李克特五级量表,,DESKTOP,,0,10,0.0,10.2,query_device,2026-07-27 13:01:48
86047,2026-07-27,2025-07-02,李克特五點量表分析,,DESKTOP,,0,2,0.0,29.5,query_device,2026-07-27 13:01:48
86048,2026-07-27,2025-07-02,李克特五點量表範例,,DESKTOP,,0,2,0.0,27.0,query_device,2026-07-27 13:01:48
86049,2026-07-27,2025-07-02,李克特式五點量表,,MOBILE,,0,1,0.0,51.0,query_device,2026-07-27 13:01:48
86050,2026-07-27,2025-07-02,李克特量表,,DESKTOP,,0,19,0.0,49.63157894736842,query_device,2026-07-27 13:01:48
86051,2026-07-27,2025-07-02,李克特量表,,MOBILE,,0,1,0.0,53.0,query_device,2026-07-27 13:01:48
86052,2026-07-27,2025-07-02,李克特量表excel,,DESKTOP,,0,1,0.0,8.0,query_device,2026-07-27 13:01:48
86053,2026-07-27,2025-07-02,李克特量表excel,,MOBILE,,0,1,0.0,7.0,query_device,2026-07-27 13:01:48
86054,2026-07-27,2025-07-02,李克特量表分析方法,,DESKTOP,,0,3,0.0,24.333333333333332,query_device,2026-07-27 13:01:48
86055,2026-07-27,2025-07-02,李斯特量表,,DESKTOP,,0,1,0.0,10.0,query_device,2026-07-27 13:01:48
86056,2026-07-27,2025-07-02,李斯特量表,,MOBILE,,0,1,0.0,15.0,query_device,2026-07-27 13:01:48
86057,2026-07-27,2025-07-02,查pinterest 平台浏览,,DESKTOP,,0,9,0.0,59.55555555555556,query_device,2026-07-27 13:01:48
86058,2026-07-27,2025-07-02,桑基图,,DESKTOP,,0,4,0.0,79.25,query_device,2026-07-27 13:01:48
86059,2026-07-27,2025-07-02,桑基图excel,,DESKTOP,,0,17,0.0,4.705882352941177,query_device,2026-07-27 13:01:48
86060,2026-07-27,2025-07-02,桑基图excel,,MOBILE,,0,3,0.0,5.0,query_device,2026-07-27 13:01:48
86061,2026-07-27,2025-07-02,桑基圖excel,,DESKTOP,,0,6,0.0,10.333333333333334,query_device,2026-07-27 13:01:48
86062,2026-07-27,2025-07-02,桑基圖excel,,MOBILE,,0,2,0.0,14.0,query_device,2026-07-27 13:01:48
86063,2026-07-27,2025-07-02,桑基圖製作,,DESKTOP,,0,1,0.0,32.0,query_device,2026-07-27 13:01:48
86064,2026-07-27,2025-07-02,橡树学院,,DESKTOP,,0,1,0.0,35.0,query_device,2026-07-27 13:01:48
86065,2026-07-27,2025-07-02,比較圖表,,DESKTOP,,0,1,0.0,67.0,query_device,2026-07-27 13:01:48
86066,2026-07-27,2025-07-02,比較圖表,,MOBILE,,0,1,0.0,56.0,query_device,2026-07-27 13:01:48
86067,2026-07-27,2025-07-02,比較圖製作,,DESKTOP,,0,6,0.0,22.5,query_device,2026-07-27 13:01:48
86068,2026-07-27,2025-07-02,海外广告,,DESKTOP,,0,1,0.0,61.0,query_device,2026-07-27 13:01:48
86069,2026-07-27,2025-07-02,海外广告投放,,MOBILE,,0,1,0.0,63.0,query_device,2026-07-27 13:01:48
86070,2026-07-27,2025-07-02,海外广告投放平台,,DESKTOP,,0,1,0.0,48.0,query_device,2026-07-27 13:01:48
86071,2026-07-27,2025-07-02,海外广告投放平台,,MOBILE,,0,2,0.0,49.5,query_device,2026-07-27 13:01:48
86072,2026-07-27,2025-07-02,海外引流,,DESKTOP,,0,2,0.0,47.5,query_device,2026-07-27 13:01:48
86073,2026-07-27,2025-07-02,海外推广平台,,DESKTOP,,0,5,0.0,75.6,query_device,2026-07-27 13:01:48
86074,2026-07-27,2025-07-02,海外数字营销,,DESKTOP,,0,29,0.0,14.379310344827585,query_device,2026-07-27 13:01:48
86075,2026-07-27,2025-07-02,海外整合营销,,DESKTOP,,0,4,0.0,19.25,query_device,2026-07-27 13:01:48
86076,2026-07-27,2025-07-02,海外社媒,,DESKTOP,,0,1,0.0,44.0,query_device,2026-07-27 13:01:48
86077,2026-07-27,2025-07-02,海外社媒,,MOBILE,,0,1,0.0,52.0,query_device,2026-07-27 13:01:48
86078,2026-07-27,2025-07-02,海外社媒有哪些,,DESKTOP,,0,2,0.0,73.0,query_device,2026-07-27 13:01:48
86079,2026-07-27,2025-07-02,漂亮的雷達圖,,DESKTOP,,0,2,0.0,53.0,query_device,2026-07-27 13:01:48
86080,2026-07-27,2025-07-02,漂亮的雷達圖,,MOBILE,,0,2,0.0,48.0,query_device,2026-07-27 13:01:48
86081,2026-07-27,2025-07-02,独立 站,,DESKTOP,,0,12,0.0,71.58333333333333,query_device,2026-07-27 13:01:48
86082,2026-07-27,2025-07-02,独立站,,DESKTOP,,0,13,0.0,69.61538461538461,query_device,2026-07-27 13:01:48
86083,2026-07-27,2025-07-02,独立站,,MOBILE,,0,7,0.0,71.42857142857143,query_device,2026-07-27 13:01:48
86084,2026-07-27,2025-07-02,独立站fb投放,,DESKTOP,,0,7,0.0,82.57142857142857,query_device,2026-07-27 13:01:48
86085,2026-07-27,2025-07-02,独立站外链,,DESKTOP,,0,3,0.0,35.333333333333336,query_device,2026-07-27 13:01:48
86086,2026-07-27,2025-07-02,独立站引流,,DESKTOP,,0,1,0.0,109.0,query_device,2026-07-27 13:01:48
86087,2026-07-27,2025-07-02,独立站推广,,DESKTOP,,0,1,0.0,40.0,query_device,2026-07-27 13:01:48
86088,2026-07-27,2025-07-02,独立站推广渠道,,DESKTOP,,0,15,0.0,75.2,query_device,2026-07-27 13:01:48
86089,2026-07-27,2025-07-02,独立站是什么,,DESKTOP,,0,7,0.0,34.857142857142854,query_device,2026-07-27 13:01:48
86090,2026-07-27,2025-07-02,独立站选品,,DESKTOP,,0,3,0.0,39.0,query_device,2026-07-27 13:01:48
86091,2026-07-27,2025-07-02,獨立站,,DESKTOP,,0,2,0.0,61.5,query_device,2026-07-27 13:01:48
86092,2026-07-27,2025-07-02,獨立站,,MOBILE,,0,1,0.0,64.0,query_device,2026-07-27 13:01:48
86093,2026-07-27,2025-07-02,獨立站收款,,DESKTOP,,0,14,0.0,74.57142857142857,query_device,2026-07-27 13:01:48
86094,2026-07-27,2025-07-02,用excel表格做图表,,DESKTOP,,0,1,0.0,22.0,query_device,2026-07-27 13:01:48
86095,2026-07-27,2025-07-02,用户关注转化率怎么计算？,,DESKTOP,,0,4,0.0,21.5,query_device,2026-07-27 13:01:48
86096,2026-07-27,2025-07-02,矩阵图,,DESKTOP,,0,1,0.0,41.0,query_device,2026-07-27 13:01:48
86097,2026-07-27,2025-07-02,矩陣圖,,DESKTOP,,0,6,0.0,63.833333333333336,query_device,2026-07-27 13:01:48
86098,2026-07-27,2025-07-02,社交媒体内容创作技巧,,DESKTOP,,0,4,0.0,7.0,query_device,2026-07-27 13:01:48
86099,2026-07-27,2025-07-02,社交媒体运营,,DESKTOP,,0,1,0.0,77.0,query_device,2026-07-27 13:01:48
86100,2026-07-27,2025-07-02,社交媒体运营,,MOBILE,,0,2,0.0,81.0,query_device,2026-07-27 13:01:48
86101,2026-07-27,2025-07-02,社媒推广,,DESKTOP,,0,3,0.0,60.333333333333336,query_device,2026-07-27 13:01:48
86102,2026-07-27,2025-07-02,社媒运营,,DESKTOP,,0,2,0.0,56.0,query_device,2026-07-27 13:01:48
86103,2026-07-27,2025-07-02,社媒运营,,MOBILE,,0,1,0.0,47.0,query_device,2026-07-27 13:01:48
86104,2026-07-27,2025-07-02,程序化seo,,DESKTOP,,0,1,0.0,99.0,query_device,2026-07-27 13:01:48
86105,2026-07-27,2025-07-02,竞价广告,,DESKTOP,,0,13,0.0,78.53846153846153,query_device,2026-07-27 13:01:48
86106,2026-07-27,2025-07-02,竞价广告,,MOBILE,,0,9,0.0,80.33333333333333,query_device,2026-07-27 13:01:48
86107,2026-07-27,2025-07-02,粉絲專頁商店功能,,DESKTOP,,0,1,0.0,66.0,query_device,2026-07-27 13:01:48
86108,2026-07-27,2025-07-02,线索广告,,DESKTOP,,0,1,0.0,47.0,query_device,2026-07-27 13:01:48
86109,2026-07-27,2025-07-02,给客户展示衡量标准,,DESKTOP,,0,11,0.0,69.54545454545455,query_device,2026-07-27 13:01:48
86110,2026-07-27,2025-07-02,网站广告报价,,DESKTOP,,0,1,0.0,49.0,query_device,2026-07-27 13:01:48
86111,2026-07-27,2025-07-02,网站广告报价,,MOBILE,,0,1,0.0,43.0,query_device,2026-07-27 13:01:48
86112,2026-07-27,2025-07-02,美国产品广告调色,,DESKTOP,,0,19,0.0,82.73684210526316,query_device,2026-07-27 13:01:48
86113,2026-07-27,2025-07-02,脸书推广,,DESKTOP,,0,1,0.0,75.0,query_device,2026-07-27 13:01:48
86114,2026-07-27,2025-07-02,自動化廣告,,DESKTOP,,0,4,0.0,55.25,query_device,2026-07-27 13:01:48
86115,2026-07-27,2025-07-02,自動化廣告,,MOBILE,,0,3,0.0,53.333333333333336,query_device,2026-07-27 13:01:48
86116,2026-07-27,2025-07-02,色彩心理学在广告中的应用,,DESKTOP,,0,5,0.0,86.6,query_device,2026-07-27 13:01:48
86117,2026-07-27,2025-07-02,英国最佳加密货币应用程式,,DESKTOP,,0,3,0.0,74.0,query_device,2026-07-27 13:01:48
86118,2026-07-27,2025-07-02,英国最佳加密货币应用程式,,MOBILE,,0,7,0.0,85.0,query_device,2026-07-27 13:01:48
86119,2026-07-27,2025-07-02,营销者可以使用当前的哪两种无关键字广告系列类型来增加额外覆盖的人数？,,DESKTOP,,0,1,0.0,5.0,query_device,2026-07-27 13:01:48
86120,2026-07-27,2025-07-02,蜘蛛圖,,DESKTOP,,0,1,0.0,57.0,query_device,2026-07-27 13:01:48
86121,2026-07-27,2025-07-02,衡量邮件营销效果的最终指标是,,DESKTOP,,0,1,0.0,93.0,query_device,2026-07-27 13:01:48
86122,2026-07-27,2025-07-02,视频 推广,,DESKTOP,,0,1,0.0,99.0,query_device,2026-07-27 13:01:48
86123,2026-07-27,2025-07-02,訂單轉換率公式,,DESKTOP,,0,1,0.0,102.0,query_device,2026-07-27 13:01:48
86124,2026-07-27,2025-07-02,词组匹配,,DESKTOP,,0,1,0.0,31.0,query_device,2026-07-27 13:01:48
86125,2026-07-27,2025-07-02,谷歌 ads 运营公司,,DESKTOP,,0,28,0.0,78.32142857142857,query_device,2026-07-27 13:01:48
86126,2026-07-27,2025-07-02,谷歌 seo 推广,,DESKTOP,,0,2,0.0,90.5,query_device,2026-07-27 13:01:48
86127,2026-07-27,2025-07-02,谷歌 关键 词 分析,,DESKTOP,,0,9,0.0,50.666666666666664,query_device,2026-07-27 13:01:48
86128,2026-07-27,2025-07-02,谷歌 关键 词 规划 师,,DESKTOP,,0,1,0.0,24.0,query_device,2026-07-27 13:01:48
86129,2026-07-27,2025-07-02,谷歌 展示 广告,,DESKTOP,,0,14,0.0,49.714285714285715,query_device,2026-07-27 13:01:48
86130,2026-07-27,2025-07-02,谷歌 广告 价格,,DESKTOP,,0,1,0.0,91.0,query_device,2026-07-27 13:01:48
86131,2026-07-27,2025-07-02,谷歌 广告 价格,,MOBILE,,0,1,0.0,92.0,query_device,2026-07-27 13:01:48
86132,2026-07-27,2025-07-02,谷歌 广告 优化,,DESKTOP,,0,44,0.0,76.0909090909091,query_device,2026-07-27 13:01:48
86133,2026-07-27,2025-07-02,谷歌 广告 关键 词,,DESKTOP,,0,42,0.0,41.26190476190476,query_device,2026-07-27 13:01:48
86134,2026-07-27,2025-07-02,谷歌 广告 设置,,DESKTOP,,0,1,0.0,95.0,query_device,2026-07-27 13:01:48
86135,2026-07-27,2025-07-02,谷歌 广告 设置,,MOBILE,,0,2,0.0,93.5,query_device,2026-07-27 13:01:48
86136,2026-07-27,2025-07-02,谷歌 推广 公司,,DESKTOP,,0,8,0.0,82.25,query_device,2026-07-27 13:01:48
86137,2026-07-27,2025-07-02,谷歌 推广 效果,,DESKTOP,,0,1,0.0,73.0,query_device,2026-07-27 13:01:48
86138,2026-07-27,2025-07-02,谷歌 竞价,,DESKTOP,,0,16,0.0,27.375,query_device,2026-07-27 13:01:48
86139,2026-07-27,2025-07-02,谷歌ads开户,,DESKTOP,,0,1,0.0,53.0,query_device,2026-07-27 13:01:48
86140,2026-07-27,2025-07-02,谷歌ads认证,,DESKTOP,,0,2,0.0,33.5,query_device,2026-07-27 13:01:48
86141,2026-07-27,2025-07-02,谷歌app广告,,DESKTOP,,0,1,0.0,70.0,query_device,2026-07-27 13:01:48
86142,2026-07-27,2025-07-02,谷歌app广告,,MOBILE,,0,2,0.0,98.0,query_device,2026-07-27 13:01:48
86143,2026-07-27,2025-07-02,谷歌cro优化,,DESKTOP,,0,13,0.0,87.15384615384616,query_device,2026-07-27 13:01:48
86144,2026-07-27,2025-07-02,谷歌excel,,DESKTOP,,0,1,0.0,46.0,query_device,2026-07-27 13:01:48
86145,2026-07-27,2025-07-02,谷歌gtm是什么,,DESKTOP,,0,1,0.0,33.0,query_device,2026-07-27 13:01:48
86146,2026-07-27,2025-07-02,谷歌mcc,,DESKTOP,,0,1,0.0,82.0,query_device,2026-07-27 13:01:48
86147,2026-07-27,2025-07-02,谷歌pmax和智能购物广告能同时投放吗,,DESKTOP,,0,15,0.0,41.733333333333334,query_device,2026-07-27 13:01:48
86148,2026-07-27,2025-07-02,谷歌ppc优化,,DESKTOP,,0,29,0.0,7.241379310344827,query_device,2026-07-27 13:01:48
86149,2026-07-27,2025-07-02,谷歌sem,,DESKTOP,,0,11,0.0,81.54545454545455,query_device,2026-07-27 13:01:48
86150,2026-07-27,2025-07-02,谷歌sem,,MOBILE,,0,8,0.0,81.125,query_device,2026-07-27 13:01:48
86151,2026-07-27,2025-07-02,谷歌seo代运营,,DESKTOP,,0,2,0.0,79.5,query_device,2026-07-27 13:01:48
86152,2026-07-27,2025-07-02,谷歌seo优化,,DESKTOP,,0,1,0.0,70.0,query_device,2026-07-27 13:01:48
86153,2026-07-27,2025-07-02,谷歌seo推广,,DESKTOP,,0,15,0.0,56.46666666666667,query_device,2026-07-27 13:01:48
86154,2026-07-27,2025-07-02,谷歌seo推广,,MOBILE,,0,4,0.0,58.0,query_device,2026-07-27 13:01:48
86155,2026-07-27,2025-07-02,谷歌shopping广告转化低怎么办,,DESKTOP,,0,11,0.0,33.09090909090909,query_device,2026-07-27 13:01:48
86156,2026-07-27,2025-07-02,谷歌代码管理器,,DESKTOP,,0,1,0.0,45.0,query_device,2026-07-27 13:01:48
86157,2026-07-27,2025-07-02,谷歌代运营,,DESKTOP,,0,2,0.0,75.0,query_device,2026-07-27 13:01:48
86158,2026-07-27,2025-07-02,谷歌会议,,DESKTOP,,0,1,0.0,87.0,query_device,2026-07-27 13:01:48
86159,2026-07-27,2025-07-02,谷歌关键字搜索量检查器,,DESKTOP,,0,20,0.0,67.85,query_device,2026-07-27 13:01:48
86160,2026-07-27,2025-07-02,谷歌关键字规划师,,DESKTOP,,0,7,0.0,60.857142857142854,query_device,2026-07-27 13:01:48
86161,2026-07-27,2025-07-02,谷歌关键字规划师,,MOBILE,,0,3,0.0,58.0,query_device,2026-07-27 13:01:48
86162,2026-07-27,2025-07-02,谷歌关键词,,DESKTOP,,0,2,0.0,74.0,query_device,2026-07-27 13:01:48
86163,2026-07-27,2025-07-02,谷歌关键词广告,,DESKTOP,,0,28,0.0,44.92857142857143,query_device,2026-07-27 13:01:48
86164,2026-07-27,2025-07-02,谷歌关键词搜索,,DESKTOP,,0,11,0.0,92.0,query_device,2026-07-27 13:01:48
86165,2026-07-27,2025-07-02,谷歌关键词搜索量查询,,DESKTOP,,0,1,0.0,62.0,query_device,2026-07-27 13:01:48
86166,2026-07-27,2025-07-02,谷歌关键词搜索量查询,,MOBILE,,0,1,0.0,63.0,query_device,2026-07-27 13:01:48
86167,2026-07-27,2025-07-02,谷歌关键词规划,,DESKTOP,,0,2,0.0,22.0,query_device,2026-07-27 13:01:48
86168,2026-07-27,2025-07-02,谷歌关键词规划师,,MOBILE,,0,2,0.0,46.0,query_device,2026-07-27 13:01:48
86169,2026-07-27,2025-07-02,谷歌关键词规划师怎么用,,DESKTOP,,0,1,0.0,25.0,query_device,2026-07-27 13:01:48
86170,2026-07-27,2025-07-02,谷歌出海大讲堂,,DESKTOP,,0,3,0.0,9.333333333333334,query_device,2026-07-27 13:01:48
86171,2026-07-27,2025-07-02,谷歌出海大讲堂,,MOBILE,,0,1,0.0,11.0,query_device,2026-07-27 13:01:48
86172,2026-07-27,2025-07-02,谷歌合作伙伴,,DESKTOP,,0,1,0.0,31.0,query_device,2026-07-27 13:01:48
86173,2026-07-27,2025-07-02,谷歌地图推广,,DESKTOP,,0,10,0.0,87.4,query_device,2026-07-27 13:01:48
86174,2026-07-27,2025-07-02,谷歌地图推广,,MOBILE,,0,8,0.0,75.875,query_device,2026-07-27 13:01:48
86175,2026-07-27,2025-07-02,谷歌富媒体,,MOBILE,,0,1,0.0,99.0,query_device,2026-07-27 13:01:48
86176,2026-07-27,2025-07-02,谷歌展示广告,,DESKTOP,,0,60,0.0,53.9,query_device,2026-07-27 13:01:48
86177,2026-07-27,2025-07-02,谷歌展示广告,,MOBILE,,0,43,0.0,52.325581395348834,query_device,2026-07-27 13:01:48
86178,2026-07-27,2025-07-02,谷歌广告不出现,,DESKTOP,,0,4,0.0,79.5,query_device,2026-07-27 13:01:48
86179,2026-07-27,2025-07-02,谷歌广告专家,,DESKTOP,,0,4,0.0,78.0,query_device,2026-07-27 13:01:48
86180,2026-07-27,2025-07-02,谷歌广告优化,,DESKTOP,,0,69,0.0,73.20289855072464,query_device,2026-07-27 13:01:48
86181,2026-07-27,2025-07-02,谷歌广告优化,,MOBILE,,0,62,0.0,74.03225806451613,query_device,2026-07-27 13:01:48
86182,2026-07-27,2025-07-02,谷歌广告关键词,,DESKTOP,,0,2,0.0,50.0,query_device,2026-07-27 13:01:48
86183,2026-07-27,2025-07-02,谷歌广告关键词,,MOBILE,,0,1,0.0,71.0,query_device,2026-07-27 13:01:48
86184,2026-07-27,2025-07-02,谷歌广告客户验证,,DESKTOP,,0,1,0.0,78.0,query_device,2026-07-27 13:01:48
86185,2026-07-27,2025-07-02,谷歌广告拒登,,DESKTOP,,0,4,0.0,54.5,query_device,2026-07-27 13:01:48
86186,2026-07-27,2025-07-02,谷歌广告拒登,,MOBILE,,0,7,0.0,64.71428571428572,query_device,2026-07-27 13:01:48
86187,2026-07-27,2025-07-02,谷歌广告排名,,DESKTOP,,0,3,0.0,50.333333333333336,query_device,2026-07-27 13:01:48
86188,2026-07-27,2025-07-02,谷歌广告排名,,MOBILE,,0,3,0.0,63.333333333333336,query_device,2026-07-27 13:01:48
86189,2026-07-27,2025-07-02,谷歌广告类型,,DESKTOP,,0,5,0.0,22.0,query_device,2026-07-27 13:01:48
86190,2026-07-27,2025-07-02,谷歌广告编辑器,,DESKTOP,,0,4,0.0,13.5,query_device,2026-07-27 13:01:48
86191,2026-07-27,2025-07-02,谷歌广告编辑器,,MOBILE,,0,1,0.0,20.0,query_device,2026-07-27 13:01:48
86192,2026-07-27,2025-07-02,谷歌广告联盟教程,,DESKTOP,,0,1,0.0,70.0,query_device,2026-07-27 13:01:48
86193,2026-07-27,2025-07-02,谷歌广告认证,,DESKTOP,,0,2,0.0,60.5,query_device,2026-07-27 13:01:48
86194,2026-07-27,2025-07-02,谷歌广告赠金,,DESKTOP,,0,1,0.0,45.0,query_device,2026-07-27 13:01:48
86195,2026-07-27,2025-07-02,谷歌开户,,DESKTOP,,0,10,0.0,52.5,query_device,2026-07-27 13:01:48
86196,2026-07-27,2025-07-02,谷歌开户,,MOBILE,,0,4,0.0,35.25,query_device,2026-07-27 13:01:48
86197,2026-07-27,2025-07-02,谷歌推广,,DESKTOP,,0,1,0.0,3.0,query_device,2026-07-27 13:01:48
86198,2026-07-27,2025-07-02,谷歌推广开户,,DESKTOP,,0,3,0.0,57.0,query_device,2026-07-27 13:01:48
86199,2026-07-27,2025-07-02,谷歌搜索控制台,,DESKTOP,,0,32,0.0,40.34375,query_device,2026-07-27 13:01:48
86200,2026-07-27,2025-07-02,谷歌效果最大化广告怎么优化,,DESKTOP,,0,18,0.0,76.77777777777777,query_device,2026-07-27 13:01:48
86201,2026-07-27,2025-07-02,谷歌文档excel,,DESKTOP,,0,1,0.0,40.0,query_device,2026-07-27 13:01:48
86202,2026-07-27,2025-07-02,谷歌独立站,,DESKTOP,,0,9,0.0,80.0,query_device,2026-07-27 13:01:48
86203,2026-07-27,2025-07-02,谷歌独立站,,MOBILE,,0,5,0.0,76.2,query_device,2026-07-27 13:01:48
86204,2026-07-27,2025-07-02,谷歌站长指南,,DESKTOP,,0,1,0.0,84.0,query_device,2026-07-27 13:01:48
86205,2026-07-27,2025-07-02,谷歌竞价,,DESKTOP,,0,43,0.0,23.86046511627907,query_device,2026-07-27 13:01:48
86206,2026-07-27,2025-07-02,谷歌竞价,,MOBILE,,0,6,0.0,28.5,query_device,2026-07-27 13:01:48
86207,2026-07-27,2025-07-02,谷歌竞价开户,,MOBILE,,0,6,0.0,5.5,query_device,2026-07-27 13:01:48
86208,2026-07-27,2025-07-02,谷歌经理账户,,DESKTOP,,0,1,0.0,32.0,query_device,2026-07-27 13:01:48
86209,2026-07-27,2025-07-02,谷歌统计代码,,DESKTOP,,0,1,0.0,30.0,query_device,2026-07-27 13:01:48
86210,2026-07-27,2025-07-02,谷歌编辑器,,MOBILE,,0,1,0.0,26.0,query_device,2026-07-27 13:01:48
86211,2026-07-27,2025-07-02,谷歌网站分析,,DESKTOP,,0,1,0.0,66.0,query_device,2026-07-27 13:01:48
86212,2026-07-27,2025-07-02,谷歌网络推广,,DESKTOP,,0,29,0.0,51.0,query_device,2026-07-27 13:01:48
86213,2026-07-27,2025-07-02,谷歌视频广告,,MOBILE,,0,1,0.0,98.0,query_device,2026-07-27 13:01:48
86214,2026-07-27,2025-07-02,谷歌购物广告,,DESKTOP,,0,13,0.0,52.30769230769231,query_device,2026-07-27 13:01:48
86215,2026-07-27,2025-07-02,谷歌购物广告,,MOBILE,,0,2,0.0,53.0,query_device,2026-07-27 13:01:48
86216,2026-07-27,2025-07-02,谷歌购物广告如何出价,,DESKTOP,,0,61,0.0,26.459016393442624,query_device,2026-07-27 13:01:48
86217,2026-07-27,2025-07-02,谷歌购物广告如何出价,,MOBILE,,0,1,0.0,34.0,query_device,2026-07-27 13:01:48
86218,2026-07-27,2025-07-02,谷歌购物广告怎么开,,DESKTOP,,0,11,0.0,70.72727272727273,query_device,2026-07-27 13:01:48
86219,2026-07-27,2025-07-02,谷歌购物广告怎么投,,DESKTOP,,0,47,0.0,50.787234042553195,query_device,2026-07-27 13:01:48
86220,2026-07-27,2025-07-02,谷歌购物广告投放技巧,,DESKTOP,,0,1,0.0,50.0,query_device,2026-07-27 13:01:48
86221,2026-07-27,2025-07-02,谷歌赞助商广告,,DESKTOP,,0,1,0.0,79.0,query_device,2026-07-27 13:01:48
86222,2026-07-27,2025-07-02,购物 广告,,DESKTOP,,0,16,0.0,76.4375,query_device,2026-07-27 13:01:48
86223,2026-07-27,2025-07-02,购物广告出价方式,,DESKTOP,,0,62,0.0,45.91935483870968,query_device,2026-07-27 13:01:48
86224,2026-07-27,2025-07-02,购物广告用哪个出价,,DESKTOP,,0,48,0.0,40.354166666666664,query_device,2026-07-27 13:01:48
86225,2026-07-27,2025-07-02,跨 境 电 商 推广,,MOBILE,,0,1,0.0,79.0,query_device,2026-07-27 13:01:48
86226,2026-07-27,2025-07-02,跨境电商广告,,DESKTOP,,0,3,0.0,89.0,query_device,2026-07-27 13:01:48
86227,2026-07-27,2025-07-02,跨境电商广告,,MOBILE,,0,1,0.0,100.0,query_device,2026-07-27 13:01:48
86228,2026-07-27,2025-07-02,跨境电商广告投放,,DESKTOP,,0,15,0.0,80.13333333333334,query_device,2026-07-27 13:01:48
86229,2026-07-27,2025-07-02,跨境电商广告投放,,MOBILE,,0,1,0.0,94.0,query_device,2026-07-27 13:01:48
86230,2026-07-27,2025-07-02,跨境电商引流,,DESKTOP,,0,1,0.0,79.0,query_device,2026-07-27 13:01:48
86231,2026-07-27,2025-07-02,跨境电商引流,,MOBILE,,0,2,0.0,91.5,query_device,2026-07-27 13:01:48
86232,2026-07-27,2025-07-02,跨境电商推广,,DESKTOP,,0,3,0.0,70.33333333333333,query_device,2026-07-27 13:01:48
86233,2026-07-27,2025-07-02,跳出率 計算,,DESKTOP,,0,5,0.0,97.4,query_device,2026-07-27 13:01:48
86234,2026-07-27,2025-07-02,轉換成本,,DESKTOP,,0,4,0.0,38.5,query_device,2026-07-27 13:01:48
86235,2026-07-27,2025-07-02,轉換成本,,MOBILE,,0,4,0.0,8.0,query_device,2026-07-27 13:01:48
86236,2026-07-27,2025-07-02,轉換成本,,TABLET,,0,1,0.0,10.0,query_device,2026-07-27 13:01:48
86237,2026-07-27,2025-07-02,轉換率公式,,DESKTOP,,0,9,0.0,80.0,query_device,2026-07-27 13:01:48
86238,2026-07-27,2025-07-02,轉換率公式,,MOBILE,,0,6,0.0,76.16666666666667,query_device,2026-07-27 13:01:48
86239,2026-07-27,2025-07-02,轉換率怎麼算,,DESKTOP,,0,3,0.0,71.0,query_device,2026-07-27 13:01:48
86240,2026-07-27,2025-07-02,轉換率算法,,DESKTOP,,0,2,0.0,84.0,query_device,2026-07-27 13:01:48
86241,2026-07-27,2025-07-02,轉換率算法,,MOBILE,,0,1,0.0,91.0,query_device,2026-07-27 13:01:48
86242,2026-07-27,2025-07-02,轉換率計算,,DESKTOP,,0,2,0.0,67.0,query_device,2026-07-27 13:01:48
86243,2026-07-27,2025-07-02,转化潜在客户的案例,,DESKTOP,,0,7,0.0,67.57142857142857,query_device,2026-07-27 13:01:48
86244,2026-07-27,2025-07-02,转化率公式,,MOBILE,,0,1,0.0,34.0,query_device,2026-07-27 13:01:48
86245,2026-07-27,2025-07-02,转化率怎么算,,DESKTOP,,0,2,0.0,60.5,query_device,2026-07-27 13:01:48
86246,2026-07-27,2025-07-02,转化率怎么计算,,DESKTOP,,0,1,0.0,51.0,query_device,2026-07-27 13:01:48
86247,2026-07-27,2025-07-02,这是您第一次投放行动号召视频广告系列。 为了获得最佳效果，您应该实施何种出价策略？,,DESKTOP,,0,1,0.0,10.0,query_device,2026-07-27 13:01:48
86248,2026-07-27,2025-07-02,选包颜色心理学,,DESKTOP,,0,9,0.0,74.66666666666667,query_device,2026-07-27 13:01:48
86249,2026-07-27,2025-07-02,选择自动采纳建议有哪三个好处？,,MOBILE,,0,1,0.0,92.0,query_device,2026-07-27 13:01:48
86250,2026-07-27,2025-07-02,里克特量表,,DESKTOP,,0,1,0.0,48.0,query_device,2026-07-27 13:01:48
86251,2026-07-27,2025-07-02,關鍵字搜尋量,,DESKTOP,,0,1,0.0,94.0,query_device,2026-07-27 13:01:48
86252,2026-07-27,2025-07-02,雙y軸,,DESKTOP,,0,1,0.0,43.0,query_device,2026-07-27 13:01:48
86253,2026-07-27,2025-07-02,顾客满意度和流失率是什么指标,,DESKTOP,,0,1,0.0,100.0,query_device,2026-07-27 13:01:48
86254,2026-07-27,2025-07-02,顾客满意度的kpi,,DESKTOP,,0,32,0.0,22.375,query_device,2026-07-27 13:01:48
86255,2026-07-27,2025-07-02,领英推广,,DESKTOP,,0,1,0.0,62.0,query_device,2026-07-27 13:01:48
86256,2026-07-27,2025-07-02,领英无法注册,,DESKTOP,,0,1,0.0,15.0,query_device,2026-07-27 13:01:48
86257,2026-07-27,2025-07-02,领英注册不了,,DESKTOP,,0,5,0.0,20.8,query_device,2026-07-27 13:01:48
86258,2026-07-27,2025-07-02,领英账号注册,,DESKTOP,,0,1,0.0,26.0,query_device,2026-07-27 13:01:48
86259,2026-07-27,2025-07-02,颜色心理学与消费,,DESKTOP,,0,13,0.0,66.53846153846153,query_device,2026-07-27 13:01:48
58997,2026-07-27,2025-06-02,advich group limited,,DESKTOP,,10,25,0.4,1.8399999999999999,query_device,2026-07-27 13:01:31
58998,2026-07-27,2025-06-02,advich group limited,,MOBILE,,6,14,0.42857142857142855,2.5,query_device,2026-07-27 13:01:31
58999,2026-07-27,2025-06-02,advich,,DESKTOP,,4,22,0.18181818181818182,5.409090909090909,query_device,2026-07-27 13:01:31
59000,2026-07-27,2025-06-02,tiktok代投,,DESKTOP,,4,21,0.19047619047619047,5.380952380952381,query_device,2026-07-27 13:01:31
59001,2026-07-27,2025-06-02,江苏未迟数字技术有限公司,,DESKTOP,,4,16,0.25,2.0625,query_device,2026-07-27 13:01:31
59002,2026-07-27,2025-06-02,桑基图excel,,DESKTOP,,3,28,0.10714285714285714,4.892857142857142,query_device,2026-07-27 13:01:31
59003,2026-07-27,2025-06-02,advich,,MOBILE,,2,21,0.09523809523809523,6.428571428571429,query_device,2026-07-27 13:01:31
59004,2026-07-27,2025-06-02,twitter 4k android,,DESKTOP,,2,7,0.2857142857142857,20.714285714285715,query_device,2026-07-27 13:01:31
59005,2026-07-27,2025-06-02,江苏未迟数字技术有限公司,,MOBILE,,2,21,0.09523809523809523,2.9523809523809526,query_device,2026-07-27 13:01:31
59006,2026-07-27,2025-06-02,excel 桑基图,,DESKTOP,,1,19,0.05263157894736842,4.210526315789474,query_device,2026-07-27 13:01:31
59007,2026-07-27,2025-06-02,excel三軸圖,,MOBILE,,1,7,0.14285714285714285,4.571428571428571,query_device,2026-07-27 13:01:31
59008,2026-07-27,2025-06-02,google sheet dashboard,,MOBILE,,1,1,1.0,9.0,query_device,2026-07-27 13:01:31
59009,2026-07-27,2025-06-02,pinterest广告,,DESKTOP,,1,26,0.038461538461538464,11.307692307692308,query_device,2026-07-27 13:01:31
59010,2026-07-27,2025-06-02,twitter 4k android,,MOBILE,,1,4,0.25,19.75,query_device,2026-07-27 13:01:31
59011,2026-07-27,2025-06-02,推特列表,,DESKTOP,,1,5,0.2,8.4,query_device,2026-07-27 13:01:31
59012,2026-07-27,2025-06-02,3 axis excel chart,,DESKTOP,,0,1,0.0,46.0,query_device,2026-07-27 13:01:31
59013,2026-07-27,2025-06-02,3軸 グラフ エクセル,,DESKTOP,,0,1,0.0,82.0,query_device,2026-07-27 13:01:31
59014,2026-07-27,2025-06-02,3軸 グラフ エクセル,,MOBILE,,0,1,0.0,81.0,query_device,2026-07-27 13:01:31
59015,2026-07-27,2025-06-02,4k twitter,,DESKTOP,,0,1,0.0,71.0,query_device,2026-07-27 13:01:31
59016,2026-07-27,2025-06-02,4k twitter,,MOBILE,,0,1,0.0,78.0,query_device,2026-07-27 13:01:31
59017,2026-07-27,2025-06-02,5 point likert scale,,DESKTOP,,0,1,0.0,99.0,query_device,2026-07-27 13:01:31
59018,2026-07-27,2025-06-02,admob html5 ads,,DESKTOP,,0,1,0.0,18.0,query_device,2026-07-27 13:01:31
59019,2026-07-27,2025-06-02,ads editor,,DESKTOP,,0,1,0.0,7.0,query_device,2026-07-27 13:01:31
59020,2026-07-27,2025-06-02,ads keywords planner,,DESKTOP,,0,1,0.0,31.0,query_device,2026-07-27 13:01:31
59021,2026-07-27,2025-06-02,ads开户,,DESKTOP,,0,6,0.0,40.0,query_device,2026-07-27 13:01:31
59022,2026-07-27,2025-06-02,advich,,TABLET,,0,1,0.0,7.0,query_device,2026-07-27 13:01:31
59023,2026-07-27,2025-06-02,adweb,,DESKTOP,,0,1,0.0,37.0,query_device,2026-07-27 13:01:31
59024,2026-07-27,2025-06-02,adwords关键词工具,,DESKTOP,,0,5,0.0,67.2,query_device,2026-07-27 13:01:31
59025,2026-07-27,2025-06-02,adwords关键词工具,,MOBILE,,0,9,0.0,56.666666666666664,query_device,2026-07-27 13:01:31
59026,2026-07-27,2025-06-02,aida是什么,,DESKTOP,,0,1,0.0,27.0,query_device,2026-07-27 13:01:31
59027,2026-07-27,2025-06-02,all types of graphs,,DESKTOP,,0,1,0.0,31.0,query_device,2026-07-27 13:01:31
59028,2026-07-27,2025-06-02,amazon ppc certification,,DESKTOP,,0,1,0.0,30.0,query_device,2026-07-27 13:01:31
59029,2026-07-27,2025-06-02,android twitter 4k,,MOBILE,,0,5,0.0,8.0,query_device,2026-07-27 13:01:31
59030,2026-07-27,2025-06-02,ansoff matrix,,DESKTOP,,0,2,0.0,24.5,query_device,2026-07-27 13:01:31
59031,2026-07-27,2025-06-02,ansoff matrix是什么,,DESKTOP,,0,1,0.0,18.0,query_device,2026-07-27 13:01:31
59032,2026-07-27,2025-06-02,aol oath,,DESKTOP,,0,1,0.0,10.0,query_device,2026-07-27 13:01:31
59033,2026-07-27,2025-06-02,area charts,,DESKTOP,,0,1,0.0,97.0,query_device,2026-07-27 13:01:31
59034,2026-07-27,2025-06-02,area graph examples,,DESKTOP,,0,1,0.0,60.0,query_device,2026-07-27 13:01:31
59035,2026-07-27,2025-06-02,auction insights,,DESKTOP,,0,1,0.0,5.0,query_device,2026-07-27 13:01:31
59036,2026-07-27,2025-06-02,average seo roi,,DESKTOP,,0,1,0.0,62.0,query_device,2026-07-27 13:01:31
59037,2026-07-27,2025-06-02,b2b google analytics dashboard,,DESKTOP,,0,1,0.0,10.0,query_device,2026-07-27 13:01:31
59038,2026-07-27,2025-06-02,b2b social media strategy 2021,,DESKTOP,,0,1,0.0,61.0,query_device,2026-07-27 13:01:31
59039,2026-07-27,2025-06-02,b2b例子,,DESKTOP,,0,1,0.0,13.0,query_device,2026-07-27 13:01:31
59040,2026-07-27,2025-06-02,bar and line graph maker,,DESKTOP,,0,1,0.0,59.0,query_device,2026-07-27 13:01:31
59041,2026-07-27,2025-06-02,bar chart advantages,,DESKTOP,,0,1,0.0,13.0,query_device,2026-07-27 13:01:31
59042,2026-07-27,2025-06-02,bar chart data visualization,,DESKTOP,,0,1,0.0,58.0,query_device,2026-07-27 13:01:31
59043,2026-07-27,2025-06-02,bar graph benefits,,DESKTOP,,0,1,0.0,7.0,query_device,2026-07-27 13:01:31
59044,2026-07-27,2025-06-02,best chart software,,DESKTOP,,0,1,0.0,80.0,query_device,2026-07-27 13:01:31
59045,2026-07-27,2025-06-02,best data visualization tools for small business,,DESKTOP,,0,1,0.0,17.0,query_device,2026-07-27 13:01:31
59046,2026-07-27,2025-06-02,best sheets at target,,DESKTOP,,0,1,0.0,48.0,query_device,2026-07-27 13:01:31
59047,2026-07-27,2025-06-02,betta color chart,,DESKTOP,,0,1,0.0,16.0,query_device,2026-07-27 13:01:31
59048,2026-07-27,2025-06-02,betta types chart,,DESKTOP,,0,1,0.0,12.0,query_device,2026-07-27 13:01:31
59049,2026-07-27,2025-06-02,bid simulator google ads,,DESKTOP,,0,1,0.0,48.0,query_device,2026-07-27 13:01:31
59050,2026-07-27,2025-06-02,bid simulator google ads,,MOBILE,,0,1,0.0,43.0,query_device,2026-07-27 13:01:31
59051,2026-07-27,2025-06-02,bing ads keyword planner,,DESKTOP,,0,1,0.0,20.0,query_device,2026-07-27 13:01:31
59052,2026-07-27,2025-06-02,bing bing market,,DESKTOP,,0,1,0.0,79.0,query_device,2026-07-27 13:01:31
59053,2026-07-27,2025-06-02,bing keyword planner,,DESKTOP,,0,1,0.0,38.0,query_device,2026-07-27 13:01:31
59054,2026-07-27,2025-06-02,bing remarketing,,DESKTOP,,0,2,0.0,48.5,query_device,2026-07-27 13:01:31
59055,2026-07-27,2025-06-02,bing remarketing,,MOBILE,,0,1,0.0,84.0,query_device,2026-07-27 13:01:31
59056,2026-07-27,2025-06-02,bing 廣告,,DESKTOP,,0,5,0.0,34.4,query_device,2026-07-27 13:01:31
59057,2026-07-27,2025-06-02,bing 廣告,,MOBILE,,0,9,0.0,41.55555555555556,query_device,2026-07-27 13:01:31
59058,2026-07-27,2025-06-02,bing广告,,DESKTOP,,0,11,0.0,27.0,query_device,2026-07-27 13:01:31
59059,2026-07-27,2025-06-02,bing广告,,MOBILE,,0,6,0.0,23.333333333333332,query_device,2026-07-27 13:01:31
59060,2026-07-27,2025-06-02,bing广告投放,,DESKTOP,,0,3,0.0,33.666666666666664,query_device,2026-07-27 13:01:31
59061,2026-07-27,2025-06-02,bing广告投放,,MOBILE,,0,1,0.0,28.0,query_device,2026-07-27 13:01:31
59062,2026-07-27,2025-06-02,bing廣告,,DESKTOP,,0,27,0.0,45.888888888888886,query_device,2026-07-27 13:01:31
59063,2026-07-27,2025-06-02,bing廣告,,MOBILE,,0,17,0.0,47.88235294117647,query_device,2026-07-27 13:01:31
59064,2026-07-27,2025-06-02,box and whisker plot google sheets,,DESKTOP,,0,3,0.0,79.33333333333333,query_device,2026-07-27 13:01:31
59065,2026-07-27,2025-06-02,box plot in google sheets,,DESKTOP,,0,1,0.0,52.0,query_device,2026-07-27 13:01:31
59066,2026-07-27,2025-06-02,box plot whiskers,,DESKTOP,,0,1,0.0,57.0,query_device,2026-07-27 13:01:31
59067,2026-07-27,2025-06-02,boxplot maker with outliers,,DESKTOP,,0,1,0.0,14.0,query_device,2026-07-27 13:01:31
59068,2026-07-27,2025-06-02,bugs liker,,DESKTOP,,0,1,0.0,12.0,query_device,2026-07-27 13:01:31
59069,2026-07-27,2025-06-02,bugsliker,,DESKTOP,,0,1,0.0,9.0,query_device,2026-07-27 13:01:31
59070,2026-07-27,2025-06-02,business ads manager,,DESKTOP,,0,1,0.0,79.0,query_device,2026-07-27 13:01:31
59071,2026-07-27,2025-06-02,business manager,,DESKTOP,,0,7,0.0,91.42857142857143,query_device,2026-07-27 13:01:31
59072,2026-07-27,2025-06-02,business manager,,MOBILE,,0,1,0.0,68.0,query_device,2026-07-27 13:01:31
59073,2026-07-27,2025-06-02,business manager create,,DESKTOP,,0,1,0.0,61.0,query_device,2026-07-27 13:01:31
59074,2026-07-27,2025-06-02,buzsumo,,DESKTOP,,0,1,0.0,86.0,query_device,2026-07-27 13:01:31
59075,2026-07-27,2025-06-02,can you trim a dogs whiskers,,DESKTOP,,0,1,0.0,20.0,query_device,2026-07-27 13:01:31
59076,2026-07-27,2025-06-02,case data studio,,DESKTOP,,0,1,0.0,99.0,query_device,2026-07-27 13:01:31
59077,2026-07-27,2025-06-02,chartexpo for excel,,DESKTOP,,0,1,0.0,7.0,query_device,2026-07-27 13:01:31
59078,2026-07-27,2025-06-02,chartexpo for google sheets,,DESKTOP,,0,1,0.0,69.0,query_device,2026-07-27 13:01:31
59079,2026-07-27,2025-06-02,chartexpo free,,DESKTOP,,0,2,0.0,52.5,query_device,2026-07-27 13:01:31
59080,2026-07-27,2025-06-02,clickshare google ads,,DESKTOP,,0,3,0.0,40.333333333333336,query_device,2026-07-27 13:01:31
59081,2026-07-27,2025-06-02,clickshare google ads,,MOBILE,,0,2,0.0,47.5,query_device,2026-07-27 13:01:31
59082,2026-07-27,2025-06-02,clv,,DESKTOP,,0,2,0.0,75.0,query_device,2026-07-27 13:01:31
59083,2026-07-27,2025-06-02,clv,,MOBILE,,0,1,0.0,97.0,query_device,2026-07-27 13:01:31
59084,2026-07-27,2025-06-02,clv ltv,,DESKTOP,,0,1,0.0,21.0,query_device,2026-07-27 13:01:31
59085,2026-07-27,2025-06-02,column graph questions,,DESKTOP,,0,1,0.0,83.0,query_device,2026-07-27 13:01:31
59086,2026-07-27,2025-06-02,cost per thousand impressions meaning,,DESKTOP,,0,1,0.0,36.0,query_device,2026-07-27 13:01:31
59087,2026-07-27,2025-06-02,countdown google ads,,DESKTOP,,0,1,0.0,60.0,query_device,2026-07-27 13:01:31
59088,2026-07-27,2025-06-02,cpa ad,,DESKTOP,,0,1,0.0,65.0,query_device,2026-07-27 13:01:31
59089,2026-07-27,2025-06-02,cpa ads,,DESKTOP,,0,1,0.0,102.0,query_device,2026-07-27 13:01:31
59090,2026-07-27,2025-06-02,cpa是什么指标,,DESKTOP,,0,1,0.0,89.0,query_device,2026-07-27 13:01:31
59091,2026-07-27,2025-06-02,cpc ppc,,DESKTOP,,0,1,0.0,88.0,query_device,2026-07-27 13:01:31
59092,2026-07-27,2025-06-02,cpc 平均,,DESKTOP,,0,1,0.0,85.0,query_device,2026-07-27 13:01:31
59093,2026-07-27,2025-06-02,cpc公式,,DESKTOP,,0,2,0.0,34.0,query_device,2026-07-27 13:01:31
59094,2026-07-27,2025-06-02,cpc平均,,DESKTOP,,0,1,0.0,16.0,query_device,2026-07-27 13:01:31
59095,2026-07-27,2025-06-02,cpc广告,,DESKTOP,,0,2,0.0,67.5,query_device,2026-07-27 13:01:31
59096,2026-07-27,2025-06-02,cpc广告,,MOBILE,,0,3,0.0,70.66666666666667,query_device,2026-07-27 13:01:31
59097,2026-07-27,2025-06-02,cpc怎么算,,DESKTOP,,0,3,0.0,31.666666666666668,query_device,2026-07-27 13:01:31
59098,2026-07-27,2025-06-02,cpc怎么计算,,DESKTOP,,0,1,0.0,89.0,query_device,2026-07-27 13:01:31
59099,2026-07-27,2025-06-02,cpc点击成本行业均值,,DESKTOP,,0,33,0.0,4.727272727272727,query_device,2026-07-27 13:01:31
59100,2026-07-27,2025-06-02,cpc計算,,DESKTOP,,0,1,0.0,50.0,query_device,2026-07-27 13:01:31
59101,2026-07-27,2025-06-02,cpc计算公式,,DESKTOP,,0,3,0.0,50.333333333333336,query_device,2026-07-27 13:01:31
59102,2026-07-27,2025-06-02,cpc计算公式,,MOBILE,,0,1,0.0,42.0,query_device,2026-07-27 13:01:31
59103,2026-07-27,2025-06-02,cpe怎么算,,DESKTOP,,0,2,0.0,22.5,query_device,2026-07-27 13:01:31
59104,2026-07-27,2025-06-02,cpe是什么广告,,DESKTOP,,0,2,0.0,21.5,query_device,2026-07-27 13:01:31
59105,2026-07-27,2025-06-02,cpm google ads,,DESKTOP,,0,3,0.0,75.33333333333333,query_device,2026-07-27 13:01:31
59106,2026-07-27,2025-06-02,cpm 广告,,DESKTOP,,0,1,0.0,26.0,query_device,2026-07-27 13:01:31
59107,2026-07-27,2025-06-02,cpm如何计算,,MOBILE,,0,1,0.0,68.0,query_device,2026-07-27 13:01:31
59108,2026-07-27,2025-06-02,cpm广告,,DESKTOP,,0,2,0.0,58.0,query_device,2026-07-27 13:01:31
59109,2026-07-27,2025-06-02,cpm怎么计算,,DESKTOP,,0,1,0.0,88.0,query_device,2026-07-27 13:01:31
59110,2026-07-27,2025-06-02,cpm指标,,DESKTOP,,0,1,0.0,31.0,query_device,2026-07-27 13:01:31
59111,2026-07-27,2025-06-02,cpm是什么广告,,DESKTOP,,0,1,0.0,11.0,query_device,2026-07-27 13:01:31
59112,2026-07-27,2025-06-02,cps adwords,,MOBILE,,0,1,0.0,87.0,query_device,2026-07-27 13:01:31
59113,2026-07-27,2025-06-02,cps广告,,DESKTOP,,0,1,0.0,96.0,query_device,2026-07-27 13:01:31
59114,2026-07-27,2025-06-02,cps广告,,MOBILE,,0,1,0.0,31.0,query_device,2026-07-27 13:01:31
59115,2026-07-27,2025-06-02,creative studio google,,DESKTOP,,0,1,0.0,90.0,query_device,2026-07-27 13:01:31
59116,2026-07-27,2025-06-02,creative ways to visualize data,,DESKTOP,,0,1,0.0,25.0,query_device,2026-07-27 13:01:31
59117,2026-07-27,2025-06-02,ctr,,DESKTOP,,0,2,0.0,72.5,query_device,2026-07-27 13:01:31
59118,2026-07-27,2025-06-02,ctr,,MOBILE,,0,1,0.0,100.0,query_device,2026-07-27 13:01:31
59119,2026-07-27,2025-06-02,ctr adwords,,DESKTOP,,0,1,0.0,51.0,query_device,2026-07-27 13:01:31
59120,2026-07-27,2025-06-02,ctr 公式,,DESKTOP,,0,1,0.0,32.0,query_device,2026-07-27 13:01:31
59121,2026-07-27,2025-06-02,ctr 多少算好,,DESKTOP,,0,1,0.0,69.0,query_device,2026-07-27 13:01:31
59122,2026-07-27,2025-06-02,ctr 定义,,DESKTOP,,0,2,0.0,14.0,query_device,2026-07-27 13:01:31
59123,2026-07-27,2025-06-02,ctr 意思,,DESKTOP,,0,1,0.0,70.0,query_device,2026-07-27 13:01:31
59124,2026-07-27,2025-06-02,ctr 意思,,MOBILE,,0,1,0.0,73.0,query_device,2026-07-27 13:01:31
59125,2026-07-27,2025-06-02,ctr 是什么,,DESKTOP,,0,1,0.0,71.0,query_device,2026-07-27 13:01:31
59126,2026-07-27,2025-06-02,ctr 是什麼,,DESKTOP,,0,1,0.0,77.0,query_device,2026-07-27 13:01:31
59127,2026-07-27,2025-06-02,ctr 计算公式,,DESKTOP,,0,1,0.0,9.0,query_device,2026-07-27 13:01:31
59128,2026-07-27,2025-06-02,ctr公式,,DESKTOP,,0,5,0.0,50.2,query_device,2026-07-27 13:01:31
59129,2026-07-27,2025-06-02,ctr公式,,MOBILE,,0,1,0.0,39.0,query_device,2026-07-27 13:01:31
59130,2026-07-27,2025-06-02,ctr多少合理,,DESKTOP,,0,1,0.0,31.0,query_device,2026-07-27 13:01:31
59131,2026-07-27,2025-06-02,ctr怎么计算,,DESKTOP,,0,1,0.0,69.0,query_device,2026-07-27 13:01:31
59132,2026-07-27,2025-06-02,ctr指标,,DESKTOP,,0,1,0.0,27.0,query_device,2026-07-27 13:01:31
59133,2026-07-27,2025-06-02,ctr是什么,,DESKTOP,,0,6,0.0,57.833333333333336,query_device,2026-07-27 13:01:31
59134,2026-07-27,2025-06-02,ctr是什么,,MOBILE,,0,2,0.0,80.0,query_device,2026-07-27 13:01:31
59135,2026-07-27,2025-06-02,ctr是什么意思,,DESKTOP,,0,6,0.0,54.0,query_device,2026-07-27 13:01:31
59136,2026-07-27,2025-06-02,ctr是什么意思,,MOBILE,,0,1,0.0,38.0,query_device,2026-07-27 13:01:31
59137,2026-07-27,2025-06-02,ctr是什么指标,,DESKTOP,,0,1,0.0,52.0,query_device,2026-07-27 13:01:31
59138,2026-07-27,2025-06-02,ctr是什麼,,DESKTOP,,0,1,0.0,77.0,query_device,2026-07-27 13:01:31
59139,2026-07-27,2025-06-02,ctr是什麼,,MOBILE,,0,2,0.0,77.5,query_device,2026-07-27 13:01:31
59140,2026-07-27,2025-06-02,custom audience google ads,,DESKTOP,,0,1,0.0,23.0,query_device,2026-07-27 13:01:31
59141,2026-07-27,2025-06-02,custom intent audiences,,DESKTOP,,0,1,0.0,75.0,query_device,2026-07-27 13:01:31
59142,2026-07-27,2025-06-02,custom intent google ads,,DESKTOP,,0,53,0.0,88.11320754716981,query_device,2026-07-27 13:01:31
59143,2026-07-27,2025-06-02,custom intent google ads,,MOBILE,,0,2,0.0,84.0,query_device,2026-07-27 13:01:31
59144,2026-07-27,2025-06-02,data studio case when,,DESKTOP,,0,1,0.0,46.0,query_device,2026-07-27 13:01:31
59145,2026-07-27,2025-06-02,data visualization free tools,,DESKTOP,,0,1,0.0,55.0,query_device,2026-07-27 13:01:31
59146,2026-07-27,2025-06-02,data visualization stories,,DESKTOP,,0,1,0.0,64.0,query_device,2026-07-27 13:01:31
59147,2026-07-27,2025-06-02,data visualization storytelling examples,,DESKTOP,,0,1,0.0,52.0,query_device,2026-07-27 13:01:31
59148,2026-07-27,2025-06-02,destination mismatch,,DESKTOP,,0,1,0.0,41.0,query_device,2026-07-27 13:01:31
59149,2026-07-27,2025-06-02,destination mismatch google ads,,MOBILE,,0,3,0.0,42.666666666666664,query_device,2026-07-27 13:01:31
59150,2026-07-27,2025-06-02,difference between seo and google adwords,,DESKTOP,,0,1,0.0,11.0,query_device,2026-07-27 13:01:31
59151,2026-07-27,2025-06-02,dot plot definition,,DESKTOP,,0,1,0.0,23.0,query_device,2026-07-27 13:01:31
59152,2026-07-27,2025-06-02,dot plot google sheets,,DESKTOP,,0,9,0.0,49.888888888888886,query_device,2026-07-27 13:01:31
59153,2026-07-27,2025-06-02,dot plot in google sheets,,DESKTOP,,0,1,0.0,51.0,query_device,2026-07-27 13:01:31
59154,2026-07-27,2025-06-02,dot plot on google sheets,,DESKTOP,,0,3,0.0,50.0,query_device,2026-07-27 13:01:31
59155,2026-07-27,2025-06-02,dsa 廣告,,DESKTOP,,0,1,0.0,24.0,query_device,2026-07-27 13:01:31
59156,2026-07-27,2025-06-02,dsa 廣告,,MOBILE,,0,1,0.0,23.0,query_device,2026-07-27 13:01:31
59157,2026-07-27,2025-06-02,dsa广告,,DESKTOP,,0,1,0.0,23.0,query_device,2026-07-27 13:01:31
59158,2026-07-27,2025-06-02,dsp google ads,,DESKTOP,,0,1,0.0,5.0,query_device,2026-07-27 13:01:31
59159,2026-07-27,2025-06-02,dsp ssp,,DESKTOP,,0,8,0.0,50.75,query_device,2026-07-27 13:01:31
59160,2026-07-27,2025-06-02,dsp ssp,,MOBILE,,0,27,0.0,46.629629629629626,query_device,2026-07-27 13:01:31
59161,2026-07-27,2025-06-02,dsp 平台,,DESKTOP,,0,1,0.0,75.0,query_device,2026-07-27 13:01:31
59162,2026-07-27,2025-06-02,dsp 广告,,DESKTOP,,0,1,0.0,74.0,query_device,2026-07-27 13:01:31
59163,2026-07-27,2025-06-02,dsp 廣告,,DESKTOP,,0,1,0.0,84.0,query_device,2026-07-27 13:01:31
59164,2026-07-27,2025-06-02,dsp/需求方平台,,DESKTOP,,0,9,0.0,71.77777777777777,query_device,2026-07-27 13:01:31
59165,2026-07-27,2025-06-02,dsp/需求方平台,,MOBILE,,0,9,0.0,67.44444444444444,query_device,2026-07-27 13:01:31
59166,2026-07-27,2025-06-02,dsp平台,,DESKTOP,,0,2,0.0,47.5,query_device,2026-07-27 13:01:31
59167,2026-07-27,2025-06-02,dsp广告,,DESKTOP,,0,1,0.0,76.0,query_device,2026-07-27 13:01:31
59168,2026-07-27,2025-06-02,dsp廣告,,DESKTOP,,0,1,0.0,84.0,query_device,2026-07-27 13:01:31
59169,2026-07-27,2025-06-02,dsp是什么,,DESKTOP,,0,1,0.0,88.0,query_device,2026-07-27 13:01:31
59170,2026-07-27,2025-06-02,dtc增长,,DESKTOP,,0,28,0.0,45.07142857142857,query_device,2026-07-27 13:01:31
59171,2026-07-27,2025-06-02,duckduckgo 替代,,DESKTOP,,0,1,0.0,96.0,query_device,2026-07-27 13:01:31
59172,2026-07-27,2025-06-02,dv360是什么,,DESKTOP,,0,1,0.0,35.0,query_device,2026-07-27 13:01:31
59173,2026-07-27,2025-06-02,dynamic ad groups google ads,,DESKTOP,,0,1,0.0,13.0,query_device,2026-07-27 13:01:31
59174,2026-07-27,2025-06-02,dynamic search ads vs responsive search ads,,DESKTOP,,0,1,0.0,82.0,query_device,2026-07-27 13:01:31
59175,2026-07-27,2025-06-02,eda資料分析,,MOBILE,,0,10,0.0,53.5,query_device,2026-07-27 13:01:31
59176,2026-07-27,2025-06-02,example of visualize,,DESKTOP,,0,1,0.0,88.0,query_device,2026-07-27 13:01:31
59177,2026-07-27,2025-06-02,excel 3,,DESKTOP,,0,1,0.0,65.0,query_device,2026-07-27 13:01:31
59178,2026-07-27,2025-06-02,excel 3軸,,DESKTOP,,0,3,0.0,61.0,query_device,2026-07-27 13:01:31
59179,2026-07-27,2025-06-02,excel 3軸 グラフ,,DESKTOP,,0,1,0.0,88.0,query_device,2026-07-27 13:01:31
59180,2026-07-27,2025-06-02,excel graph 3 axis,,DESKTOP,,0,1,0.0,44.0,query_device,2026-07-27 13:01:31
59181,2026-07-27,2025-06-02,excel graph with 3 axis,,DESKTOP,,0,1,0.0,8.0,query_device,2026-07-27 13:01:31
59182,2026-07-27,2025-06-02,excel plot xy,,DESKTOP,,0,1,0.0,63.0,query_device,2026-07-27 13:01:31
59183,2026-07-27,2025-06-02,excel scale,,DESKTOP,,0,1,0.0,15.0,query_device,2026-07-27 13:01:31
59184,2026-07-27,2025-06-02,excel sunburst,,DESKTOP,,0,2,0.0,32.5,query_device,2026-07-27 13:01:31
59185,2026-07-27,2025-06-02,excel sunburst chart,,DESKTOP,,0,1,0.0,6.0,query_device,2026-07-27 13:01:31
59186,2026-07-27,2025-06-02,excel sunburst diagramm,,DESKTOP,,0,2,0.0,60.5,query_device,2026-07-27 13:01:31
59187,2026-07-27,2025-06-02,excel three axis graph,,DESKTOP,,0,1,0.0,68.0,query_device,2026-07-27 13:01:31
59188,2026-07-27,2025-06-02,excel x and y graph,,DESKTOP,,0,1,0.0,54.0,query_device,2026-07-27 13:01:31
59189,2026-07-27,2025-06-02,excel グラフ 3軸,,DESKTOP,,0,40,0.0,79.15,query_device,2026-07-27 13:01:31
59190,2026-07-27,2025-06-02,excel グラフ 3軸,,MOBILE,,0,32,0.0,76.59375,query_device,2026-07-27 13:01:31
59191,2026-07-27,2025-06-02,excel 双y轴,,DESKTOP,,0,1,0.0,14.0,query_device,2026-07-27 13:01:31
59192,2026-07-27,2025-06-02,excel 折線圖 兩個y軸,,DESKTOP,,0,1,0.0,32.0,query_device,2026-07-27 13:01:31
59193,2026-07-27,2025-06-02,excel 折線圖 兩個y軸,,MOBILE,,0,1,0.0,27.0,query_device,2026-07-27 13:01:31
59194,2026-07-27,2025-06-02,excel 数据分析,,DESKTOP,,0,11,0.0,44.18181818181818,query_device,2026-07-27 13:01:31
59195,2026-07-27,2025-06-02,excel 數據 分析,,DESKTOP,,0,1,0.0,63.0,query_device,2026-07-27 13:01:31
59196,2026-07-27,2025-06-02,excel 數據分析,,DESKTOP,,0,6,0.0,61.333333333333336,query_device,2026-07-27 13:01:31
59197,2026-07-27,2025-06-02,excel 雙y軸,,DESKTOP,,0,4,0.0,34.25,query_device,2026-07-27 13:01:31
59198,2026-07-27,2025-06-02,excel三軸圖,,DESKTOP,,0,9,0.0,5.111111111111111,query_device,2026-07-27 13:01:31
59199,2026-07-27,2025-06-02,excel双y轴折线图,,DESKTOP,,0,2,0.0,14.0,query_device,2026-07-27 13:01:31
59200,2026-07-27,2025-06-02,excel圖表 兩個y軸,,DESKTOP,,0,1,0.0,29.0,query_device,2026-07-27 13:01:31
59201,2026-07-27,2025-06-02,excel圖表 兩個y軸,,MOBILE,,0,1,0.0,30.0,query_device,2026-07-27 13:01:31
59202,2026-07-27,2025-06-02,excel散点图多组数据,,DESKTOP,,0,1,0.0,29.0,query_device,2026-07-27 13:01:31
59203,2026-07-27,2025-06-02,excel数据分析,,DESKTOP,,0,1,0.0,68.0,query_device,2026-07-27 13:01:31
59204,2026-07-27,2025-06-02,excel雙y軸,,DESKTOP,,0,5,0.0,34.2,query_device,2026-07-27 13:01:31
59205,2026-07-27,2025-06-02,excel雙y軸長條圖,,MOBILE,,0,1,0.0,26.0,query_device,2026-07-27 13:01:31
59206,2026-07-27,2025-06-02,facebook ads example,,DESKTOP,,0,1,0.0,58.0,query_device,2026-07-27 13:01:31
59207,2026-07-27,2025-06-02,facebook business manager,,DESKTOP,,0,22,0.0,46.09090909090909,query_device,2026-07-27 13:01:31
59208,2026-07-27,2025-06-02,facebook business manager icon,,DESKTOP,,0,1,0.0,12.0,query_device,2026-07-27 13:01:31
59209,2026-07-27,2025-06-02,facebook manager,,DESKTOP,,0,3,0.0,37.666666666666664,query_device,2026-07-27 13:01:31
59210,2026-07-27,2025-06-02,facebook manager ads,,DESKTOP,,0,1,0.0,74.0,query_device,2026-07-27 13:01:31
59211,2026-07-27,2025-06-02,facebook messenger 營銷工具,,DESKTOP,,0,2,0.0,93.0,query_device,2026-07-27 13:01:31
59212,2026-07-27,2025-06-02,facebook messenger 營銷工具,,MOBILE,,0,2,0.0,89.0,query_device,2026-07-27 13:01:31
59213,2026-07-27,2025-06-02,facebook offline conversions,,DESKTOP,,0,1,0.0,70.0,query_device,2026-07-27 13:01:31
59214,2026-07-27,2025-06-02,facebook sponsoring,,DESKTOP,,0,1,0.0,54.0,query_device,2026-07-27 13:01:31
59215,2026-07-27,2025-06-02,facebook 广告 营销,,DESKTOP,,0,5,0.0,58.4,query_device,2026-07-27 13:01:31
59216,2026-07-27,2025-06-02,facebook各国用户排名,,DESKTOP,,0,1,0.0,91.0,query_device,2026-07-27 13:01:31
59217,2026-07-27,2025-06-02,facebook广告库,,DESKTOP,,0,1,0.0,28.0,query_device,2026-07-27 13:01:31
59218,2026-07-27,2025-06-02,facebook广告营销,,DESKTOP,,0,16,0.0,59.4375,query_device,2026-07-27 13:01:31
59219,2026-07-27,2025-06-02,facebook广告营销,,MOBILE,,0,22,0.0,57.5,query_device,2026-07-27 13:01:31
59220,2026-07-27,2025-06-02,facebook推广技巧,,DESKTOP,,0,2,0.0,55.0,query_device,2026-07-27 13:01:31
59221,2026-07-27,2025-06-02,facebook跨境电商,,DESKTOP,,0,6,0.0,44.5,query_device,2026-07-27 13:01:31
59222,2026-07-27,2025-06-02,facebook跨境电商,,MOBILE,,0,5,0.0,44.4,query_device,2026-07-27 13:01:31
59223,2026-07-27,2025-06-02,fb business manager,,DESKTOP,,0,1,0.0,46.0,query_device,2026-07-27 13:01:31
59224,2026-07-27,2025-06-02,fb 广告开自动化,,DESKTOP,,0,32,0.0,54.8125,query_device,2026-07-27 13:01:31
59225,2026-07-27,2025-06-02,fb 推广,,DESKTOP,,0,27,0.0,23.962962962962962,query_device,2026-07-27 13:01:31
59226,2026-07-27,2025-06-02,fbclid google analytics,,DESKTOP,,0,1,0.0,40.0,query_device,2026-07-27 13:01:31
59227,2026-07-27,2025-06-02,fb广告投放技巧,,DESKTOP,,0,5,0.0,82.6,query_device,2026-07-27 13:01:31
59228,2026-07-27,2025-06-02,fb广告自动化设置,,DESKTOP,,0,30,0.0,72.0,query_device,2026-07-27 13:01:31
59229,2026-07-27,2025-06-02,fb推广,,DESKTOP,,0,1,0.0,11.0,query_device,2026-07-27 13:01:31
59230,2026-07-27,2025-06-02,fb社群,,DESKTOP,,0,1,0.0,88.0,query_device,2026-07-27 13:01:31
59231,2026-07-27,2025-06-02,fb表單,,DESKTOP,,0,1,0.0,41.0,query_device,2026-07-27 13:01:31
59232,2026-07-27,2025-06-02,fill in number chart,,DESKTOP,,0,1,0.0,43.0,query_device,2026-07-27 13:01:31
59233,2026-07-27,2025-06-02,funnel diagram excel,,DESKTOP,,0,1,0.0,34.0,query_device,2026-07-27 13:01:31
59234,2026-07-27,2025-06-02,funnel plot excel,,DESKTOP,,0,1,0.0,38.0,query_device,2026-07-27 13:01:31
59235,2026-07-27,2025-06-02,gdn lightbox,,DESKTOP,,0,3,0.0,87.66666666666667,query_device,2026-07-27 13:01:31
59236,2026-07-27,2025-06-02,gdn广告,,DESKTOP,,0,1,0.0,35.0,query_device,2026-07-27 13:01:31
59237,2026-07-27,2025-06-02,gdn目標對象,,DESKTOP,,0,4,0.0,95.25,query_device,2026-07-27 13:01:31
59238,2026-07-27,2025-06-02,gdn目標對象,,MOBILE,,0,3,0.0,93.0,query_device,2026-07-27 13:01:31
59239,2026-07-27,2025-06-02,goggle为什么帮小企业做广告，什么理论？,,DESKTOP,,0,1,0.0,79.0,query_device,2026-07-27 13:01:31
59240,2026-07-27,2025-06-02,googe 推荐搜索广告数量,,DESKTOP,,0,44,0.0,57.77272727272727,query_device,2026-07-27 13:01:31
59241,2026-07-27,2025-06-02,google / cpc,,MOBILE,,0,1,0.0,76.0,query_device,2026-07-27 13:01:31
59242,2026-07-27,2025-06-02,google ad cpc,,DESKTOP,,0,1,0.0,66.0,query_device,2026-07-27 13:01:31
59243,2026-07-27,2025-06-02,google ad cpc,,MOBILE,,0,1,0.0,57.0,query_device,2026-07-27 13:01:31
59244,2026-07-27,2025-06-02,google ad extensions,,DESKTOP,,0,1,0.0,97.0,query_device,2026-07-27 13:01:31
59245,2026-07-27,2025-06-02,google ads account types,,DESKTOP,,0,1,0.0,56.0,query_device,2026-07-27 13:01:31
59246,2026-07-27,2025-06-02,google ads cost australia,,DESKTOP,,0,1,0.0,29.0,query_device,2026-07-27 13:01:31
59247,2026-07-27,2025-06-02,google ads cpm,,DESKTOP,,0,3,0.0,50.666666666666664,query_device,2026-07-27 13:01:31
59248,2026-07-27,2025-06-02,google ads ctr,,DESKTOP,,0,1,0.0,75.0,query_device,2026-07-27 13:01:31
59249,2026-07-27,2025-06-02,google ads custom audiences,,DESKTOP,,0,1,0.0,26.0,query_device,2026-07-27 13:01:31
59250,2026-07-27,2025-06-02,google ads display keywords,,DESKTOP,,0,1,0.0,32.0,query_device,2026-07-27 13:01:31
59251,2026-07-27,2025-06-02,google ads dsp,,DESKTOP,,0,1,0.0,94.0,query_device,2026-07-27 13:01:31
59252,2026-07-27,2025-06-02,google ads editor,,DESKTOP,,0,1,0.0,16.0,query_device,2026-07-27 13:01:31
59253,2026-07-27,2025-06-02,google ads editor help,,DESKTOP,,0,1,0.0,4.0,query_device,2026-07-27 13:01:31
59254,2026-07-27,2025-06-02,google ads expensive,,DESKTOP,,0,1,0.0,62.0,query_device,2026-07-27 13:01:31
59255,2026-07-27,2025-06-02,google ads features,,DESKTOP,,0,1,0.0,26.0,query_device,2026-07-27 13:01:31
59256,2026-07-27,2025-06-02,google ads forecast,,DESKTOP,,0,2,0.0,58.5,query_device,2026-07-27 13:01:31
59257,2026-07-27,2025-06-02,google ads forecast,,MOBILE,,0,2,0.0,56.5,query_device,2026-07-27 13:01:31
59258,2026-07-27,2025-06-02,google ads html5,,DESKTOP,,0,1,0.0,17.0,query_device,2026-07-27 13:01:31
59259,2026-07-27,2025-06-02,google ads marketing platform,,DESKTOP,,0,1,0.0,93.0,query_device,2026-07-27 13:01:31
59260,2026-07-27,2025-06-02,google ads target roas,,DESKTOP,,0,17,0.0,76.29411764705883,query_device,2026-07-27 13:01:31
59261,2026-07-27,2025-06-02,google ads 大陆促销,,DESKTOP,,0,1,0.0,32.0,query_device,2026-07-27 13:01:31
59262,2026-07-27,2025-06-02,google ads 大陆促销,,MOBILE,,0,1,0.0,30.0,query_device,2026-07-27 13:01:31
59263,2026-07-27,2025-06-02,google ads 搜尋廣告認證,,DESKTOP,,0,5,0.0,54.4,query_device,2026-07-27 13:01:31
59264,2026-07-27,2025-06-02,google ads 编辑器,,DESKTOP,,0,2,0.0,13.0,query_device,2026-07-27 13:01:31
59265,2026-07-27,2025-06-02,google ads 自動出價優勢,,DESKTOP,,0,1,0.0,6.0,query_device,2026-07-27 13:01:31
59266,2026-07-27,2025-06-02,google ads 认证,,DESKTOP,,0,1,0.0,28.0,query_device,2026-07-27 13:01:31
59267,2026-07-27,2025-06-02,google ads 转化跟踪代码,,DESKTOP,,0,1,0.0,78.0,query_device,2026-07-27 13:01:31
59268,2026-07-27,2025-06-02,google ads 运营公司,,DESKTOP,,0,2,0.0,82.5,query_device,2026-07-27 13:01:31
59269,2026-07-27,2025-06-02,google ads下载,,DESKTOP,,0,1,0.0,56.0,query_device,2026-07-27 13:01:31
59270,2026-07-27,2025-06-02,google ads付款方式,,DESKTOP,,0,1,0.0,17.0,query_device,2026-07-27 13:01:31
59271,2026-07-27,2025-06-02,google ads促销代码,,DESKTOP,,0,9,0.0,9.444444444444445,query_device,2026-07-27 13:01:31
59272,2026-07-27,2025-06-02,google ads促销代码,,MOBILE,,0,3,0.0,7.0,query_device,2026-07-27 13:01:31
59273,2026-07-27,2025-06-02,google ads开户,,DESKTOP,,0,1,0.0,98.0,query_device,2026-07-27 13:01:31
59274,2026-07-27,2025-06-02,google ads登录,,DESKTOP,,0,1,0.0,21.0,query_device,2026-07-27 13:01:31
59275,2026-07-27,2025-06-02,google ads编辑器,,DESKTOP,,0,5,0.0,12.2,query_device,2026-07-27 13:01:31
59276,2026-07-27,2025-06-02,google ads认证,,DESKTOP,,0,2,0.0,25.0,query_device,2026-07-27 13:01:31
59277,2026-07-27,2025-06-02,google ads认证考试,,DESKTOP,,0,1,0.0,25.0,query_device,2026-07-27 13:01:31
59278,2026-07-27,2025-06-02,google ads认证考试,,MOBILE,,0,1,0.0,19.0,query_device,2026-07-27 13:01:31
59279,2026-07-27,2025-06-02,google ads關鍵字規劃工具,,DESKTOP,,0,10,0.0,63.5,query_device,2026-07-27 13:01:31
59280,2026-07-27,2025-06-02,google advertising products,,DESKTOP,,0,1,0.0,77.0,query_device,2026-07-27 13:01:31
59281,2026-07-27,2025-06-02,google advertising products,,MOBILE,,0,3,0.0,77.66666666666667,query_device,2026-07-27 13:01:31
59282,2026-07-27,2025-06-02,google adweb,,DESKTOP,,0,8,0.0,78.625,query_device,2026-07-27 13:01:31
59283,2026-07-27,2025-06-02,google adwords and ppc,,DESKTOP,,0,1,0.0,74.0,query_device,2026-07-27 13:01:31
59284,2026-07-27,2025-06-02,google adwords certification cost,,DESKTOP,,0,1,0.0,45.0,query_device,2026-07-27 13:01:31
59285,2026-07-27,2025-06-02,google adwords mcc,,DESKTOP,,0,1,0.0,57.0,query_device,2026-07-27 13:01:31
59286,2026-07-27,2025-06-02,google adwords remarketing,,DESKTOP,,0,1,0.0,62.0,query_device,2026-07-27 13:01:31
59287,2026-07-27,2025-06-02,google adwords 关键 字 工具,,DESKTOP,,0,3,0.0,45.0,query_device,2026-07-27 13:01:31
59288,2026-07-27,2025-06-02,google adwords 关键 词 工具,,DESKTOP,,0,72,0.0,47.486111111111114,query_device,2026-07-27 13:01:31
59289,2026-07-27,2025-06-02,google adwords 关键 词 工具,,MOBILE,,0,54,0.0,45.77777777777778,query_device,2026-07-27 13:01:31
59290,2026-07-27,2025-06-02,google adwords关键字工具,,DESKTOP,,0,2,0.0,31.0,query_device,2026-07-27 13:01:31
59291,2026-07-27,2025-06-02,google adwords关键词工具,,DESKTOP,,0,81,0.0,46.876543209876544,query_device,2026-07-27 13:01:31
59292,2026-07-27,2025-06-02,google adwords关键词工具,,MOBILE,,0,70,0.0,44.51428571428571,query_device,2026-07-27 13:01:31
59293,2026-07-27,2025-06-02,google adwords关键词规划师,,DESKTOP,,0,1,0.0,9.0,query_device,2026-07-27 13:01:31
59294,2026-07-27,2025-06-02,google analytics segments examples,,DESKTOP,,0,1,0.0,84.0,query_device,2026-07-27 13:01:31
59295,2026-07-27,2025-06-02,google app广告,,DESKTOP,,0,3,0.0,67.33333333333333,query_device,2026-07-27 13:01:31
59296,2026-07-27,2025-06-02,google app广告,,MOBILE,,0,7,0.0,53.0,query_device,2026-07-27 13:01:31
59297,2026-07-27,2025-06-02,google auction insights,,DESKTOP,,0,2,0.0,83.0,query_device,2026-07-27 13:01:31
59298,2026-07-27,2025-06-02,google audience manager,,DESKTOP,,0,1,0.0,33.0,query_device,2026-07-27 13:01:31
59299,2026-07-27,2025-06-02,google chart example,,DESKTOP,,0,2,0.0,62.5,query_device,2026-07-27 13:01:31
59300,2026-07-27,2025-06-02,google chart examples,,DESKTOP,,0,1,0.0,62.0,query_device,2026-07-27 13:01:31
59301,2026-07-27,2025-06-02,google charts color,,DESKTOP,,0,1,0.0,23.0,query_device,2026-07-27 13:01:31
59302,2026-07-27,2025-06-02,google charts example,,DESKTOP,,0,3,0.0,58.0,query_device,2026-07-27 13:01:31
59303,2026-07-27,2025-06-02,google charts example,,MOBILE,,0,1,0.0,57.0,query_device,2026-07-27 13:01:31
59304,2026-07-27,2025-06-02,google charts examples,,DESKTOP,,0,45,0.0,58.2,query_device,2026-07-27 13:01:31
59305,2026-07-27,2025-06-02,google charts examples,,MOBILE,,0,10,0.0,55.5,query_device,2026-07-27 13:01:31
59306,2026-07-27,2025-06-02,google charts table,,DESKTOP,,0,1,0.0,34.0,query_device,2026-07-27 13:01:31
59307,2026-07-27,2025-06-02,google cpc,,DESKTOP,,0,21,0.0,50.23809523809524,query_device,2026-07-27 13:01:31
59308,2026-07-27,2025-06-02,google cpc,,MOBILE,,0,7,0.0,55.57142857142857,query_device,2026-07-27 13:01:31
59309,2026-07-27,2025-06-02,google cpm,,DESKTOP,,0,2,0.0,86.0,query_device,2026-07-27 13:01:31
59310,2026-07-27,2025-06-02,google custom intent audiences,,DESKTOP,,0,13,0.0,72.53846153846153,query_device,2026-07-27 13:01:31
59311,2026-07-27,2025-06-02,google custom intent audiences,,MOBILE,,0,3,0.0,67.33333333333333,query_device,2026-07-27 13:01:31
59312,2026-07-27,2025-06-02,google data studio case when,,DESKTOP,,0,1,0.0,93.0,query_device,2026-07-27 13:01:31
59313,2026-07-27,2025-06-02,google director mix,,DESKTOP,,0,1,0.0,7.0,query_device,2026-07-27 13:01:31
59314,2026-07-27,2025-06-02,google dsa,,DESKTOP,,0,24,0.0,32.29166666666667,query_device,2026-07-27 13:01:31
59315,2026-07-27,2025-06-02,google form下载,,DESKTOP,,0,1,0.0,75.0,query_device,2026-07-27 13:01:31
59316,2026-07-27,2025-06-02,google hierarchy chart,,DESKTOP,,0,1,0.0,31.0,query_device,2026-07-27 13:01:31
59317,2026-07-27,2025-06-02,google keyword planner sign in,,DESKTOP,,0,1,0.0,13.0,query_device,2026-07-27 13:01:31
59318,2026-07-27,2025-06-02,google mcc,,DESKTOP,,0,1,0.0,43.0,query_device,2026-07-27 13:01:31
59319,2026-07-27,2025-06-02,google mql,,DESKTOP,,0,1,0.0,8.0,query_device,2026-07-27 13:01:31
59320,2026-07-27,2025-06-02,google play 广告,,MOBILE,,0,1,0.0,35.0,query_device,2026-07-27 13:01:31
59321,2026-07-27,2025-06-02,google remarketing ads,,DESKTOP,,0,1,0.0,63.0,query_device,2026-07-27 13:01:31
59322,2026-07-27,2025-06-02,google sankey,,DESKTOP,,0,1,0.0,9.0,query_device,2026-07-27 13:01:31
59323,2026-07-27,2025-06-02,google sem,,DESKTOP,,0,1,0.0,62.0,query_device,2026-07-27 13:01:31
59324,2026-07-27,2025-06-02,google sem,,MOBILE,,0,1,0.0,94.0,query_device,2026-07-27 13:01:31
59325,2026-07-27,2025-06-02,google seo sem,,DESKTOP,,0,1,0.0,83.0,query_device,2026-07-27 13:01:31
59326,2026-07-27,2025-06-02,google seo sem,,MOBILE,,0,1,0.0,97.0,query_device,2026-07-27 13:01:31
59327,2026-07-27,2025-06-02,google seo推广,,DESKTOP,,0,7,0.0,84.28571428571429,query_device,2026-07-27 13:01:31
59328,2026-07-27,2025-06-02,google seo是什么,,DESKTOP,,0,1,0.0,48.0,query_device,2026-07-27 13:01:31
59329,2026-07-27,2025-06-02,google serp extension,,DESKTOP,,0,6,0.0,93.0,query_device,2026-07-27 13:01:31
59330,2026-07-27,2025-06-02,google sheet boxplot,,DESKTOP,,0,1,0.0,4.0,query_device,2026-07-27 13:01:31
59331,2026-07-27,2025-06-02,google sheet insert text box,,DESKTOP,,0,1,0.0,36.0,query_device,2026-07-27 13:01:31
59332,2026-07-27,2025-06-02,google sheet multi select dropdown,,DESKTOP,,0,1,0.0,55.0,query_device,2026-07-27 13:01:31
59333,2026-07-27,2025-06-02,google sheet sankey chart,,DESKTOP,,0,1,0.0,36.0,query_device,2026-07-27 13:01:31
59334,2026-07-27,2025-06-02,google sheet wrap,,DESKTOP,,0,1,0.0,71.0,query_device,2026-07-27 13:01:31
59335,2026-07-27,2025-06-02,google sheet 圖表,,MOBILE,,0,2,0.0,7.0,query_device,2026-07-27 13:01:31
59336,2026-07-27,2025-06-02,google sheets box and whisker,,DESKTOP,,0,1,0.0,100.0,query_device,2026-07-27 13:01:31
59337,2026-07-27,2025-06-02,google sheets dot plot,,DESKTOP,,0,3,0.0,53.0,query_device,2026-07-27 13:01:31
59338,2026-07-27,2025-06-02,google sheets drop down list,,DESKTOP,,0,1,0.0,47.0,query_device,2026-07-27 13:01:31
59339,2026-07-27,2025-06-02,google sheets drop down multiple selection,,DESKTOP,,0,1,0.0,44.0,query_device,2026-07-27 13:01:31
59340,2026-07-27,2025-06-02,google sheets pareto chart,,DESKTOP,,0,1,0.0,67.0,query_device,2026-07-27 13:01:31
59341,2026-07-27,2025-06-02,google sheets sankey,,DESKTOP,,0,5,0.0,50.2,query_device,2026-07-27 13:01:31
59342,2026-07-27,2025-06-02,google sheets sankey diagram,,DESKTOP,,0,2,0.0,53.5,query_device,2026-07-27 13:01:31
59343,2026-07-27,2025-06-02,google sheet图片放大,,DESKTOP,,0,1,0.0,46.0,query_device,2026-07-27 13:01:31
59344,2026-07-27,2025-06-02,google sheet教程,,DESKTOP,,0,1,0.0,39.0,query_device,2026-07-27 13:01:31
59345,2026-07-27,2025-06-02,google shopping ads benchmarks,,DESKTOP,,0,1,0.0,41.0,query_device,2026-07-27 13:01:31
59346,2026-07-27,2025-06-02,google shopping怎么用,,DESKTOP,,0,1,0.0,74.0,query_device,2026-07-27 13:01:31
59347,2026-07-27,2025-06-02,google supply side platform,,DESKTOP,,0,1,0.0,26.0,query_device,2026-07-27 13:01:31
59348,2026-07-27,2025-06-02,google tag manager 功能,,DESKTOP,,0,1,0.0,5.0,query_device,2026-07-27 13:01:31
59349,2026-07-27,2025-06-02,google tag manager是什么,,DESKTOP,,0,4,0.0,32.25,query_device,2026-07-27 13:01:31
59350,2026-07-27,2025-06-02,google tcpa,,DESKTOP,,0,1,0.0,56.0,query_device,2026-07-27 13:01:31
59351,2026-07-27,2025-06-02,google uac是什么,,DESKTOP,,0,1,0.0,50.0,query_device,2026-07-27 13:01:31
59352,2026-07-27,2025-06-02,google visualization chart,,DESKTOP,,0,1,0.0,44.0,query_device,2026-07-27 13:01:31
59353,2026-07-27,2025-06-02,google visualization table,,MOBILE,,0,1,0.0,66.0,query_device,2026-07-27 13:01:31
59354,2026-07-27,2025-06-02,google 再營銷,,DESKTOP,,0,10,0.0,80.1,query_device,2026-07-27 13:01:31
59355,2026-07-27,2025-06-02,google 再營銷,,MOBILE,,0,16,0.0,80.0625,query_device,2026-07-27 13:01:31
59356,2026-07-27,2025-06-02,google 图片 广告,,DESKTOP,,0,1,0.0,98.0,query_device,2026-07-27 13:01:31
59357,2026-07-27,2025-06-02,google 展示 广告,,DESKTOP,,0,28,0.0,57.67857142857143,query_device,2026-07-27 13:01:31
59358,2026-07-27,2025-06-02,google 展示广告网络,,DESKTOP,,0,1,0.0,18.0,query_device,2026-07-27 13:01:31
59359,2026-07-27,2025-06-02,google 广告,,DESKTOP,,0,1,0.0,12.0,query_device,2026-07-27 13:01:31
59360,2026-07-27,2025-06-02,google 广告 价格,,DESKTOP,,0,7,0.0,61.142857142857146,query_device,2026-07-27 13:01:31
59361,2026-07-27,2025-06-02,google 广告 价格,,MOBILE,,0,4,0.0,46.25,query_device,2026-07-27 13:01:31
59362,2026-07-27,2025-06-02,google 广告 优化,,DESKTOP,,0,55,0.0,75.98181818181818,query_device,2026-07-27 13:01:31
59363,2026-07-27,2025-06-02,google 广告 关键 词,,DESKTOP,,0,54,0.0,39.592592592592595,query_device,2026-07-27 13:01:31
59364,2026-07-27,2025-06-02,google 广告 设置,,DESKTOP,,0,1,0.0,53.0,query_device,2026-07-27 13:01:31
59365,2026-07-27,2025-06-02,google 廣告主驗證,,DESKTOP,,0,1,0.0,96.0,query_device,2026-07-27 13:01:31
59366,2026-07-27,2025-06-02,google 懲罰,,MOBILE,,0,31,0.0,46.74193548387097,query_device,2026-07-27 13:01:31
59367,2026-07-27,2025-06-02,google 按图搜索,,DESKTOP,,0,1,0.0,20.0,query_device,2026-07-27 13:01:31
59368,2026-07-27,2025-06-02,google 竞价 排名,,DESKTOP,,0,9,0.0,69.66666666666667,query_device,2026-07-27 13:01:31
59369,2026-07-27,2025-06-02,google 試算表 圖表,,DESKTOP,,0,1,0.0,69.0,query_device,2026-07-27 13:01:31
59370,2026-07-27,2025-06-02,google 關鍵 字 搜尋 量,,DESKTOP,,0,1,0.0,92.0,query_device,2026-07-27 13:01:31
59371,2026-07-27,2025-06-02,google 關鍵字搜尋量,,DESKTOP,,0,1,0.0,97.0,query_device,2026-07-27 13:01:31
59372,2026-07-27,2025-06-02,google_product_category,,DESKTOP,,0,1,0.0,67.0,query_device,2026-07-27 13:01:31
59373,2026-07-27,2025-06-02,google促銷代碼取得,,DESKTOP,,0,1,0.0,11.0,query_device,2026-07-27 13:01:31
59374,2026-07-27,2025-06-02,google关键词,,DESKTOP,,0,1,0.0,86.0,query_device,2026-07-27 13:01:31
59375,2026-07-27,2025-06-02,google关键词搜索量查询,,DESKTOP,,0,2,0.0,68.0,query_device,2026-07-27 13:01:31
59376,2026-07-27,2025-06-02,google关键词规划师,,DESKTOP,,0,2,0.0,47.5,query_device,2026-07-27 13:01:31
59377,2026-07-27,2025-06-02,google再營銷,,DESKTOP,,0,4,0.0,82.75,query_device,2026-07-27 13:01:31
59378,2026-07-27,2025-06-02,google再營銷,,MOBILE,,0,3,0.0,89.66666666666667,query_device,2026-07-27 13:01:31
59379,2026-07-27,2025-06-02,google動態廣告,,DESKTOP,,0,26,0.0,44.19230769230769,query_device,2026-07-27 13:01:31
59380,2026-07-27,2025-06-02,google動態廣告,,MOBILE,,0,18,0.0,45.44444444444444,query_device,2026-07-27 13:01:31
59381,2026-07-27,2025-06-02,google動態廣告目標,,DESKTOP,,0,3,0.0,42.0,query_device,2026-07-27 13:01:31
59382,2026-07-27,2025-06-02,google動態廣告目標,,MOBILE,,0,2,0.0,40.0,query_device,2026-07-27 13:01:31
59383,2026-07-27,2025-06-02,google動態搜尋廣告,,DESKTOP,,0,8,0.0,44.5,query_device,2026-07-27 13:01:31
59384,2026-07-27,2025-06-02,google動態搜尋廣告,,MOBILE,,0,5,0.0,44.6,query_device,2026-07-27 13:01:31
59385,2026-07-27,2025-06-02,google合作夥伴名單,,DESKTOP,,0,2,0.0,11.5,query_device,2026-07-27 13:01:31
59386,2026-07-27,2025-06-02,google合作夥伴名單,,MOBILE,,0,3,0.0,17.333333333333332,query_device,2026-07-27 13:01:31
59387,2026-07-27,2025-06-02,google商家最佳實踐,,DESKTOP,,0,20,0.0,38.15,query_device,2026-07-27 13:01:31
59388,2026-07-27,2025-06-02,google图片搜索算法更新,,DESKTOP,,0,1,0.0,69.0,query_device,2026-07-27 13:01:31
59389,2026-07-27,2025-06-02,google展示广告,,DESKTOP,,0,1,0.0,32.0,query_device,2026-07-27 13:01:31
59390,2026-07-27,2025-06-02,google展示广告,,MOBILE,,0,9,0.0,51.22222222222222,query_device,2026-07-27 13:01:31
59391,2026-07-27,2025-06-02,google广告优化,,DESKTOP,,0,84,0.0,58.535714285714285,query_device,2026-07-27 13:01:31
59392,2026-07-27,2025-06-02,google广告优化,,MOBILE,,0,69,0.0,56.3768115942029,query_device,2026-07-27 13:01:31
59393,2026-07-27,2025-06-02,google广告库,,MOBILE,,0,1,0.0,45.0,query_device,2026-07-27 13:01:31
59394,2026-07-27,2025-06-02,google广告拒登,,DESKTOP,,0,2,0.0,49.0,query_device,2026-07-27 13:01:31
59395,2026-07-27,2025-06-02,google广告拒登,,MOBILE,,0,2,0.0,49.0,query_device,2026-07-27 13:01:31
59396,2026-07-27,2025-06-02,google廣告創作,,DESKTOP,,0,8,0.0,21.375,query_device,2026-07-27 13:01:31
59397,2026-07-27,2025-06-02,google流程图,,DESKTOP,,0,1,0.0,77.0,query_device,2026-07-27 13:01:31
59398,2026-07-27,2025-06-02,google海外户开户,,DESKTOP,,0,2,0.0,74.0,query_device,2026-07-27 13:01:31
59399,2026-07-27,2025-06-02,google自动扣款,,DESKTOP,,0,1,0.0,57.0,query_device,2026-07-27 13:01:31
59400,2026-07-27,2025-06-02,google表單缺點,,DESKTOP,,0,14,0.0,52.785714285714285,query_device,2026-07-27 13:01:31
59401,2026-07-27,2025-06-02,google表單缺點,,MOBILE,,0,12,0.0,53.083333333333336,query_device,2026-07-27 13:01:31
59402,2026-07-27,2025-06-02,google試算表圖表,,DESKTOP,,0,1,0.0,92.0,query_device,2026-07-27 13:01:31
59403,2026-07-27,2025-06-02,google試算表折線圖,,DESKTOP,,0,1,0.0,35.0,query_device,2026-07-27 13:01:31
59404,2026-07-27,2025-06-02,google試算表折線圖,,MOBILE,,0,1,0.0,35.0,query_device,2026-07-27 13:01:31
59405,2026-07-27,2025-06-02,google购物广告,,DESKTOP,,0,7,0.0,54.285714285714285,query_device,2026-07-27 13:01:31
59406,2026-07-27,2025-06-02,google购物广告,,MOBILE,,0,22,0.0,57.36363636363637,query_device,2026-07-27 13:01:31
59407,2026-07-27,2025-06-02,graph google sheets,,DESKTOP,,0,1,0.0,63.0,query_device,2026-07-27 13:01:31
59408,2026-07-27,2025-06-02,gtm 意思,,DESKTOP,,0,1,0.0,62.0,query_device,2026-07-27 13:01:31
59409,2026-07-27,2025-06-02,gtm是什麼,,DESKTOP,,0,2,0.0,43.0,query_device,2026-07-27 13:01:31
59410,2026-07-27,2025-06-02,gtm預覽模式,,DESKTOP,,0,5,0.0,89.8,query_device,2026-07-27 13:01:31
59411,2026-07-27,2025-06-02,h5广告,,DESKTOP,,0,2,0.0,46.0,query_device,2026-07-27 13:01:31
59412,2026-07-27,2025-06-02,how much are google ads,,DESKTOP,,0,1,0.0,49.0,query_device,2026-07-27 13:01:31
59413,2026-07-27,2025-06-02,how much does it cost to advertise on google,,DESKTOP,,0,1,0.0,43.0,query_device,2026-07-27 13:01:31
59414,2026-07-27,2025-06-02,how to advertise on youtube tv,,DESKTOP,,0,1,0.0,47.0,query_device,2026-07-27 13:01:31
59415,2026-07-27,2025-06-02,how to create a chart in google sheets,,DESKTOP,,0,1,0.0,24.0,query_device,2026-07-27 13:01:31
59416,2026-07-27,2025-06-02,how to create a dot plot in google sheets,,DESKTOP,,0,1,0.0,76.0,query_device,2026-07-27 13:01:31
59417,2026-07-27,2025-06-02,how to create a pie chart in google sheets,,DESKTOP,,0,1,0.0,19.0,query_device,2026-07-27 13:01:31
59418,2026-07-27,2025-06-02,how to create google dashboard,,DESKTOP,,0,2,0.0,74.5,query_device,2026-07-27 13:01:31
59419,2026-07-27,2025-06-02,how to create google sheet in mobile,,DESKTOP,,0,1,0.0,58.0,query_device,2026-07-27 13:01:31
59420,2026-07-27,2025-06-02,how to create graph in google sheets,,DESKTOP,,0,1,0.0,7.0,query_device,2026-07-27 13:01:31
59421,2026-07-27,2025-06-02,how to create linkedin message ads,,DESKTOP,,0,1,0.0,30.0,query_device,2026-07-27 13:01:31
59422,2026-07-27,2025-06-02,how to do yes or no in google sheets,,DESKTOP,,0,1,0.0,54.0,query_device,2026-07-27 13:01:31
59423,2026-07-27,2025-06-02,how to draw a boxplot,,DESKTOP,,0,1,0.0,93.0,query_device,2026-07-27 13:01:31
59424,2026-07-27,2025-06-02,how to find outliers in a box plot,,DESKTOP,,0,1,0.0,49.0,query_device,2026-07-27 13:01:31
59425,2026-07-27,2025-06-02,how to insert text box in google sheets,,DESKTOP,,0,1,0.0,51.0,query_device,2026-07-27 13:01:31
59426,2026-07-27,2025-06-02,how to install google sheets,,DESKTOP,,0,1,0.0,35.0,query_device,2026-07-27 13:01:31
59427,2026-07-27,2025-06-02,how to look up a seller on facebook marketplace,,DESKTOP,,0,1,0.0,97.0,query_device,2026-07-27 13:01:31
59428,2026-07-27,2025-06-02,how to make a bar graph on google sheets,,DESKTOP,,0,1,0.0,6.0,query_device,2026-07-27 13:01:31
59429,2026-07-27,2025-06-02,how to make a box and whisker plot in google sheets,,DESKTOP,,0,1,0.0,87.0,query_device,2026-07-27 13:01:31
59430,2026-07-27,2025-06-02,how to make a dot plot in google sheets,,MOBILE,,0,1,0.0,70.0,query_device,2026-07-27 13:01:31
59431,2026-07-27,2025-06-02,how to make a dot plot on google sheets,,DESKTOP,,0,1,0.0,68.0,query_device,2026-07-27 13:01:31
59432,2026-07-27,2025-06-02,how to make a dot plot on google sheets,,MOBILE,,0,1,0.0,71.0,query_device,2026-07-27 13:01:31
59433,2026-07-27,2025-06-02,how to make a line graph on google sheets,,DESKTOP,,0,1,0.0,8.0,query_device,2026-07-27 13:01:31
59434,2026-07-27,2025-06-02,how to make a scatter plot on google sheets,,DESKTOP,,0,1,0.0,10.0,query_device,2026-07-27 13:01:31
59435,2026-07-27,2025-06-02,how to make dot plot in google sheets,,DESKTOP,,0,6,0.0,76.66666666666667,query_device,2026-07-27 13:01:31
59436,2026-07-27,2025-06-02,how to make dot plot on google sheets,,DESKTOP,,0,1,0.0,70.0,query_device,2026-07-27 13:01:31
59437,2026-07-27,2025-06-02,how to make graphs in google sheets,,DESKTOP,,0,1,0.0,9.0,query_device,2026-07-27 13:01:31
59438,2026-07-27,2025-06-02,how to make time table chart,,DESKTOP,,0,1,0.0,82.0,query_device,2026-07-27 13:01:31
59439,2026-07-27,2025-06-02,how to present survey results in excel,,DESKTOP,,0,1,0.0,93.0,query_device,2026-07-27 13:01:31
59440,2026-07-27,2025-06-02,how to read line graphs,,DESKTOP,,0,1,0.0,57.0,query_device,2026-07-27 13:01:31
59441,2026-07-27,2025-06-02,how to search for seller on facebook marketplace,,DESKTOP,,0,1,0.0,98.0,query_device,2026-07-27 13:01:31
59442,2026-07-27,2025-06-02,how to visualize what you want,,DESKTOP,,0,1,0.0,81.0,query_device,2026-07-27 13:01:31
59443,2026-07-27,2025-06-02,html5 google ads,,DESKTOP,,0,2,0.0,53.5,query_device,2026-07-27 13:01:31
59444,2026-07-27,2025-06-02,html5 google ads,,MOBILE,,0,1,0.0,50.0,query_device,2026-07-27 13:01:31
59445,2026-07-27,2025-06-02,imc是什么,,DESKTOP,,0,5,0.0,48.6,query_device,2026-07-27 13:01:31
59446,2026-07-27,2025-06-02,imc是什么,,MOBILE,,0,1,0.0,33.0,query_device,2026-07-27 13:01:31
59447,2026-07-27,2025-06-02,importance of bar graph,,DESKTOP,,0,1,0.0,30.0,query_device,2026-07-27 13:01:31
59448,2026-07-27,2025-06-02,insert google sheet into google doc,,DESKTOP,,0,1,0.0,39.0,query_device,2026-07-27 13:01:31
59449,2026-07-27,2025-06-02,instagram 标记产品,,DESKTOP,,0,6,0.0,66.33333333333333,query_device,2026-07-27 13:01:31
59450,2026-07-27,2025-06-02,interactive google sheets,,DESKTOP,,0,1,0.0,97.0,query_device,2026-07-27 13:01:31
59451,2026-07-27,2025-06-02,interpreting data worksheet,,DESKTOP,,0,1,0.0,26.0,query_device,2026-07-27 13:01:31
59452,2026-07-27,2025-06-02,interpreting graphs of proportional relationships,,DESKTOP,,0,1,0.0,55.0,query_device,2026-07-27 13:01:31
59453,2026-07-27,2025-06-02,keyword planner adwords,,DESKTOP,,0,1,0.0,31.0,query_device,2026-07-27 13:01:31
59454,2026-07-27,2025-06-02,keywords planner google ads,,DESKTOP,,0,1,0.0,45.0,query_device,2026-07-27 13:01:31
59455,2026-07-27,2025-06-02,last click attribution google analytics,,DESKTOP,,0,1,0.0,27.0,query_device,2026-07-27 13:01:31
59456,2026-07-27,2025-06-02,lead form google ads,,DESKTOP,,0,1,0.0,15.0,query_device,2026-07-27 13:01:31
59457,2026-07-27,2025-06-02,likert,,DESKTOP,,0,2,0.0,82.5,query_device,2026-07-27 13:01:31
59458,2026-07-27,2025-06-02,likert 量表,,DESKTOP,,0,1,0.0,31.0,query_device,2026-07-27 13:01:31
59459,2026-07-27,2025-06-02,likert五點量表,,DESKTOP,,0,1,0.0,32.0,query_device,2026-07-27 13:01:31
59460,2026-07-27,2025-06-02,likert四點量表,,DESKTOP,,0,1,0.0,9.0,query_device,2026-07-27 13:01:31
59461,2026-07-27,2025-06-02,likert量表,,DESKTOP,,0,4,0.0,36.0,query_device,2026-07-27 13:01:31
59462,2026-07-27,2025-06-02,line chart google sheets,,DESKTOP,,0,1,0.0,16.0,query_device,2026-07-27 13:01:31
59463,2026-07-27,2025-06-02,line diagram in statistics,,DESKTOP,,0,1,0.0,83.0,query_device,2026-07-27 13:01:31
59464,2026-07-27,2025-06-02,line graph ideas,,DESKTOP,,0,1,0.0,87.0,query_device,2026-07-27 13:01:31
59465,2026-07-27,2025-06-02,linkedin inmail analytics,,DESKTOP,,0,1,0.0,76.0,query_device,2026-07-27 13:01:31
59466,2026-07-27,2025-06-02,linkedin social media,,DESKTOP,,0,1,0.0,50.0,query_device,2026-07-27 13:01:31
59467,2026-07-27,2025-06-02,linkedin 行销,,DESKTOP,,0,29,0.0,58.93103448275862,query_device,2026-07-27 13:01:31
59468,2026-07-27,2025-06-02,linkedin上的营销专业小组,,DESKTOP,,0,1,0.0,40.0,query_device,2026-07-27 13:01:31
59469,2026-07-27,2025-06-02,linkedin中国不能用了,,DESKTOP,,0,1,0.0,89.0,query_device,2026-07-27 13:01:31
59470,2026-07-27,2025-06-02,linkedin推广,,DESKTOP,,0,1,0.0,61.0,query_device,2026-07-27 13:01:31
59471,2026-07-27,2025-06-02,linkedin推广,,MOBILE,,0,3,0.0,56.333333333333336,query_device,2026-07-27 13:01:31
59472,2026-07-27,2025-06-02,ltv chart,,DESKTOP,,0,1,0.0,65.0,query_device,2026-07-27 13:01:31
59473,2026-07-27,2025-06-02,ltv meaning saas,,DESKTOP,,0,1,0.0,48.0,query_device,2026-07-27 13:01:31
59474,2026-07-27,2025-06-02,market size tam sam som,,DESKTOP,,0,5,0.0,90.2,query_device,2026-07-27 13:01:31
59475,2026-07-27,2025-06-02,marketing solutions linkedin,,DESKTOP,,0,1,0.0,29.0,query_device,2026-07-27 13:01:31
59476,2026-07-27,2025-06-02,mcc google,,DESKTOP,,0,1,0.0,52.0,query_device,2026-07-27 13:01:31
59477,2026-07-27,2025-06-02,mcc google adwords account,,DESKTOP,,0,1,0.0,62.0,query_device,2026-07-27 13:01:31
59478,2026-07-27,2025-06-02,meta blueprint认证,,DESKTOP,,0,1,0.0,6.0,query_device,2026-07-27 13:01:31
59479,2026-07-27,2025-06-02,mql,,DESKTOP,,0,1,0.0,77.0,query_device,2026-07-27 13:01:31
59480,2026-07-27,2025-06-02,mql是什么,,DESKTOP,,0,2,0.0,27.5,query_device,2026-07-27 13:01:31
59481,2026-07-27,2025-06-02,multi level donut chart,,DESKTOP,,0,1,0.0,31.0,query_device,2026-07-27 13:01:31
59482,2026-07-27,2025-06-02,multi level pie chart,,DESKTOP,,0,1,0.0,52.0,query_device,2026-07-27 13:01:31
59483,2026-07-27,2025-06-02,multi line graph maker,,DESKTOP,,0,1,0.0,67.0,query_device,2026-07-27 13:01:31
59484,2026-07-27,2025-06-02,multiple box plot generator,,DESKTOP,,0,1,0.0,54.0,query_device,2026-07-27 13:01:31
59485,2026-07-27,2025-06-02,oath公司,,DESKTOP,,0,1,0.0,48.0,query_device,2026-07-27 13:01:31
59486,2026-07-27,2025-06-02,optimization score,,DESKTOP,,0,1,0.0,53.0,query_device,2026-07-27 13:01:31
59487,2026-07-27,2025-06-02,other words for visually appealing,,DESKTOP,,0,1,0.0,37.0,query_device,2026-07-27 13:01:31
59488,2026-07-27,2025-06-02,outliers graph,,DESKTOP,,0,1,0.0,90.0,query_device,2026-07-27 13:01:31
59489,2026-07-27,2025-06-02,pareto chart google sheets,,DESKTOP,,0,9,0.0,68.33333333333333,query_device,2026-07-27 13:01:31
59490,2026-07-27,2025-06-02,pareto chart google sheets,,MOBILE,,0,2,0.0,51.0,query_device,2026-07-27 13:01:31
59491,2026-07-27,2025-06-02,pareto chart in google sheets,,DESKTOP,,0,5,0.0,67.2,query_device,2026-07-27 13:01:31
59492,2026-07-27,2025-06-02,pareto图,,DESKTOP,,0,1,0.0,100.0,query_device,2026-07-27 13:01:31
59493,2026-07-27,2025-06-02,performance max,,DESKTOP,,0,1,0.0,42.0,query_device,2026-07-27 13:01:31
59494,2026-07-27,2025-06-02,performance planner,,DESKTOP,,0,3,0.0,73.33333333333333,query_device,2026-07-27 13:01:31
59495,2026-07-27,2025-06-02,peso模型,,DESKTOP,,0,12,0.0,6.916666666666667,query_device,2026-07-27 13:01:31
59496,2026-07-27,2025-06-02,pinterest advertising,,DESKTOP,,0,1,0.0,9.0,query_device,2026-07-27 13:01:31
59497,2026-07-27,2025-06-02,pinterest 广告,,DESKTOP,,0,2,0.0,13.5,query_device,2026-07-27 13:01:31
59498,2026-07-27,2025-06-02,pinterest 廣告,,DESKTOP,,0,2,0.0,13.5,query_device,2026-07-27 13:01:31
59499,2026-07-27,2025-06-02,pinterest广告,,MOBILE,,0,2,0.0,18.0,query_device,2026-07-27 13:01:31
59500,2026-07-27,2025-06-02,pinterest广告投放,,DESKTOP,,0,1,0.0,21.0,query_device,2026-07-27 13:01:31
59501,2026-07-27,2025-06-02,pinterest怎么知道那个图片受欢迎,,DESKTOP,,0,28,0.0,33.964285714285715,query_device,2026-07-27 13:01:31
59502,2026-07-27,2025-06-02,pinterest没有浏览量,,DESKTOP,,0,18,0.0,31.88888888888889,query_device,2026-07-27 13:01:31
59503,2026-07-27,2025-06-02,pla广告,,DESKTOP,,0,1,0.0,90.0,query_device,2026-07-27 13:01:31
59504,2026-07-27,2025-06-02,plm 業務改善,,DESKTOP,,0,15,0.0,52.2,query_device,2026-07-27 13:01:31
59505,2026-07-27,2025-06-02,powereditor,,DESKTOP,,0,1,0.0,87.0,query_device,2026-07-27 13:01:31
59506,2026-07-27,2025-06-02,ppc竞价,,DESKTOP,,0,1,0.0,98.0,query_device,2026-07-27 13:01:31
59507,2026-07-27,2025-06-02,prepare chart in excel,,DESKTOP,,0,1,0.0,86.0,query_device,2026-07-27 13:01:31
59508,2026-07-27,2025-06-02,presenting data visually,,DESKTOP,,0,1,0.0,44.0,query_device,2026-07-27 13:01:31
59509,2026-07-27,2025-06-02,puffery,,DESKTOP,,0,5,0.0,98.2,query_device,2026-07-27 13:01:31
59510,2026-07-27,2025-06-02,puffery,,MOBILE,,0,2,0.0,96.0,query_device,2026-07-27 13:01:31
59511,2026-07-27,2025-06-02,purpose of data visualization,,DESKTOP,,0,1,0.0,39.0,query_device,2026-07-27 13:01:31
59512,2026-07-27,2025-06-02,real-time data visualization examples,,DESKTOP,,0,1,0.0,27.0,query_device,2026-07-27 13:01:31
59513,2026-07-27,2025-06-02,reddit ads cpc,,DESKTOP,,0,1,0.0,15.0,query_device,2026-07-27 13:01:31
59514,2026-07-27,2025-06-02,reddit 广告,,DESKTOP,,0,1,0.0,42.0,query_device,2026-07-27 13:01:31
59515,2026-07-27,2025-06-02,reddit广告,,DESKTOP,,0,1,0.0,35.0,query_device,2026-07-27 13:01:31
59516,2026-07-27,2025-06-02,reddit广告投放,,DESKTOP,,0,4,0.0,12.75,query_device,2026-07-27 13:01:31
59517,2026-07-27,2025-06-02,reddit营销,,DESKTOP,,0,1,0.0,100.0,query_device,2026-07-27 13:01:31
59518,2026-07-27,2025-06-02,remarketing audience google ads,,DESKTOP,,0,1,0.0,46.0,query_device,2026-07-27 13:01:31
59519,2026-07-27,2025-06-02,roas,,DESKTOP,,0,3,0.0,62.333333333333336,query_device,2026-07-27 13:01:31
59520,2026-07-27,2025-06-02,roas,,MOBILE,,0,7,0.0,59.142857142857146,query_device,2026-07-27 13:01:31
59521,2026-07-27,2025-06-02,roas google ads,,DESKTOP,,0,1,0.0,101.0,query_device,2026-07-27 13:01:31
59522,2026-07-27,2025-06-02,roas和roi的区别,,DESKTOP,,0,7,0.0,22.285714285714285,query_device,2026-07-27 13:01:31
59523,2026-07-27,2025-06-02,roas和roi的区别,,MOBILE,,0,3,0.0,39.666666666666664,query_device,2026-07-27 13:01:31
59524,2026-07-27,2025-06-02,roas是什么,,DESKTOP,,0,2,0.0,80.0,query_device,2026-07-27 13:01:31
59525,2026-07-27,2025-06-02,roas是什么意思,,DESKTOP,,0,1,0.0,100.0,query_device,2026-07-27 13:01:31
59526,2026-07-27,2025-06-02,roi google ads,,DESKTOP,,0,2,0.0,77.5,query_device,2026-07-27 13:01:31
59527,2026-07-27,2025-06-02,roi ppc,,DESKTOP,,0,1,0.0,51.0,query_device,2026-07-27 13:01:31
59528,2026-07-27,2025-06-02,roi和roas,,DESKTOP,,0,1,0.0,47.0,query_device,2026-07-27 13:01:31
59529,2026-07-27,2025-06-02,roi和roas,,MOBILE,,0,1,0.0,45.0,query_device,2026-07-27 13:01:31
59530,2026-07-27,2025-06-02,roi和roas的区别,,DESKTOP,,0,5,0.0,30.8,query_device,2026-07-27 13:01:31
59531,2026-07-27,2025-06-02,rtb出价,,DESKTOP,,0,1,0.0,82.0,query_device,2026-07-27 13:01:31
59532,2026-07-27,2025-06-02,sa360,,DESKTOP,,0,61,0.0,49.01639344262295,query_device,2026-07-27 13:01:31
59533,2026-07-27,2025-06-02,sa360,,MOBILE,,0,35,0.0,62.114285714285714,query_device,2026-07-27 13:01:31
59534,2026-07-27,2025-06-02,sa360 logo,,DESKTOP,,0,1,0.0,8.0,query_device,2026-07-27 13:01:31
59535,2026-07-27,2025-06-02,sa360 とは,,DESKTOP,,0,2,0.0,70.0,query_device,2026-07-27 13:01:31
59536,2026-07-27,2025-06-02,sa360とは,,DESKTOP,,0,1,0.0,97.0,query_device,2026-07-27 13:01:31
59537,2026-07-27,2025-06-02,saas churn rate,,DESKTOP,,0,1,0.0,85.0,query_device,2026-07-27 13:01:31
59538,2026-07-27,2025-06-02,salecycle logo,,DESKTOP,,0,1,0.0,29.0,query_device,2026-07-27 13:01:31
59539,2026-07-27,2025-06-02,sales dashboard kpi,,DESKTOP,,0,1,0.0,60.0,query_device,2026-07-27 13:01:31
59540,2026-07-27,2025-06-02,sales graphs and charts,,DESKTOP,,0,1,0.0,100.0,query_device,2026-07-27 13:01:31
59541,2026-07-27,2025-06-02,sam and som,,DESKTOP,,0,1,0.0,88.0,query_device,2026-07-27 13:01:31
59542,2026-07-27,2025-06-02,sam som,,DESKTOP,,0,6,0.0,87.33333333333333,query_device,2026-07-27 13:01:31
59543,2026-07-27,2025-06-02,sam som tam,,DESKTOP,,0,3,0.0,92.33333333333333,query_device,2026-07-27 13:01:31
59544,2026-07-27,2025-06-02,sam tam som,,DESKTOP,,0,8,0.0,99.5,query_device,2026-07-27 13:01:31
59545,2026-07-27,2025-06-02,sankey,,DESKTOP,,0,5,0.0,85.2,query_device,2026-07-27 13:01:31
59546,2026-07-27,2025-06-02,sankey,,MOBILE,,0,2,0.0,72.0,query_device,2026-07-27 13:01:31
59547,2026-07-27,2025-06-02,sankey chart,,DESKTOP,,0,3,0.0,72.0,query_device,2026-07-27 13:01:31
59548,2026-07-27,2025-06-02,sankey chart google sheets,,DESKTOP,,0,14,0.0,56.214285714285715,query_device,2026-07-27 13:01:31
59549,2026-07-27,2025-06-02,sankey chart google sheets,,MOBILE,,0,2,0.0,54.0,query_device,2026-07-27 13:01:31
59550,2026-07-27,2025-06-02,sankey chart in google sheets,,DESKTOP,,0,3,0.0,48.666666666666664,query_device,2026-07-27 13:01:31
59551,2026-07-27,2025-06-02,sankey chart in google sheets,,MOBILE,,0,1,0.0,47.0,query_device,2026-07-27 13:01:31
59552,2026-07-27,2025-06-02,sankey diagram excel,,DESKTOP,,0,1,0.0,50.0,query_device,2026-07-27 13:01:31
59553,2026-07-27,2025-06-02,sankey diagram google sheet,,DESKTOP,,0,1,0.0,49.0,query_device,2026-07-27 13:01:31
59554,2026-07-27,2025-06-02,sankey diagram google sheets,,DESKTOP,,0,22,0.0,57.13636363636363,query_device,2026-07-27 13:01:31
59555,2026-07-27,2025-06-02,sankey diagram google sheets,,MOBILE,,0,4,0.0,57.25,query_device,2026-07-27 13:01:31
59556,2026-07-27,2025-06-02,sankey diagram in google sheets,,DESKTOP,,0,2,0.0,50.5,query_device,2026-07-27 13:01:31
59557,2026-07-27,2025-06-02,sankey diagram microsoft office,,DESKTOP,,0,1,0.0,10.0,query_device,2026-07-27 13:01:31
59558,2026-07-27,2025-06-02,sankey diagramm erstellen,,MOBILE,,0,1,0.0,78.0,query_device,2026-07-27 13:01:31
59559,2026-07-27,2025-06-02,sankey diagramm excel add in,,MOBILE,,0,1,0.0,41.0,query_device,2026-07-27 13:01:31
59560,2026-07-27,2025-06-02,sankey diagramm excel vorlage,,DESKTOP,,0,1,0.0,73.0,query_device,2026-07-27 13:01:31
59561,2026-07-27,2025-06-02,sankey diagramm in excel,,DESKTOP,,0,1,0.0,67.0,query_device,2026-07-27 13:01:31
59562,2026-07-27,2025-06-02,sankey excel,,DESKTOP,,0,2,0.0,27.0,query_device,2026-07-27 13:01:31
59563,2026-07-27,2025-06-02,sankey google sheets,,DESKTOP,,0,4,0.0,48.0,query_device,2026-07-27 13:01:31
59564,2026-07-27,2025-06-02,sankey google sheets,,MOBILE,,0,1,0.0,48.0,query_device,2026-07-27 13:01:31
59565,2026-07-27,2025-06-02,sankey in google sheets,,DESKTOP,,0,1,0.0,44.0,query_device,2026-07-27 13:01:31
59566,2026-07-27,2025-06-02,sankey-diagramm erstellen,,DESKTOP,,0,1,0.0,80.0,query_device,2026-07-27 13:01:31
59567,2026-07-27,2025-06-02,sankey图,,DESKTOP,,0,1,0.0,38.0,query_device,2026-07-27 13:01:31
59568,2026-07-27,2025-06-02,sankey圖,,DESKTOP,,0,1,0.0,33.0,query_device,2026-07-27 13:01:31
59569,2026-07-27,2025-06-02,sankey圖,,MOBILE,,0,1,0.0,34.0,query_device,2026-07-27 13:01:31
59570,2026-07-27,2025-06-02,scatter graphs worksheet,,DESKTOP,,0,1,0.0,43.0,query_device,2026-07-27 13:01:31
59571,2026-07-27,2025-06-02,search ads 360 vs google ads,,DESKTOP,,0,1,0.0,86.0,query_device,2026-07-27 13:01:31
59572,2026-07-27,2025-06-02,search impression share google ads,,DESKTOP,,0,1,0.0,89.0,query_device,2026-07-27 13:01:31
59573,2026-07-27,2025-06-02,sem效果营销干什么的,,DESKTOP,,0,17,0.0,84.29411764705883,query_device,2026-07-27 13:01:31
59574,2026-07-27,2025-06-02,sem教學,,DESKTOP,,0,3,0.0,62.0,query_device,2026-07-27 13:01:31
59575,2026-07-27,2025-06-02,sem是什么,,DESKTOP,,0,1,0.0,85.0,query_device,2026-07-27 13:01:31
59576,2026-07-27,2025-06-02,sem营销,,DESKTOP,,0,1,0.0,95.0,query_device,2026-07-27 13:01:31
59577,2026-07-27,2025-06-02,seo sem是什么,,DESKTOP,,0,1,0.0,88.0,query_device,2026-07-27 13:01:31
59578,2026-07-27,2025-06-02,seo 可視化,,DESKTOP,,0,1,0.0,97.0,query_device,2026-07-27 13:01:31
59579,2026-07-27,2025-06-02,seo/ppc,,DESKTOP,,0,1,0.0,72.0,query_device,2026-07-27 13:01:31
59580,2026-07-27,2025-06-02,seo咨询,,DESKTOP,,0,12,0.0,63.583333333333336,query_device,2026-07-27 13:01:31
59581,2026-07-27,2025-06-02,seo服务,,DESKTOP,,0,1,0.0,97.0,query_device,2026-07-27 13:01:31
59582,2026-07-27,2025-06-02,serp是什么意思,,DESKTOP,,0,3,0.0,84.33333333333333,query_device,2026-07-27 13:01:31
59583,2026-07-27,2025-06-02,shopify plus 费用,,DESKTOP,,0,1,0.0,75.0,query_device,2026-07-27 13:01:31
59584,2026-07-27,2025-06-02,shopify plus 费用,,MOBILE,,0,1,0.0,80.0,query_device,2026-07-27 13:01:31
59585,2026-07-27,2025-06-02,shopify sales dashboard,,DESKTOP,,0,1,0.0,69.0,query_device,2026-07-27 13:01:31
59586,2026-07-27,2025-06-02,shopify 代理 店,,DESKTOP,,0,1,0.0,70.0,query_device,2026-07-27 13:01:31
59587,2026-07-27,2025-06-02,shopify 费用,,DESKTOP,,0,1,0.0,82.0,query_device,2026-07-27 13:01:31
59588,2026-07-27,2025-06-02,shopify中国区高级建站推广服务供应商 官网,,DESKTOP,,0,1,0.0,10.0,query_device,2026-07-27 13:01:31
59589,2026-07-27,2025-06-02,shopify建站费用,,DESKTOP,,0,1,0.0,76.0,query_device,2026-07-27 13:01:31
59590,2026-07-27,2025-06-02,simple bar graph questions,,DESKTOP,,0,1,0.0,29.0,query_device,2026-07-27 13:01:31
59591,2026-07-27,2025-06-02,site:advich.com,,DESKTOP,,0,97,0.0,4.092783505154639,query_device,2026-07-27 13:01:31
59592,2026-07-27,2025-06-02,site:advich.com,,MOBILE,,0,4,0.0,1.0,query_device,2026-07-27 13:01:31
59593,2026-07-27,2025-06-02,skillshop youtube,,DESKTOP,,0,1,0.0,31.0,query_device,2026-07-27 13:01:31
59594,2026-07-27,2025-06-02,small craft charts,,DESKTOP,,0,1,0.0,27.0,query_device,2026-07-27 13:01:31
59595,2026-07-27,2025-06-02,small multiple line chart,,DESKTOP,,0,1,0.0,62.0,query_device,2026-07-27 13:01:31
59596,2026-07-27,2025-06-02,sns推广,,DESKTOP,,0,1,0.0,9.0,query_device,2026-07-27 13:01:31
59597,2026-07-27,2025-06-02,sns营销,,DESKTOP,,0,2,0.0,60.5,query_device,2026-07-27 13:01:31
59598,2026-07-27,2025-06-02,social media marketing on linkedin,,DESKTOP,,0,1,0.0,48.0,query_device,2026-07-27 13:01:31
59599,2026-07-27,2025-06-02,social media platforms facebook,,DESKTOP,,0,1,0.0,56.0,query_device,2026-07-27 13:01:31
59600,2026-07-27,2025-06-02,social media traffic,,DESKTOP,,0,1,0.0,73.0,query_device,2026-07-27 13:01:31
59601,2026-07-27,2025-06-02,som sam tam,,DESKTOP,,0,4,0.0,87.0,query_device,2026-07-27 13:01:31
59602,2026-07-27,2025-06-02,sostac,,DESKTOP,,0,18,0.0,89.05555555555556,query_device,2026-07-27 13:01:31
59603,2026-07-27,2025-06-02,sponsored messages linkedin,,DESKTOP,,0,1,0.0,39.0,query_device,2026-07-27 13:01:31
59604,2026-07-27,2025-06-02,ssp dsp,,DESKTOP,,0,1,0.0,49.0,query_device,2026-07-27 13:01:31
59605,2026-07-27,2025-06-02,ssp 是什么,,DESKTOP,,0,3,0.0,10.666666666666666,query_device,2026-07-27 13:01:31
59606,2026-07-27,2025-06-02,ssp/供應方平台,,DESKTOP,,0,8,0.0,62.75,query_device,2026-07-27 13:01:31
59607,2026-07-27,2025-06-02,ssp/供應方平台,,MOBILE,,0,13,0.0,61.30769230769231,query_device,2026-07-27 13:01:31
59608,2026-07-27,2025-06-02,ssp是什么,,DESKTOP,,0,23,0.0,24.434782608695652,query_device,2026-07-27 13:01:31
59609,2026-07-27,2025-06-02,ssp是什么,,MOBILE,,0,9,0.0,1.3333333333333333,query_device,2026-07-27 13:01:31
59610,2026-07-27,2025-06-02,ssp是什麼,,DESKTOP,,0,5,0.0,49.6,query_device,2026-07-27 13:01:31
59611,2026-07-27,2025-06-02,ssp是什麼,,MOBILE,,0,55,0.0,1.8363636363636364,query_device,2026-07-27 13:01:31
59612,2026-07-27,2025-06-02,ssp是什麼,,TABLET,,0,1,0.0,1.0,query_device,2026-07-27 13:01:31
59613,2026-07-27,2025-06-02,stacked column chart maker,,DESKTOP,,0,1,0.0,48.0,query_device,2026-07-27 13:01:31
59614,2026-07-27,2025-06-02,stem-and-leaf plot worksheet,,DESKTOP,,0,1,0.0,15.0,query_device,2026-07-27 13:01:31
59615,2026-07-27,2025-06-02,stp 分析,,DESKTOP,,0,1,0.0,101.0,query_device,2026-07-27 13:01:31
59616,2026-07-27,2025-06-02,stp分析,,DESKTOP,,0,5,0.0,90.4,query_device,2026-07-27 13:01:31
59617,2026-07-27,2025-06-02,stp分析例,,DESKTOP,,0,1,0.0,15.0,query_device,2026-07-27 13:01:31
59618,2026-07-27,2025-06-02,stp战略,,DESKTOP,,0,28,0.0,56.17857142857143,query_device,2026-07-27 13:01:31
59619,2026-07-27,2025-06-02,stp是什么,,DESKTOP,,0,1,0.0,102.0,query_device,2026-07-27 13:01:31
59620,2026-07-27,2025-06-02,stp模型,,DESKTOP,,0,1,0.0,11.0,query_device,2026-07-27 13:01:31
59621,2026-07-27,2025-06-02,stp策略,,DESKTOP,,0,3,0.0,49.666666666666664,query_device,2026-07-27 13:01:31
59622,2026-07-27,2025-06-02,stp策略,,MOBILE,,0,1,0.0,76.0,query_device,2026-07-27 13:01:31
59623,2026-07-27,2025-06-02,sun burst chart,,DESKTOP,,0,1,0.0,24.0,query_device,2026-07-27 13:01:31
59624,2026-07-27,2025-06-02,sunburst chart creator,,DESKTOP,,0,1,0.0,31.0,query_device,2026-07-27 13:01:31
59625,2026-07-27,2025-06-02,sunburst connect app,,DESKTOP,,0,1,0.0,35.0,query_device,2026-07-27 13:01:31
59626,2026-07-27,2025-06-02,sunburst diagramm,,DESKTOP,,0,8,0.0,80.375,query_device,2026-07-27 13:01:31
59627,2026-07-27,2025-06-02,sunburst diagramm excel,,DESKTOP,,0,2,0.0,59.0,query_device,2026-07-27 13:01:31
59628,2026-07-27,2025-06-02,sunburst diagramm excel,,MOBILE,,0,1,0.0,53.0,query_device,2026-07-27 13:01:31
59629,2026-07-27,2025-06-02,sunburst excel,,DESKTOP,,0,6,0.0,63.5,query_device,2026-07-27 13:01:31
59630,2026-07-27,2025-06-02,sunburst tableau,,DESKTOP,,0,2,0.0,61.5,query_device,2026-07-27 13:01:31
59631,2026-07-27,2025-06-02,sunburst tableau,,MOBILE,,0,3,0.0,57.0,query_device,2026-07-27 13:01:31
59632,2026-07-27,2025-06-02,sunburst-diagramm,,DESKTOP,,0,2,0.0,79.0,query_device,2026-07-27 13:01:31
59633,2026-07-27,2025-06-02,tam sam,,DESKTOP,,0,2,0.0,97.5,query_device,2026-07-27 13:01:31
59634,2026-07-27,2025-06-02,tam sam som,,DESKTOP,,0,63,0.0,90.46031746031746,query_device,2026-07-27 13:01:31
59635,2026-07-27,2025-06-02,tam sam som,,MOBILE,,0,17,0.0,92.88235294117646,query_device,2026-07-27 13:01:31
59636,2026-07-27,2025-06-02,tam som sam,,DESKTOP,,0,1,0.0,95.0,query_device,2026-07-27 13:01:31
59637,2026-07-27,2025-06-02,tam/sam/som,,DESKTOP,,0,1,0.0,100.0,query_device,2026-07-27 13:01:31
59638,2026-07-27,2025-06-02,tamsam som,,DESKTOP,,0,1,0.0,100.0,query_device,2026-07-27 13:01:31
59639,2026-07-27,2025-06-02,think with google 2022,,DESKTOP,,0,1,0.0,15.0,query_device,2026-07-27 13:01:31
59640,2026-07-27,2025-06-02,three axis graph excel,,DESKTOP,,0,1,0.0,57.0,query_device,2026-07-27 13:01:31
59641,2026-07-27,2025-06-02,tik tok 廣告,,DESKTOP,,0,7,0.0,40.42857142857143,query_device,2026-07-27 13:01:31
59642,2026-07-27,2025-06-02,tik tok 廣告,,MOBILE,,0,1,0.0,52.0,query_device,2026-07-27 13:01:31
59643,2026-07-27,2025-06-02,tiktok ads ctr,,DESKTOP,,0,1,0.0,52.0,query_device,2026-07-27 13:01:31
59644,2026-07-27,2025-06-02,tiktok ads youtube,,DESKTOP,,0,1,0.0,25.0,query_device,2026-07-27 13:01:31
59645,2026-07-27,2025-06-02,tiktok ads开户,,DESKTOP,,0,2,0.0,30.5,query_device,2026-07-27 13:01:31
59646,2026-07-27,2025-06-02,tiktok ads注册,,DESKTOP,,0,4,0.0,91.25,query_device,2026-07-27 13:01:31
59647,2026-07-27,2025-06-02,tiktok 代理,,DESKTOP,,0,1,0.0,18.0,query_device,2026-07-27 13:01:31
59648,2026-07-27,2025-06-02,tiktok 代理,,MOBILE,,0,1,0.0,19.0,query_device,2026-07-27 13:01:31
59649,2026-07-27,2025-06-02,tiktok一级代理,,DESKTOP,,0,1,0.0,99.0,query_device,2026-07-27 13:01:31
59650,2026-07-27,2025-06-02,tiktok为了宣传自己,,DESKTOP,,0,31,0.0,55.87096774193548,query_device,2026-07-27 13:01:31
59651,2026-07-27,2025-06-02,tiktok代投,,MOBILE,,0,9,0.0,4.777777777777778,query_device,2026-07-27 13:01:31
59652,2026-07-27,2025-06-02,tiktok代理,,DESKTOP,,0,7,0.0,22.714285714285715,query_device,2026-07-27 13:01:31
59653,2026-07-27,2025-06-02,tiktok代理,,MOBILE,,0,1,0.0,25.0,query_device,2026-07-27 13:01:31
59654,2026-07-27,2025-06-02,tiktok代理商,,DESKTOP,,0,1,0.0,23.0,query_device,2026-07-27 13:01:31
59655,2026-07-27,2025-06-02,tiktok代运营,,DESKTOP,,0,2,0.0,32.0,query_device,2026-07-27 13:01:31
59656,2026-07-27,2025-06-02,tiktok官方广告,,DESKTOP,,0,24,0.0,32.58333333333333,query_device,2026-07-27 13:01:31
59657,2026-07-27,2025-06-02,tiktok广告中心,,DESKTOP,,0,1,0.0,44.0,query_device,2026-07-27 13:01:31
59658,2026-07-27,2025-06-02,tiktok广告代理商,,DESKTOP,,0,3,0.0,14.333333333333334,query_device,2026-07-27 13:01:31
59659,2026-07-27,2025-06-02,tiktok广告开户,,DESKTOP,,0,13,0.0,23.53846153846154,query_device,2026-07-27 13:01:31
59660,2026-07-27,2025-06-02,tiktok广告怎么加预算,,DESKTOP,,0,15,0.0,86.33333333333333,query_device,2026-07-27 13:01:31
59661,2026-07-27,2025-06-02,tiktok广告投放教程,,DESKTOP,,0,1,0.0,21.0,query_device,2026-07-27 13:01:31
59662,2026-07-27,2025-06-02,tiktok广告账户开户,,DESKTOP,,0,1,0.0,31.0,query_device,2026-07-27 13:01:31
59663,2026-07-27,2025-06-02,tiktok廣告代理商,,MOBILE,,0,1,0.0,21.0,query_device,2026-07-27 13:01:31
59664,2026-07-27,2025-06-02,tiktok开户,,DESKTOP,,0,3,0.0,21.333333333333332,query_device,2026-07-27 13:01:31
59665,2026-07-27,2025-06-02,tiktok是如何推广的,,DESKTOP,,0,22,0.0,45.59090909090909,query_device,2026-07-27 13:01:31
59666,2026-07-27,2025-06-02,tiktok视频如何投广告,,DESKTOP,,0,17,0.0,58.94117647058823,query_device,2026-07-27 13:01:31
59667,2026-07-27,2025-06-02,time chart example,,DESKTOP,,0,1,0.0,43.0,query_device,2026-07-27 13:01:31
59668,2026-07-27,2025-06-02,top data visualization tools,,DESKTOP,,0,1,0.0,53.0,query_device,2026-07-27 13:01:31
59669,2026-07-27,2025-06-02,track changes in google sheets,,DESKTOP,,0,1,0.0,37.0,query_device,2026-07-27 13:01:31
59670,2026-07-27,2025-06-02,troas,,DESKTOP,,0,1,0.0,24.0,query_device,2026-07-27 13:01:31
59671,2026-07-27,2025-06-02,troas,,MOBILE,,0,1,0.0,60.0,query_device,2026-07-27 13:01:31
59672,2026-07-27,2025-06-02,troas google ads,,DESKTOP,,0,1,0.0,59.0,query_device,2026-07-27 13:01:31
59673,2026-07-27,2025-06-02,twitter 4k,,DESKTOP,,0,8,0.0,76.375,query_device,2026-07-27 13:01:31
59674,2026-07-27,2025-06-02,twitter 4k,,MOBILE,,0,4,0.0,31.0,query_device,2026-07-27 13:01:31
59675,2026-07-27,2025-06-02,twitter 4k表示,,MOBILE,,0,1,0.0,1.0,query_device,2026-07-27 13:01:31
59676,2026-07-27,2025-06-02,twitter 列表,,DESKTOP,,0,3,0.0,11.666666666666666,query_device,2026-07-27 13:01:31
59677,2026-07-27,2025-06-02,twitter 列表,,MOBILE,,0,2,0.0,8.5,query_device,2026-07-27 13:01:31
59678,2026-07-27,2025-06-02,twitter 列表,,TABLET,,0,2,0.0,10.0,query_device,2026-07-27 13:01:31
59679,2026-07-27,2025-06-02,twitter原图解析,,MOBILE,,0,1,0.0,2.0,query_device,2026-07-27 13:01:31
59680,2026-07-27,2025-06-02,twitter怎么推广,,DESKTOP,,0,31,0.0,44.903225806451616,query_device,2026-07-27 13:01:31
59681,2026-07-27,2025-06-02,twitter推广,,DESKTOP,,0,4,0.0,48.0,query_device,2026-07-27 13:01:31
59682,2026-07-27,2025-06-02,twitter营销,,DESKTOP,,0,1,0.0,65.0,query_device,2026-07-27 13:01:31
59683,2026-07-27,2025-06-02,types of bar graphs in statistics,,DESKTOP,,0,1,0.0,30.0,query_device,2026-07-27 13:01:31
59684,2026-07-27,2025-06-02,types of frequency graphs,,DESKTOP,,0,1,0.0,79.0,query_device,2026-07-27 13:01:31
59685,2026-07-27,2025-06-02,uac广告,,DESKTOP,,0,1,0.0,38.0,query_device,2026-07-27 13:01:31
59686,2026-07-27,2025-06-02,uac广告是什么,,DESKTOP,,0,1,0.0,51.0,query_device,2026-07-27 13:01:31
59687,2026-07-27,2025-06-02,unethical advertisement example,,DESKTOP,,0,1,0.0,62.0,query_device,2026-07-27 13:01:31
59688,2026-07-27,2025-06-02,utm parameters google ads,,DESKTOP,,0,1,0.0,101.0,query_device,2026-07-27 13:01:31
59689,2026-07-27,2025-06-02,view conversions in adwords,,DESKTOP,,0,1,0.0,91.0,query_device,2026-07-27 13:01:31
59690,2026-07-27,2025-06-02,visual data storytelling,,DESKTOP,,0,1,0.0,88.0,query_device,2026-07-27 13:01:31
59691,2026-07-27,2025-06-02,what are line graphs used for,,DESKTOP,,0,1,0.0,27.0,query_device,2026-07-27 13:01:31
59692,2026-07-27,2025-06-02,what is a column graph used for,,DESKTOP,,0,1,0.0,29.0,query_device,2026-07-27 13:01:31
59693,2026-07-27,2025-06-02,what is a dsp amazon,,DESKTOP,,0,1,0.0,74.0,query_device,2026-07-27 13:01:31
59694,2026-07-27,2025-06-02,what is facebook marketplace,,DESKTOP,,0,1,0.0,61.0,query_device,2026-07-27 13:01:31
59695,2026-07-27,2025-06-02,what is first click attribution,,DESKTOP,,0,1,0.0,59.0,query_device,2026-07-27 13:01:31
59696,2026-07-27,2025-06-02,what is remarketing in marketing,,DESKTOP,,0,1,0.0,93.0,query_device,2026-07-27 13:01:31
59697,2026-07-27,2025-06-02,what is word cloud used for,,DESKTOP,,0,1,0.0,34.0,query_device,2026-07-27 13:01:31
59698,2026-07-27,2025-06-02,whatsapp电话号码停用,,DESKTOP,,0,1,0.0,55.0,query_device,2026-07-27 13:01:31
59699,2026-07-27,2025-06-02,whatsapp看不到在線上,,DESKTOP,,0,1,0.0,74.0,query_device,2026-07-27 13:01:31
59700,2026-07-27,2025-06-02,whatsapp隐藏在线状态,,DESKTOP,,0,2,0.0,50.0,query_device,2026-07-27 13:01:31
59701,2026-07-27,2025-06-02,when to use different graphs,,DESKTOP,,0,1,0.0,30.0,query_device,2026-07-27 13:01:31
59702,2026-07-27,2025-06-02,when to use funnel chart,,DESKTOP,,0,1,0.0,68.0,query_device,2026-07-27 13:01:31
59703,2026-07-27,2025-06-02,when to use stacked bar chart,,DESKTOP,,0,1,0.0,101.0,query_device,2026-07-27 13:01:31
59704,2026-07-27,2025-06-02,which chart is suitable for comparing multiple values,,DESKTOP,,0,1,0.0,20.0,query_device,2026-07-27 13:01:31
59705,2026-07-27,2025-06-02,word cloud frequency,,DESKTOP,,0,1,0.0,39.0,query_device,2026-07-27 13:01:31
59706,2026-07-27,2025-06-02,word cloud in excel,,DESKTOP,,0,1,0.0,21.0,query_device,2026-07-27 13:01:31
59707,2026-07-27,2025-06-02,wordpress google优化得分,,DESKTOP,,0,3,0.0,89.0,query_device,2026-07-27 13:01:31
59708,2026-07-27,2025-06-02,wordpress 建站,,DESKTOP,,0,1,0.0,62.0,query_device,2026-07-27 13:01:31
59709,2026-07-27,2025-06-02,wordpress 建站教程,,DESKTOP,,0,7,0.0,66.57142857142857,query_device,2026-07-27 13:01:31
59710,2026-07-27,2025-06-02,wordpress建站教程,,DESKTOP,,0,4,0.0,56.25,query_device,2026-07-27 13:01:31
59711,2026-07-27,2025-06-02,yahoo gemini logo,,DESKTOP,,0,1,0.0,28.0,query_device,2026-07-27 13:01:31
59712,2026-07-27,2025-06-02,yolikers tiktok,,DESKTOP,,0,1,0.0,7.0,query_device,2026-07-27 13:01:31
59713,2026-07-27,2025-06-02,you'll never see it coming persona 5,,DESKTOP,,0,1,0.0,42.0,query_device,2026-07-27 13:01:31
59714,2026-07-27,2025-06-02,youtube - google 搜索,,DESKTOP,,0,1,0.0,76.0,query_device,2026-07-27 13:01:31
59715,2026-07-27,2025-06-02,youtube form,,DESKTOP,,0,1,0.0,37.0,query_device,2026-07-27 13:01:31
59716,2026-07-27,2025-06-02,youtube google keyword planner,,DESKTOP,,0,1,0.0,67.0,query_device,2026-07-27 13:01:31
59717,2026-07-27,2025-06-02,youtube lead form,,DESKTOP,,0,1,0.0,99.0,query_device,2026-07-27 13:01:31
59718,2026-07-27,2025-06-02,youtube lead form ads,,DESKTOP,,0,1,0.0,46.0,query_device,2026-07-27 13:01:31
59719,2026-07-27,2025-06-02,youtube 的 广告,,DESKTOP,,0,26,0.0,81.76923076923077,query_device,2026-07-27 13:01:31
59720,2026-07-27,2025-06-02,youtube付费推广,,DESKTOP,,0,6,0.0,17.833333333333332,query_device,2026-07-27 13:01:31
59721,2026-07-27,2025-06-02,youtube付费推广,,MOBILE,,0,13,0.0,17.846153846153847,query_device,2026-07-27 13:01:31
59722,2026-07-27,2025-06-02,youtube创建多个频道,,DESKTOP,,0,1,0.0,43.0,query_device,2026-07-27 13:01:31
59723,2026-07-27,2025-06-02,youtube广告太多,,DESKTOP,,0,1,0.0,27.0,query_device,2026-07-27 13:01:31
59724,2026-07-27,2025-06-02,youtube广告投放价格,,DESKTOP,,0,1,0.0,83.0,query_device,2026-07-27 13:01:31
59725,2026-07-27,2025-06-02,youtube广告类型,,DESKTOP,,0,1,0.0,19.0,query_device,2026-07-27 13:01:31
59726,2026-07-27,2025-06-02,youtube广告设置,,DESKTOP,,0,4,0.0,77.5,query_device,2026-07-27 13:01:31
59727,2026-07-27,2025-06-02,youtube广告设置,,MOBILE,,0,10,0.0,78.9,query_device,2026-07-27 13:01:31
59728,2026-07-27,2025-06-02,youtube广告资料库,,DESKTOP,,0,1,0.0,37.0,query_device,2026-07-27 13:01:31
59729,2026-07-27,2025-06-02,youtube广告跳过,,DESKTOP,,0,1,0.0,19.0,query_device,2026-07-27 13:01:31
59730,2026-07-27,2025-06-02,youtube推广,,DESKTOP,,0,1,0.0,92.0,query_device,2026-07-27 13:01:31
59731,2026-07-27,2025-06-02,youtube搜索为什么往下拉会看到无关内容,,DESKTOP,,0,4,0.0,18.75,query_device,2026-07-27 13:01:31
59732,2026-07-27,2025-06-02,youtube用户群体统计,,DESKTOP,,0,19,0.0,85.73684210526316,query_device,2026-07-27 13:01:31
59733,2026-07-27,2025-06-02,zulily linkedin,,DESKTOP,,0,1,0.0,88.0,query_device,2026-07-27 13:01:31
59734,2026-07-27,2025-06-02,エクセル 3 軸 グラフ,,DESKTOP,,0,32,0.0,87.28125,query_device,2026-07-27 13:01:31
59735,2026-07-27,2025-06-02,エクセル 3軸,,DESKTOP,,0,2,0.0,73.5,query_device,2026-07-27 13:01:31
59736,2026-07-27,2025-06-02,エクセル 3軸,,MOBILE,,0,1,0.0,74.0,query_device,2026-07-27 13:01:31
59737,2026-07-27,2025-06-02,エクセル 3軸 グラフ,,DESKTOP,,0,38,0.0,86.10526315789474,query_device,2026-07-27 13:01:31
59738,2026-07-27,2025-06-02,エクセル 3軸 グラフ,,MOBILE,,0,27,0.0,83.4074074074074,query_device,2026-07-27 13:01:31
59739,2026-07-27,2025-06-02,エクセル グラフ 3 軸,,DESKTOP,,0,32,0.0,78.09375,query_device,2026-07-27 13:01:31
59740,2026-07-27,2025-06-02,エクセル グラフ 3軸,,DESKTOP,,0,38,0.0,77.63157894736842,query_device,2026-07-27 13:01:31
59741,2026-07-27,2025-06-02,エクセル グラフ 3軸,,MOBILE,,0,27,0.0,74.62962962962963,query_device,2026-07-27 13:01:31
59742,2026-07-27,2025-06-02,エクセル グラフ 三軸,,DESKTOP,,0,2,0.0,68.5,query_device,2026-07-27 13:01:31
59743,2026-07-27,2025-06-02,エクセル 三軸グラフ,,MOBILE,,0,1,0.0,72.0,query_device,2026-07-27 13:01:31
59744,2026-07-27,2025-06-02,ツイッター 4k,,DESKTOP,,0,2,0.0,81.5,query_device,2026-07-27 13:01:31
59745,2026-07-27,2025-06-02,ツイッター 4k,,MOBILE,,0,1,0.0,83.0,query_device,2026-07-27 13:01:31
59746,2026-07-27,2025-06-02,ツイッター4k,,DESKTOP,,0,1,0.0,77.0,query_device,2026-07-27 13:01:31
59747,2026-07-27,2025-06-02,三軸グラフ,,DESKTOP,,0,2,0.0,89.5,query_device,2026-07-27 13:01:31
59748,2026-07-27,2025-06-02,三軸圖,,DESKTOP,,0,3,0.0,5.666666666666667,query_device,2026-07-27 13:01:31
59749,2026-07-27,2025-06-02,三軸圖,,MOBILE,,0,4,0.0,7.5,query_device,2026-07-27 13:01:31
59750,2026-07-27,2025-06-02,三軸圖,,TABLET,,0,2,0.0,7.0,query_device,2026-07-27 13:01:31
59751,2026-07-27,2025-06-02,为了利用广泛匹配扩大覆盖面，您可以遵循哪三项最佳实践？,,DESKTOP,,0,8,0.0,9.75,query_device,2026-07-27 13:01:31
59752,2026-07-27,2025-06-02,为了更好的观察一周气温的变化情况，应该选择绘制什么统计图？,,DESKTOP,,0,5,0.0,14.0,query_device,2026-07-27 13:01:31
59753,2026-07-27,2025-06-02,为什么亮黄色能吸引消费者注意 是什么原理,,DESKTOP,,0,3,0.0,9.333333333333334,query_device,2026-07-27 13:01:31
59754,2026-07-27,2025-06-02,为什么要用卖出的价格减去成本来计算利润呢？,,DESKTOP,,0,2,0.0,26.5,query_device,2026-07-27 13:01:31
59755,2026-07-27,2025-06-02,互动率,,DESKTOP,,0,1,0.0,52.0,query_device,2026-07-27 13:01:31
59756,2026-07-27,2025-06-02,互联网销售企业如何衡量客户满意度,,DESKTOP,,0,2,0.0,56.5,query_device,2026-07-27 13:01:31
59757,2026-07-27,2025-06-02,亚马逊dsp,,DESKTOP,,0,1,0.0,80.0,query_device,2026-07-27 13:01:31
59758,2026-07-27,2025-06-02,什么情况下您应当使用自适应展示广告？,,DESKTOP,,0,1,0.0,8.0,query_device,2026-07-27 13:01:31
59759,2026-07-27,2025-06-02,什么是数字营销,,MOBILE,,0,1,0.0,51.0,query_device,2026-07-27 13:01:31
59760,2026-07-27,2025-06-02,什么是独立站,,DESKTOP,,0,1,0.0,42.0,query_device,2026-07-27 13:01:31
59761,2026-07-27,2025-06-02,什么是让客价值,,DESKTOP,,0,16,0.0,75.25,query_device,2026-07-27 13:01:31
59762,2026-07-27,2025-06-02,介绍一下什么是分数？,,DESKTOP,,0,1,0.0,30.0,query_device,2026-07-27 13:01:31
59763,2026-07-27,2025-06-02,付费广告服务,,DESKTOP,,0,5,0.0,86.8,query_device,2026-07-27 13:01:31
59764,2026-07-27,2025-06-02,价格对于数字化营销的影响,,DESKTOP,,0,13,0.0,89.6923076923077,query_device,2026-07-27 13:01:31
59765,2026-07-27,2025-06-02,企业注册每种搜索引擎时的策略,,DESKTOP,,0,18,0.0,50.388888888888886,query_device,2026-07-27 13:01:31
59766,2026-07-27,2025-06-02,优化得分工具可通过哪两种方式帮助营销者取得成功？,,DESKTOP,,0,1,0.0,8.0,query_device,2026-07-27 13:01:31
59767,2026-07-27,2025-06-02,你对数字化营销和社交媒体在广告行业中的作用有何看法？分享一些成功的数字化营销案例或社交媒体活动？,,DESKTOP,,0,7,0.0,16.142857142857142,query_device,2026-07-27 13:01:31
59768,2026-07-27,2025-06-02,使用一次搜索引擎的成本是多少？,,DESKTOP,,0,1,0.0,75.0,query_device,2026-07-27 13:01:31
59769,2026-07-27,2025-06-02,促进销售,,DESKTOP,,0,1,0.0,78.0,query_device,2026-07-27 13:01:31
59770,2026-07-27,2025-06-02,促销代码,,DESKTOP,,0,2,0.0,85.5,query_device,2026-07-27 13:01:31
59771,2026-07-27,2025-06-02,信息驱动型营销,,DESKTOP,,0,6,0.0,86.5,query_device,2026-07-27 13:01:31
59772,2026-07-27,2025-06-02,信用卡收款通道,,DESKTOP,,0,1,0.0,55.0,query_device,2026-07-27 13:01:31
59773,2026-07-27,2025-06-02,信用卡谷歌广告,,DESKTOP,,0,29,0.0,32.58620689655172,query_device,2026-07-27 13:01:31
59774,2026-07-27,2025-06-02,全球海外推广,,DESKTOP,,0,2,0.0,79.5,query_device,2026-07-27 13:01:31
59775,2026-07-27,2025-06-02,公司如何利用数据驱动的方法来提高客户参与度和提高营销效果,,DESKTOP,,0,3,0.0,95.33333333333333,query_device,2026-07-27 13:01:31
59776,2026-07-27,2025-06-02,六點量表範例,,DESKTOP,,0,1,0.0,9.0,query_device,2026-07-27 13:01:31
59777,2026-07-27,2025-06-02,六點量表範例,,MOBILE,,0,1,0.0,7.0,query_device,2026-07-27 13:01:31
59778,2026-07-27,2025-06-02,关键字规划师,,DESKTOP,,0,1,0.0,88.0,query_device,2026-07-27 13:01:31
59779,2026-07-27,2025-06-02,关键字规划师,,MOBILE,,0,2,0.0,49.0,query_device,2026-07-27 13:01:31
59780,2026-07-27,2025-06-02,关键词布局,,DESKTOP,,0,1,0.0,30.0,query_device,2026-07-27 13:01:31
59781,2026-07-27,2025-06-02,关键词广告,,DESKTOP,,0,54,0.0,53.425925925925924,query_device,2026-07-27 13:01:31
59782,2026-07-27,2025-06-02,关键词广告,,MOBILE,,0,46,0.0,49.95652173913044,query_device,2026-07-27 13:01:31
59783,2026-07-27,2025-06-02,关键词搜索量,,DESKTOP,,0,6,0.0,94.16666666666667,query_device,2026-07-27 13:01:31
59784,2026-07-27,2025-06-02,关键词搜索量查询,,DESKTOP,,0,54,0.0,60.407407407407405,query_device,2026-07-27 13:01:31
59785,2026-07-27,2025-06-02,关键词搜索量查询,,MOBILE,,0,48,0.0,59.5625,query_device,2026-07-27 13:01:31
59786,2026-07-27,2025-06-02,关键词规划师,,DESKTOP,,0,1,0.0,41.0,query_device,2026-07-27 13:01:31
59787,2026-07-27,2025-06-02,再营销,,DESKTOP,,0,7,0.0,54.714285714285715,query_device,2026-07-27 13:01:31
59788,2026-07-27,2025-06-02,再营销,,MOBILE,,0,14,0.0,57.214285714285715,query_device,2026-07-27 13:01:31
59789,2026-07-27,2025-06-02,再营销广告,,DESKTOP,,0,4,0.0,60.5,query_device,2026-07-27 13:01:31
59790,2026-07-27,2025-06-02,再营销广告,,MOBILE,,0,16,0.0,63.375,query_device,2026-07-27 13:01:31
59791,2026-07-27,2025-06-02,出海 google seo,,DESKTOP,,0,30,0.0,34.36666666666667,query_device,2026-07-27 13:01:31
59792,2026-07-27,2025-06-02,出海 google 广告,,DESKTOP,,0,30,0.0,55.3,query_device,2026-07-27 13:01:31
59793,2026-07-27,2025-06-02,出海dsp平台,,DESKTOP,,0,3,0.0,56.666666666666664,query_device,2026-07-27 13:01:31
59794,2026-07-27,2025-06-02,出海seo,,DESKTOP,,0,29,0.0,63.37931034482759,query_device,2026-07-27 13:01:31
59795,2026-07-27,2025-06-02,出海谷歌广告,,DESKTOP,,0,30,0.0,46.86666666666667,query_device,2026-07-27 13:01:31
59796,2026-07-27,2025-06-02,分析 excel,,DESKTOP,,0,1,0.0,56.0,query_device,2026-07-27 13:01:31
59797,2026-07-27,2025-06-02,分析去哪儿的主要收入、支出成本、利润、盈利点,,DESKTOP,,0,2,0.0,25.0,query_device,2026-07-27 13:01:31
59798,2026-07-27,2025-06-02,利用广告色彩来影响消费者消费心理的方法,,DESKTOP,,0,36,0.0,11.944444444444445,query_device,2026-07-27 13:01:31
59799,2026-07-27,2025-06-02,动态 搜索 广告,,DESKTOP,,0,29,0.0,18.137931034482758,query_device,2026-07-27 13:01:31
59800,2026-07-27,2025-06-02,动态广告,,DESKTOP,,0,3,0.0,83.66666666666667,query_device,2026-07-27 13:01:31
59801,2026-07-27,2025-06-02,动态广告,,MOBILE,,0,3,0.0,81.0,query_device,2026-07-27 13:01:31
59802,2026-07-27,2025-06-02,动态搜索广告,,DESKTOP,,0,4,0.0,49.75,query_device,2026-07-27 13:01:31
59803,2026-07-27,2025-06-02,动态搜索广告,,MOBILE,,0,10,0.0,49.6,query_device,2026-07-27 13:01:31
59804,2026-07-27,2025-06-02,助和联属营销等方式获利。,,DESKTOP,,0,29,0.0,58.89655172413793,query_device,2026-07-27 13:01:31
59805,2026-07-27,2025-06-02,動態搜尋廣告,,DESKTOP,,0,56,0.0,36.892857142857146,query_device,2026-07-27 13:01:31
59806,2026-07-27,2025-06-02,動態搜尋廣告,,MOBILE,,0,25,0.0,35.0,query_device,2026-07-27 13:01:31
59807,2026-07-27,2025-06-02,千次展示费用公式,,DESKTOP,,0,1,0.0,32.0,query_device,2026-07-27 13:01:31
59808,2026-07-27,2025-06-02,南京seo优化网 官网,,DESKTOP,,0,2,0.0,7.5,query_device,2026-07-27 13:01:31
59809,2026-07-27,2025-06-02,即時競價/實時競價,,DESKTOP,,0,1,0.0,81.0,query_device,2026-07-27 13:01:31
59810,2026-07-27,2025-06-02,即時競價/實時競價,,MOBILE,,0,1,0.0,25.0,query_device,2026-07-27 13:01:31
59811,2026-07-27,2025-06-02,双y轴 图表 可视化 改进,,DESKTOP,,0,30,0.0,4.066666666666666,query_device,2026-07-27 13:01:31
59812,2026-07-27,2025-06-02,双y轴图,,DESKTOP,,0,1,0.0,70.0,query_device,2026-07-27 13:01:31
59813,2026-07-27,2025-06-02,双y轴折线图,,DESKTOP,,0,1,0.0,24.0,query_device,2026-07-27 13:01:31
59814,2026-07-27,2025-06-02,受众互动提升技巧,,DESKTOP,,0,3,0.0,77.33333333333333,query_device,2026-07-27 13:01:31
59815,2026-07-27,2025-06-02,受众定位,,DESKTOP,,0,4,0.0,53.75,query_device,2026-07-27 13:01:31
59816,2026-07-27,2025-06-02,受众定位,,MOBILE,,0,3,0.0,63.333333333333336,query_device,2026-07-27 13:01:31
59817,2026-07-27,2025-06-02,受众设备偏好分析,,DESKTOP,,0,9,0.0,63.888888888888886,query_device,2026-07-27 13:01:31
59818,2026-07-27,2025-06-02,可视化图表类型,,DESKTOP,,0,1,0.0,45.0,query_device,2026-07-27 13:01:31
59819,2026-07-27,2025-06-02,启用自动调整功能来自动优化广告系列表现,,DESKTOP,,0,36,0.0,54.416666666666664,query_device,2026-07-27 13:01:31
59820,2026-07-27,2025-06-02,周末购物节省时间技巧,,DESKTOP,,0,9,0.0,10.0,query_device,2026-07-27 13:01:31
59821,2026-07-27,2025-06-02,品牌整合营销,,DESKTOP,,0,4,0.0,9.5,query_device,2026-07-27 13:01:31
59822,2026-07-27,2025-06-02,品牌整合营销,,MOBILE,,0,1,0.0,11.0,query_device,2026-07-27 13:01:31
59823,2026-07-27,2025-06-02,品牌认知度如何衡量,,DESKTOP,,0,2,0.0,90.0,query_device,2026-07-27 13:01:31
59824,2026-07-27,2025-06-02,品質分數,,DESKTOP,,0,8,0.0,42.25,query_device,2026-07-27 13:01:31
59825,2026-07-27,2025-06-02,国外广告app,,DESKTOP,,0,2,0.0,98.0,query_device,2026-07-27 13:01:31
59826,2026-07-27,2025-06-02,国外社媒,,DESKTOP,,0,1,0.0,82.0,query_device,2026-07-27 13:01:31
59827,2026-07-27,2025-06-02,在google 中使用图片进行搜索 帮助,,DESKTOP,,0,1,0.0,10.0,query_device,2026-07-27 13:01:31
59828,2026-07-27,2025-06-02,在创建 google 展示广告系列时，广告客户可以从两种主要的广告格式中进行选择：自适应展示广告和上传的图片广告。 上传的图片广告的主要优势是什么？,,DESKTOP,,0,4,0.0,7.0,query_device,2026-07-27 13:01:31
59829,2026-07-27,2025-06-02,在效果规划工具中，为什么应将具有不同营销目标的广告系列分别纳入不同的方案中？,,DESKTOP,,0,3,0.0,6.666666666666667,query_device,2026-07-27 13:01:31
59830,2026-07-27,2025-06-02,在策划广告活动时什么是重要的,,DESKTOP,,0,3,0.0,92.66666666666667,query_device,2026-07-27 13:01:31
59831,2026-07-27,2025-06-02,地产经纪人广告,,DESKTOP,,0,60,0.0,45.31666666666667,query_device,2026-07-27 13:01:31
59832,2026-07-27,2025-06-02,地产经纪人广告,,MOBILE,,0,54,0.0,44.7037037037037,query_device,2026-07-27 13:01:31
59833,2026-07-27,2025-06-02,地产经纪人推广,,MOBILE,,0,1,0.0,97.0,query_device,2026-07-27 13:01:31
59834,2026-07-27,2025-06-02,地产经纪人营销,,MOBILE,,0,1,0.0,62.0,query_device,2026-07-27 13:01:31
59835,2026-07-27,2025-06-02,堆疊面積圖,,MOBILE,,0,2,0.0,34.0,query_device,2026-07-27 13:01:31
59836,2026-07-27,2025-06-02,增强型转化,,DESKTOP,,0,2,0.0,92.0,query_device,2026-07-27 13:01:31
59837,2026-07-27,2025-06-02,增粉,,MOBILE,,0,2,0.0,46.5,query_device,2026-07-27 13:01:31
59838,2026-07-27,2025-06-02,增長最快的加密貨幣,,MOBILE,,0,1,0.0,91.0,query_device,2026-07-27 13:01:31
59839,2026-07-27,2025-06-02,壹信 谷歌,,DESKTOP,,0,2,0.0,22.5,query_device,2026-07-27 13:01:31
59840,2026-07-27,2025-06-02,复粉 社交媒体 用法,,DESKTOP,,0,2,0.0,8.5,query_device,2026-07-27 13:01:31
59841,2026-07-27,2025-06-02,外贸推广公司,,DESKTOP,,0,2,0.0,75.0,query_device,2026-07-27 13:01:31
59842,2026-07-27,2025-06-02,外链发布,,DESKTOP,,0,1,0.0,17.0,query_device,2026-07-27 13:01:31
59843,2026-07-27,2025-06-02,外链收录,,DESKTOP,,0,2,0.0,40.0,query_device,2026-07-27 13:01:31
59844,2026-07-27,2025-06-02,如何使用可视化搜索引擎？,,DESKTOP,,0,24,0.0,73.16666666666667,query_device,2026-07-27 13:01:31
59845,2026-07-27,2025-06-02,如何做独立站,,DESKTOP,,0,1,0.0,58.0,query_device,2026-07-27 13:01:31
59846,2026-07-27,2025-06-02,如何在excel中制作图表？,,DESKTOP,,0,6,0.0,27.0,query_device,2026-07-27 13:01:31
59847,2026-07-27,2025-06-02,如何提高销售额,,DESKTOP,,0,4,0.0,37.5,query_device,2026-07-27 13:01:31
59848,2026-07-27,2025-06-02,如何提高销售额,,MOBILE,,0,4,0.0,36.5,query_device,2026-07-27 13:01:31
59849,2026-07-27,2025-06-02,如何查看别人删除的推文,,DESKTOP,,0,1,0.0,35.0,query_device,2026-07-27 13:01:31
59850,2026-07-27,2025-06-02,如何测量相关词条的搜索数量,,DESKTOP,,0,30,0.0,61.2,query_device,2026-07-27 13:01:31
59851,2026-07-27,2025-06-02,安索夫,,DESKTOP,,0,1,0.0,92.0,query_device,2026-07-27 13:01:31
59852,2026-07-27,2025-06-02,安索夫矩阵,,DESKTOP,,0,5,0.0,58.4,query_device,2026-07-27 13:01:31
59853,2026-07-27,2025-06-02,安索夫矩陣,,DESKTOP,,0,1,0.0,67.0,query_device,2026-07-27 13:01:31
59854,2026-07-27,2025-06-02,安索夫矩陣,,MOBILE,,0,6,0.0,67.66666666666667,query_device,2026-07-27 13:01:31
59855,2026-07-27,2025-06-02,实施智能出价和广泛匹配后，您应遵循哪三种广告系列最佳实践？,,DESKTOP,,0,1,0.0,9.0,query_device,2026-07-27 13:01:31
59856,2026-07-27,2025-06-02,客户价值,,DESKTOP,,0,1,0.0,84.0,query_device,2026-07-27 13:01:31
59857,2026-07-27,2025-06-02,客户价值分析,,DESKTOP,,0,3,0.0,7.0,query_device,2026-07-27 13:01:31
59858,2026-07-27,2025-06-02,客户分析,,DESKTOP,,0,3,0.0,96.66666666666667,query_device,2026-07-27 13:01:31
59859,2026-07-27,2025-06-02,客户终身价值,,DESKTOP,,0,2,0.0,26.5,query_device,2026-07-27 13:01:31
59860,2026-07-27,2025-06-02,富媒体测试,,DESKTOP,,0,1,0.0,90.0,query_device,2026-07-27 13:01:31
59861,2026-07-27,2025-06-02,富媒体测试,,MOBILE,,0,1,0.0,85.0,query_device,2026-07-27 13:01:31
59862,2026-07-27,2025-06-02,富媒體廣告,,DESKTOP,,0,10,0.0,28.2,query_device,2026-07-27 13:01:31
59863,2026-07-27,2025-06-02,对于此搜索而言，您广告的广告评级较低。,,DESKTOP,,0,15,0.0,9.466666666666667,query_device,2026-07-27 13:01:31
59864,2026-07-27,2025-06-02,将广泛匹配、智能出价和自适应搜索广告结合使用有哪两个好处？,,DESKTOP,,0,6,0.0,9.0,query_device,2026-07-27 13:01:31
59865,2026-07-27,2025-06-02,展示广告,,DESKTOP,,0,11,0.0,76.63636363636364,query_device,2026-07-27 13:01:31
59866,2026-07-27,2025-06-02,展示广告,,MOBILE,,0,2,0.0,73.0,query_device,2026-07-27 13:01:31
59867,2026-07-27,2025-06-02,市場滲透例子,,DESKTOP,,0,4,0.0,28.5,query_device,2026-07-27 13:01:31
59868,2026-07-27,2025-06-02,市場滲透例子,,MOBILE,,0,1,0.0,11.0,query_device,2026-07-27 13:01:31
59869,2026-07-27,2025-06-02,帕累托分析,,DESKTOP,,0,2,0.0,47.5,query_device,2026-07-27 13:01:31
59870,2026-07-27,2025-06-02,帕累托图,,DESKTOP,,0,1,0.0,96.0,query_device,2026-07-27 13:01:31
59871,2026-07-27,2025-06-02,常用的搜索引擎都有哪些类型，他们的优缺点是什么,,DESKTOP,,0,9,0.0,24.333333333333332,query_device,2026-07-27 13:01:31
59872,2026-07-27,2025-06-02,广告 代理,,MOBILE,,0,1,0.0,80.0,query_device,2026-07-27 13:01:31
59873,2026-07-27,2025-06-02,广告 代理 公司,,DESKTOP,,0,1,0.0,96.0,query_device,2026-07-27 13:01:31
59874,2026-07-27,2025-06-02,广告 形式,,DESKTOP,,0,6,0.0,91.66666666666667,query_device,2026-07-27 13:01:31
59875,2026-07-27,2025-06-02,广告cpm,,DESKTOP,,0,1,0.0,90.0,query_device,2026-07-27 13:01:31
59876,2026-07-27,2025-06-02,广告出价与人,,DESKTOP,,0,6,0.0,93.5,query_device,2026-07-27 13:01:31
59877,2026-07-27,2025-06-02,广告印象 广告到达数量*平均频率,,DESKTOP,,0,9,0.0,21.666666666666668,query_device,2026-07-27 13:01:31
59878,2026-07-27,2025-06-02,广告支出回报率,,DESKTOP,,0,1,0.0,89.0,query_device,2026-07-27 13:01:31
59879,2026-07-27,2025-06-02,广告的类型,,DESKTOP,,0,3,0.0,79.33333333333333,query_device,2026-07-27 13:01:31
59880,2026-07-27,2025-06-02,广告的类型,,MOBILE,,0,2,0.0,91.0,query_device,2026-07-27 13:01:31
59881,2026-07-27,2025-06-02,广告类型有哪些,,DESKTOP,,0,2,0.0,80.0,query_device,2026-07-27 13:01:31
59882,2026-07-27,2025-06-02,广告类型有哪些,,MOBILE,,0,1,0.0,80.0,query_device,2026-07-27 13:01:31
59883,2026-07-27,2025-06-02,广告色彩的选择,,DESKTOP,,0,32,0.0,10.15625,query_device,2026-07-27 13:01:31
59884,2026-07-27,2025-06-02,广告色彩色彩的心理感觉,,DESKTOP,,0,36,0.0,6.083333333333333,query_device,2026-07-27 13:01:31
59885,2026-07-27,2025-06-02,广告色调有哪些纯色调,,DESKTOP,,0,5,0.0,26.4,query_device,2026-07-27 13:01:31
59886,2026-07-27,2025-06-02,广告转化率怎么算,,DESKTOP,,0,1,0.0,90.0,query_device,2026-07-27 13:01:31
59887,2026-07-27,2025-06-02,广泛匹配,,DESKTOP,,0,1,0.0,99.0,query_device,2026-07-27 13:01:31
59888,2026-07-27,2025-06-02,廣告平台,,DESKTOP,,0,2,0.0,99.5,query_device,2026-07-27 13:01:31
59889,2026-07-27,2025-06-02,廣告平台,,MOBILE,,0,6,0.0,97.5,query_device,2026-07-27 13:01:31
59890,2026-07-27,2025-06-02,廣告點擊率,,DESKTOP,,0,5,0.0,73.8,query_device,2026-07-27 13:01:31
59891,2026-07-27,2025-06-02,廣告點擊率,,MOBILE,,0,6,0.0,76.33333333333333,query_device,2026-07-27 13:01:31
59892,2026-07-27,2025-06-02,弹出式广告的优点和缺点,,DESKTOP,,0,29,0.0,53.13793103448276,query_device,2026-07-27 13:01:31
59893,2026-07-27,2025-06-02,弹出式广告的特点有哪些？,,DESKTOP,,0,1,0.0,61.0,query_device,2026-07-27 13:01:31
59894,2026-07-27,2025-06-02,微软广告,,DESKTOP,,0,1,0.0,8.0,query_device,2026-07-27 13:01:31
59895,2026-07-27,2025-06-02,必应广告,,DESKTOP,,0,4,0.0,46.25,query_device,2026-07-27 13:01:31
59896,2026-07-27,2025-06-02,必应广告,,MOBILE,,0,5,0.0,40.0,query_device,2026-07-27 13:01:31
59897,2026-07-27,2025-06-02,必应搜索营销,,DESKTOP,,0,25,0.0,74.2,query_device,2026-07-27 13:01:31
59898,2026-07-27,2025-06-02,怀旧广告,,DESKTOP,,0,3,0.0,56.333333333333336,query_device,2026-07-27 13:01:31
59899,2026-07-27,2025-06-02,怀旧广告,,MOBILE,,0,4,0.0,41.0,query_device,2026-07-27 13:01:31
59900,2026-07-27,2025-06-02,怎么提高pinterest搜索的准确率,,DESKTOP,,0,31,0.0,62.29032258064516,query_device,2026-07-27 13:01:31
59901,2026-07-27,2025-06-02,怎么样组关键词更有吸引力,,DESKTOP,,0,16,0.0,13.8125,query_device,2026-07-27 13:01:31
59902,2026-07-27,2025-06-02,您可以在哪里查看出价状态、一段时间内的效果趋势和转化延迟时间报告？,,DESKTOP,,0,2,0.0,11.5,query_device,2026-07-27 13:01:31
59903,2026-07-27,2025-06-02,您应该使用哪种方法在广泛匹配广告系列中成功实施和测试广泛匹配，以帮助分析转化数据？,,DESKTOP,,0,1,0.0,10.0,query_device,2026-07-27 13:01:31
59904,2026-07-27,2025-06-02,您的发卡机构拒绝了您的付款拒绝的原因通常是资金不足或卡状态存在问题请检查您的卡或选择其他付款方式,,MOBILE,,0,1,0.0,17.0,query_device,2026-07-27 13:01:31
59905,2026-07-27,2025-06-02,您的营销公司制作了一则非常有吸引力的广告，相对于展示而言，该广告获得了许多点击。 该广告可能会对 google ads 竞价造成什么影响？,,DESKTOP,,0,8,0.0,9.0,query_device,2026-07-27 13:01:31
59906,2026-07-27,2025-06-02,成本公式,,DESKTOP,,0,1,0.0,66.0,query_device,2026-07-27 13:01:31
59907,2026-07-27,2025-06-02,我想问一下什么是斜率？,,DESKTOP,,0,6,0.0,23.833333333333332,query_device,2026-07-27 13:01:31
59908,2026-07-27,2025-06-02,所以它五个选项是什么,,DESKTOP,,0,1,0.0,5.0,query_device,2026-07-27 13:01:31
59909,2026-07-27,2025-06-02,扩展关键词： companies,,DESKTOP,,0,2,0.0,77.0,query_device,2026-07-27 13:01:31
59910,2026-07-27,2025-06-02,扩展关键词： company,,DESKTOP,,0,3,0.0,78.33333333333333,query_device,2026-07-27 13:01:31
59911,2026-07-27,2025-06-02,抖音和tiktok是一家公司吗,,DESKTOP,,0,1,0.0,1.0,query_device,2026-07-27 13:01:31
59912,2026-07-27,2025-06-02,拉动式营销策略具体有哪些,,DESKTOP,,0,3,0.0,9.0,query_device,2026-07-27 13:01:31
59913,2026-07-27,2025-06-02,拉式策略,,DESKTOP,,0,1,0.0,11.0,query_device,2026-07-27 13:01:31
59914,2026-07-27,2025-06-02,拉式策略例子,,DESKTOP,,0,2,0.0,10.5,query_device,2026-07-27 13:01:31
59915,2026-07-27,2025-06-02,拉式策略例子,,MOBILE,,0,1,0.0,10.0,query_device,2026-07-27 13:01:31
59916,2026-07-27,2025-06-02,按点击付费,,DESKTOP,,0,9,0.0,26.88888888888889,query_device,2026-07-27 13:01:31
59917,2026-07-27,2025-06-02,排列图,,DESKTOP,,0,1,0.0,42.0,query_device,2026-07-27 13:01:31
59918,2026-07-27,2025-06-02,探索式資料分析,,DESKTOP,,0,2,0.0,74.5,query_device,2026-07-27 13:01:31
59919,2026-07-27,2025-06-02,探索式資料分析,,MOBILE,,0,8,0.0,53.625,query_device,2026-07-27 13:01:31
59920,2026-07-27,2025-06-02,探索性分析,,DESKTOP,,0,1,0.0,21.0,query_device,2026-07-27 13:01:31
59921,2026-07-27,2025-06-02,探索性数据分析,,DESKTOP,,0,2,0.0,32.5,query_device,2026-07-27 13:01:31
59922,2026-07-27,2025-06-02,推广预算公式,,DESKTOP,,0,1,0.0,86.0,query_device,2026-07-27 13:01:31
59923,2026-07-27,2025-06-02,推式行銷,,DESKTOP,,0,3,0.0,23.333333333333332,query_device,2026-07-27 13:01:31
59924,2026-07-27,2025-06-02,推文转发策略,,DESKTOP,,0,32,0.0,34.4375,query_device,2026-07-27 13:01:31
59925,2026-07-27,2025-06-02,推特 4k,,DESKTOP,,0,1,0.0,8.0,query_device,2026-07-27 13:01:31
59926,2026-07-27,2025-06-02,推特 4k,,MOBILE,,0,4,0.0,2.75,query_device,2026-07-27 13:01:31
59927,2026-07-27,2025-06-02,推特 列表,,MOBILE,,0,1,0.0,17.0,query_device,2026-07-27 13:01:31
59928,2026-07-27,2025-06-02,推特4k,,MOBILE,,0,2,0.0,5.0,query_device,2026-07-27 13:01:31
59929,2026-07-27,2025-06-02,推特关键词推荐,,DESKTOP,,0,1,0.0,99.0,query_device,2026-07-27 13:01:31
59930,2026-07-27,2025-06-02,推特列表,,MOBILE,,0,2,0.0,9.0,query_device,2026-07-27 13:01:31
59931,2026-07-27,2025-06-02,推特列表,,TABLET,,0,1,0.0,12.0,query_device,2026-07-27 13:01:31
59932,2026-07-27,2025-06-02,推特原图下载,,DESKTOP,,0,1,0.0,70.0,query_device,2026-07-27 13:01:31
59933,2026-07-27,2025-06-02,推特怎么发视频,,DESKTOP,,0,1,0.0,8.0,query_device,2026-07-27 13:01:31
59934,2026-07-27,2025-06-02,推特推广,,DESKTOP,,0,2,0.0,49.5,query_device,2026-07-27 13:01:31
59935,2026-07-27,2025-06-02,推特推广,,MOBILE,,0,5,0.0,51.8,query_device,2026-07-27 13:01:31
59936,2026-07-27,2025-06-02,推特推广方案,,DESKTOP,,0,30,0.0,53.5,query_device,2026-07-27 13:01:31
59937,2026-07-27,2025-06-02,推特推广是什么,,DESKTOP,,0,30,0.0,48.7,query_device,2026-07-27 13:01:31
59938,2026-07-27,2025-06-02,推特搜索技巧,,DESKTOP,,0,13,0.0,45.0,query_device,2026-07-27 13:01:31
59939,2026-07-27,2025-06-02,推特无法找到你的账号,,DESKTOP,,0,1,0.0,61.0,query_device,2026-07-27 13:01:31
59940,2026-07-27,2025-06-02,推特画质,,MOBILE,,0,1,0.0,3.0,query_device,2026-07-27 13:01:31
59941,2026-07-27,2025-06-02,推特营销软件,,DESKTOP,,0,1,0.0,46.0,query_device,2026-07-27 13:01:31
59942,2026-07-27,2025-06-02,推特软件推广,,DESKTOP,,0,3,0.0,61.0,query_device,2026-07-27 13:01:31
59943,2026-07-27,2025-06-02,推特高质量,,MOBILE,,0,1,0.0,29.0,query_device,2026-07-27 13:01:31
59944,2026-07-27,2025-06-02,推荐一种有效数字营销战略,,DESKTOP,,0,5,0.0,81.6,query_device,2026-07-27 13:01:31
59945,2026-07-27,2025-06-02,推荐一种有效数字营销战略,,MOBILE,,0,1,0.0,88.0,query_device,2026-07-27 13:01:31
59946,2026-07-27,2025-06-02,提高 ppc 性能,,DESKTOP,,0,94,0.0,8.691489361702128,query_device,2026-07-27 13:01:31
59947,2026-07-27,2025-06-02,提高 ppc 性能,,MOBILE,,0,30,0.0,8.766666666666666,query_device,2026-07-27 13:01:31
59948,2026-07-27,2025-06-02,提高销售,,DESKTOP,,0,4,0.0,67.5,query_device,2026-07-27 13:01:31
59949,2026-07-27,2025-06-02,提高销售,,MOBILE,,0,3,0.0,65.66666666666667,query_device,2026-07-27 13:01:31
59950,2026-07-27,2025-06-02,搜索 引擎 营销,,DESKTOP,,0,17,0.0,72.82352941176471,query_device,2026-07-27 13:01:31
59951,2026-07-27,2025-06-02,搜索引擎优化seo和谷歌付费广告ppc,,DESKTOP,,0,28,0.0,13.5,query_device,2026-07-27 13:01:31
59952,2026-07-27,2025-06-02,搜索引擎优化活动如何与其他营销活动（例如电视广告、社交媒体营销或客户忠诚度计划）相结合？,,DESKTOP,,0,23,0.0,35.391304347826086,query_device,2026-07-27 13:01:31
59953,2026-07-27,2025-06-02,搜索引擎营销,,DESKTOP,,0,22,0.0,70.13636363636364,query_device,2026-07-27 13:01:31
59954,2026-07-27,2025-06-02,搜索引擎营销,,MOBILE,,0,21,0.0,72.0,query_device,2026-07-27 13:01:31
59955,2026-07-27,2025-06-02,搜索查询词优化技巧,,DESKTOP,,0,1,0.0,56.0,query_device,2026-07-27 13:01:31
59956,2026-07-27,2025-06-02,搜索网络优化的费用属于什么费用,,DESKTOP,,0,3,0.0,47.0,query_device,2026-07-27 13:01:31
59957,2026-07-27,2025-06-02,散 点 图,,DESKTOP,,0,1,0.0,87.0,query_device,2026-07-27 13:01:31
59958,2026-07-27,2025-06-02,散点图,,DESKTOP,,0,7,0.0,78.42857142857143,query_device,2026-07-27 13:01:31
59959,2026-07-27,2025-06-02,散点图在线制作,,DESKTOP,,0,1,0.0,26.0,query_device,2026-07-27 13:01:31
59960,2026-07-27,2025-06-02,数字 营销,,DESKTOP,,0,3,0.0,88.0,query_device,2026-07-27 13:01:31
59961,2026-07-27,2025-06-02,数字化营销,,DESKTOP,,0,26,0.0,88.46153846153847,query_device,2026-07-27 13:01:31
59962,2026-07-27,2025-06-02,数字服务 定义,,DESKTOP,,0,13,0.0,10.76923076923077,query_device,2026-07-27 13:01:31
59963,2026-07-27,2025-06-02,数字营销,,DESKTOP,,0,36,0.0,85.25,query_device,2026-07-27 13:01:31
59964,2026-07-27,2025-06-02,数字营销,,MOBILE,,0,3,0.0,84.66666666666667,query_device,2026-07-27 13:01:31
59965,2026-07-27,2025-06-02,数字营销代理,,DESKTOP,,0,4,0.0,77.5,query_device,2026-07-27 13:01:31
59966,2026-07-27,2025-06-02,数字营销如何定位目标受众,,DESKTOP,,0,2,0.0,89.5,query_device,2026-07-27 13:01:31
59967,2026-07-27,2025-06-02,数字营销是什么,,DESKTOP,,0,1,0.0,63.0,query_device,2026-07-27 13:01:31
59968,2026-07-27,2025-06-02,数据可视化图表类型,,DESKTOP,,0,1,0.0,79.0,query_device,2026-07-27 13:01:31
59969,2026-07-27,2025-06-02,整合营销是什么,,DESKTOP,,0,1,0.0,12.0,query_device,2026-07-27 13:01:31
59970,2026-07-27,2025-06-02,數字營銷,,DESKTOP,,0,4,0.0,75.25,query_device,2026-07-27 13:01:31
59971,2026-07-27,2025-06-02,數字營銷,,MOBILE,,0,3,0.0,78.0,query_device,2026-07-27 13:01:31
59972,2026-07-27,2025-06-02,數字行銷,,DESKTOP,,0,1,0.0,93.0,query_device,2026-07-27 13:01:31
59973,2026-07-27,2025-06-02,數據真相與人生pdf,,MOBILE,,0,1,0.0,30.0,query_device,2026-07-27 13:01:31
59974,2026-07-27,2025-06-02,斜率的定义？怎样教学比较好？,,DESKTOP,,0,7,0.0,19.285714285714285,query_device,2026-07-27 13:01:31
59975,2026-07-27,2025-06-02,无关键词,,DESKTOP,,0,1,0.0,97.0,query_device,2026-07-27 13:01:31
59976,2026-07-27,2025-06-02,日本独立站收款travel and tourism,,MOBILE,,0,1,0.0,81.0,query_device,2026-07-27 13:01:31
59977,2026-07-27,2025-06-02,旭日图,,DESKTOP,,0,1,0.0,63.0,query_device,2026-07-27 13:01:31
59978,2026-07-27,2025-06-02,旭日圖,,DESKTOP,,0,1,0.0,57.0,query_device,2026-07-27 13:01:31
59979,2026-07-27,2025-06-02,时间序列图,,DESKTOP,,0,1,0.0,96.0,query_device,2026-07-27 13:01:31
59980,2026-07-27,2025-06-02,易詞雲-詞雲生成器,,MOBILE,,0,63,0.0,38.682539682539684,query_device,2026-07-27 13:01:31
59981,2026-07-27,2025-06-02,智能购物广告,,DESKTOP,,0,34,0.0,42.294117647058826,query_device,2026-07-27 13:01:31
59982,2026-07-27,2025-06-02,智能购物广告,,MOBILE,,0,7,0.0,54.857142857142854,query_device,2026-07-27 13:01:31
59983,2026-07-27,2025-06-02,最佳加密货币,,DESKTOP,,0,1,0.0,99.0,query_device,2026-07-27 13:01:31
59984,2026-07-27,2025-06-02,最佳加密货币,,MOBILE,,0,15,0.0,82.86666666666666,query_device,2026-07-27 13:01:31
59985,2026-07-27,2025-06-02,最佳加密货币信号,,DESKTOP,,0,1,0.0,90.0,query_device,2026-07-27 13:01:31
59986,2026-07-27,2025-06-02,最佳加密货币信号,,MOBILE,,0,23,0.0,84.26086956521739,query_device,2026-07-27 13:01:31
59987,2026-07-27,2025-06-02,最佳赚钱加密货币,,MOBILE,,0,1,0.0,77.0,query_device,2026-07-27 13:01:31
59988,2026-07-27,2025-06-02,有搜索量的词,,DESKTOP,,0,44,0.0,76.70454545454545,query_device,2026-07-27 13:01:31
59989,2026-07-27,2025-06-02,未迟,,DESKTOP,,0,4,0.0,2.25,query_device,2026-07-27 13:01:31
59990,2026-07-27,2025-06-02,李克特5级量表,,DESKTOP,,0,7,0.0,12.285714285714286,query_device,2026-07-27 13:01:31
59991,2026-07-27,2025-06-02,李克特5级量表,,MOBILE,,0,1,0.0,10.0,query_device,2026-07-27 13:01:31
59992,2026-07-27,2025-06-02,李克特七点量表范例,,DESKTOP,,0,1,0.0,11.0,query_device,2026-07-27 13:01:31
59993,2026-07-27,2025-06-02,李克特五点量表,,DESKTOP,,0,10,0.0,8.9,query_device,2026-07-27 13:01:31
59994,2026-07-27,2025-06-02,李克特五级量表,,DESKTOP,,0,8,0.0,9.75,query_device,2026-07-27 13:01:31
59995,2026-07-27,2025-06-02,李克特五级量表,,MOBILE,,0,1,0.0,10.0,query_device,2026-07-27 13:01:31
59996,2026-07-27,2025-06-02,李克特五點量表,,DESKTOP,,0,2,0.0,31.5,query_device,2026-07-27 13:01:31
59997,2026-07-27,2025-06-02,李克特五點量表範例,,DESKTOP,,0,1,0.0,36.0,query_device,2026-07-27 13:01:31
59998,2026-07-27,2025-06-02,李克特式量表,,DESKTOP,,0,1,0.0,56.0,query_device,2026-07-27 13:01:31
59999,2026-07-27,2025-06-02,李克特量表,,DESKTOP,,0,22,0.0,42.5,query_device,2026-07-27 13:01:31
60000,2026-07-27,2025-06-02,李克特量表,,MOBILE,,0,1,0.0,32.0,query_device,2026-07-27 13:01:31
60001,2026-07-27,2025-06-02,李克特量表excel,,DESKTOP,,0,8,0.0,8.375,query_device,2026-07-27 13:01:31
60002,2026-07-27,2025-06-02,李克特量表excel,,MOBILE,,0,4,0.0,6.0,query_device,2026-07-27 13:01:31
60003,2026-07-27,2025-06-02,李克特量表分析方法,,DESKTOP,,0,4,0.0,13.0,query_device,2026-07-27 13:01:31
60004,2026-07-27,2025-06-02,李克特量表分析方法,,MOBILE,,0,2,0.0,9.0,query_device,2026-07-27 13:01:31
60005,2026-07-27,2025-06-02,李克特量表範例,,DESKTOP,,0,1,0.0,39.0,query_device,2026-07-27 13:01:31
60006,2026-07-27,2025-06-02,李克特量表范例,,DESKTOP,,0,3,0.0,7.333333333333333,query_device,2026-07-27 13:01:31
60007,2026-07-27,2025-06-02,李克特量表計算,,DESKTOP,,0,1,0.0,37.0,query_device,2026-07-27 13:01:31
60008,2026-07-27,2025-06-02,李斯特量表,,DESKTOP,,0,13,0.0,8.461538461538462,query_device,2026-07-27 13:01:31
60009,2026-07-27,2025-06-02,李斯特量表,,MOBILE,,0,2,0.0,9.0,query_device,2026-07-27 13:01:31
60010,2026-07-27,2025-06-02,查pinterest 平台浏览,,DESKTOP,,0,32,0.0,38.0625,query_device,2026-07-27 13:01:31
60011,2026-07-27,2025-06-02,查阅消费关键词的工具,,DESKTOP,,0,6,0.0,82.83333333333333,query_device,2026-07-27 13:01:31
60012,2026-07-27,2025-06-02,桑基图,,DESKTOP,,0,3,0.0,83.0,query_device,2026-07-27 13:01:31
60013,2026-07-27,2025-06-02,桑基图,,MOBILE,,0,1,0.0,72.0,query_device,2026-07-27 13:01:31
60014,2026-07-27,2025-06-02,桑基图制作,,DESKTOP,,0,1,0.0,76.0,query_device,2026-07-27 13:01:31
60015,2026-07-27,2025-06-02,桑基图生成器,,DESKTOP,,0,1,0.0,8.0,query_device,2026-07-27 13:01:31
60016,2026-07-27,2025-06-02,桑基圖,,DESKTOP,,0,1,0.0,70.0,query_device,2026-07-27 13:01:31
60017,2026-07-27,2025-06-02,桑基圖excel,,DESKTOP,,0,6,0.0,7.0,query_device,2026-07-27 13:01:31
60018,2026-07-27,2025-06-02,桑基圖excel,,MOBILE,,0,5,0.0,8.8,query_device,2026-07-27 13:01:31
60019,2026-07-27,2025-06-02,桑基圖製作,,DESKTOP,,0,1,0.0,29.0,query_device,2026-07-27 13:01:31
60020,2026-07-27,2025-06-02,橡树学院,,DESKTOP,,0,2,0.0,8.0,query_device,2026-07-27 13:01:31
60021,2026-07-27,2025-06-02,歸因模式,,DESKTOP,,0,2,0.0,58.0,query_device,2026-07-27 13:01:31
60022,2026-07-27,2025-06-02,比較圖製作,,DESKTOP,,0,1,0.0,35.0,query_device,2026-07-27 13:01:31
60023,2026-07-27,2025-06-02,毛利润跟那个纯利润是怎么来算的？,,DESKTOP,,0,3,0.0,22.333333333333332,query_device,2026-07-27 13:01:31
60024,2026-07-27,2025-06-02,海外app广告渠道,,DESKTOP,,0,1,0.0,84.0,query_device,2026-07-27 13:01:31
60025,2026-07-27,2025-06-02,海外平台,,DESKTOP,,0,1,0.0,168.0,query_device,2026-07-27 13:01:31
60026,2026-07-27,2025-06-02,海外广告平台,,DESKTOP,,0,3,0.0,60.333333333333336,query_device,2026-07-27 13:01:31
60027,2026-07-27,2025-06-02,海外广告投放代理,,DESKTOP,,0,3,0.0,56.666666666666664,query_device,2026-07-27 13:01:31
60028,2026-07-27,2025-06-02,海外广告投放平台,,DESKTOP,,0,2,0.0,46.0,query_device,2026-07-27 13:01:31
60029,2026-07-27,2025-06-02,海外引流,,DESKTOP,,0,5,0.0,29.2,query_device,2026-07-27 13:01:31
60030,2026-07-27,2025-06-02,海外引流渠道,,DESKTOP,,0,2,0.0,15.5,query_device,2026-07-27 13:01:31
60031,2026-07-27,2025-06-02,海外推广,,DESKTOP,,0,12,0.0,74.25,query_device,2026-07-27 13:01:31
60032,2026-07-27,2025-06-02,海外推广平台,,DESKTOP,,0,29,0.0,71.3103448275862,query_device,2026-07-27 13:01:31
60033,2026-07-27,2025-06-02,海外推广营销,,DESKTOP,,0,2,0.0,67.0,query_device,2026-07-27 13:01:31
60034,2026-07-27,2025-06-02,海外推广营销软件,,DESKTOP,,0,3,0.0,72.66666666666667,query_device,2026-07-27 13:01:31
60035,2026-07-27,2025-06-02,海外数字营销,,DESKTOP,,0,30,0.0,14.266666666666667,query_device,2026-07-27 13:01:31
60036,2026-07-27,2025-06-02,海外数字营销,,MOBILE,,0,1,0.0,17.0,query_device,2026-07-27 13:01:31
60037,2026-07-27,2025-06-02,海外整合营销,,DESKTOP,,0,3,0.0,31.666666666666668,query_device,2026-07-27 13:01:31
60038,2026-07-27,2025-06-02,海外社媒推广,,DESKTOP,,0,2,0.0,43.0,query_device,2026-07-27 13:01:31
60039,2026-07-27,2025-06-02,海外社媒有哪些,,DESKTOP,,0,2,0.0,75.0,query_device,2026-07-27 13:01:31
60040,2026-07-27,2025-06-02,海外营销推广公司,,DESKTOP,,0,5,0.0,63.0,query_device,2026-07-27 13:01:31
60041,2026-07-27,2025-06-02,漂亮的雷達圖,,MOBILE,,0,2,0.0,53.5,query_device,2026-07-27 13:01:31
60042,2026-07-27,2025-06-02,漏斗图制作,,DESKTOP,,0,1,0.0,100.0,query_device,2026-07-27 13:01:31
60043,2026-07-27,2025-06-02,營銷模式,,DESKTOP,,0,6,0.0,70.5,query_device,2026-07-27 13:01:31
60044,2026-07-27,2025-06-02,營銷模式,,MOBILE,,0,5,0.0,68.4,query_device,2026-07-27 13:01:31
60045,2026-07-27,2025-06-02,独立站,,DESKTOP,,0,1,0.0,92.0,query_device,2026-07-27 13:01:31
60046,2026-07-27,2025-06-02,独立站fb投放,,DESKTOP,,0,37,0.0,87.1891891891892,query_device,2026-07-27 13:01:31
60047,2026-07-27,2025-06-02,独立站买量,,DESKTOP,,0,4,0.0,71.25,query_device,2026-07-27 13:01:31
60048,2026-07-27,2025-06-02,独立站外链,,DESKTOP,,0,7,0.0,18.714285714285715,query_device,2026-07-27 13:01:31
60049,2026-07-27,2025-06-02,独立站推广渠道,,DESKTOP,,0,4,0.0,85.25,query_device,2026-07-27 13:01:31
60050,2026-07-27,2025-06-02,独立站收单,,DESKTOP,,0,1,0.0,88.0,query_device,2026-07-27 13:01:31
60051,2026-07-27,2025-06-02,独立站是什么,,DESKTOP,,0,3,0.0,50.666666666666664,query_device,2026-07-27 13:01:31
60052,2026-07-27,2025-06-02,独立站是什么,,MOBILE,,0,1,0.0,52.0,query_device,2026-07-27 13:01:31
60053,2026-07-27,2025-06-02,独立站选品,,DESKTOP,,0,12,0.0,46.166666666666664,query_device,2026-07-27 13:01:31
60054,2026-07-27,2025-06-02,独立站选品,,MOBILE,,0,1,0.0,42.0,query_device,2026-07-27 13:01:31
60055,2026-07-27,2025-06-02,獨立站收款,,DESKTOP,,0,44,0.0,72.31818181818181,query_device,2026-07-27 13:01:31
60056,2026-07-27,2025-06-02,生活方式 plm,,DESKTOP,,0,4,0.0,61.0,query_device,2026-07-27 13:01:31
60057,2026-07-27,2025-06-02,用excel表格做图表,,DESKTOP,,0,3,0.0,19.333333333333332,query_device,2026-07-27 13:01:31
60058,2026-07-27,2025-06-02,用戶參與度,,MOBILE,,0,4,0.0,81.0,query_device,2026-07-27 13:01:31
60059,2026-07-27,2025-06-02,矩阵图,,DESKTOP,,0,2,0.0,15.0,query_device,2026-07-27 13:01:31
60060,2026-07-27,2025-06-02,矩阵图,,MOBILE,,0,1,0.0,37.0,query_device,2026-07-27 13:01:31
60061,2026-07-27,2025-06-02,矩陣圖,,DESKTOP,,0,1,0.0,28.0,query_device,2026-07-27 13:01:31
60062,2026-07-27,2025-06-02,矩陣圖,,MOBILE,,0,1,0.0,38.0,query_device,2026-07-27 13:01:31
60063,2026-07-27,2025-06-02,社媒推广,,DESKTOP,,0,4,0.0,55.75,query_device,2026-07-27 13:01:31
60064,2026-07-27,2025-06-02,社媒运营,,DESKTOP,,0,3,0.0,56.666666666666664,query_device,2026-07-27 13:01:31
60065,2026-07-27,2025-06-02,社媒运营,,MOBILE,,0,1,0.0,48.0,query_device,2026-07-27 13:01:31
60066,2026-07-27,2025-06-02,给客户展示衡量标准,,DESKTOP,,0,26,0.0,70.26923076923077,query_device,2026-07-27 13:01:31
60067,2026-07-27,2025-06-02,网站广告报价,,DESKTOP,,0,5,0.0,49.2,query_device,2026-07-27 13:01:31
60068,2026-07-27,2025-06-02,网站广告报价,,MOBILE,,0,5,0.0,48.4,query_device,2026-07-27 13:01:31
60069,2026-07-27,2025-06-02,网站访问量增加的实用方法推荐,,DESKTOP,,0,2,0.0,76.5,query_device,2026-07-27 13:01:31
60070,2026-07-27,2025-06-02,网络广告的类型,,MOBILE,,0,1,0.0,101.0,query_device,2026-07-27 13:01:31
60071,2026-07-27,2025-06-02,美国产品广告调色,,DESKTOP,,0,31,0.0,34.61290322580645,query_device,2026-07-27 13:01:31
60072,2026-07-27,2025-06-02,脸书推广,,DESKTOP,,0,3,0.0,21.0,query_device,2026-07-27 13:01:31
60073,2026-07-27,2025-06-02,自動化廣告,,DESKTOP,,0,4,0.0,71.75,query_device,2026-07-27 13:01:31
60074,2026-07-27,2025-06-02,自動化廣告,,MOBILE,,0,7,0.0,54.714285714285715,query_device,2026-07-27 13:01:31
60075,2026-07-27,2025-06-02,色彩心理学在广告中的应用,,DESKTOP,,0,15,0.0,76.53333333333333,query_device,2026-07-27 13:01:31
60076,2026-07-27,2025-06-02,英国最佳加密货币交易所,,MOBILE,,0,7,0.0,45.714285714285715,query_device,2026-07-27 13:01:31
60077,2026-07-27,2025-06-02,英国最佳加密货币应用程式,,MOBILE,,0,8,0.0,73.625,query_device,2026-07-27 13:01:31
60078,2026-07-27,2025-06-02,营销和销售的区别,,DESKTOP,,0,1,0.0,99.0,query_device,2026-07-27 13:01:31
60079,2026-07-27,2025-06-02,营销目标,,MOBILE,,0,1,0.0,89.0,query_device,2026-07-27 13:01:31
60080,2026-07-27,2025-06-02,营销组合,,DESKTOP,,0,43,0.0,65.06976744186046,query_device,2026-07-27 13:01:31
60081,2026-07-27,2025-06-02,营销者如何预测采纳建议对其优化得分的影响？,,DESKTOP,,0,1,0.0,10.0,query_device,2026-07-27 13:01:31
60082,2026-07-27,2025-06-02,蜘蛛图,,MOBILE,,0,1,0.0,53.0,query_device,2026-07-27 13:01:31
60083,2026-07-27,2025-06-02,衡量邮件营销效果的最终指标是,,DESKTOP,,0,3,0.0,79.66666666666667,query_device,2026-07-27 13:01:31
60084,2026-07-27,2025-06-02,被谷歌惩罚多久可以恢复,,DESKTOP,,0,3,0.0,55.333333333333336,query_device,2026-07-27 13:01:31
60085,2026-07-27,2025-06-02,视频 广告,,DESKTOP,,0,3,0.0,76.66666666666667,query_device,2026-07-27 13:01:31
60086,2026-07-27,2025-06-02,视频 广告,,MOBILE,,0,3,0.0,71.66666666666667,query_device,2026-07-27 13:01:31
60087,2026-07-27,2025-06-02,视频 推广,,DESKTOP,,0,3,0.0,96.66666666666667,query_device,2026-07-27 13:01:31
60088,2026-07-27,2025-06-02,词云在线生成,,DESKTOP,,0,1,0.0,72.0,query_device,2026-07-27 13:01:31
60089,2026-07-27,2025-06-02,词云生成器,,DESKTOP,,0,1,0.0,92.0,query_device,2026-07-27 13:01:31
60090,2026-07-27,2025-06-02,谷歌 seo 推广,,DESKTOP,,0,5,0.0,73.8,query_device,2026-07-27 13:01:31
60091,2026-07-27,2025-06-02,谷歌 优化 推广,,DESKTOP,,0,4,0.0,72.5,query_device,2026-07-27 13:01:31
60092,2026-07-27,2025-06-02,谷歌 关键 词,,DESKTOP,,0,1,0.0,54.0,query_device,2026-07-27 13:01:31
60093,2026-07-27,2025-06-02,谷歌 关键 词 规划 师,,DESKTOP,,0,1,0.0,52.0,query_device,2026-07-27 13:01:31
60094,2026-07-27,2025-06-02,谷歌 图片 广告,,DESKTOP,,0,1,0.0,101.0,query_device,2026-07-27 13:01:31
60095,2026-07-27,2025-06-02,谷歌 展示 广告,,DESKTOP,,0,12,0.0,37.416666666666664,query_device,2026-07-27 13:01:31
60096,2026-07-27,2025-06-02,谷歌 广告 优化,,DESKTOP,,0,56,0.0,61.07142857142857,query_device,2026-07-27 13:01:31
60097,2026-07-27,2025-06-02,谷歌 广告 关键 词,,DESKTOP,,0,23,0.0,36.65217391304348,query_device,2026-07-27 13:01:31
60098,2026-07-27,2025-06-02,谷歌 推广 公司,,DESKTOP,,0,20,0.0,73.9,query_device,2026-07-27 13:01:31
60099,2026-07-27,2025-06-02,谷歌 推广 公司,,MOBILE,,0,1,0.0,68.0,query_device,2026-07-27 13:01:31
60100,2026-07-27,2025-06-02,谷歌 推广 效果,,DESKTOP,,0,2,0.0,97.5,query_device,2026-07-27 13:01:31
60101,2026-07-27,2025-06-02,谷歌 竞价,,DESKTOP,,0,24,0.0,14.666666666666666,query_device,2026-07-27 13:01:31
60102,2026-07-27,2025-06-02,谷歌ads开户,,DESKTOP,,0,1,0.0,98.0,query_device,2026-07-27 13:01:31
60103,2026-07-27,2025-06-02,谷歌ads开户,,MOBILE,,0,1,0.0,99.0,query_device,2026-07-27 13:01:31
60104,2026-07-27,2025-06-02,谷歌ads认证,,DESKTOP,,0,2,0.0,45.5,query_device,2026-07-27 13:01:31
60105,2026-07-27,2025-06-02,谷歌ads认证,,MOBILE,,0,1,0.0,17.0,query_device,2026-07-27 13:01:31
60106,2026-07-27,2025-06-02,谷歌app广告,,DESKTOP,,0,4,0.0,51.0,query_device,2026-07-27 13:01:31
60107,2026-07-27,2025-06-02,谷歌app广告,,MOBILE,,0,6,0.0,47.166666666666664,query_device,2026-07-27 13:01:31
60108,2026-07-27,2025-06-02,谷歌cro优化,,DESKTOP,,0,13,0.0,82.3076923076923,query_device,2026-07-27 13:01:31
60109,2026-07-27,2025-06-02,谷歌gtm是什么,,DESKTOP,,0,2,0.0,7.5,query_device,2026-07-27 13:01:31
60110,2026-07-27,2025-06-02,谷歌mcc创建,,DESKTOP,,0,1,0.0,71.0,query_device,2026-07-27 13:01:31
60111,2026-07-27,2025-06-02,谷歌mcc是什么,,DESKTOP,,0,1,0.0,68.0,query_device,2026-07-27 13:01:31
60112,2026-07-27,2025-06-02,谷歌pmax和智能购物广告能同时投放吗,,DESKTOP,,0,13,0.0,38.61538461538461,query_device,2026-07-27 13:01:31
60113,2026-07-27,2025-06-02,谷歌ppc优化,,DESKTOP,,0,34,0.0,5.0,query_device,2026-07-27 13:01:31
60114,2026-07-27,2025-06-02,谷歌sem,,DESKTOP,,0,10,0.0,59.1,query_device,2026-07-27 13:01:31
60115,2026-07-27,2025-06-02,谷歌sem,,MOBILE,,0,8,0.0,77.5,query_device,2026-07-27 13:01:31
60116,2026-07-27,2025-06-02,谷歌seo推广,,DESKTOP,,0,11,0.0,53.90909090909091,query_device,2026-07-27 13:01:31
60117,2026-07-27,2025-06-02,谷歌seo推广,,MOBILE,,0,1,0.0,51.0,query_device,2026-07-27 13:01:31
60118,2026-07-27,2025-06-02,谷歌shopping广告转化低怎么办,,DESKTOP,,0,16,0.0,31.75,query_device,2026-07-27 13:01:31
60119,2026-07-27,2025-06-02,谷歌共享表格,,DESKTOP,,0,1,0.0,52.0,query_device,2026-07-27 13:01:31
60120,2026-07-27,2025-06-02,谷歌关键字搜索量检查器,,DESKTOP,,0,32,0.0,64.1875,query_device,2026-07-27 13:01:31
60121,2026-07-27,2025-06-02,谷歌关键字规划师,,DESKTOP,,0,11,0.0,45.54545454545455,query_device,2026-07-27 13:01:31
60122,2026-07-27,2025-06-02,谷歌关键字规划师,,MOBILE,,0,5,0.0,40.0,query_device,2026-07-27 13:01:31
60123,2026-07-27,2025-06-02,谷歌关键词工具,,DESKTOP,,0,1,0.0,96.0,query_device,2026-07-27 13:01:31
60124,2026-07-27,2025-06-02,谷歌关键词广告,,DESKTOP,,0,32,0.0,36.0625,query_device,2026-07-27 13:01:31
60125,2026-07-27,2025-06-02,谷歌关键词搜索量查询,,DESKTOP,,0,1,0.0,44.0,query_device,2026-07-27 13:01:31
60126,2026-07-27,2025-06-02,谷歌关键词规划,,DESKTOP,,0,1,0.0,36.0,query_device,2026-07-27 13:01:31
60127,2026-07-27,2025-06-02,谷歌关键词规划,,MOBILE,,0,1,0.0,44.0,query_device,2026-07-27 13:01:31
60128,2026-07-27,2025-06-02,谷歌关键词规划师,,DESKTOP,,0,2,0.0,46.5,query_device,2026-07-27 13:01:31
60129,2026-07-27,2025-06-02,谷歌关键词规划师怎么用,,DESKTOP,,0,2,0.0,68.0,query_device,2026-07-27 13:01:31
60130,2026-07-27,2025-06-02,谷歌出海大讲堂,,DESKTOP,,0,10,0.0,8.9,query_device,2026-07-27 13:01:31
60131,2026-07-27,2025-06-02,谷歌分析工具,,DESKTOP,,0,1,0.0,87.0,query_device,2026-07-27 13:01:31
60132,2026-07-27,2025-06-02,谷歌商家,,MOBILE,,0,1,0.0,58.0,query_device,2026-07-27 13:01:31
60133,2026-07-27,2025-06-02,谷歌图表,,DESKTOP,,0,1,0.0,14.0,query_device,2026-07-27 13:01:31
60134,2026-07-27,2025-06-02,谷歌地图推广,,DESKTOP,,0,14,0.0,72.71428571428571,query_device,2026-07-27 13:01:31
60135,2026-07-27,2025-06-02,谷歌地图推广,,MOBILE,,0,12,0.0,75.58333333333333,query_device,2026-07-27 13:01:31
60136,2026-07-27,2025-06-02,谷歌展示广告,,DESKTOP,,0,40,0.0,40.375,query_device,2026-07-27 13:01:31
60137,2026-07-27,2025-06-02,谷歌展示广告,,MOBILE,,0,37,0.0,38.7027027027027,query_device,2026-07-27 13:01:31
60138,2026-07-27,2025-06-02,谷歌广告,,DESKTOP,,0,2,0.0,11.5,query_device,2026-07-27 13:01:31
60139,2026-07-27,2025-06-02,谷歌广告专家,,DESKTOP,,0,1,0.0,100.0,query_device,2026-07-27 13:01:31
60140,2026-07-27,2025-06-02,谷歌广告优化,,DESKTOP,,0,73,0.0,49.63013698630137,query_device,2026-07-27 13:01:31
60141,2026-07-27,2025-06-02,谷歌广告优化,,MOBILE,,0,71,0.0,48.32394366197183,query_device,2026-07-27 13:01:31
60142,2026-07-27,2025-06-02,谷歌广告信息公开中心,,DESKTOP,,0,1,0.0,64.0,query_device,2026-07-27 13:01:31
60143,2026-07-27,2025-06-02,谷歌广告关键词,,DESKTOP,,0,1,0.0,18.0,query_device,2026-07-27 13:01:31
60144,2026-07-27,2025-06-02,谷歌广告图片尺寸,,DESKTOP,,0,1,0.0,81.0,query_device,2026-07-27 13:01:31
60145,2026-07-27,2025-06-02,谷歌广告开户,,DESKTOP,,0,1,0.0,36.0,query_device,2026-07-27 13:01:31
60146,2026-07-27,2025-06-02,谷歌广告开户,,MOBILE,,0,1,0.0,41.0,query_device,2026-07-27 13:01:31
60147,2026-07-27,2025-06-02,谷歌广告投放,,MOBILE,,0,1,0.0,32.0,query_device,2026-07-27 13:01:31
60148,2026-07-27,2025-06-02,谷歌广告投放价格,,DESKTOP,,0,1,0.0,97.0,query_device,2026-07-27 13:01:31
60149,2026-07-27,2025-06-02,谷歌广告投放策略,,DESKTOP,,0,1,0.0,95.0,query_device,2026-07-27 13:01:31
60150,2026-07-27,2025-06-02,谷歌广告拒登,,DESKTOP,,0,4,0.0,32.75,query_device,2026-07-27 13:01:31
60151,2026-07-27,2025-06-02,谷歌广告拒登,,MOBILE,,0,9,0.0,35.666666666666664,query_device,2026-07-27 13:01:31
60152,2026-07-27,2025-06-02,谷歌广告排名,,DESKTOP,,0,3,0.0,46.666666666666664,query_device,2026-07-27 13:01:31
60153,2026-07-27,2025-06-02,谷歌广告排名,,MOBILE,,0,6,0.0,24.5,query_device,2026-07-27 13:01:31
60154,2026-07-27,2025-06-02,谷歌广告收入,,DESKTOP,,0,1,0.0,74.0,query_device,2026-07-27 13:01:31
60155,2026-07-27,2025-06-02,谷歌广告政策,,DESKTOP,,0,1,0.0,24.0,query_device,2026-07-27 13:01:31
60156,2026-07-27,2025-06-02,谷歌广告查询,,DESKTOP,,0,1,0.0,80.0,query_device,2026-07-27 13:01:31
60157,2026-07-27,2025-06-02,谷歌广告查询,,MOBILE,,0,1,0.0,82.0,query_device,2026-07-27 13:01:31
60158,2026-07-27,2025-06-02,谷歌广告管理员天,,DESKTOP,,0,1,0.0,97.0,query_device,2026-07-27 13:01:31
60159,2026-07-27,2025-06-02,谷歌广告类型,,DESKTOP,,0,3,0.0,36.333333333333336,query_device,2026-07-27 13:01:31
60160,2026-07-27,2025-06-02,谷歌广告类型,,MOBILE,,0,1,0.0,42.0,query_device,2026-07-27 13:01:31
60161,2026-07-27,2025-06-02,谷歌广告编辑器,,DESKTOP,,0,2,0.0,9.5,query_device,2026-07-27 13:01:31
60162,2026-07-27,2025-06-02,谷歌广告认证,,DESKTOP,,0,1,0.0,10.0,query_device,2026-07-27 13:01:31
60163,2026-07-27,2025-06-02,谷歌应用广告,,DESKTOP,,0,1,0.0,24.0,query_device,2026-07-27 13:01:31
60164,2026-07-27,2025-06-02,谷歌开户,,DESKTOP,,0,16,0.0,38.5,query_device,2026-07-27 13:01:31
60165,2026-07-27,2025-06-02,谷歌开户,,MOBILE,,0,2,0.0,41.0,query_device,2026-07-27 13:01:31
60166,2026-07-27,2025-06-02,谷歌技能学堂,,DESKTOP,,0,1,0.0,24.0,query_device,2026-07-27 13:01:31
60167,2026-07-27,2025-06-02,谷歌推广开户,,DESKTOP,,0,4,0.0,53.25,query_device,2026-07-27 13:01:31
60168,2026-07-27,2025-06-02,谷歌推广开户,,MOBILE,,0,2,0.0,52.0,query_device,2026-07-27 13:01:31
60169,2026-07-27,2025-06-02,谷歌搜索引擎,,DESKTOP,,0,1,0.0,88.0,query_device,2026-07-27 13:01:31
60170,2026-07-27,2025-06-02,谷歌搜索引擎网址格式,,DESKTOP,,0,1,0.0,71.0,query_device,2026-07-27 13:01:31
60171,2026-07-27,2025-06-02,谷歌搜索控制台,,DESKTOP,,0,38,0.0,30.289473684210527,query_device,2026-07-27 13:01:31
60172,2026-07-27,2025-06-02,谷歌搜索推特内容,,DESKTOP,,0,9,0.0,71.77777777777777,query_device,2026-07-27 13:01:31
60173,2026-07-27,2025-06-02,谷歌效果最大化广告怎么优化,,DESKTOP,,0,6,0.0,87.16666666666667,query_device,2026-07-27 13:01:31
60174,2026-07-27,2025-06-02,谷歌独立站,,DESKTOP,,0,5,0.0,79.0,query_device,2026-07-27 13:01:31
60175,2026-07-27,2025-06-02,谷歌独立站,,MOBILE,,0,3,0.0,75.66666666666667,query_device,2026-07-27 13:01:31
60176,2026-07-27,2025-06-02,谷歌站长指南,,DESKTOP,,0,1,0.0,72.0,query_device,2026-07-27 13:01:31
60177,2026-07-27,2025-06-02,谷歌竞价,,DESKTOP,,0,39,0.0,16.0,query_device,2026-07-27 13:01:31
60178,2026-07-27,2025-06-02,谷歌竞价广告,,DESKTOP,,0,1,0.0,49.0,query_device,2026-07-27 13:01:31
60179,2026-07-27,2025-06-02,谷歌竞价开户,,DESKTOP,,0,28,0.0,6.321428571428571,query_device,2026-07-27 13:01:31
60180,2026-07-27,2025-06-02,谷歌竞价开户,,MOBILE,,0,3,0.0,5.0,query_device,2026-07-27 13:01:31
60181,2026-07-27,2025-06-02,谷歌编辑器,,DESKTOP,,0,1,0.0,27.0,query_device,2026-07-27 13:01:31
60182,2026-07-27,2025-06-02,谷歌编辑器,,MOBILE,,0,1,0.0,36.0,query_device,2026-07-27 13:01:31
60183,2026-07-27,2025-06-02,谷歌网络推广,,DESKTOP,,0,10,0.0,75.8,query_device,2026-07-27 13:01:31
60184,2026-07-27,2025-06-02,谷歌表格下载,,DESKTOP,,0,1,0.0,40.0,query_device,2026-07-27 13:01:31
60185,2026-07-27,2025-06-02,谷歌表格教程,,DESKTOP,,0,1,0.0,30.0,query_device,2026-07-27 13:01:31
60186,2026-07-27,2025-06-02,谷歌认证考试,,DESKTOP,,0,1,0.0,69.0,query_device,2026-07-27 13:01:31
60187,2026-07-27,2025-06-02,谷歌购物广告,,DESKTOP,,0,5,0.0,50.6,query_device,2026-07-27 13:01:31
60188,2026-07-27,2025-06-02,谷歌购物广告,,MOBILE,,0,1,0.0,37.0,query_device,2026-07-27 13:01:31
60189,2026-07-27,2025-06-02,谷歌购物广告如何出价,,DESKTOP,,0,55,0.0,23.945454545454545,query_device,2026-07-27 13:01:31
60190,2026-07-27,2025-06-02,谷歌购物广告如何出价,,MOBILE,,0,1,0.0,10.0,query_device,2026-07-27 13:01:31
60191,2026-07-27,2025-06-02,谷歌购物广告怎么开,,DESKTOP,,0,61,0.0,29.262295081967213,query_device,2026-07-27 13:01:31
60192,2026-07-27,2025-06-02,谷歌购物广告怎么投,,DESKTOP,,0,56,0.0,58.160714285714285,query_device,2026-07-27 13:01:31
60193,2026-07-27,2025-06-02,购物 广告,,DESKTOP,,0,30,0.0,47.86666666666667,query_device,2026-07-27 13:01:31
60194,2026-07-27,2025-06-02,购物 广告,,MOBILE,,0,5,0.0,91.8,query_device,2026-07-27 13:01:31
60195,2026-07-27,2025-06-02,购物广告出价方式,,DESKTOP,,0,52,0.0,45.09615384615385,query_device,2026-07-27 13:01:31
60196,2026-07-27,2025-06-02,购物广告用哪个出价,,DESKTOP,,0,49,0.0,47.87755102040816,query_device,2026-07-27 13:01:31
60197,2026-07-27,2025-06-02,趋势图,,DESKTOP,,0,2,0.0,66.0,query_device,2026-07-27 13:01:31
60198,2026-07-27,2025-06-02,跟踪参数,,DESKTOP,,0,1,0.0,98.0,query_device,2026-07-27 13:01:31
60199,2026-07-27,2025-06-02,跨境电商广告投放,,DESKTOP,,0,16,0.0,89.8125,query_device,2026-07-27 13:01:31
60200,2026-07-27,2025-06-02,跨境电商推广,,DESKTOP,,0,10,0.0,50.2,query_device,2026-07-27 13:01:31
60201,2026-07-27,2025-06-02,跳出 率,,DESKTOP,,0,5,0.0,95.4,query_device,2026-07-27 13:01:31
60202,2026-07-27,2025-06-02,跳出 率,,MOBILE,,0,8,0.0,92.875,query_device,2026-07-27 13:01:31
60203,2026-07-27,2025-06-02,跳出率,,DESKTOP,,0,3,0.0,83.0,query_device,2026-07-27 13:01:31
60204,2026-07-27,2025-06-02,跳出率,,MOBILE,,0,3,0.0,98.66666666666667,query_device,2026-07-27 13:01:31
60205,2026-07-27,2025-06-02,跳出率 計算,,DESKTOP,,0,8,0.0,93.625,query_device,2026-07-27 13:01:31
60206,2026-07-27,2025-06-02,轉換成本,,DESKTOP,,0,4,0.0,13.0,query_device,2026-07-27 13:01:31
60207,2026-07-27,2025-06-02,轉換成本,,MOBILE,,0,1,0.0,8.0,query_device,2026-07-27 13:01:31
60208,2026-07-27,2025-06-02,轉換成本是什麼,,MOBILE,,0,1,0.0,12.0,query_device,2026-07-27 13:01:31
60209,2026-07-27,2025-06-02,轉換率算法,,DESKTOP,,0,2,0.0,81.5,query_device,2026-07-27 13:01:31
60210,2026-07-27,2025-06-02,转化潜在客户的案例,,DESKTOP,,0,9,0.0,78.22222222222223,query_device,2026-07-27 13:01:31
60211,2026-07-27,2025-06-02,转化率怎么算,,DESKTOP,,0,1,0.0,91.0,query_device,2026-07-27 13:01:31
60212,2026-07-27,2025-06-02,转化率缩写,,DESKTOP,,0,1,0.0,57.0,query_device,2026-07-27 13:01:31
60213,2026-07-27,2025-06-02,转换成本,,DESKTOP,,0,8,0.0,6.0,query_device,2026-07-27 13:01:31
60214,2026-07-27,2025-06-02,转换成本,,TABLET,,0,1,0.0,8.0,query_device,2026-07-27 13:01:31
60215,2026-07-27,2025-06-02,选包颜色心理学,,DESKTOP,,0,18,0.0,44.666666666666664,query_device,2026-07-27 13:01:31
60216,2026-07-27,2025-06-02,通过什么方式找到关键词,,DESKTOP,,0,3,0.0,97.33333333333333,query_device,2026-07-27 13:01:31
60217,2026-07-27,2025-06-02,里克特五點量表,,DESKTOP,,0,1,0.0,61.0,query_device,2026-07-27 13:01:31
60218,2026-07-27,2025-06-02,里克特量表,,DESKTOP,,0,1,0.0,6.0,query_device,2026-07-27 13:01:31
60219,2026-07-27,2025-06-02,链接受众和连接受众，哪个表述更正确？,,DESKTOP,,0,1,0.0,14.0,query_device,2026-07-27 13:01:31
60220,2026-07-27,2025-06-02,雙y軸,,DESKTOP,,0,2,0.0,49.5,query_device,2026-07-27 13:01:31
60221,2026-07-27,2025-06-02,靜態,,DESKTOP,,0,1,0.0,96.0,query_device,2026-07-27 13:01:31
60222,2026-07-27,2025-06-02,領英公司,,DESKTOP,,0,1,0.0,82.0,query_device,2026-07-27 13:01:31
60223,2026-07-27,2025-06-02,顾客满意度和流失率是什么指标,,DESKTOP,,0,8,0.0,93.125,query_device,2026-07-27 13:01:31
60224,2026-07-27,2025-06-02,顾客满意度的kpi,,DESKTOP,,0,27,0.0,34.148148148148145,query_device,2026-07-27 13:01:31
60225,2026-07-27,2025-06-02,领英 注册,,DESKTOP,,0,1,0.0,10.0,query_device,2026-07-27 13:01:31
60226,2026-07-27,2025-06-02,领英无法注册,,MOBILE,,0,1,0.0,16.0,query_device,2026-07-27 13:01:31
60227,2026-07-27,2025-06-02,领英注册,,DESKTOP,,0,1,0.0,74.0,query_device,2026-07-27 13:01:31
60228,2026-07-27,2025-06-02,领英注册不了,,DESKTOP,,0,2,0.0,20.5,query_device,2026-07-27 13:01:31
60229,2026-07-27,2025-06-02,领英电脑版下载,,DESKTOP,,0,1,0.0,51.0,query_device,2026-07-27 13:01:31
60230,2026-07-27,2025-06-02,领英英文版,,DESKTOP,,0,1,0.0,70.0,query_device,2026-07-27 13:01:31
60231,2026-07-27,2025-06-02,领英账号注册,,DESKTOP,,0,1,0.0,12.0,query_device,2026-07-27 13:01:31
60232,2026-07-27,2025-06-02,颜色心理学与消费,,DESKTOP,,0,23,0.0,58.56521739130435,query_device,2026-07-27 13:01:31
60233,2026-07-27,2025-06-02,黑五类独立站,,DESKTOP,,0,1,0.0,49.0,query_device,2026-07-27 13:01:31
60234,2026-07-27,2025-06-02,點圖製作,,DESKTOP,,0,2,0.0,60.0,query_device,2026-07-27 13:01:31
60235,2026-07-27,2025-06-02,點圖製作,,MOBILE,,0,2,0.0,62.0,query_device,2026-07-27 13:01:31
60236,2026-07-27,2025-06-02,點擊付費,,DESKTOP,,0,7,0.0,90.14285714285714,query_device,2026-07-27 13:01:31
60237,2026-07-27,2025-06-02,點擊率,,DESKTOP,,0,3,0.0,78.0,query_device,2026-07-27 13:01:31
60238,2026-07-27,2025-06-02,點擊率,,MOBILE,,0,2,0.0,77.0,query_device,2026-07-27 13:01:31
28967,2026-07-27,2025-05-03,advich group limited,,MOBILE,,15,102,0.14705882352941177,3.343137254901961,query_device,2026-07-27 13:01:16
28968,2026-07-27,2025-05-03,advich group limited,,DESKTOP,,8,21,0.38095238095238093,1.619047619047619,query_device,2026-07-27 13:01:16
28969,2026-07-27,2025-05-03,advich,,DESKTOP,,3,22,0.13636363636363635,4.863636363636363,query_device,2026-07-27 13:01:16
28970,2026-07-27,2025-05-03,桑基图excel,,DESKTOP,,2,32,0.0625,2.71875,query_device,2026-07-27 13:01:16
28971,2026-07-27,2025-05-03,android twitter 4k,,MOBILE,,1,3,0.3333333333333333,3.6666666666666665,query_device,2026-07-27 13:01:16
28972,2026-07-27,2025-05-03,excel 桑基图,,DESKTOP,,1,7,0.14285714285714285,3.5714285714285716,query_device,2026-07-27 13:01:16
28973,2026-07-27,2025-05-03,excel三軸圖,,DESKTOP,,1,20,0.05,4.8,query_device,2026-07-27 13:01:16
28974,2026-07-27,2025-05-03,google ads促销代码,,DESKTOP,,1,17,0.058823529411764705,7.588235294117647,query_device,2026-07-27 13:01:16
28975,2026-07-27,2025-05-03,google creative studio,,DESKTOP,,1,1,1.0,51.0,query_device,2026-07-27 13:01:16
28976,2026-07-27,2025-05-03,google sheets sankey,,DESKTOP,,1,7,0.14285714285714285,42.285714285714285,query_device,2026-07-27 13:01:16
28977,2026-07-27,2025-05-03,twitter 4k android,,MOBILE,,1,3,0.3333333333333333,7.333333333333333,query_device,2026-07-27 13:01:16
28978,2026-07-27,2025-05-03,twitter 列表,,MOBILE,,1,8,0.125,7.625,query_device,2026-07-27 13:01:16
28979,2026-07-27,2025-05-03,江苏未迟数字技术有限公司,,DESKTOP,,1,7,0.14285714285714285,2.0,query_device,2026-07-27 13:01:16
28980,2026-07-27,2025-05-03,谷歌竞价开户,,DESKTOP,,1,29,0.034482758620689655,6.448275862068965,query_device,2026-07-27 13:01:16
28981,2026-07-27,2025-05-03,2025 ppc,,DESKTOP,,0,1,0.0,5.0,query_device,2026-07-27 13:01:16
28982,2026-07-27,2025-05-03,3 axis chart,,DESKTOP,,0,1,0.0,73.0,query_device,2026-07-27 13:01:16
28983,2026-07-27,2025-05-03,3 axis chart in excel,,DESKTOP,,0,2,0.0,70.0,query_device,2026-07-27 13:01:16
28984,2026-07-27,2025-05-03,3 axis excel chart,,DESKTOP,,0,1,0.0,82.0,query_device,2026-07-27 13:01:16
28985,2026-07-27,2025-05-03,3 axis graph excel,,DESKTOP,,0,3,0.0,63.0,query_device,2026-07-27 13:01:16
28986,2026-07-27,2025-05-03,3 axis graph in excel,,DESKTOP,,0,1,0.0,63.0,query_device,2026-07-27 13:01:16
28987,2026-07-27,2025-05-03,3 axis plot excel,,DESKTOP,,0,2,0.0,85.0,query_device,2026-07-27 13:01:16
28988,2026-07-27,2025-05-03,3-axis graph in excel,,DESKTOP,,0,4,0.0,64.5,query_device,2026-07-27 13:01:16
28989,2026-07-27,2025-05-03,3軸 グラフ エクセル,,DESKTOP,,0,1,0.0,86.0,query_device,2026-07-27 13:01:16
28990,2026-07-27,2025-05-03,3軸 グラフ エクセル,,MOBILE,,0,1,0.0,87.0,query_device,2026-07-27 13:01:16
28991,2026-07-27,2025-05-03,3軸グラフ エクセル,,DESKTOP,,0,1,0.0,79.0,query_device,2026-07-27 13:01:16
28992,2026-07-27,2025-05-03,4k twitter,,DESKTOP,,0,1,0.0,6.0,query_device,2026-07-27 13:01:16
28993,2026-07-27,2025-05-03,5分量表,,DESKTOP,,0,1,0.0,10.0,query_device,2026-07-27 13:01:16
28994,2026-07-27,2025-05-03,5點量表,,DESKTOP,,0,1,0.0,10.0,query_device,2026-07-27 13:01:16
28995,2026-07-27,2025-05-03,a/b测试,,DESKTOP,,0,1,0.0,82.0,query_device,2026-07-27 13:01:16
28996,2026-07-27,2025-05-03,addressable vs serviceable market,,MOBILE,,0,1,0.0,98.0,query_device,2026-07-27 13:01:16
28997,2026-07-27,2025-05-03,ads优惠码,,DESKTOP,,0,1,0.0,15.0,query_device,2026-07-27 13:01:16
28998,2026-07-27,2025-05-03,advich,,MOBILE,,0,13,0.0,6.076923076923077,query_device,2026-07-27 13:01:16
28999,2026-07-27,2025-05-03,advich group limited,,TABLET,,0,2,0.0,3.0,query_device,2026-07-27 13:01:16
29000,2026-07-27,2025-05-03,adweb,,DESKTOP,,0,1,0.0,56.0,query_device,2026-07-27 13:01:16
29001,2026-07-27,2025-05-03,adwords代理,,DESKTOP,,0,7,0.0,70.14285714285714,query_device,2026-07-27 13:01:16
29002,2026-07-27,2025-05-03,adwords关键词工具,,DESKTOP,,0,13,0.0,60.53846153846154,query_device,2026-07-27 13:01:16
29003,2026-07-27,2025-05-03,adwords关键词工具,,MOBILE,,0,39,0.0,56.02564102564103,query_device,2026-07-27 13:01:16
29004,2026-07-27,2025-05-03,android twitter 4k,,DESKTOP,,0,1,0.0,3.0,query_device,2026-07-27 13:01:16
29005,2026-07-27,2025-05-03,ansoff matrix,,DESKTOP,,0,1,0.0,23.0,query_device,2026-07-27 13:01:16
29006,2026-07-27,2025-05-03,ansoff 矩陣,,DESKTOP,,0,1,0.0,74.0,query_device,2026-07-27 13:01:16
29007,2026-07-27,2025-05-03,auction insight,,DESKTOP,,0,1,0.0,2.0,query_device,2026-07-27 13:01:16
29008,2026-07-27,2025-05-03,auction insights google ads,,DESKTOP,,0,1,0.0,92.0,query_device,2026-07-27 13:01:16
29009,2026-07-27,2025-05-03,bing 广告,,DESKTOP,,0,1,0.0,11.0,query_device,2026-07-27 13:01:16
29010,2026-07-27,2025-05-03,bing 廣告,,DESKTOP,,0,4,0.0,43.75,query_device,2026-07-27 13:01:16
29011,2026-07-27,2025-05-03,bing 廣告,,MOBILE,,0,5,0.0,35.4,query_device,2026-07-27 13:01:16
29012,2026-07-27,2025-05-03,bing广告,,DESKTOP,,0,4,0.0,34.0,query_device,2026-07-27 13:01:16
29013,2026-07-27,2025-05-03,bing广告,,MOBILE,,0,2,0.0,17.5,query_device,2026-07-27 13:01:16
29014,2026-07-27,2025-05-03,bing廣告,,DESKTOP,,0,29,0.0,45.206896551724135,query_device,2026-07-27 13:01:16
29015,2026-07-27,2025-05-03,bing廣告,,MOBILE,,0,15,0.0,43.4,query_device,2026-07-27 13:01:16
29016,2026-07-27,2025-05-03,bisnis manager,,DESKTOP,,0,1,0.0,98.0,query_device,2026-07-27 13:01:16
29017,2026-07-27,2025-05-03,box and whisker plot google sheets,,DESKTOP,,0,5,0.0,90.6,query_device,2026-07-27 13:01:16
29018,2026-07-27,2025-05-03,business manager,,DESKTOP,,0,5,0.0,86.2,query_device,2026-07-27 13:01:16
29019,2026-07-27,2025-05-03,buzsummo,,DESKTOP,,0,1,0.0,55.0,query_device,2026-07-27 13:01:16
29020,2026-07-27,2025-05-03,chartexpo free,,DESKTOP,,0,4,0.0,48.5,query_device,2026-07-27 13:01:16
29021,2026-07-27,2025-05-03,clickshare google ads,,DESKTOP,,0,2,0.0,59.0,query_device,2026-07-27 13:01:16
29022,2026-07-27,2025-05-03,clickshare google ads,,MOBILE,,0,4,0.0,71.5,query_device,2026-07-27 13:01:16
29023,2026-07-27,2025-05-03,clv,,DESKTOP,,0,8,0.0,74.75,query_device,2026-07-27 13:01:16
29024,2026-07-27,2025-05-03,clv ltv,,DESKTOP,,0,4,0.0,9.0,query_device,2026-07-27 13:01:16
29025,2026-07-27,2025-05-03,cpc google ads,,DESKTOP,,0,1,0.0,95.0,query_device,2026-07-27 13:01:16
29026,2026-07-27,2025-05-03,cpc 广告,,DESKTOP,,0,1,0.0,98.0,query_device,2026-07-27 13:01:16
29027,2026-07-27,2025-05-03,cpc 計算,,DESKTOP,,0,2,0.0,50.0,query_device,2026-07-27 13:01:16
29028,2026-07-27,2025-05-03,cpc 計算,,MOBILE,,0,1,0.0,49.0,query_device,2026-07-27 13:01:16
29029,2026-07-27,2025-05-03,cpc公式,,DESKTOP,,0,4,0.0,40.5,query_device,2026-07-27 13:01:16
29030,2026-07-27,2025-05-03,cpc广告,,DESKTOP,,0,4,0.0,59.0,query_device,2026-07-27 13:01:16
29031,2026-07-27,2025-05-03,cpc广告,,MOBILE,,0,11,0.0,63.63636363636363,query_device,2026-07-27 13:01:16
29032,2026-07-27,2025-05-03,cpc怎么算,,DESKTOP,,0,3,0.0,33.666666666666664,query_device,2026-07-27 13:01:16
29033,2026-07-27,2025-05-03,cpc怎么算,,MOBILE,,0,1,0.0,25.0,query_device,2026-07-27 13:01:16
29034,2026-07-27,2025-05-03,cpc是什么,,DESKTOP,,0,2,0.0,77.5,query_device,2026-07-27 13:01:16
29035,2026-07-27,2025-05-03,cpc点击成本行业均值,,DESKTOP,,0,34,0.0,4.764705882352941,query_device,2026-07-27 13:01:16
29036,2026-07-27,2025-05-03,cpc计算公式,,DESKTOP,,0,2,0.0,47.5,query_device,2026-07-27 13:01:16
29037,2026-07-27,2025-05-03,cpe 廣告,,DESKTOP,,0,4,0.0,48.75,query_device,2026-07-27 13:01:16
29038,2026-07-27,2025-05-03,cpe是什么广告,,DESKTOP,,0,1,0.0,23.0,query_device,2026-07-27 13:01:16
29039,2026-07-27,2025-05-03,cpe是什么广告,,MOBILE,,0,1,0.0,18.0,query_device,2026-07-27 13:01:16
29040,2026-07-27,2025-05-03,cpm,,DESKTOP,,0,1,0.0,58.0,query_device,2026-07-27 13:01:16
29041,2026-07-27,2025-05-03,cpm google ads,,DESKTOP,,0,2,0.0,68.0,query_device,2026-07-27 13:01:16
29042,2026-07-27,2025-05-03,cpm google ads,,MOBILE,,0,1,0.0,68.0,query_device,2026-07-27 13:01:16
29043,2026-07-27,2025-05-03,cpm 含义,,DESKTOP,,0,1,0.0,29.0,query_device,2026-07-27 13:01:16
29044,2026-07-27,2025-05-03,cpm 广告,,DESKTOP,,0,2,0.0,57.0,query_device,2026-07-27 13:01:16
29045,2026-07-27,2025-05-03,cpm 是什么意思,,DESKTOP,,0,1,0.0,46.0,query_device,2026-07-27 13:01:16
29046,2026-07-27,2025-05-03,cpm和cpc,,DESKTOP,,0,1,0.0,96.0,query_device,2026-07-27 13:01:16
29047,2026-07-27,2025-05-03,cpm如何计算,,DESKTOP,,0,1,0.0,70.0,query_device,2026-07-27 13:01:16
29048,2026-07-27,2025-05-03,cpm如何计算,,MOBILE,,0,1,0.0,57.0,query_device,2026-07-27 13:01:16
29049,2026-07-27,2025-05-03,cpm是什么,,DESKTOP,,0,2,0.0,37.0,query_device,2026-07-27 13:01:16
29050,2026-07-27,2025-05-03,cpm是什么意思,,DESKTOP,,0,10,0.0,51.8,query_device,2026-07-27 13:01:16
29051,2026-07-27,2025-05-03,cps adwords,,MOBILE,,0,1,0.0,77.0,query_device,2026-07-27 13:01:16
29052,2026-07-27,2025-05-03,cps广告,,DESKTOP,,0,1,0.0,29.0,query_device,2026-07-27 13:01:16
29053,2026-07-27,2025-05-03,ctr,,DESKTOP,,0,12,0.0,72.08333333333333,query_device,2026-07-27 13:01:16
29054,2026-07-27,2025-05-03,ctr,,MOBILE,,0,1,0.0,94.0,query_device,2026-07-27 13:01:16
29055,2026-07-27,2025-05-03,ctr 公式,,DESKTOP,,0,1,0.0,68.0,query_device,2026-07-27 13:01:16
29056,2026-07-27,2025-05-03,ctr 多少算好,,DESKTOP,,0,2,0.0,70.5,query_device,2026-07-27 13:01:16
29057,2026-07-27,2025-05-03,ctr 多少算好,,MOBILE,,0,1,0.0,69.0,query_device,2026-07-27 13:01:16
29058,2026-07-27,2025-05-03,ctr 定义,,DESKTOP,,0,7,0.0,11.142857142857142,query_device,2026-07-27 13:01:16
29059,2026-07-27,2025-05-03,ctr 意思,,DESKTOP,,0,3,0.0,60.333333333333336,query_device,2026-07-27 13:01:16
29060,2026-07-27,2025-05-03,ctr 是什么,,DESKTOP,,0,3,0.0,46.666666666666664,query_device,2026-07-27 13:01:16
29061,2026-07-27,2025-05-03,ctr 是什麼,,DESKTOP,,0,1,0.0,74.0,query_device,2026-07-27 13:01:16
29062,2026-07-27,2025-05-03,ctr什么意思,,DESKTOP,,0,1,0.0,52.0,query_device,2026-07-27 13:01:16
29063,2026-07-27,2025-05-03,ctr什么意思,,MOBILE,,0,1,0.0,55.0,query_device,2026-07-27 13:01:16
29064,2026-07-27,2025-05-03,ctr公式,,DESKTOP,,0,1,0.0,53.0,query_device,2026-07-27 13:01:16
29065,2026-07-27,2025-05-03,ctr多少合理,,DESKTOP,,0,1,0.0,27.0,query_device,2026-07-27 13:01:16
29066,2026-07-27,2025-05-03,ctr多少算好,,DESKTOP,,0,1,0.0,75.0,query_device,2026-07-27 13:01:16
29067,2026-07-27,2025-05-03,ctr怎么算,,DESKTOP,,0,1,0.0,58.0,query_device,2026-07-27 13:01:16
29068,2026-07-27,2025-05-03,ctr怎么算,,MOBILE,,0,1,0.0,59.0,query_device,2026-07-27 13:01:16
29069,2026-07-27,2025-05-03,ctr意思,,DESKTOP,,0,1,0.0,65.0,query_device,2026-07-27 13:01:16
29070,2026-07-27,2025-05-03,ctr是什么,,DESKTOP,,0,19,0.0,51.10526315789474,query_device,2026-07-27 13:01:16
29071,2026-07-27,2025-05-03,ctr是什么,,MOBILE,,0,5,0.0,53.8,query_device,2026-07-27 13:01:16
29072,2026-07-27,2025-05-03,ctr是什么意思,,DESKTOP,,0,15,0.0,48.06666666666667,query_device,2026-07-27 13:01:16
29073,2026-07-27,2025-05-03,ctr是什么意思,,MOBILE,,0,1,0.0,43.0,query_device,2026-07-27 13:01:16
29074,2026-07-27,2025-05-03,ctr是什么指标,,DESKTOP,,0,2,0.0,48.0,query_device,2026-07-27 13:01:16
29075,2026-07-27,2025-05-03,ctr是什麼,,DESKTOP,,0,3,0.0,75.33333333333333,query_device,2026-07-27 13:01:16
29076,2026-07-27,2025-05-03,custom intent google ads,,DESKTOP,,0,5,0.0,81.0,query_device,2026-07-27 13:01:16
29077,2026-07-27,2025-05-03,custom intent google ads,,MOBILE,,0,1,0.0,77.0,query_device,2026-07-27 13:01:16
29078,2026-07-27,2025-05-03,destination mismatch,,DESKTOP,,0,1,0.0,38.0,query_device,2026-07-27 13:01:16
29079,2026-07-27,2025-05-03,dot plot google sheets,,DESKTOP,,0,10,0.0,52.7,query_device,2026-07-27 13:01:16
29080,2026-07-27,2025-05-03,dot plot in google sheets,,DESKTOP,,0,2,0.0,54.5,query_device,2026-07-27 13:01:16
29081,2026-07-27,2025-05-03,dot plot on google sheets,,DESKTOP,,0,5,0.0,56.2,query_device,2026-07-27 13:01:16
29082,2026-07-27,2025-05-03,dsa 定义,,DESKTOP,,0,1,0.0,10.0,query_device,2026-07-27 13:01:16
29083,2026-07-27,2025-05-03,dsa 廣告,,DESKTOP,,0,2,0.0,23.0,query_device,2026-07-27 13:01:16
29084,2026-07-27,2025-05-03,dsa是什么,,DESKTOP,,0,1,0.0,59.0,query_device,2026-07-27 13:01:16
29085,2026-07-27,2025-05-03,dsp ssp,,DESKTOP,,0,25,0.0,48.92,query_device,2026-07-27 13:01:16
29086,2026-07-27,2025-05-03,dsp ssp,,MOBILE,,0,33,0.0,44.45454545454545,query_device,2026-07-27 13:01:16
29087,2026-07-27,2025-05-03,dsp 平台,,DESKTOP,,0,1,0.0,90.0,query_device,2026-07-27 13:01:16
29088,2026-07-27,2025-05-03,dsp/需求方平台,,DESKTOP,,0,4,0.0,80.5,query_device,2026-07-27 13:01:16
29089,2026-07-27,2025-05-03,dsp/需求方平台,,MOBILE,,0,10,0.0,81.4,query_device,2026-07-27 13:01:16
29090,2026-07-27,2025-05-03,dtc增长,,DESKTOP,,0,28,0.0,53.535714285714285,query_device,2026-07-27 13:01:16
29091,2026-07-27,2025-05-03,eda数据分析,,DESKTOP,,0,1,0.0,77.0,query_device,2026-07-27 13:01:16
29092,2026-07-27,2025-05-03,eda資料分析,,MOBILE,,0,1,0.0,51.0,query_device,2026-07-27 13:01:16
29093,2026-07-27,2025-05-03,excel 3 axis chart,,DESKTOP,,0,4,0.0,72.5,query_device,2026-07-27 13:01:16
29094,2026-07-27,2025-05-03,excel 3 axis chart,,MOBILE,,0,1,0.0,69.0,query_device,2026-07-27 13:01:16
29095,2026-07-27,2025-05-03,excel 3 axis graph,,DESKTOP,,0,3,0.0,68.33333333333333,query_device,2026-07-27 13:01:16
29096,2026-07-27,2025-05-03,excel 3軸,,DESKTOP,,0,3,0.0,30.666666666666668,query_device,2026-07-27 13:01:16
29097,2026-07-27,2025-05-03,excel 3軸 グラフ,,DESKTOP,,0,4,0.0,90.0,query_device,2026-07-27 13:01:16
29098,2026-07-27,2025-05-03,excel 3軸 グラフ,,MOBILE,,0,1,0.0,90.0,query_device,2026-07-27 13:01:16
29099,2026-07-27,2025-05-03,excel 3軸グラフ,,DESKTOP,,0,2,0.0,91.5,query_device,2026-07-27 13:01:16
29100,2026-07-27,2025-05-03,excel diagramm mit 3 achsen,,DESKTOP,,0,1,0.0,65.0,query_device,2026-07-27 13:01:16
29101,2026-07-27,2025-05-03,excel graph with 3 axis,,DESKTOP,,0,2,0.0,69.0,query_device,2026-07-27 13:01:16
29102,2026-07-27,2025-05-03,excel sunburst,,DESKTOP,,0,1,0.0,57.0,query_device,2026-07-27 13:01:16
29103,2026-07-27,2025-05-03,excel sunburst diagramm,,DESKTOP,,0,3,0.0,61.333333333333336,query_device,2026-07-27 13:01:16
29104,2026-07-27,2025-05-03,excel グラフ 3軸,,DESKTOP,,0,38,0.0,79.76315789473684,query_device,2026-07-27 13:01:16
29105,2026-07-27,2025-05-03,excel グラフ 3軸,,MOBILE,,0,33,0.0,78.27272727272727,query_device,2026-07-27 13:01:16
29106,2026-07-27,2025-05-03,excel 三軸,,DESKTOP,,0,4,0.0,3.0,query_device,2026-07-27 13:01:16
29107,2026-07-27,2025-05-03,excel 分析,,DESKTOP,,0,1,0.0,48.0,query_device,2026-07-27 13:01:16
29108,2026-07-27,2025-05-03,excel 双y轴,,DESKTOP,,0,1,0.0,9.0,query_device,2026-07-27 13:01:16
29109,2026-07-27,2025-05-03,excel 图表,,DESKTOP,,0,1,0.0,28.0,query_device,2026-07-27 13:01:16
29110,2026-07-27,2025-05-03,excel 堆疊圖,,DESKTOP,,0,1,0.0,9.0,query_device,2026-07-27 13:01:16
29111,2026-07-27,2025-05-03,excel 数据分析,,DESKTOP,,0,22,0.0,48.18181818181818,query_device,2026-07-27 13:01:16
29112,2026-07-27,2025-05-03,excel 數據 分析,,DESKTOP,,0,1,0.0,69.0,query_device,2026-07-27 13:01:16
29113,2026-07-27,2025-05-03,excel 桑基图,,MOBILE,,0,1,0.0,5.0,query_device,2026-07-27 13:01:16
29114,2026-07-27,2025-05-03,excel 第三軸,,DESKTOP,,0,1,0.0,3.0,query_device,2026-07-27 13:01:16
29115,2026-07-27,2025-05-03,excel 雙y軸,,DESKTOP,,0,1,0.0,37.0,query_device,2026-07-27 13:01:16
29116,2026-07-27,2025-05-03,excel三軸圖,,MOBILE,,0,6,0.0,4.833333333333334,query_device,2026-07-27 13:01:16
29117,2026-07-27,2025-05-03,excel三軸圖,,TABLET,,0,1,0.0,5.0,query_device,2026-07-27 13:01:16
29118,2026-07-27,2025-05-03,excel图表,,DESKTOP,,0,3,0.0,20.333333333333332,query_device,2026-07-27 13:01:16
29119,2026-07-27,2025-05-03,excel数据分析,,DESKTOP,,0,4,0.0,64.75,query_device,2026-07-27 13:01:16
29120,2026-07-27,2025-05-03,excel斜率圖,,DESKTOP,,0,1,0.0,17.0,query_device,2026-07-27 13:01:16
29121,2026-07-27,2025-05-03,excel雙y軸,,DESKTOP,,0,4,0.0,32.5,query_device,2026-07-27 13:01:16
29122,2026-07-27,2025-05-03,excel雙y軸長條圖,,DESKTOP,,0,1,0.0,33.0,query_device,2026-07-27 13:01:16
29123,2026-07-27,2025-05-03,facebook business manager,,DESKTOP,,0,25,0.0,47.64,query_device,2026-07-27 13:01:16
29124,2026-07-27,2025-05-03,facebook business manager,,MOBILE,,0,1,0.0,55.0,query_device,2026-07-27 13:01:16
29125,2026-07-27,2025-05-03,facebook messenger 營銷工具,,MOBILE,,0,2,0.0,68.0,query_device,2026-07-27 13:01:16
29126,2026-07-27,2025-05-03,facebook 广告 优化 技巧,,DESKTOP,,0,1,0.0,98.0,query_device,2026-07-27 13:01:16
29127,2026-07-27,2025-05-03,facebook 广告库,,DESKTOP,,0,1,0.0,76.0,query_device,2026-07-27 13:01:16
29128,2026-07-27,2025-05-03,facebook.business manager,,DESKTOP,,0,1,0.0,56.0,query_device,2026-07-27 13:01:16
29129,2026-07-27,2025-05-03,facebook.business manager,,MOBILE,,0,1,0.0,53.0,query_device,2026-07-27 13:01:16
29130,2026-07-27,2025-05-03,facebook各国用户排名,,DESKTOP,,0,1,0.0,89.0,query_device,2026-07-27 13:01:16
29131,2026-07-27,2025-05-03,facebook广告投放技巧,,DESKTOP,,0,5,0.0,64.8,query_device,2026-07-27 13:01:16
29132,2026-07-27,2025-05-03,facebook广告投放技巧,,MOBILE,,0,3,0.0,60.0,query_device,2026-07-27 13:01:16
29133,2026-07-27,2025-05-03,facebook广告营销,,DESKTOP,,0,1,0.0,65.0,query_device,2026-07-27 13:01:16
29134,2026-07-27,2025-05-03,facebook广告营销,,MOBILE,,0,3,0.0,75.33333333333333,query_device,2026-07-27 13:01:16
29135,2026-07-27,2025-05-03,facebook推广,,DESKTOP,,0,2,0.0,46.5,query_device,2026-07-27 13:01:16
29136,2026-07-27,2025-05-03,facebook推广,,MOBILE,,0,7,0.0,49.285714285714285,query_device,2026-07-27 13:01:16
29137,2026-07-27,2025-05-03,facebook标准事件,,DESKTOP,,0,1,0.0,43.0,query_device,2026-07-27 13:01:16
29138,2026-07-27,2025-05-03,fb business manger,,DESKTOP,,0,1,0.0,32.0,query_device,2026-07-27 13:01:16
29139,2026-07-27,2025-05-03,fb 多广告主广告,,DESKTOP,,0,10,0.0,78.2,query_device,2026-07-27 13:01:16
29140,2026-07-27,2025-05-03,fb 广告开自动化,,DESKTOP,,0,54,0.0,37.2037037037037,query_device,2026-07-27 13:01:16
29141,2026-07-27,2025-05-03,fb 推广,,DESKTOP,,0,32,0.0,37.4375,query_device,2026-07-27 13:01:16
29142,2026-07-27,2025-05-03,fb代投,,DESKTOP,,0,4,0.0,59.75,query_device,2026-07-27 13:01:16
29143,2026-07-27,2025-05-03,fb广告投放技巧,,DESKTOP,,0,1,0.0,75.0,query_device,2026-07-27 13:01:16
29144,2026-07-27,2025-05-03,fb广告自动化设置,,DESKTOP,,0,62,0.0,63.693548387096776,query_device,2026-07-27 13:01:16
29145,2026-07-27,2025-05-03,fb表單,,DESKTOP,,0,1,0.0,42.0,query_device,2026-07-27 13:01:16
29146,2026-07-27,2025-05-03,gdn是什么,,DESKTOP,,0,1,0.0,100.0,query_device,2026-07-27 13:01:16
29147,2026-07-27,2025-05-03,gdn目標對象,,DESKTOP,,0,1,0.0,92.0,query_device,2026-07-27 13:01:16
29148,2026-07-27,2025-05-03,googe 推荐搜索广告数量,,DESKTOP,,0,39,0.0,60.23076923076923,query_device,2026-07-27 13:01:16
29149,2026-07-27,2025-05-03,google ad cpc,,MOBILE,,0,1,0.0,67.0,query_device,2026-07-27 13:01:16
29150,2026-07-27,2025-05-03,google ads auction insights,,DESKTOP,,0,1,0.0,83.0,query_device,2026-07-27 13:01:16
29151,2026-07-27,2025-05-03,google ads auction insights,,MOBILE,,0,1,0.0,89.0,query_device,2026-07-27 13:01:16
29152,2026-07-27,2025-05-03,google ads cpm,,DESKTOP,,0,3,0.0,72.0,query_device,2026-07-27 13:01:16
29153,2026-07-27,2025-05-03,google ads destination mismatch,,DESKTOP,,0,1,0.0,41.0,query_device,2026-07-27 13:01:16
29154,2026-07-27,2025-05-03,google ads forecast,,DESKTOP,,0,1,0.0,40.0,query_device,2026-07-27 13:01:16
29155,2026-07-27,2025-05-03,google ads forecast,,MOBILE,,0,1,0.0,40.0,query_device,2026-07-27 13:01:16
29156,2026-07-27,2025-05-03,google ads roas,,DESKTOP,,0,1,0.0,97.0,query_device,2026-07-27 13:01:16
29157,2026-07-27,2025-05-03,google ads roi,,MOBILE,,0,1,0.0,72.0,query_device,2026-07-27 13:01:16
29158,2026-07-27,2025-05-03,google ads target roas,,DESKTOP,,0,10,0.0,73.9,query_device,2026-07-27 13:01:16
29159,2026-07-27,2025-05-03,google ads target roas,,MOBILE,,0,1,0.0,70.0,query_device,2026-07-27 13:01:16
29160,2026-07-27,2025-05-03,google ads 关键词规划师,,DESKTOP,,0,1,0.0,30.0,query_device,2026-07-27 13:01:16
29161,2026-07-27,2025-05-03,google ads 自動出價優勢,,DESKTOP,,0,1,0.0,10.0,query_device,2026-07-27 13:01:16
29162,2026-07-27,2025-05-03,google ads 认证,,DESKTOP,,0,2,0.0,36.0,query_device,2026-07-27 13:01:16
29163,2026-07-27,2025-05-03,google ads 认证,,MOBILE,,0,1,0.0,42.0,query_device,2026-07-27 13:01:16
29164,2026-07-27,2025-05-03,google ads促銷代碼,,DESKTOP,,0,1,0.0,11.0,query_device,2026-07-27 13:01:16
29165,2026-07-27,2025-05-03,google ads促銷代碼,,MOBILE,,0,1,0.0,12.0,query_device,2026-07-27 13:01:16
29166,2026-07-27,2025-05-03,google ads搜尋廣告認證,,MOBILE,,0,1,0.0,47.0,query_device,2026-07-27 13:01:16
29167,2026-07-27,2025-05-03,google ads认证考试,,DESKTOP,,0,1,0.0,36.0,query_device,2026-07-27 13:01:16
29168,2026-07-27,2025-05-03,google adweb,,DESKTOP,,0,7,0.0,67.57142857142857,query_device,2026-07-27 13:01:16
29169,2026-07-27,2025-05-03,google adwords 关键 词 工具,,DESKTOP,,0,75,0.0,50.013333333333335,query_device,2026-07-27 13:01:16
29170,2026-07-27,2025-05-03,google adwords 关键 词 工具,,MOBILE,,0,149,0.0,48.92617449664429,query_device,2026-07-27 13:01:16
29171,2026-07-27,2025-05-03,google adwords关键字工具,,DESKTOP,,0,2,0.0,55.5,query_device,2026-07-27 13:01:16
29172,2026-07-27,2025-05-03,google adwords关键字工具,,MOBILE,,0,3,0.0,58.0,query_device,2026-07-27 13:01:16
29173,2026-07-27,2025-05-03,google adwords关键词工具,,DESKTOP,,0,123,0.0,48.08130081300813,query_device,2026-07-27 13:01:16
29174,2026-07-27,2025-05-03,google adwords关键词工具,,MOBILE,,0,197,0.0,46.45685279187817,query_device,2026-07-27 13:01:16
29175,2026-07-27,2025-05-03,google analytics sankey,,DESKTOP,,0,1,0.0,9.0,query_device,2026-07-27 13:01:16
29176,2026-07-27,2025-05-03,google app广告,,DESKTOP,,0,2,0.0,55.5,query_device,2026-07-27 13:01:16
29177,2026-07-27,2025-05-03,google app广告,,MOBILE,,0,1,0.0,47.0,query_device,2026-07-27 13:01:16
29178,2026-07-27,2025-05-03,google bert算法 关键词处理,,DESKTOP,,0,2,0.0,6.5,query_device,2026-07-27 13:01:16
29179,2026-07-27,2025-05-03,google chart examples,,DESKTOP,,0,1,0.0,62.0,query_device,2026-07-27 13:01:16
29180,2026-07-27,2025-05-03,google charts example,,MOBILE,,0,1,0.0,59.0,query_device,2026-07-27 13:01:16
29181,2026-07-27,2025-05-03,google charts examples,,DESKTOP,,0,77,0.0,58.05194805194805,query_device,2026-07-27 13:01:16
29182,2026-07-27,2025-05-03,google charts examples,,MOBILE,,0,15,0.0,58.8,query_device,2026-07-27 13:01:16
29183,2026-07-27,2025-05-03,google cpc,,DESKTOP,,0,52,0.0,54.48076923076923,query_device,2026-07-27 13:01:16
29184,2026-07-27,2025-05-03,google cpc,,MOBILE,,0,23,0.0,57.78260869565217,query_device,2026-07-27 13:01:16
29185,2026-07-27,2025-05-03,google cpm,,DESKTOP,,0,3,0.0,82.33333333333333,query_device,2026-07-27 13:01:16
29186,2026-07-27,2025-05-03,google custom intent audiences,,DESKTOP,,0,1,0.0,69.0,query_device,2026-07-27 13:01:16
29187,2026-07-27,2025-05-03,google dsa,,DESKTOP,,0,20,0.0,41.45,query_device,2026-07-27 13:01:16
29188,2026-07-27,2025-05-03,google performance max,,DESKTOP,,0,2,0.0,37.0,query_device,2026-07-27 13:01:16
29189,2026-07-27,2025-05-03,google performance max,,MOBILE,,0,1,0.0,35.0,query_device,2026-07-27 13:01:16
29190,2026-07-27,2025-05-03,google rsa,,DESKTOP,,0,1,0.0,96.0,query_device,2026-07-27 13:01:16
29191,2026-07-27,2025-05-03,google sem,,DESKTOP,,0,6,0.0,94.83333333333333,query_device,2026-07-27 13:01:16
29192,2026-07-27,2025-05-03,google sem,,MOBILE,,0,2,0.0,91.5,query_device,2026-07-27 13:01:16
29193,2026-07-27,2025-05-03,google serp extension,,DESKTOP,,0,6,0.0,87.33333333333333,query_device,2026-07-27 13:01:16
29194,2026-07-27,2025-05-03,google sheet sankey chart,,DESKTOP,,0,1,0.0,50.0,query_device,2026-07-27 13:01:16
29195,2026-07-27,2025-05-03,google sheets pareto chart,,DESKTOP,,0,4,0.0,37.5,query_device,2026-07-27 13:01:16
29196,2026-07-27,2025-05-03,google sheets sankey diagram,,DESKTOP,,0,5,0.0,57.0,query_device,2026-07-27 13:01:16
29197,2026-07-27,2025-05-03,google sheets sankey diagram,,MOBILE,,0,3,0.0,55.0,query_device,2026-07-27 13:01:16
29198,2026-07-27,2025-05-03,google ssp,,DESKTOP,,0,1,0.0,81.0,query_device,2026-07-27 13:01:16
29199,2026-07-27,2025-05-03,google tag manager是什么,,DESKTOP,,0,3,0.0,44.0,query_device,2026-07-27 13:01:16
29200,2026-07-27,2025-05-03,google tag manager是什么,,MOBILE,,0,1,0.0,47.0,query_device,2026-07-27 13:01:16
29201,2026-07-27,2025-05-03,google visualization,,DESKTOP,,0,1,0.0,88.0,query_device,2026-07-27 13:01:16
29202,2026-07-27,2025-05-03,google 再營銷,,DESKTOP,,0,8,0.0,73.875,query_device,2026-07-27 13:01:16
29203,2026-07-27,2025-05-03,google 再營銷,,MOBILE,,0,13,0.0,65.92307692307692,query_device,2026-07-27 13:01:16
29204,2026-07-27,2025-05-03,google 图片 广告,,DESKTOP,,0,1,0.0,98.0,query_device,2026-07-27 13:01:16
29205,2026-07-27,2025-05-03,google 展示 广告,,DESKTOP,,0,29,0.0,59.48275862068966,query_device,2026-07-27 13:01:16
29206,2026-07-27,2025-05-03,google 展示广告网络,,DESKTOP,,0,1,0.0,33.0,query_device,2026-07-27 13:01:16
29207,2026-07-27,2025-05-03,google 广告 价格,,DESKTOP,,0,10,0.0,70.8,query_device,2026-07-27 13:01:16
29208,2026-07-27,2025-05-03,google 广告 价格,,MOBILE,,0,7,0.0,63.0,query_device,2026-07-27 13:01:16
29209,2026-07-27,2025-05-03,google 广告 优化,,DESKTOP,,0,55,0.0,72.07272727272728,query_device,2026-07-27 13:01:16
29210,2026-07-27,2025-05-03,google 广告 关键 词,,DESKTOP,,0,58,0.0,39.741379310344826,query_device,2026-07-27 13:01:16
29211,2026-07-27,2025-05-03,google 廣告價錢,,DESKTOP,,0,1,0.0,94.0,query_device,2026-07-27 13:01:16
29212,2026-07-27,2025-05-03,google 廣告收費,,DESKTOP,,0,1,0.0,74.0,query_device,2026-07-27 13:01:16
29213,2026-07-27,2025-05-03,google 懲罰,,MOBILE,,0,42,0.0,13.476190476190476,query_device,2026-07-27 13:01:16
29214,2026-07-27,2025-05-03,google 按图搜索,,MOBILE,,0,1,0.0,40.0,query_device,2026-07-27 13:01:16
29215,2026-07-27,2025-05-03,google 推廣,,DESKTOP,,0,1,0.0,95.0,query_device,2026-07-27 13:01:16
29216,2026-07-27,2025-05-03,google 竞价 排名,,DESKTOP,,0,18,0.0,49.77777777777778,query_device,2026-07-27 13:01:16
29217,2026-07-27,2025-05-03,google 關鍵字搜尋量,,DESKTOP,,0,1,0.0,93.0,query_device,2026-07-27 13:01:16
29218,2026-07-27,2025-05-03,google关键词搜索量查询,,DESKTOP,,0,7,0.0,68.42857142857143,query_device,2026-07-27 13:01:16
29219,2026-07-27,2025-05-03,google再營銷,,DESKTOP,,0,6,0.0,74.83333333333333,query_device,2026-07-27 13:01:16
29220,2026-07-27,2025-05-03,google再營銷,,MOBILE,,0,2,0.0,70.0,query_device,2026-07-27 13:01:16
29221,2026-07-27,2025-05-03,google動態廣告,,DESKTOP,,0,26,0.0,47.15384615384615,query_device,2026-07-27 13:01:16
29222,2026-07-27,2025-05-03,google動態廣告,,MOBILE,,0,23,0.0,46.608695652173914,query_device,2026-07-27 13:01:16
29223,2026-07-27,2025-05-03,google動態廣告目標,,DESKTOP,,0,2,0.0,45.5,query_device,2026-07-27 13:01:16
29224,2026-07-27,2025-05-03,google動態廣告目標,,MOBILE,,0,1,0.0,46.0,query_device,2026-07-27 13:01:16
29225,2026-07-27,2025-05-03,google動態搜尋廣告,,DESKTOP,,0,11,0.0,44.18181818181818,query_device,2026-07-27 13:01:16
29226,2026-07-27,2025-05-03,google動態搜尋廣告,,MOBILE,,0,5,0.0,42.6,query_device,2026-07-27 13:01:16
29227,2026-07-27,2025-05-03,google合作夥伴名單,,DESKTOP,,0,1,0.0,10.0,query_device,2026-07-27 13:01:16
29228,2026-07-27,2025-05-03,google商家最佳實踐,,DESKTOP,,0,13,0.0,40.0,query_device,2026-07-27 13:01:16
29229,2026-07-27,2025-05-03,google图像搜索,,DESKTOP,,0,1,0.0,23.0,query_device,2026-07-27 13:01:16
29230,2026-07-27,2025-05-03,google展示广告,,DESKTOP,,0,4,0.0,48.5,query_device,2026-07-27 13:01:16
29231,2026-07-27,2025-05-03,google展示广告,,MOBILE,,0,8,0.0,51.875,query_device,2026-07-27 13:01:16
29232,2026-07-27,2025-05-03,google广告优化,,DESKTOP,,0,66,0.0,53.74242424242424,query_device,2026-07-27 13:01:16
29233,2026-07-27,2025-05-03,google广告优化,,MOBILE,,0,59,0.0,52.355932203389834,query_device,2026-07-27 13:01:16
29234,2026-07-27,2025-05-03,google广告类型,,DESKTOP,,0,1,0.0,50.0,query_device,2026-07-27 13:01:16
29235,2026-07-27,2025-05-03,google广告类型,,MOBILE,,0,1,0.0,46.0,query_device,2026-07-27 13:01:16
29236,2026-07-27,2025-05-03,google廣告創作,,DESKTOP,,0,8,0.0,17.5,query_device,2026-07-27 13:01:16
29237,2026-07-27,2025-05-03,google海外户开户,,DESKTOP,,0,3,0.0,69.0,query_device,2026-07-27 13:01:16
29238,2026-07-27,2025-05-03,google算法更新 关键词优化,,DESKTOP,,0,1,0.0,4.0,query_device,2026-07-27 13:01:16
29239,2026-07-27,2025-05-03,google算法更新 关键词策略,,DESKTOP,,0,1,0.0,9.0,query_device,2026-07-27 13:01:16
29240,2026-07-27,2025-05-03,google表單缺點,,DESKTOP,,0,19,0.0,43.26315789473684,query_device,2026-07-27 13:01:16
29241,2026-07-27,2025-05-03,google表單缺點,,MOBILE,,0,18,0.0,43.72222222222222,query_device,2026-07-27 13:01:16
29242,2026-07-27,2025-05-03,google試算表組合圖,,DESKTOP,,0,4,0.0,5.75,query_device,2026-07-27 13:01:16
29243,2026-07-27,2025-05-03,google試算表組合圖,,MOBILE,,0,3,0.0,9.333333333333334,query_device,2026-07-27 13:01:16
29244,2026-07-27,2025-05-03,google购物广告,,DESKTOP,,0,7,0.0,63.857142857142854,query_device,2026-07-27 13:01:16
29245,2026-07-27,2025-05-03,google购物广告,,MOBILE,,0,14,0.0,69.92857142857143,query_device,2026-07-27 13:01:16
29246,2026-07-27,2025-05-03,google關鍵字搜尋量,,DESKTOP,,0,2,0.0,85.5,query_device,2026-07-27 13:01:16
29247,2026-07-27,2025-05-03,gtm,,DESKTOP,,0,3,0.0,43.333333333333336,query_device,2026-07-27 13:01:16
29248,2026-07-27,2025-05-03,gtm 意思,,DESKTOP,,0,2,0.0,57.0,query_device,2026-07-27 13:01:16
29249,2026-07-27,2025-05-03,gtm是什麼,,DESKTOP,,0,2,0.0,38.0,query_device,2026-07-27 13:01:16
29250,2026-07-27,2025-05-03,gtm是什麼,,MOBILE,,0,1,0.0,63.0,query_device,2026-07-27 13:01:16
29251,2026-07-27,2025-05-03,gtm預覽模式,,DESKTOP,,0,25,0.0,85.44,query_device,2026-07-27 13:01:16
29252,2026-07-27,2025-05-03,how do i find a seller on facebook marketplace,,DESKTOP,,0,2,0.0,79.0,query_device,2026-07-27 13:01:16
29253,2026-07-27,2025-05-03,how to make a box and whisker plot on google sheets,,DESKTOP,,0,1,0.0,96.0,query_device,2026-07-27 13:01:16
29254,2026-07-27,2025-05-03,how to make a dot plot in google sheets,,DESKTOP,,0,2,0.0,58.5,query_device,2026-07-27 13:01:16
29255,2026-07-27,2025-05-03,how to make a dotplot on google sheets,,DESKTOP,,0,1,0.0,51.0,query_device,2026-07-27 13:01:16
29256,2026-07-27,2025-05-03,html5 google ads,,DESKTOP,,0,1,0.0,53.0,query_device,2026-07-27 13:01:16
29257,2026-07-27,2025-05-03,html5 google ads,,MOBILE,,0,1,0.0,52.0,query_device,2026-07-27 13:01:16
29258,2026-07-27,2025-05-03,imc是什么,,DESKTOP,,0,2,0.0,25.5,query_device,2026-07-27 13:01:16
29259,2026-07-27,2025-05-03,imc是什么,,MOBILE,,0,1,0.0,35.0,query_device,2026-07-27 13:01:16
29260,2026-07-27,2025-05-03,instagram 标记产品,,DESKTOP,,0,4,0.0,74.5,query_device,2026-07-27 13:01:16
29261,2026-07-27,2025-05-03,likert,,DESKTOP,,0,2,0.0,81.5,query_device,2026-07-27 13:01:16
29262,2026-07-27,2025-05-03,likert 5點量表,,DESKTOP,,0,2,0.0,20.0,query_device,2026-07-27 13:01:16
29263,2026-07-27,2025-05-03,likert 5點量表,,MOBILE,,0,1,0.0,11.0,query_device,2026-07-27 13:01:16
29264,2026-07-27,2025-05-03,likert五點量表,,MOBILE,,0,1,0.0,36.0,query_device,2026-07-27 13:01:16
29265,2026-07-27,2025-05-03,likert量表,,DESKTOP,,0,4,0.0,42.0,query_device,2026-07-27 13:01:16
29266,2026-07-27,2025-05-03,linkedin 代理 店,,DESKTOP,,0,1,0.0,47.0,query_device,2026-07-27 13:01:16
29267,2026-07-27,2025-05-03,linkedin 行销,,DESKTOP,,0,28,0.0,45.785714285714285,query_device,2026-07-27 13:01:16
29268,2026-07-27,2025-05-03,linkedin上的营销专业小组,,DESKTOP,,0,1,0.0,60.0,query_device,2026-07-27 13:01:16
29269,2026-07-27,2025-05-03,linkedin注册不了,,DESKTOP,,0,1,0.0,6.0,query_device,2026-07-27 13:01:16
29270,2026-07-27,2025-05-03,linkedin，说明如何通过linkedin进行社交媒体营销,,DESKTOP,,0,1,0.0,26.0,query_device,2026-07-27 13:01:16
29271,2026-07-27,2025-05-03,ltv clv,,DESKTOP,,0,1,0.0,11.0,query_device,2026-07-27 13:01:16
29272,2026-07-27,2025-05-03,ltv 改善,,DESKTOP,,0,1,0.0,31.0,query_device,2026-07-27 13:01:16
29273,2026-07-27,2025-05-03,meta blueprint认证,,DESKTOP,,0,2,0.0,37.0,query_device,2026-07-27 13:01:16
29274,2026-07-27,2025-05-03,mql,,DESKTOP,,0,1,0.0,29.0,query_device,2026-07-27 13:01:16
29275,2026-07-27,2025-05-03,mql sql,,DESKTOP,,0,6,0.0,44.5,query_device,2026-07-27 13:01:16
29276,2026-07-27,2025-05-03,mql sql意思,,DESKTOP,,0,3,0.0,7.333333333333333,query_device,2026-07-27 13:01:16
29277,2026-07-27,2025-05-03,mql是什么,,MOBILE,,0,1,0.0,11.0,query_device,2026-07-27 13:01:16
29278,2026-07-27,2025-05-03,oath公司,,DESKTOP,,0,1,0.0,48.0,query_device,2026-07-27 13:01:16
29279,2026-07-27,2025-05-03,pareto,,DESKTOP,,0,1,0.0,82.0,query_device,2026-07-27 13:01:16
29280,2026-07-27,2025-05-03,pareto chart in google sheets,,DESKTOP,,0,1,0.0,52.0,query_device,2026-07-27 13:01:16
29281,2026-07-27,2025-05-03,pareto google sheets,,DESKTOP,,0,1,0.0,6.0,query_device,2026-07-27 13:01:16
29282,2026-07-27,2025-05-03,performance max,,DESKTOP,,0,1,0.0,40.0,query_device,2026-07-27 13:01:16
29283,2026-07-27,2025-05-03,performance max,,MOBILE,,0,1,0.0,39.0,query_device,2026-07-27 13:01:16
29284,2026-07-27,2025-05-03,performance planner,,DESKTOP,,0,3,0.0,76.0,query_device,2026-07-27 13:01:16
29285,2026-07-27,2025-05-03,peso 行銷,,DESKTOP,,0,1,0.0,10.0,query_device,2026-07-27 13:01:16
29286,2026-07-27,2025-05-03,peso模型,,DESKTOP,,0,21,0.0,4.761904761904762,query_device,2026-07-27 13:01:16
29287,2026-07-27,2025-05-03,pinterest 廣告,,DESKTOP,,0,1,0.0,10.0,query_device,2026-07-27 13:01:16
29288,2026-07-27,2025-05-03,pinterest平台,,DESKTOP,,0,2,0.0,83.5,query_device,2026-07-27 13:01:16
29289,2026-07-27,2025-05-03,pinterest广告,,DESKTOP,,0,19,0.0,10.421052631578947,query_device,2026-07-27 13:01:16
29290,2026-07-27,2025-05-03,pinterest广告,,MOBILE,,0,1,0.0,22.0,query_device,2026-07-27 13:01:16
29291,2026-07-27,2025-05-03,pinterest广告,,TABLET,,0,1,0.0,8.0,query_device,2026-07-27 13:01:16
29292,2026-07-27,2025-05-03,pinterest广告投放,,DESKTOP,,0,1,0.0,45.0,query_device,2026-07-27 13:01:16
29293,2026-07-27,2025-05-03,pinterest怎么知道那个图片受欢迎,,DESKTOP,,0,31,0.0,35.16129032258065,query_device,2026-07-27 13:01:16
29294,2026-07-27,2025-05-03,pinterest没有浏览量,,DESKTOP,,0,28,0.0,33.25,query_device,2026-07-27 13:01:16
29295,2026-07-27,2025-05-03,plm 業務改善,,DESKTOP,,0,21,0.0,46.04761904761905,query_device,2026-07-27 13:01:16
29296,2026-07-27,2025-05-03,ppc广告投放,,DESKTOP,,0,3,0.0,81.0,query_device,2026-07-27 13:01:16
29297,2026-07-27,2025-05-03,puffery,,DESKTOP,,0,4,0.0,78.75,query_device,2026-07-27 13:01:16
29298,2026-07-27,2025-05-03,puffery,,MOBILE,,0,3,0.0,97.33333333333333,query_device,2026-07-27 13:01:16
29299,2026-07-27,2025-05-03,reddit广告,,DESKTOP,,0,2,0.0,22.0,query_device,2026-07-27 13:01:16
29300,2026-07-27,2025-05-03,reddit广告,,MOBILE,,0,1,0.0,23.0,query_device,2026-07-27 13:01:16
29301,2026-07-27,2025-05-03,reddit广告投放,,DESKTOP,,0,3,0.0,28.666666666666668,query_device,2026-07-27 13:01:16
29302,2026-07-27,2025-05-03,roas,,DESKTOP,,0,19,0.0,72.78947368421052,query_device,2026-07-27 13:01:16
29303,2026-07-27,2025-05-03,roas,,MOBILE,,0,27,0.0,75.44444444444444,query_device,2026-07-27 13:01:16
29304,2026-07-27,2025-05-03,roas google ads,,DESKTOP,,0,2,0.0,92.0,query_device,2026-07-27 13:01:16
29305,2026-07-27,2025-05-03,roas google ads,,MOBILE,,0,2,0.0,82.5,query_device,2026-07-27 13:01:16
29306,2026-07-27,2025-05-03,roas和roi的区别,,DESKTOP,,0,11,0.0,22.545454545454547,query_device,2026-07-27 13:01:16
29307,2026-07-27,2025-05-03,roas和roi的区别,,MOBILE,,0,1,0.0,44.0,query_device,2026-07-27 13:01:16
29308,2026-07-27,2025-05-03,roas怎么计算,,DESKTOP,,0,1,0.0,64.0,query_device,2026-07-27 13:01:16
29309,2026-07-27,2025-05-03,roas怎么计算,,MOBILE,,0,1,0.0,57.0,query_device,2026-07-27 13:01:16
29310,2026-07-27,2025-05-03,roas是什么,,DESKTOP,,0,2,0.0,72.5,query_device,2026-07-27 13:01:16
29311,2026-07-27,2025-05-03,roas是什么,,MOBILE,,0,3,0.0,88.33333333333333,query_device,2026-07-27 13:01:16
29312,2026-07-27,2025-05-03,roas是什么意思,,DESKTOP,,0,1,0.0,43.0,query_device,2026-07-27 13:01:16
29313,2026-07-27,2025-05-03,roas模型,,DESKTOP,,0,1,0.0,16.0,query_device,2026-07-27 13:01:16
29314,2026-07-27,2025-05-03,roi google ads,,DESKTOP,,0,1,0.0,96.0,query_device,2026-07-27 13:01:16
29315,2026-07-27,2025-05-03,roi和roas,,DESKTOP,,0,2,0.0,93.0,query_device,2026-07-27 13:01:16
29316,2026-07-27,2025-05-03,roi和roas的区别,,DESKTOP,,0,8,0.0,26.875,query_device,2026-07-27 13:01:16
29317,2026-07-27,2025-05-03,roi和roas的区别,,MOBILE,,0,1,0.0,39.0,query_device,2026-07-27 13:01:16
29318,2026-07-27,2025-05-03,sa360,,DESKTOP,,0,15,0.0,43.13333333333333,query_device,2026-07-27 13:01:16
29319,2026-07-27,2025-05-03,sa360,,MOBILE,,0,4,0.0,52.0,query_device,2026-07-27 13:01:16
29320,2026-07-27,2025-05-03,sam business,,DESKTOP,,0,1,0.0,9.0,query_device,2026-07-27 13:01:16
29321,2026-07-27,2025-05-03,sam som,,DESKTOP,,0,4,0.0,87.25,query_device,2026-07-27 13:01:16
29322,2026-07-27,2025-05-03,sam som tam,,DESKTOP,,0,3,0.0,93.0,query_device,2026-07-27 13:01:16
29323,2026-07-27,2025-05-03,sam tam,,DESKTOP,,0,5,0.0,92.0,query_device,2026-07-27 13:01:16
29324,2026-07-27,2025-05-03,sam tam som,,DESKTOP,,0,8,0.0,93.375,query_device,2026-07-27 13:01:16
29325,2026-07-27,2025-05-03,sankey,,DESKTOP,,0,8,0.0,71.25,query_device,2026-07-27 13:01:16
29326,2026-07-27,2025-05-03,sankey,,MOBILE,,0,1,0.0,75.0,query_device,2026-07-27 13:01:16
29327,2026-07-27,2025-05-03,sankey chart,,DESKTOP,,0,2,0.0,79.5,query_device,2026-07-27 13:01:16
29328,2026-07-27,2025-05-03,sankey chart google sheets,,DESKTOP,,0,13,0.0,54.61538461538461,query_device,2026-07-27 13:01:16
29329,2026-07-27,2025-05-03,sankey chart google sheets,,MOBILE,,0,1,0.0,58.0,query_device,2026-07-27 13:01:16
29330,2026-07-27,2025-05-03,sankey chart in google sheets,,DESKTOP,,0,6,0.0,56.0,query_device,2026-07-27 13:01:16
29331,2026-07-27,2025-05-03,sankey chart in google sheets,,MOBILE,,0,1,0.0,56.0,query_device,2026-07-27 13:01:16
29332,2026-07-27,2025-05-03,sankey diagram google sheet,,DESKTOP,,0,2,0.0,45.0,query_device,2026-07-27 13:01:16
29333,2026-07-27,2025-05-03,sankey diagram google sheets,,DESKTOP,,0,15,0.0,55.93333333333333,query_device,2026-07-27 13:01:16
29334,2026-07-27,2025-05-03,sankey diagram google sheets,,MOBILE,,0,3,0.0,53.666666666666664,query_device,2026-07-27 13:01:16
29335,2026-07-27,2025-05-03,sankey diagram in google sheets,,DESKTOP,,0,6,0.0,53.333333333333336,query_device,2026-07-27 13:01:16
29336,2026-07-27,2025-05-03,sankey diagram in google sheets,,MOBILE,,0,1,0.0,55.0,query_device,2026-07-27 13:01:16
29337,2026-07-27,2025-05-03,sankey google sheets,,DESKTOP,,0,4,0.0,47.25,query_device,2026-07-27 13:01:16
29338,2026-07-27,2025-05-03,sankey in google sheets,,DESKTOP,,0,1,0.0,49.0,query_device,2026-07-27 13:01:16
29339,2026-07-27,2025-05-03,sankey in google sheets,,MOBILE,,0,1,0.0,47.0,query_device,2026-07-27 13:01:16
29340,2026-07-27,2025-05-03,sankey maker,,DESKTOP,,0,1,0.0,77.0,query_device,2026-07-27 13:01:16
29341,2026-07-27,2025-05-03,sankiy,,MOBILE,,0,1,0.0,67.0,query_device,2026-07-27 13:01:16
29342,2026-07-27,2025-05-03,search ads 360是什麼,,MOBILE,,0,1,0.0,11.0,query_device,2026-07-27 13:01:16
29343,2026-07-27,2025-05-03,sem 廣告代理,,DESKTOP,,0,1,0.0,93.0,query_device,2026-07-27 13:01:16
29344,2026-07-27,2025-05-03,sem效果营销干什么的,,DESKTOP,,0,24,0.0,62.791666666666664,query_device,2026-07-27 13:01:16
29345,2026-07-27,2025-05-03,seo & ppc,,DESKTOP,,0,1,0.0,71.0,query_device,2026-07-27 13:01:16
29346,2026-07-27,2025-05-03,seo & ppc,,MOBILE,,0,1,0.0,73.0,query_device,2026-07-27 13:01:16
29347,2026-07-27,2025-05-03,seo 可視化,,MOBILE,,0,1,0.0,3.0,query_device,2026-07-27 13:01:16
29348,2026-07-27,2025-05-03,seo关键词研究步骤,,DESKTOP,,0,1,0.0,29.0,query_device,2026-07-27 13:01:16
29349,2026-07-27,2025-05-03,seo咨询,,DESKTOP,,0,17,0.0,58.0,query_device,2026-07-27 13:01:16
29350,2026-07-27,2025-05-03,serp是什么意思,,MOBILE,,0,5,0.0,72.6,query_device,2026-07-27 13:01:16
29351,2026-07-27,2025-05-03,site:advich.com,,DESKTOP,,0,116,0.0,20.82758620689655,query_device,2026-07-27 13:01:16
29352,2026-07-27,2025-05-03,site:www.advich.com,,DESKTOP,,0,1,0.0,1.0,query_device,2026-07-27 13:01:16
29353,2026-07-27,2025-05-03,sns营销,,DESKTOP,,0,1,0.0,97.0,query_device,2026-07-27 13:01:16
29354,2026-07-27,2025-05-03,som sam tam,,DESKTOP,,0,2,0.0,92.0,query_device,2026-07-27 13:01:16
29355,2026-07-27,2025-05-03,sostac,,DESKTOP,,0,8,0.0,77.75,query_device,2026-07-27 13:01:16
29356,2026-07-27,2025-05-03,ssp/供應方平台,,DESKTOP,,0,5,0.0,56.0,query_device,2026-07-27 13:01:16
29357,2026-07-27,2025-05-03,ssp/供應方平台,,MOBILE,,0,9,0.0,66.77777777777777,query_device,2026-07-27 13:01:16
29358,2026-07-27,2025-05-03,ssp是什么,,DESKTOP,,0,12,0.0,30.833333333333332,query_device,2026-07-27 13:01:16
29359,2026-07-27,2025-05-03,ssp是什么,,MOBILE,,0,8,0.0,1.125,query_device,2026-07-27 13:01:16
29360,2026-07-27,2025-05-03,ssp是什麼,,DESKTOP,,0,17,0.0,39.529411764705884,query_device,2026-07-27 13:01:16
29361,2026-07-27,2025-05-03,ssp是什麼,,MOBILE,,0,104,0.0,1.0769230769230769,query_device,2026-07-27 13:01:16
29362,2026-07-27,2025-05-03,ssp是什麼,,TABLET,,0,2,0.0,1.5,query_device,2026-07-27 13:01:16
29363,2026-07-27,2025-05-03,stp 分析,,DESKTOP,,0,2,0.0,88.5,query_device,2026-07-27 13:01:16
29364,2026-07-27,2025-05-03,stp分析,,DESKTOP,,0,13,0.0,91.46153846153847,query_device,2026-07-27 13:01:16
29365,2026-07-27,2025-05-03,stp战略,,DESKTOP,,0,22,0.0,46.13636363636363,query_device,2026-07-27 13:01:16
29366,2026-07-27,2025-05-03,stp模型,,DESKTOP,,0,2,0.0,28.5,query_device,2026-07-27 13:01:16
29367,2026-07-27,2025-05-03,stp策略,,DESKTOP,,0,1,0.0,25.0,query_device,2026-07-27 13:01:16
29368,2026-07-27,2025-05-03,sunburst chart,,DESKTOP,,0,1,0.0,10.0,query_device,2026-07-27 13:01:16
29369,2026-07-27,2025-05-03,sunburst diagram,,DESKTOP,,0,1,0.0,11.0,query_device,2026-07-27 13:01:16
29370,2026-07-27,2025-05-03,sunburst diagramm,,DESKTOP,,0,6,0.0,76.66666666666667,query_device,2026-07-27 13:01:16
29371,2026-07-27,2025-05-03,sunburst diagramm excel,,DESKTOP,,0,1,0.0,58.0,query_device,2026-07-27 13:01:16
29372,2026-07-27,2025-05-03,sunburst diagramm excel,,MOBILE,,0,1,0.0,54.0,query_device,2026-07-27 13:01:16
29373,2026-07-27,2025-05-03,sunburst excel,,DESKTOP,,0,1,0.0,57.0,query_device,2026-07-27 13:01:16
29374,2026-07-27,2025-05-03,sunburst-diagramm,,DESKTOP,,0,2,0.0,75.5,query_device,2026-07-27 13:01:16
29375,2026-07-27,2025-05-03,tam sam,,DESKTOP,,0,6,0.0,90.33333333333333,query_device,2026-07-27 13:01:16
29376,2026-07-27,2025-05-03,tam sam and som,,DESKTOP,,0,1,0.0,100.0,query_device,2026-07-27 13:01:16
29377,2026-07-27,2025-05-03,tam sam so,,DESKTOP,,0,1,0.0,89.0,query_device,2026-07-27 13:01:16
29378,2026-07-27,2025-05-03,tam sam som,,DESKTOP,,0,156,0.0,85.42948717948718,query_device,2026-07-27 13:01:16
29379,2026-07-27,2025-05-03,tam sam som,,MOBILE,,0,31,0.0,90.03225806451613,query_device,2026-07-27 13:01:16
29380,2026-07-27,2025-05-03,tam sam som model,,DESKTOP,,0,1,0.0,94.0,query_device,2026-07-27 13:01:16
29381,2026-07-27,2025-05-03,tam sam somg,,DESKTOP,,0,14,0.0,95.28571428571429,query_device,2026-07-27 13:01:16
29382,2026-07-27,2025-05-03,tam som sam,,DESKTOP,,0,6,0.0,85.33333333333333,query_device,2026-07-27 13:01:16
29383,2026-07-27,2025-05-03,"tam, sam som",,DESKTOP,,0,1,0.0,83.0,query_device,2026-07-27 13:01:16
29384,2026-07-27,2025-05-03,"tam, sam, som",,DESKTOP,,0,1,0.0,64.0,query_device,2026-07-27 13:01:16
29385,2026-07-27,2025-05-03,"tam, sam, som",,MOBILE,,0,1,0.0,62.0,query_device,2026-07-27 13:01:16
29386,2026-07-27,2025-05-03,tam/sam/som,,DESKTOP,,0,4,0.0,96.75,query_device,2026-07-27 13:01:16
29387,2026-07-27,2025-05-03,tam/sam/som,,MOBILE,,0,2,0.0,93.5,query_device,2026-07-27 13:01:16
29388,2026-07-27,2025-05-03,tamsam som,,DESKTOP,,0,1,0.0,89.0,query_device,2026-07-27 13:01:16
29389,2026-07-27,2025-05-03,tamsamsom,,DESKTOP,,0,2,0.0,87.0,query_device,2026-07-27 13:01:16
29390,2026-07-27,2025-05-03,tamsamsom,,MOBILE,,0,1,0.0,93.0,query_device,2026-07-27 13:01:16
29391,2026-07-27,2025-05-03,three axis chart in excel,,DESKTOP,,0,5,0.0,80.2,query_device,2026-07-27 13:01:16
29392,2026-07-27,2025-05-03,three axis graph excel,,DESKTOP,,0,5,0.0,69.2,query_device,2026-07-27 13:01:16
29393,2026-07-27,2025-05-03,three axis graph in excel,,DESKTOP,,0,3,0.0,68.33333333333333,query_device,2026-07-27 13:01:16
29394,2026-07-27,2025-05-03,tik tok 廣告,,DESKTOP,,0,4,0.0,64.0,query_device,2026-07-27 13:01:16
29395,2026-07-27,2025-05-03,tiktok ads注册,,DESKTOP,,0,7,0.0,90.0,query_device,2026-07-27 13:01:16
29396,2026-07-27,2025-05-03,tiktok 官方网站,,DESKTOP,,0,1,0.0,27.0,query_device,2026-07-27 13:01:16
29397,2026-07-27,2025-05-03,tiktok为了宣传自己,,DESKTOP,,0,21,0.0,62.42857142857143,query_device,2026-07-27 13:01:16
29398,2026-07-27,2025-05-03,tiktok代投,,DESKTOP,,0,15,0.0,4.866666666666667,query_device,2026-07-27 13:01:16
29399,2026-07-27,2025-05-03,tiktok代投,,MOBILE,,0,2,0.0,2.5,query_device,2026-07-27 13:01:16
29400,2026-07-27,2025-05-03,tiktok代理,,DESKTOP,,0,7,0.0,23.857142857142858,query_device,2026-07-27 13:01:16
29401,2026-07-27,2025-05-03,tiktok代理,,MOBILE,,0,1,0.0,25.0,query_device,2026-07-27 13:01:16
29402,2026-07-27,2025-05-03,tiktok代理商,,DESKTOP,,0,1,0.0,23.0,query_device,2026-07-27 13:01:16
29403,2026-07-27,2025-05-03,tiktok代理商,,MOBILE,,0,1,0.0,21.0,query_device,2026-07-27 13:01:16
29404,2026-07-27,2025-05-03,tiktok代运营,,DESKTOP,,0,3,0.0,34.666666666666664,query_device,2026-07-27 13:01:16
29405,2026-07-27,2025-05-03,tiktok官方广告,,DESKTOP,,0,19,0.0,41.1578947368421,query_device,2026-07-27 13:01:16
29406,2026-07-27,2025-05-03,tiktok广告,,DESKTOP,,0,1,0.0,57.0,query_device,2026-07-27 13:01:16
29407,2026-07-27,2025-05-03,tiktok广告,,MOBILE,,0,1,0.0,57.0,query_device,2026-07-27 13:01:16
29408,2026-07-27,2025-05-03,tiktok广告代理商,,DESKTOP,,0,3,0.0,11.666666666666666,query_device,2026-07-27 13:01:16
29409,2026-07-27,2025-05-03,tiktok广告代理商,,MOBILE,,0,1,0.0,20.0,query_device,2026-07-27 13:01:16
29410,2026-07-27,2025-05-03,tiktok广告开户,,DESKTOP,,0,11,0.0,23.272727272727273,query_device,2026-07-27 13:01:16
29411,2026-07-27,2025-05-03,tiktok广告怎么加预算,,DESKTOP,,0,13,0.0,88.0,query_device,2026-07-27 13:01:16
29412,2026-07-27,2025-05-03,tiktok廣告代理商,,DESKTOP,,0,2,0.0,24.0,query_device,2026-07-27 13:01:16
29413,2026-07-27,2025-05-03,tiktok开户,,DESKTOP,,0,4,0.0,26.75,query_device,2026-07-27 13:01:16
29414,2026-07-27,2025-05-03,tiktok是如何推广的,,DESKTOP,,0,23,0.0,59.04347826086956,query_device,2026-07-27 13:01:16
29415,2026-07-27,2025-05-03,tiktok的营销,,DESKTOP,,0,5,0.0,50.6,query_device,2026-07-27 13:01:16
29416,2026-07-27,2025-05-03,tiktok视频如何投广告,,DESKTOP,,0,6,0.0,60.5,query_device,2026-07-27 13:01:16
29417,2026-07-27,2025-05-03,troas google ads,,DESKTOP,,0,3,0.0,53.333333333333336,query_device,2026-07-27 13:01:16
29418,2026-07-27,2025-05-03,troas google ads,,MOBILE,,0,1,0.0,53.0,query_device,2026-07-27 13:01:16
29419,2026-07-27,2025-05-03,twitter 4k,,DESKTOP,,0,8,0.0,41.625,query_device,2026-07-27 13:01:16
29420,2026-07-27,2025-05-03,twitter 4k,,MOBILE,,0,3,0.0,13.333333333333334,query_device,2026-07-27 13:01:16
29421,2026-07-27,2025-05-03,twitter 4k android,,DESKTOP,,0,2,0.0,5.0,query_device,2026-07-27 13:01:16
29422,2026-07-27,2025-05-03,twitter android 4k,,DESKTOP,,0,1,0.0,7.0,query_device,2026-07-27 13:01:16
29423,2026-07-27,2025-05-03,twitter 列表,,DESKTOP,,0,3,0.0,8.666666666666668,query_device,2026-07-27 13:01:16
29424,2026-07-27,2025-05-03,twitter怎么推广,,DESKTOP,,0,33,0.0,61.121212121212125,query_device,2026-07-27 13:01:16
29425,2026-07-27,2025-05-03,twitter推广,,DESKTOP,,0,3,0.0,55.333333333333336,query_device,2026-07-27 13:01:16
29426,2026-07-27,2025-05-03,twitter营销,,DESKTOP,,0,3,0.0,29.0,query_device,2026-07-27 13:01:16
29427,2026-07-27,2025-05-03,what is click share in google ads,,DESKTOP,,0,1,0.0,101.0,query_device,2026-07-27 13:01:16
29428,2026-07-27,2025-05-03,what is click share in google ads,,MOBILE,,0,1,0.0,83.0,query_device,2026-07-27 13:01:16
29429,2026-07-27,2025-05-03,whatsapp社群营销,,DESKTOP,,0,5,0.0,82.2,query_device,2026-07-27 13:01:16
29430,2026-07-27,2025-05-03,wilkinson dot plot,,DESKTOP,,0,1,0.0,89.0,query_device,2026-07-27 13:01:16
29431,2026-07-27,2025-05-03,wordpress google优化得分,,DESKTOP,,0,1,0.0,96.0,query_device,2026-07-27 13:01:16
29432,2026-07-27,2025-05-03,wordpress 建站,,DESKTOP,,0,1,0.0,66.0,query_device,2026-07-27 13:01:16
29433,2026-07-27,2025-05-03,wordpress 建站教程,,DESKTOP,,0,8,0.0,59.0,query_device,2026-07-27 13:01:16
29434,2026-07-27,2025-05-03,wordpress建站,,DESKTOP,,0,3,0.0,64.0,query_device,2026-07-27 13:01:16
29435,2026-07-27,2025-05-03,x 4k android,,MOBILE,,0,1,0.0,10.0,query_device,2026-07-27 13:01:16
29436,2026-07-27,2025-05-03,x android 4k,,MOBILE,,0,1,0.0,10.0,query_device,2026-07-27 13:01:16
29437,2026-07-27,2025-05-03,yandex 介绍,,DESKTOP,,0,1,0.0,10.0,query_device,2026-07-27 13:01:16
29438,2026-07-27,2025-05-03,youtube - google 搜索,,DESKTOP,,0,1,0.0,80.0,query_device,2026-07-27 13:01:16
29439,2026-07-27,2025-05-03,youtube lead form,,DESKTOP,,0,1,0.0,101.0,query_device,2026-07-27 13:01:16
29440,2026-07-27,2025-05-03,youtube lead form ads,,DESKTOP,,0,3,0.0,34.666666666666664,query_device,2026-07-27 13:01:16
29441,2026-07-27,2025-05-03,youtube ypp,,DESKTOP,,0,1,0.0,20.0,query_device,2026-07-27 13:01:16
29442,2026-07-27,2025-05-03,youtube 广告,,DESKTOP,,0,1,0.0,36.0,query_device,2026-07-27 13:01:16
29443,2026-07-27,2025-05-03,youtube 的 广告,,DESKTOP,,0,30,0.0,74.6,query_device,2026-07-27 13:01:16
29444,2026-07-27,2025-05-03,youtube 跳过广告,,DESKTOP,,0,5,0.0,22.0,query_device,2026-07-27 13:01:16
29445,2026-07-27,2025-05-03,youtube付費推廣,,DESKTOP,,0,1,0.0,20.0,query_device,2026-07-27 13:01:16
29446,2026-07-27,2025-05-03,youtube付費推廣,,MOBILE,,0,1,0.0,24.0,query_device,2026-07-27 13:01:16
29447,2026-07-27,2025-05-03,youtube付费推广,,DESKTOP,,0,5,0.0,19.4,query_device,2026-07-27 13:01:16
29448,2026-07-27,2025-05-03,youtube付费推广,,MOBILE,,0,9,0.0,24.333333333333332,query_device,2026-07-27 13:01:16
29449,2026-07-27,2025-05-03,youtube广告设置,,DESKTOP,,0,1,0.0,97.0,query_device,2026-07-27 13:01:16
29450,2026-07-27,2025-05-03,youtube广告设置,,MOBILE,,0,4,0.0,80.5,query_device,2026-07-27 13:01:16
29451,2026-07-27,2025-05-03,youtube广告跳过,,DESKTOP,,0,5,0.0,19.4,query_device,2026-07-27 13:01:16
29452,2026-07-27,2025-05-03,youtube广告跳过,,MOBILE,,0,2,0.0,18.0,query_device,2026-07-27 13:01:16
29453,2026-07-27,2025-05-03,youtube用户群体统计,,DESKTOP,,0,23,0.0,70.8695652173913,query_device,2026-07-27 13:01:16
29454,2026-07-27,2025-05-03,youtube音频,,DESKTOP,,0,1,0.0,61.0,query_device,2026-07-27 13:01:16
29455,2026-07-27,2025-05-03,エクセル 3 軸 グラフ,,DESKTOP,,0,31,0.0,89.45161290322581,query_device,2026-07-27 13:01:16
29456,2026-07-27,2025-05-03,エクセル 3軸,,DESKTOP,,0,2,0.0,66.5,query_device,2026-07-27 13:01:16
29457,2026-07-27,2025-05-03,エクセル 3軸,,MOBILE,,0,1,0.0,74.0,query_device,2026-07-27 13:01:16
29458,2026-07-27,2025-05-03,エクセル 3軸 グラフ,,DESKTOP,,0,37,0.0,87.1891891891892,query_device,2026-07-27 13:01:16
29459,2026-07-27,2025-05-03,エクセル 3軸 グラフ,,MOBILE,,0,32,0.0,84.71875,query_device,2026-07-27 13:01:16
29460,2026-07-27,2025-05-03,エクセル 3軸グラフ,,DESKTOP,,0,1,0.0,95.0,query_device,2026-07-27 13:01:16
29461,2026-07-27,2025-05-03,エクセル グラフ 3 軸,,DESKTOP,,0,33,0.0,79.06060606060606,query_device,2026-07-27 13:01:16
29462,2026-07-27,2025-05-03,エクセル グラフ 3軸,,DESKTOP,,0,43,0.0,78.20930232558139,query_device,2026-07-27 13:01:16
29463,2026-07-27,2025-05-03,エクセル グラフ 3軸,,MOBILE,,0,33,0.0,76.9090909090909,query_device,2026-07-27 13:01:16
29464,2026-07-27,2025-05-03,エクセル グラフ 三軸,,DESKTOP,,0,1,0.0,70.0,query_device,2026-07-27 13:01:16
29465,2026-07-27,2025-05-03,エクセル グラフ 三軸,,MOBILE,,0,1,0.0,69.0,query_device,2026-07-27 13:01:16
29466,2026-07-27,2025-05-03,エクセル 三軸グラフ,,DESKTOP,,0,1,0.0,83.0,query_device,2026-07-27 13:01:16
29467,2026-07-27,2025-05-03,エクセル 三軸グラフ,,MOBILE,,0,1,0.0,81.0,query_device,2026-07-27 13:01:16
29468,2026-07-27,2025-05-03,エクセルグラフ 3軸,,DESKTOP,,0,3,0.0,80.0,query_device,2026-07-27 13:01:16
29469,2026-07-27,2025-05-03,ツイッター 4k,,DESKTOP,,0,3,0.0,76.0,query_device,2026-07-27 13:01:16
29470,2026-07-27,2025-05-03,ツイッター 4k,,MOBILE,,0,1,0.0,71.0,query_device,2026-07-27 13:01:16
29471,2026-07-27,2025-05-03,三軸グラフ,,DESKTOP,,0,1,0.0,91.0,query_device,2026-07-27 13:01:16
29472,2026-07-27,2025-05-03,三軸グラフ,,MOBILE,,0,1,0.0,97.0,query_device,2026-07-27 13:01:16
29473,2026-07-27,2025-05-03,三軸圖,,DESKTOP,,0,13,0.0,4.615384615384615,query_device,2026-07-27 13:01:16
29474,2026-07-27,2025-05-03,三軸圖,,MOBILE,,0,4,0.0,4.0,query_device,2026-07-27 13:01:16
29475,2026-07-27,2025-05-03,下面哪一项是自适应展示广告的关键优势？,,DESKTOP,,0,3,0.0,10.333333333333334,query_device,2026-07-27 13:01:16
29476,2026-07-27,2025-05-03,业务分析,,DESKTOP,,0,1,0.0,71.0,query_device,2026-07-27 13:01:16
29477,2026-07-27,2025-05-03,为了利用广泛匹配扩大覆盖面，您可以遵循哪三项最佳实践？,,DESKTOP,,0,7,0.0,9.285714285714286,query_device,2026-07-27 13:01:16
29478,2026-07-27,2025-05-03,为了利用广泛匹配扩大覆盖面，您可以遵循哪三项最佳实践？,,MOBILE,,0,1,0.0,8.0,query_device,2026-07-27 13:01:16
29479,2026-07-27,2025-05-03,为了更好的观察一周气温的变化情况，应该选择绘制什么统计图？,,DESKTOP,,0,5,0.0,11.0,query_device,2026-07-27 13:01:16
29480,2026-07-27,2025-05-03,为什么亮黄色能吸引消费者注意 是什么原理,,DESKTOP,,0,30,0.0,5.4,query_device,2026-07-27 13:01:16
29481,2026-07-27,2025-05-03,为什么说自动出价（而非人工出价）有助于 google ads 广告系列取得显著成效？,,DESKTOP,,0,1,0.0,20.0,query_device,2026-07-27 13:01:16
29482,2026-07-27,2025-05-03,为广告系列选择出价策略时，应考虑的主要因素有哪些？,,DESKTOP,,0,4,0.0,9.0,query_device,2026-07-27 13:01:16
29483,2026-07-27,2025-05-03,互联网销售企业如何衡量客户满意度,,DESKTOP,,0,1,0.0,88.0,query_device,2026-07-27 13:01:16
29484,2026-07-27,2025-05-03,五分量表,,DESKTOP,,0,3,0.0,27.0,query_device,2026-07-27 13:01:16
29485,2026-07-27,2025-05-03,五点量表,,DESKTOP,,0,9,0.0,8.444444444444445,query_device,2026-07-27 13:01:16
29486,2026-07-27,2025-05-03,五点量表,,MOBILE,,0,1,0.0,11.0,query_device,2026-07-27 13:01:16
29487,2026-07-27,2025-05-03,五點量表,,DESKTOP,,0,1,0.0,38.0,query_device,2026-07-27 13:01:16
29488,2026-07-27,2025-05-03,什么关键词能最好地吸引点击,,DESKTOP,,0,1,0.0,9.0,query_device,2026-07-27 13:01:16
29489,2026-07-27,2025-05-03,什么情况下您应当使用自适应展示广告？,,DESKTOP,,0,4,0.0,12.25,query_device,2026-07-27 13:01:16
29490,2026-07-27,2025-05-03,什么是cpm,,DESKTOP,,0,1,0.0,20.0,query_device,2026-07-27 13:01:16
29491,2026-07-27,2025-05-03,什么是数字营销,,DESKTOP,,0,7,0.0,62.42857142857143,query_device,2026-07-27 13:01:16
29492,2026-07-27,2025-05-03,什么是数字营销,,MOBILE,,0,2,0.0,51.5,query_device,2026-07-27 13:01:16
29493,2026-07-27,2025-05-03,什么是独立站,,DESKTOP,,0,1,0.0,16.0,query_device,2026-07-27 13:01:16
29494,2026-07-27,2025-05-03,什么是独立站,,MOBILE,,0,2,0.0,10.5,query_device,2026-07-27 13:01:16
29495,2026-07-27,2025-05-03,什么是让客价值,,DESKTOP,,0,15,0.0,73.93333333333334,query_device,2026-07-27 13:01:16
29496,2026-07-27,2025-05-03,什么颜色吸引人,,DESKTOP,,0,13,0.0,48.76923076923077,query_device,2026-07-27 13:01:16
29497,2026-07-27,2025-05-03,付费广告服务,,DESKTOP,,0,6,0.0,67.16666666666667,query_device,2026-07-27 13:01:16
29498,2026-07-27,2025-05-03,价格对于数字化营销的影响,,DESKTOP,,0,23,0.0,88.34782608695652,query_device,2026-07-27 13:01:16
29499,2026-07-27,2025-05-03,企业整合营销,,DESKTOP,,0,24,0.0,41.75,query_device,2026-07-27 13:01:16
29500,2026-07-27,2025-05-03,企业整合营销传播,,DESKTOP,,0,1,0.0,66.0,query_device,2026-07-27 13:01:16
29501,2026-07-27,2025-05-03,企业整合营销传播案例,,DESKTOP,,0,18,0.0,80.05555555555556,query_device,2026-07-27 13:01:16
29502,2026-07-27,2025-05-03,企业整合营销方案,,DESKTOP,,0,2,0.0,88.5,query_device,2026-07-27 13:01:16
29503,2026-07-27,2025-05-03,企业整合营销系统,,DESKTOP,,0,13,0.0,61.84615384615385,query_device,2026-07-27 13:01:16
29504,2026-07-27,2025-05-03,企业注册每种搜索引擎时的策略,,DESKTOP,,0,9,0.0,61.44444444444444,query_device,2026-07-27 13:01:16
29505,2026-07-27,2025-05-03,优化得分工具可通过哪两种方式帮助营销者取得成功？,,DESKTOP,,0,1,0.0,9.0,query_device,2026-07-27 13:01:16
29506,2026-07-27,2025-05-03,你对数字化营销和社交媒体在广告行业中的作用有何看法？分享一些成功的数字化营销案例或社交媒体活动？,,DESKTOP,,0,1,0.0,12.0,query_device,2026-07-27 13:01:16
29507,2026-07-27,2025-05-03,使用一次搜索引擎的成本是多少？,,DESKTOP,,0,1,0.0,48.0,query_device,2026-07-27 13:01:16
29508,2026-07-27,2025-05-03,促进销售,,DESKTOP,,0,1,0.0,68.0,query_device,2026-07-27 13:01:16
29509,2026-07-27,2025-05-03,促销代码,,DESKTOP,,0,1,0.0,97.0,query_device,2026-07-27 13:01:16
29510,2026-07-27,2025-05-03,信用卡谷歌广告,,DESKTOP,,0,16,0.0,19.125,query_device,2026-07-27 13:01:16
29511,2026-07-27,2025-05-03,公司如何利用数据驱动的方法来提高客户参与度和提高营销效果,,DESKTOP,,0,4,0.0,85.0,query_device,2026-07-27 13:01:16
29512,2026-07-27,2025-05-03,关键字规划师,,DESKTOP,,0,2,0.0,40.5,query_device,2026-07-27 13:01:16
29513,2026-07-27,2025-05-03,关键字规划师,,MOBILE,,0,3,0.0,43.666666666666664,query_device,2026-07-27 13:01:16
29514,2026-07-27,2025-05-03,关键词广告,,DESKTOP,,0,52,0.0,51.03846153846154,query_device,2026-07-27 13:01:16
29515,2026-07-27,2025-05-03,关键词广告,,MOBILE,,0,52,0.0,52.65384615384615,query_device,2026-07-27 13:01:16
29516,2026-07-27,2025-05-03,关键词搜索量,,DESKTOP,,0,5,0.0,75.4,query_device,2026-07-27 13:01:16
29517,2026-07-27,2025-05-03,关键词搜索量查询,,DESKTOP,,0,84,0.0,60.107142857142854,query_device,2026-07-27 13:01:16
29518,2026-07-27,2025-05-03,关键词搜索量查询,,MOBILE,,0,82,0.0,60.0,query_device,2026-07-27 13:01:16
29519,2026-07-27,2025-05-03,关键词研究,,DESKTOP,,0,1,0.0,36.0,query_device,2026-07-27 13:01:16
29520,2026-07-27,2025-05-03,关键词研究工具,,DESKTOP,,0,1,0.0,95.0,query_device,2026-07-27 13:01:16
29521,2026-07-27,2025-05-03,关键词研究工具 使用方法,,DESKTOP,,0,2,0.0,7.5,query_device,2026-07-27 13:01:16
29522,2026-07-27,2025-05-03,关键词规划,,DESKTOP,,0,1,0.0,69.0,query_device,2026-07-27 13:01:16
29523,2026-07-27,2025-05-03,关键词规划,,MOBILE,,0,1,0.0,67.0,query_device,2026-07-27 13:01:16
29524,2026-07-27,2025-05-03,关键词规划大师,,DESKTOP,,0,1,0.0,55.0,query_device,2026-07-27 13:01:16
29525,2026-07-27,2025-05-03,关键词规划大师,,MOBILE,,0,1,0.0,56.0,query_device,2026-07-27 13:01:16
29526,2026-07-27,2025-05-03,关键词规划师,,DESKTOP,,0,1,0.0,37.0,query_device,2026-07-27 13:01:16
29527,2026-07-27,2025-05-03,关键词规划师,,MOBILE,,0,2,0.0,44.0,query_device,2026-07-27 13:01:16
29528,2026-07-27,2025-05-03,内容营销的改善,,DESKTOP,,0,20,0.0,58.65,query_device,2026-07-27 13:01:16
29529,2026-07-27,2025-05-03,再营销,,DESKTOP,,0,8,0.0,38.5,query_device,2026-07-27 13:01:16
29530,2026-07-27,2025-05-03,再营销,,MOBILE,,0,14,0.0,47.57142857142857,query_device,2026-07-27 13:01:16
29531,2026-07-27,2025-05-03,再营销广告,,DESKTOP,,0,5,0.0,51.0,query_device,2026-07-27 13:01:16
29532,2026-07-27,2025-05-03,再营销广告,,MOBILE,,0,7,0.0,50.0,query_device,2026-07-27 13:01:16
29533,2026-07-27,2025-05-03,出海 google seo,,DESKTOP,,0,30,0.0,28.133333333333333,query_device,2026-07-27 13:01:16
29534,2026-07-27,2025-05-03,出海 google 广告,,DESKTOP,,0,30,0.0,59.266666666666666,query_device,2026-07-27 13:01:16
29535,2026-07-27,2025-05-03,出海dsp平台,,DESKTOP,,0,11,0.0,55.27272727272727,query_device,2026-07-27 13:01:16
29536,2026-07-27,2025-05-03,出海seo,,DESKTOP,,0,25,0.0,48.32,query_device,2026-07-27 13:01:16
29537,2026-07-27,2025-05-03,出海谷歌广告,,DESKTOP,,0,30,0.0,61.233333333333334,query_device,2026-07-27 13:01:16
29538,2026-07-27,2025-05-03,创建mcc,,DESKTOP,,0,1,0.0,41.0,query_device,2026-07-27 13:01:16
29539,2026-07-27,2025-05-03,利用广告色彩来影响消费者消费心理的方法,,DESKTOP,,0,20,0.0,11.45,query_device,2026-07-27 13:01:16
29540,2026-07-27,2025-05-03,加密数字货币分析,,MOBILE,,0,2,0.0,66.0,query_device,2026-07-27 13:01:16
29541,2026-07-27,2025-05-03,加密货币技术分析,,DESKTOP,,0,1,0.0,8.0,query_device,2026-07-27 13:01:16
29542,2026-07-27,2025-05-03,动态 搜索 广告,,DESKTOP,,0,28,0.0,17.714285714285715,query_device,2026-07-27 13:01:16
29543,2026-07-27,2025-05-03,动态广告,,DESKTOP,,0,4,0.0,65.0,query_device,2026-07-27 13:01:16
29544,2026-07-27,2025-05-03,动态广告,,MOBILE,,0,2,0.0,86.0,query_device,2026-07-27 13:01:16
29545,2026-07-27,2025-05-03,动态搜索广告,,DESKTOP,,0,7,0.0,32.57142857142857,query_device,2026-07-27 13:01:16
29546,2026-07-27,2025-05-03,动态搜索广告,,MOBILE,,0,7,0.0,35.285714285714285,query_device,2026-07-27 13:01:16
29547,2026-07-27,2025-05-03,助和联属营销等方式获利。,,DESKTOP,,0,32,0.0,59.65625,query_device,2026-07-27 13:01:16
29548,2026-07-27,2025-05-03,動態搜尋,,DESKTOP,,0,1,0.0,65.0,query_device,2026-07-27 13:01:16
29549,2026-07-27,2025-05-03,動態搜尋廣告,,DESKTOP,,0,79,0.0,34.59493670886076,query_device,2026-07-27 13:01:16
29550,2026-07-27,2025-05-03,動態搜尋廣告,,MOBILE,,0,31,0.0,32.58064516129032,query_device,2026-07-27 13:01:16
29551,2026-07-27,2025-05-03,千次展示费用公式,,MOBILE,,0,1,0.0,19.0,query_device,2026-07-27 13:01:16
29552,2026-07-27,2025-05-03,双y轴,,DESKTOP,,0,1,0.0,24.0,query_device,2026-07-27 13:01:16
29553,2026-07-27,2025-05-03,双轴图,,DESKTOP,,0,1,0.0,63.0,query_device,2026-07-27 13:01:16
29554,2026-07-27,2025-05-03,受众互动提升技巧,,DESKTOP,,0,1,0.0,54.0,query_device,2026-07-27 13:01:16
29555,2026-07-27,2025-05-03,受众定位,,DESKTOP,,0,5,0.0,47.2,query_device,2026-07-27 13:01:16
29556,2026-07-27,2025-05-03,受众定位,,MOBILE,,0,5,0.0,51.4,query_device,2026-07-27 13:01:16
29557,2026-07-27,2025-05-03,受众设备偏好分析,,DESKTOP,,0,2,0.0,60.0,query_device,2026-07-27 13:01:16
29558,2026-07-27,2025-05-03,启用自动调整功能来自动优化广告系列表现,,DESKTOP,,0,59,0.0,54.67796610169491,query_device,2026-07-27 13:01:16
29559,2026-07-27,2025-05-03,启用自动调整功能来自动优化广告系列表现,,MOBILE,,0,1,0.0,51.0,query_device,2026-07-27 13:01:16
29560,2026-07-27,2025-05-03,周末购物节省时间技巧,,DESKTOP,,0,4,0.0,7.0,query_device,2026-07-27 13:01:16
29561,2026-07-27,2025-05-03,品牌整合营销,,DESKTOP,,0,31,0.0,16.41935483870968,query_device,2026-07-27 13:01:16
29562,2026-07-27,2025-05-03,品牌整合营销传播,,DESKTOP,,0,6,0.0,72.16666666666667,query_device,2026-07-27 13:01:16
29563,2026-07-27,2025-05-03,品牌整合营销传播案例,,DESKTOP,,0,12,0.0,63.75,query_device,2026-07-27 13:01:16
29564,2026-07-27,2025-05-03,品牌整合营销传播的概念是什么,,DESKTOP,,0,19,0.0,75.6842105263158,query_device,2026-07-27 13:01:16
29565,2026-07-27,2025-05-03,品牌整合营销传播的要素,,DESKTOP,,0,16,0.0,54.5,query_device,2026-07-27 13:01:16
29566,2026-07-27,2025-05-03,品牌整合营销是什么意思,,DESKTOP,,0,7,0.0,93.28571428571429,query_device,2026-07-27 13:01:16
29567,2026-07-27,2025-05-03,品牌整合营销机构,,DESKTOP,,0,27,0.0,21.48148148148148,query_device,2026-07-27 13:01:16
29568,2026-07-27,2025-05-03,品牌整合营销案例,,DESKTOP,,0,10,0.0,77.6,query_device,2026-07-27 13:01:16
29569,2026-07-27,2025-05-03,品質分數,,DESKTOP,,0,23,0.0,48.82608695652174,query_device,2026-07-27 13:01:16
29570,2026-07-27,2025-05-03,哪三个因素会影响搜索广告在竞价时的广告质量？,,DESKTOP,,0,1,0.0,5.0,query_device,2026-07-27 13:01:16
29571,2026-07-27,2025-05-03,国外广告app,,DESKTOP,,0,2,0.0,97.5,query_device,2026-07-27 13:01:16
29572,2026-07-27,2025-05-03,国际推广seo sem,,MOBILE,,0,1,0.0,90.0,query_device,2026-07-27 13:01:16
29573,2026-07-27,2025-05-03,在不包含发布商内容的屏幕上展示 google 投放的广告,,DESKTOP,,0,2,0.0,43.5,query_device,2026-07-27 13:01:16
29574,2026-07-27,2025-05-03,在不包含发布商内容的屏幕上展示 google 投放的广告,,MOBILE,,0,1,0.0,53.0,query_device,2026-07-27 13:01:16
29575,2026-07-27,2025-05-03,在创建 google 展示广告系列时，广告客户可以从两种主要的广告格式中进行选择：自适应展示广告和上传的图片广告。 上传的图片广告的主要优势是什么？,,DESKTOP,,0,2,0.0,5.0,query_device,2026-07-27 13:01:16
29576,2026-07-27,2025-05-03,在创建以提高认知度为目标的 google 视频广告系列时，为什么说选择启用 google 视频合作伙伴是个好主意？,,DESKTOP,,0,1,0.0,10.0,query_device,2026-07-27 13:01:16
29577,2026-07-27,2025-05-03,在效果规划工具中，为什么应将具有不同营销目标的广告系列分别纳入不同的方案中？,,DESKTOP,,0,1,0.0,9.0,query_device,2026-07-27 13:01:16
29578,2026-07-27,2025-05-03,地产经纪人广告,,DESKTOP,,0,48,0.0,36.770833333333336,query_device,2026-07-27 13:01:16
29579,2026-07-27,2025-05-03,地产经纪人广告,,MOBILE,,0,42,0.0,39.07142857142857,query_device,2026-07-27 13:01:16
29580,2026-07-27,2025-05-03,地产经纪人推广,,DESKTOP,,0,3,0.0,80.0,query_device,2026-07-27 13:01:16
29581,2026-07-27,2025-05-03,地产经纪人营销,,MOBILE,,0,1,0.0,48.0,query_device,2026-07-27 13:01:16
29582,2026-07-27,2025-05-03,堆叠面积图,,DESKTOP,,0,1,0.0,37.0,query_device,2026-07-27 13:01:16
29583,2026-07-27,2025-05-03,增强型转化,,DESKTOP,,0,1,0.0,61.0,query_device,2026-07-27 13:01:16
29584,2026-07-27,2025-05-03,增粉,,MOBILE,,0,3,0.0,59.0,query_device,2026-07-27 13:01:16
29585,2026-07-27,2025-05-03,外贸推广公司,,DESKTOP,,0,1,0.0,90.0,query_device,2026-07-27 13:01:16
29586,2026-07-27,2025-05-03,如何使用可视化搜索引擎？,,DESKTOP,,0,29,0.0,72.44827586206897,query_device,2026-07-27 13:01:16
29587,2026-07-27,2025-05-03,如何分析独立站数据,,DESKTOP,,0,3,0.0,93.33333333333333,query_device,2026-07-27 13:01:16
29588,2026-07-27,2025-05-03,如何在excel中制作图表？,,DESKTOP,,0,1,0.0,26.0,query_device,2026-07-27 13:01:16
29589,2026-07-27,2025-05-03,如何提高谷歌自然点击率,,DESKTOP,,0,1,0.0,96.0,query_device,2026-07-27 13:01:16
29590,2026-07-27,2025-05-03,如何提高销售额,,DESKTOP,,0,5,0.0,38.0,query_device,2026-07-27 13:01:16
29591,2026-07-27,2025-05-03,如何提高销售额,,MOBILE,,0,5,0.0,40.2,query_device,2026-07-27 13:01:16
29592,2026-07-27,2025-05-03,如何测量相关词条的搜索数量,,DESKTOP,,0,31,0.0,68.16129032258064,query_device,2026-07-27 13:01:16
29593,2026-07-27,2025-05-03,如何确定合适的搜索词,,DESKTOP,,0,7,0.0,49.42857142857143,query_device,2026-07-27 13:01:16
29594,2026-07-27,2025-05-03,如果曝光率是广告系列的首要目标，那么广告客户应当选择哪种出价策略才是最有效的？,,DESKTOP,,0,1,0.0,7.0,query_device,2026-07-27 13:01:16
29595,2026-07-27,2025-05-03,安索夫,,DESKTOP,,0,1,0.0,80.0,query_device,2026-07-27 13:01:16
29596,2026-07-27,2025-05-03,安索夫矩阵,,DESKTOP,,0,2,0.0,56.5,query_device,2026-07-27 13:01:16
29597,2026-07-27,2025-05-03,安索夫矩陣,,MOBILE,,0,2,0.0,67.5,query_device,2026-07-27 13:01:16
29598,2026-07-27,2025-05-03,安索夫矩陣範例,,DESKTOP,,0,3,0.0,48.333333333333336,query_device,2026-07-27 13:01:16
29599,2026-07-27,2025-05-03,实施智能出价和广泛匹配后，您应遵循哪三种广告系列最佳实践？,,DESKTOP,,0,1,0.0,11.0,query_device,2026-07-27 13:01:16
29600,2026-07-27,2025-05-03,实时竞价,,DESKTOP,,0,1,0.0,17.0,query_device,2026-07-27 13:01:16
29601,2026-07-27,2025-05-03,客户价值,,DESKTOP,,0,8,0.0,51.75,query_device,2026-07-27 13:01:16
29602,2026-07-27,2025-05-03,客户价值分析,,DESKTOP,,0,4,0.0,8.25,query_device,2026-07-27 13:01:16
29603,2026-07-27,2025-05-03,客户分析,,DESKTOP,,0,15,0.0,71.33333333333333,query_device,2026-07-27 13:01:16
29604,2026-07-27,2025-05-03,富媒體廣告,,DESKTOP,,0,11,0.0,26.09090909090909,query_device,2026-07-27 13:01:16
29605,2026-07-27,2025-05-03,对于 google 展示广告网络上提供的广告格式，哪种会自动调整显示方式以充分利用页面上的可用空间？,,DESKTOP,,0,1,0.0,5.0,query_device,2026-07-27 13:01:16
29606,2026-07-27,2025-05-03,对于此搜索而言，您广告的广告评级较低。,,DESKTOP,,0,1,0.0,8.0,query_device,2026-07-27 13:01:16
29607,2026-07-27,2025-05-03,将广泛匹配、智能出价和自适应搜索广告结合使用有哪两个好处？,,DESKTOP,,0,7,0.0,8.285714285714285,query_device,2026-07-27 13:01:16
29608,2026-07-27,2025-05-03,将智能出价与广泛匹配结合使用的好处是什么？,,DESKTOP,,0,2,0.0,6.5,query_device,2026-07-27 13:01:16
29609,2026-07-27,2025-05-03,展示广告,,DESKTOP,,0,7,0.0,64.28571428571428,query_device,2026-07-27 13:01:16
29610,2026-07-27,2025-05-03,市場滲透例子,,DESKTOP,,0,1,0.0,31.0,query_device,2026-07-27 13:01:16
29611,2026-07-27,2025-05-03,帕累托分析,,DESKTOP,,0,1,0.0,35.0,query_device,2026-07-27 13:01:16
29612,2026-07-27,2025-05-03,常用的搜索引擎都有哪些类型，他们的优缺点是什么,,DESKTOP,,0,1,0.0,24.0,query_device,2026-07-27 13:01:16
29613,2026-07-27,2025-05-03,平均cpc,,DESKTOP,,0,1,0.0,10.0,query_device,2026-07-27 13:01:16
29614,2026-07-27,2025-05-03,广告 形式,,DESKTOP,,0,5,0.0,84.2,query_device,2026-07-27 13:01:16
29615,2026-07-27,2025-05-03,广告cpc,,DESKTOP,,0,1,0.0,98.0,query_device,2026-07-27 13:01:16
29616,2026-07-27,2025-05-03,广告出价与人,,DESKTOP,,0,8,0.0,91.75,query_device,2026-07-27 13:01:16
29617,2026-07-27,2025-05-03,广告媒体平台,,MOBILE,,0,1,0.0,74.0,query_device,2026-07-27 13:01:16
29618,2026-07-27,2025-05-03,广告的类型,,DESKTOP,,0,8,0.0,74.625,query_device,2026-07-27 13:01:16
29619,2026-07-27,2025-05-03,广告的类型,,MOBILE,,0,6,0.0,74.5,query_device,2026-07-27 13:01:16
29620,2026-07-27,2025-05-03,广告色彩对传播的影响,,DESKTOP,,0,4,0.0,44.25,query_device,2026-07-27 13:01:16
29621,2026-07-27,2025-05-03,广告色彩的选择,,DESKTOP,,0,30,0.0,8.533333333333333,query_device,2026-07-27 13:01:16
29622,2026-07-27,2025-05-03,广告色彩色彩的心理感觉,,DESKTOP,,0,34,0.0,6.411764705882353,query_device,2026-07-27 13:01:16
29623,2026-07-27,2025-05-03,广告色调有哪些纯色调,,DESKTOP,,0,2,0.0,4.5,query_device,2026-07-27 13:01:16
29624,2026-07-27,2025-05-03,广告转化率怎么算,,DESKTOP,,0,1,0.0,85.0,query_device,2026-07-27 13:01:16
29625,2026-07-27,2025-05-03,廣告平台,,DESKTOP,,0,8,0.0,69.5,query_device,2026-07-27 13:01:16
29626,2026-07-27,2025-05-03,廣告平台,,MOBILE,,0,9,0.0,61.111111111111114,query_device,2026-07-27 13:01:16
29627,2026-07-27,2025-05-03,廣告格式,,MOBILE,,0,1,0.0,42.0,query_device,2026-07-27 13:01:16
29628,2026-07-27,2025-05-03,廣告點擊率,,DESKTOP,,0,2,0.0,78.5,query_device,2026-07-27 13:01:16
29629,2026-07-27,2025-05-03,廣告點擊率,,MOBILE,,0,6,0.0,90.33333333333333,query_device,2026-07-27 13:01:16
29630,2026-07-27,2025-05-03,弹出式广告的优点和缺点,,DESKTOP,,0,31,0.0,40.903225806451616,query_device,2026-07-27 13:01:16
29631,2026-07-27,2025-05-03,必应广告,,DESKTOP,,0,5,0.0,45.0,query_device,2026-07-27 13:01:16
29632,2026-07-27,2025-05-03,必应广告,,MOBILE,,0,6,0.0,53.666666666666664,query_device,2026-07-27 13:01:16
29633,2026-07-27,2025-05-03,必应搜索营销,,DESKTOP,,0,23,0.0,71.08695652173913,query_device,2026-07-27 13:01:16
29634,2026-07-27,2025-05-03,怀旧广告,,DESKTOP,,0,2,0.0,36.5,query_device,2026-07-27 13:01:16
29635,2026-07-27,2025-05-03,怀旧广告,,MOBILE,,0,3,0.0,44.333333333333336,query_device,2026-07-27 13:01:16
29636,2026-07-27,2025-05-03,怎么提高pinterest搜索的准确率,,DESKTOP,,0,29,0.0,57.10344827586207,query_device,2026-07-27 13:01:16
29637,2026-07-27,2025-05-03,怎么样组关键词更有吸引力,,DESKTOP,,0,29,0.0,9.172413793103448,query_device,2026-07-27 13:01:16
29638,2026-07-27,2025-05-03,怎么看youtube搜索结果的个数,,DESKTOP,,0,1,0.0,94.0,query_device,2026-07-27 13:01:16
29639,2026-07-27,2025-05-03,您可以在哪里查看出价状态、一段时间内的效果趋势和转化延迟时间报告？,,DESKTOP,,0,1,0.0,8.0,query_device,2026-07-27 13:01:16
29640,2026-07-27,2025-05-03,您应该使用哪种方法在广泛匹配广告系列中成功实施和测试广泛匹配，以帮助分析转化数据？,,DESKTOP,,0,2,0.0,30.5,query_device,2026-07-27 13:01:16
29641,2026-07-27,2025-05-03,您的营销公司制作了一则非常有吸引力的广告，相对于展示而言，该广告获得了许多点击。 该广告可能会对 google ads 竞价造成什么影响？,,DESKTOP,,0,4,0.0,9.5,query_device,2026-07-27 13:01:16
29642,2026-07-27,2025-05-03,您计划投放以提高钟意度为目标的 google 视频广告系列，并且希望衡量有多少人观看了您的视频。 您应该使用哪种效果衡量解决方案？,,MOBILE,,0,1,0.0,9.0,query_device,2026-07-27 13:01:16
29643,2026-07-27,2025-05-03,我想问一下什么是斜率？,,DESKTOP,,0,1,0.0,21.0,query_device,2026-07-27 13:01:16
29644,2026-07-27,2025-05-03,房地产 广告 营销,,DESKTOP,,0,4,0.0,79.75,query_device,2026-07-27 13:01:16
29645,2026-07-27,2025-05-03,所以它五个选项是什么,,DESKTOP,,0,1,0.0,25.0,query_device,2026-07-27 13:01:16
29646,2026-07-27,2025-05-03,拉动式营销策略具体有哪些,,DESKTOP,,0,2,0.0,1.0,query_device,2026-07-27 13:01:16
29647,2026-07-27,2025-05-03,拉式策略,,DESKTOP,,0,1,0.0,8.0,query_device,2026-07-27 13:01:16
29648,2026-07-27,2025-05-03,探索性数据分析,,DESKTOP,,0,6,0.0,56.5,query_device,2026-07-27 13:01:16
29649,2026-07-27,2025-05-03,推广预算公式,,DESKTOP,,0,7,0.0,86.57142857142857,query_device,2026-07-27 13:01:16
29650,2026-07-27,2025-05-03,推式策略,,DESKTOP,,0,1,0.0,9.0,query_device,2026-07-27 13:01:16
29651,2026-07-27,2025-05-03,推式行銷,,DESKTOP,,0,4,0.0,33.0,query_device,2026-07-27 13:01:16
29652,2026-07-27,2025-05-03,推文转发策略,,DESKTOP,,0,35,0.0,18.0,query_device,2026-07-27 13:01:16
29653,2026-07-27,2025-05-03,推特 4k,,DESKTOP,,0,2,0.0,4.0,query_device,2026-07-27 13:01:16
29654,2026-07-27,2025-05-03,推特 4k,,MOBILE,,0,6,0.0,9.833333333333334,query_device,2026-07-27 13:01:16
29655,2026-07-27,2025-05-03,推特 列表,,DESKTOP,,0,3,0.0,8.0,query_device,2026-07-27 13:01:16
29656,2026-07-27,2025-05-03,推特 列表,,MOBILE,,0,5,0.0,7.8,query_device,2026-07-27 13:01:16
29657,2026-07-27,2025-05-03,推特4k,,DESKTOP,,0,3,0.0,3.0,query_device,2026-07-27 13:01:16
29658,2026-07-27,2025-05-03,推特4k,,MOBILE,,0,9,0.0,5.0,query_device,2026-07-27 13:01:16
29659,2026-07-27,2025-05-03,推特列表,,DESKTOP,,0,4,0.0,10.25,query_device,2026-07-27 13:01:16
29660,2026-07-27,2025-05-03,推特列表,,MOBILE,,0,1,0.0,8.0,query_device,2026-07-27 13:01:16
29661,2026-07-27,2025-05-03,推特推广,,DESKTOP,,0,2,0.0,41.5,query_device,2026-07-27 13:01:16
29662,2026-07-27,2025-05-03,推特推广,,MOBILE,,0,3,0.0,57.0,query_device,2026-07-27 13:01:16
29663,2026-07-27,2025-05-03,推特推广方案,,DESKTOP,,0,32,0.0,64.84375,query_device,2026-07-27 13:01:16
29664,2026-07-27,2025-05-03,推特推广是什么,,DESKTOP,,0,27,0.0,60.03703703703704,query_device,2026-07-27 13:01:16
29665,2026-07-27,2025-05-03,推特搜索技巧,,DESKTOP,,0,15,0.0,46.6,query_device,2026-07-27 13:01:16
29666,2026-07-27,2025-05-03,推特营销,,MOBILE,,0,1,0.0,15.0,query_device,2026-07-27 13:01:16
29667,2026-07-27,2025-05-03,推特视频查看,,MOBILE,,0,1,0.0,79.0,query_device,2026-07-27 13:01:16
29668,2026-07-27,2025-05-03,推特软件推广,,DESKTOP,,0,1,0.0,85.0,query_device,2026-07-27 13:01:16
29669,2026-07-27,2025-05-03,推荐一种有效数字营销战略,,DESKTOP,,0,4,0.0,70.25,query_device,2026-07-27 13:01:16
29670,2026-07-27,2025-05-03,推荐一种有效数字营销战略,,MOBILE,,0,1,0.0,80.0,query_device,2026-07-27 13:01:16
29671,2026-07-27,2025-05-03,提高 ppc 性能,,DESKTOP,,0,21,0.0,13.333333333333334,query_device,2026-07-27 13:01:16
29672,2026-07-27,2025-05-03,提高 ppc 性能,,MOBILE,,0,9,0.0,11.777777777777779,query_device,2026-07-27 13:01:16
29673,2026-07-27,2025-05-03,提高利润的最佳加密货币分析工具,,DESKTOP,,0,1,0.0,100.0,query_device,2026-07-27 13:01:16
29674,2026-07-27,2025-05-03,提高销售,,DESKTOP,,0,5,0.0,67.8,query_device,2026-07-27 13:01:16
29675,2026-07-27,2025-05-03,提高销售,,MOBILE,,0,4,0.0,72.75,query_device,2026-07-27 13:01:16
29676,2026-07-27,2025-05-03,搜索 引擎 营销,,DESKTOP,,0,16,0.0,78.3125,query_device,2026-07-27 13:01:16
29677,2026-07-27,2025-05-03,搜索引擎优化seo和谷歌付费广告ppc,,DESKTOP,,0,28,0.0,14.25,query_device,2026-07-27 13:01:16
29678,2026-07-27,2025-05-03,搜索引擎算法更新 关键词影响,,DESKTOP,,0,2,0.0,8.0,query_device,2026-07-27 13:01:16
29679,2026-07-27,2025-05-03,搜索引擎算法更新 关键词策略,,DESKTOP,,0,1,0.0,9.0,query_device,2026-07-27 13:01:16
29680,2026-07-27,2025-05-03,搜索引擎营销,,DESKTOP,,0,23,0.0,62.08695652173913,query_device,2026-07-27 13:01:16
29681,2026-07-27,2025-05-03,搜索引擎营销,,MOBILE,,0,28,0.0,64.92857142857143,query_device,2026-07-27 13:01:16
29682,2026-07-27,2025-05-03,搜索查询词优化技巧,,DESKTOP,,0,1,0.0,82.0,query_device,2026-07-27 13:01:16
29683,2026-07-27,2025-05-03,搜索网络优化的费用属于什么费用,,DESKTOP,,0,4,0.0,43.25,query_device,2026-07-27 13:01:16
29684,2026-07-27,2025-05-03,搜索词,,DESKTOP,,0,1,0.0,80.0,query_device,2026-07-27 13:01:16
29685,2026-07-27,2025-05-03,散 点 图,,DESKTOP,,0,1,0.0,66.0,query_device,2026-07-27 13:01:16
29686,2026-07-27,2025-05-03,数字化营销,,DESKTOP,,0,28,0.0,87.42857142857143,query_device,2026-07-27 13:01:16
29687,2026-07-27,2025-05-03,数字服务法,,DESKTOP,,0,1,0.0,80.0,query_device,2026-07-27 13:01:16
29688,2026-07-27,2025-05-03,数字营销,,DESKTOP,,0,22,0.0,87.77272727272727,query_device,2026-07-27 13:01:16
29689,2026-07-27,2025-05-03,数字营销,,MOBILE,,0,1,0.0,98.0,query_device,2026-07-27 13:01:16
29690,2026-07-27,2025-05-03,数字营销如何定位目标受众,,DESKTOP,,0,9,0.0,82.66666666666667,query_device,2026-07-27 13:01:16
29691,2026-07-27,2025-05-03,数字营销策略,,DESKTOP,,0,13,0.0,74.61538461538461,query_device,2026-07-27 13:01:16
29692,2026-07-27,2025-05-03,数据点,,MOBILE,,0,1,0.0,54.0,query_device,2026-07-27 13:01:16
29693,2026-07-27,2025-05-03,整合营销,,DESKTOP,,0,12,0.0,65.91666666666667,query_device,2026-07-27 13:01:16
29694,2026-07-27,2025-05-03,整合营销,,MOBILE,,0,1,0.0,54.0,query_device,2026-07-27 13:01:16
29695,2026-07-27,2025-05-03,整合营销传播,,DESKTOP,,0,21,0.0,68.71428571428571,query_device,2026-07-27 13:01:16
29696,2026-07-27,2025-05-03,整合营销传播作用,,DESKTOP,,0,19,0.0,65.3157894736842,query_device,2026-07-27 13:01:16
29697,2026-07-27,2025-05-03,整合营销公司,,DESKTOP,,0,3,0.0,95.33333333333333,query_device,2026-07-27 13:01:16
29698,2026-07-27,2025-05-03,整合营销平台,,DESKTOP,,0,25,0.0,31.36,query_device,2026-07-27 13:01:16
29699,2026-07-27,2025-05-03,整合营销平台包括哪些,,DESKTOP,,0,25,0.0,22.52,query_device,2026-07-27 13:01:16
29700,2026-07-27,2025-05-03,整合营销平台是什么,,DESKTOP,,0,21,0.0,16.952380952380953,query_device,2026-07-27 13:01:16
29701,2026-07-27,2025-05-03,整合营销平台是什么意思,,DESKTOP,,0,8,0.0,65.5,query_device,2026-07-27 13:01:16
29702,2026-07-27,2025-05-03,整合营销平台有哪些,,DESKTOP,,0,27,0.0,16.51851851851852,query_device,2026-07-27 13:01:16
29703,2026-07-27,2025-05-03,整合营销平台有哪些内容,,DESKTOP,,0,27,0.0,39.148148148148145,query_device,2026-07-27 13:01:16
29704,2026-07-27,2025-05-03,整合营销平台有哪些方式,,DESKTOP,,0,28,0.0,26.571428571428573,query_device,2026-07-27 13:01:16
29705,2026-07-27,2025-05-03,整合营销平台有哪些类型,,DESKTOP,,0,29,0.0,36.51724137931034,query_device,2026-07-27 13:01:16
29706,2026-07-27,2025-05-03,整合营销平台的优缺点有哪些,,DESKTOP,,0,25,0.0,52.8,query_device,2026-07-27 13:01:16
29707,2026-07-27,2025-05-03,整合行銷傳播imc,,DESKTOP,,0,1,0.0,75.0,query_device,2026-07-27 13:01:16
29708,2026-07-27,2025-05-03,數字營銷,,DESKTOP,,0,1,0.0,78.0,query_device,2026-07-27 13:01:16
29709,2026-07-27,2025-05-03,數字營銷,,MOBILE,,0,1,0.0,76.0,query_device,2026-07-27 13:01:16
29710,2026-07-27,2025-05-03,數據真相與人生pdf,,DESKTOP,,0,1,0.0,23.0,query_device,2026-07-27 13:01:16
29711,2026-07-27,2025-05-03,斜率的定义？怎样教学比较好？,,DESKTOP,,0,5,0.0,16.6,query_device,2026-07-27 13:01:16
29712,2026-07-27,2025-05-03,易詞雲-詞雲生成器,,MOBILE,,0,12,0.0,34.333333333333336,query_device,2026-07-27 13:01:16
29713,2026-07-27,2025-05-03,智能购物广告,,DESKTOP,,0,31,0.0,37.87096774193548,query_device,2026-07-27 13:01:16
29714,2026-07-27,2025-05-03,智能购物广告,,MOBILE,,0,8,0.0,52.125,query_device,2026-07-27 13:01:16
29715,2026-07-27,2025-05-03,最佳加密货币,,DESKTOP,,0,1,0.0,67.0,query_device,2026-07-27 13:01:16
29716,2026-07-27,2025-05-03,最佳加密货币,,MOBILE,,0,7,0.0,74.0,query_device,2026-07-27 13:01:16
29717,2026-07-27,2025-05-03,最佳加密货币信号,,MOBILE,,0,3,0.0,64.0,query_device,2026-07-27 13:01:16
29718,2026-07-27,2025-05-03,未迟,,DESKTOP,,0,3,0.0,3.6666666666666665,query_device,2026-07-27 13:01:16
29719,2026-07-27,2025-05-03,未迟,,MOBILE,,0,2,0.0,2.0,query_device,2026-07-27 13:01:16
29720,2026-07-27,2025-05-03,李克特5级量表,,DESKTOP,,0,4,0.0,10.0,query_device,2026-07-27 13:01:16
29721,2026-07-27,2025-05-03,李克特5级量表,,MOBILE,,0,3,0.0,11.0,query_device,2026-07-27 13:01:16
29722,2026-07-27,2025-05-03,李克特5點量表,,DESKTOP,,0,1,0.0,32.0,query_device,2026-07-27 13:01:16
29723,2026-07-27,2025-05-03,李克特七點量表範例,,MOBILE,,0,1,0.0,30.0,query_device,2026-07-27 13:01:16
29724,2026-07-27,2025-05-03,李克特五点量表,,DESKTOP,,0,11,0.0,8.0,query_device,2026-07-27 13:01:16
29725,2026-07-27,2025-05-03,李克特五级量表,,DESKTOP,,0,9,0.0,10.222222222222221,query_device,2026-07-27 13:01:16
29726,2026-07-27,2025-05-03,李克特五级量表,,MOBILE,,0,1,0.0,10.0,query_device,2026-07-27 13:01:16
29727,2026-07-27,2025-05-03,李克特五點量表,,DESKTOP,,0,4,0.0,27.5,query_device,2026-07-27 13:01:16
29728,2026-07-27,2025-05-03,李克特五點量表範例,,MOBILE,,0,2,0.0,18.0,query_device,2026-07-27 13:01:16
29729,2026-07-27,2025-05-03,李克特六點量表範例,,MOBILE,,0,1,0.0,8.0,query_device,2026-07-27 13:01:16
29730,2026-07-27,2025-05-03,李克特四點量表,,MOBILE,,0,1,0.0,13.0,query_device,2026-07-27 13:01:16
29731,2026-07-27,2025-05-03,李克特量表,,DESKTOP,,0,18,0.0,42.22222222222222,query_device,2026-07-27 13:01:16
29732,2026-07-27,2025-05-03,李克特量表,,MOBILE,,0,1,0.0,55.0,query_device,2026-07-27 13:01:16
29733,2026-07-27,2025-05-03,李克特量表 定义,,DESKTOP,,0,8,0.0,9.0,query_device,2026-07-27 13:01:16
29734,2026-07-27,2025-05-03,李克特量表excel,,DESKTOP,,0,6,0.0,7.666666666666667,query_device,2026-07-27 13:01:16
29735,2026-07-27,2025-05-03,李克特量表excel,,MOBILE,,0,6,0.0,9.666666666666666,query_device,2026-07-27 13:01:16
29736,2026-07-27,2025-05-03,李克特量表分析方法,,DESKTOP,,0,14,0.0,16.285714285714285,query_device,2026-07-27 13:01:16
29737,2026-07-27,2025-05-03,李克特量表分析方法,,MOBILE,,0,3,0.0,10.0,query_device,2026-07-27 13:01:16
29738,2026-07-27,2025-05-03,李克特量表分析方法,,TABLET,,0,1,0.0,10.0,query_device,2026-07-27 13:01:16
29739,2026-07-27,2025-05-03,李克特量表範例,,DESKTOP,,0,3,0.0,38.666666666666664,query_device,2026-07-27 13:01:16
29740,2026-07-27,2025-05-03,李克特量表范例,,DESKTOP,,0,7,0.0,9.571428571428571,query_device,2026-07-27 13:01:16
29741,2026-07-27,2025-05-03,李克特量表范例,,MOBILE,,0,2,0.0,8.5,query_device,2026-07-27 13:01:16
29742,2026-07-27,2025-05-03,李斯特量表,,DESKTOP,,0,15,0.0,8.666666666666668,query_device,2026-07-27 13:01:16
29743,2026-07-27,2025-05-03,李斯特量表,,MOBILE,,0,1,0.0,10.0,query_device,2026-07-27 13:01:16
29744,2026-07-27,2025-05-03,查pinterest 平台浏览,,DESKTOP,,0,31,0.0,51.96774193548387,query_device,2026-07-27 13:01:16
29745,2026-07-27,2025-05-03,查阅消费关键词的工具,,DESKTOP,,0,3,0.0,79.66666666666667,query_device,2026-07-27 13:01:16
29746,2026-07-27,2025-05-03,桑基图,,DESKTOP,,0,3,0.0,58.666666666666664,query_device,2026-07-27 13:01:16
29747,2026-07-27,2025-05-03,桑基图,,MOBILE,,0,1,0.0,73.0,query_device,2026-07-27 13:01:16
29748,2026-07-27,2025-05-03,桑基图 excel,,DESKTOP,,0,3,0.0,2.666666666666667,query_device,2026-07-27 13:01:16
29749,2026-07-27,2025-05-03,桑基图excel,,MOBILE,,0,1,0.0,2.0,query_device,2026-07-27 13:01:16
29750,2026-07-27,2025-05-03,桑基图怎么画,,DESKTOP,,0,1,0.0,37.0,query_device,2026-07-27 13:01:16
29751,2026-07-27,2025-05-03,桑基图生成器,,DESKTOP,,0,1,0.0,20.0,query_device,2026-07-27 13:01:16
29752,2026-07-27,2025-05-03,桑基图绘制,,DESKTOP,,0,1,0.0,45.0,query_device,2026-07-27 13:01:16
29753,2026-07-27,2025-05-03,桑基圖,,DESKTOP,,0,3,0.0,70.66666666666667,query_device,2026-07-27 13:01:16
29754,2026-07-27,2025-05-03,桑基圖excel,,DESKTOP,,0,12,0.0,5.75,query_device,2026-07-27 13:01:16
29755,2026-07-27,2025-05-03,桑基圖excel,,MOBILE,,0,4,0.0,8.5,query_device,2026-07-27 13:01:16
29756,2026-07-27,2025-05-03,桑基圖製作,,DESKTOP,,0,1,0.0,18.0,query_device,2026-07-27 13:01:16
29757,2026-07-27,2025-05-03,業務 可視化,,DESKTOP,,0,1,0.0,76.0,query_device,2026-07-27 13:01:16
29758,2026-07-27,2025-05-03,橡树学院,,DESKTOP,,0,7,0.0,9.714285714285714,query_device,2026-07-27 13:01:16
29759,2026-07-27,2025-05-03,橡树学院,,MOBILE,,0,1,0.0,9.0,query_device,2026-07-27 13:01:16
29760,2026-07-27,2025-05-03,每天在 google 上发生的搜索高达数十亿次，google ai 如何帮助营销者尽可能提高搜索广告效果？,,DESKTOP,,0,1,0.0,17.0,query_device,2026-07-27 13:01:16
29761,2026-07-27,2025-05-03,每点击付费,,MOBILE,,0,2,0.0,15.0,query_device,2026-07-27 13:01:16
29762,2026-07-27,2025-05-03,比較圖製作,,DESKTOP,,0,8,0.0,28.75,query_device,2026-07-27 13:01:16
29763,2026-07-27,2025-05-03,比較圖製作,,MOBILE,,0,18,0.0,25.61111111111111,query_device,2026-07-27 13:01:16
29764,2026-07-27,2025-05-03,比較表格製作,,DESKTOP,,0,1,0.0,38.0,query_device,2026-07-27 13:01:16
29765,2026-07-27,2025-05-03,江苏未迟数字技术有限公司,,MOBILE,,0,27,0.0,3.1481481481481484,query_device,2026-07-27 13:01:16
29766,2026-07-27,2025-05-03,海外app广告渠道,,DESKTOP,,0,4,0.0,84.25,query_device,2026-07-27 13:01:16
29767,2026-07-27,2025-05-03,海外广告平台,,DESKTOP,,0,33,0.0,45.18181818181818,query_device,2026-07-27 13:01:16
29768,2026-07-27,2025-05-03,海外广告投放代理,,DESKTOP,,0,9,0.0,54.111111111111114,query_device,2026-07-27 13:01:16
29769,2026-07-27,2025-05-03,海外引流,,DESKTOP,,0,10,0.0,33.2,query_device,2026-07-27 13:01:16
29770,2026-07-27,2025-05-03,海外引流渠道,,DESKTOP,,0,3,0.0,22.0,query_device,2026-07-27 13:01:16
29771,2026-07-27,2025-05-03,海外推广平台,,DESKTOP,,0,20,0.0,64.25,query_device,2026-07-27 13:01:16
29772,2026-07-27,2025-05-03,海外推广服务,,DESKTOP,,0,5,0.0,77.4,query_device,2026-07-27 13:01:16
29773,2026-07-27,2025-05-03,海外推广服务平台,,DESKTOP,,0,2,0.0,100.0,query_device,2026-07-27 13:01:16
29774,2026-07-27,2025-05-03,海外推广营销,,DESKTOP,,0,11,0.0,71.45454545454545,query_device,2026-07-27 13:01:16
29775,2026-07-27,2025-05-03,海外推广营销软件,,DESKTOP,,0,7,0.0,84.0,query_device,2026-07-27 13:01:16
29776,2026-07-27,2025-05-03,海外数字营销,,DESKTOP,,0,31,0.0,15.935483870967742,query_device,2026-07-27 13:01:16
29777,2026-07-27,2025-05-03,海外整合营销,,DESKTOP,,0,14,0.0,39.214285714285715,query_device,2026-07-27 13:01:16
29778,2026-07-27,2025-05-03,海外社媒运营,,DESKTOP,,0,1,0.0,50.0,query_device,2026-07-27 13:01:16
29779,2026-07-27,2025-05-03,海外社媒运营方案,,DESKTOP,,0,1,0.0,53.0,query_device,2026-07-27 13:01:16
29780,2026-07-27,2025-05-03,海外营销推广公司,,DESKTOP,,0,9,0.0,73.77777777777777,query_device,2026-07-27 13:01:16
29781,2026-07-27,2025-05-03,海外营销策略,,DESKTOP,,0,1,0.0,89.0,query_device,2026-07-27 13:01:16
29782,2026-07-27,2025-05-03,海外营销运营,,DESKTOP,,0,7,0.0,62.0,query_device,2026-07-27 13:01:16
29783,2026-07-27,2025-05-03,点击率,,DESKTOP,,0,5,0.0,59.2,query_device,2026-07-27 13:01:16
29784,2026-07-27,2025-05-03,点击率怎么算,,DESKTOP,,0,1,0.0,60.0,query_device,2026-07-27 13:01:16
29785,2026-07-27,2025-05-03,点击率怎么算,,MOBILE,,0,1,0.0,67.0,query_device,2026-07-27 13:01:16
29786,2026-07-27,2025-05-03,独立 站,,DESKTOP,,0,2,0.0,69.0,query_device,2026-07-27 13:01:16
29787,2026-07-27,2025-05-03,独立站,,DESKTOP,,0,2,0.0,75.5,query_device,2026-07-27 13:01:16
29788,2026-07-27,2025-05-03,独立站,,MOBILE,,0,1,0.0,74.0,query_device,2026-07-27 13:01:16
29789,2026-07-27,2025-05-03,独立站fb投放,,DESKTOP,,0,44,0.0,85.20454545454545,query_device,2026-07-27 13:01:16
29790,2026-07-27,2025-05-03,独立站推广渠道,,DESKTOP,,0,3,0.0,80.66666666666667,query_device,2026-07-27 13:01:16
29791,2026-07-27,2025-05-03,独立站选品,,DESKTOP,,0,4,0.0,45.25,query_device,2026-07-27 13:01:16
29792,2026-07-27,2025-05-03,独立站选品,,MOBILE,,0,2,0.0,39.0,query_device,2026-07-27 13:01:16
29793,2026-07-27,2025-05-03,独立站选品思路,,DESKTOP,,0,1,0.0,27.0,query_device,2026-07-27 13:01:16
29794,2026-07-27,2025-05-03,獨立站收款,,DESKTOP,,0,37,0.0,82.32432432432432,query_device,2026-07-27 13:01:16
29795,2026-07-27,2025-05-03,產品生命週期管理,,DESKTOP,,0,6,0.0,87.33333333333333,query_device,2026-07-27 13:01:16
29796,2026-07-27,2025-05-03,產品生命週期管理,,MOBILE,,0,14,0.0,88.07142857142857,query_device,2026-07-27 13:01:16
29797,2026-07-27,2025-05-03,用excel表格做图表,,DESKTOP,,0,2,0.0,22.0,query_device,2026-07-27 13:01:16
29798,2026-07-27,2025-05-03,用戶參與度,,MOBILE,,0,16,0.0,83.875,query_device,2026-07-27 13:01:16
29799,2026-07-27,2025-05-03,用户关注转化率怎么计算？,,DESKTOP,,0,2,0.0,27.5,query_device,2026-07-27 13:01:16
29800,2026-07-27,2025-05-03,矩阵图,,DESKTOP,,0,5,0.0,20.0,query_device,2026-07-27 13:01:16
29801,2026-07-27,2025-05-03,矩阵图,,MOBILE,,0,1,0.0,23.0,query_device,2026-07-27 13:01:16
29802,2026-07-27,2025-05-03,矩陣圖,,DESKTOP,,0,5,0.0,42.4,query_device,2026-07-27 13:01:16
29803,2026-07-27,2025-05-03,社交媒体整合营销 案例,,DESKTOP,,0,2,0.0,9.5,query_device,2026-07-27 13:01:16
29804,2026-07-27,2025-05-03,社媒运营,,DESKTOP,,0,1,0.0,39.0,query_device,2026-07-27 13:01:16
29805,2026-07-27,2025-05-03,移动优先索引 优化方法,,DESKTOP,,0,1,0.0,6.0,query_device,2026-07-27 13:01:16
29806,2026-07-27,2025-05-03,移动优先索引优化,,DESKTOP,,0,1,0.0,3.0,query_device,2026-07-27 13:01:16
29807,2026-07-27,2025-05-03,網站推廣,,DESKTOP,,0,1,0.0,68.0,query_device,2026-07-27 13:01:16
29808,2026-07-27,2025-05-03,线上推广seo sem,,DESKTOP,,0,7,0.0,80.57142857142857,query_device,2026-07-27 13:01:16
29809,2026-07-27,2025-05-03,线上推广seo sem,,MOBILE,,0,1,0.0,75.0,query_device,2026-07-27 13:01:16
29810,2026-07-27,2025-05-03,给客户展示衡量标准,,DESKTOP,,0,27,0.0,70.74074074074075,query_device,2026-07-27 13:01:16
29811,2026-07-27,2025-05-03,网站广告报价,,DESKTOP,,0,6,0.0,58.5,query_device,2026-07-27 13:01:16
29812,2026-07-27,2025-05-03,网站广告报价,,MOBILE,,0,4,0.0,53.5,query_device,2026-07-27 13:01:16
29813,2026-07-27,2025-05-03,网络广告的类型,,DESKTOP,,0,1,0.0,97.0,query_device,2026-07-27 13:01:16
29814,2026-07-27,2025-05-03,网络广告类型,,DESKTOP,,0,3,0.0,99.0,query_device,2026-07-27 13:01:16
29815,2026-07-27,2025-05-03,美国产品广告调色,,DESKTOP,,0,31,0.0,23.483870967741936,query_device,2026-07-27 13:01:16
29816,2026-07-27,2025-05-03,自動化廣告,,DESKTOP,,0,14,0.0,47.857142857142854,query_device,2026-07-27 13:01:16
29817,2026-07-27,2025-05-03,自動化廣告,,MOBILE,,0,5,0.0,45.6,query_device,2026-07-27 13:01:16
29818,2026-07-27,2025-05-03,自然语言处理 seo关键词匹配,,DESKTOP,,0,1,0.0,9.0,query_device,2026-07-27 13:01:16
29819,2026-07-27,2025-05-03,色彩心理学在广告中的应用,,DESKTOP,,0,22,0.0,72.4090909090909,query_device,2026-07-27 13:01:16
29820,2026-07-27,2025-05-03,英国最佳加密货币交易所,,MOBILE,,0,8,0.0,46.75,query_device,2026-07-27 13:01:16
29821,2026-07-27,2025-05-03,营销目标,,DESKTOP,,0,2,0.0,98.5,query_device,2026-07-27 13:01:16
29822,2026-07-27,2025-05-03,营销组合,,DESKTOP,,0,47,0.0,56.40425531914894,query_device,2026-07-27 13:01:16
29823,2026-07-27,2025-05-03,营销者可以使用当前的哪两种无关键字广告系列类型来增加额外覆盖的人数？,,DESKTOP,,0,1,0.0,6.0,query_device,2026-07-27 13:01:16
29824,2026-07-27,2025-05-03,营销者如何预测采纳建议对其优化得分的影响？,,DESKTOP,,0,3,0.0,8.333333333333332,query_device,2026-07-27 13:01:16
29825,2026-07-27,2025-05-03,衡量邮件营销效果的最终指标是,,DESKTOP,,0,1,0.0,88.0,query_device,2026-07-27 13:01:16
29826,2026-07-27,2025-05-03,被谷歌惩罚多久可以恢复,,DESKTOP,,0,7,0.0,32.14285714285714,query_device,2026-07-27 13:01:16
29827,2026-07-27,2025-05-03,訂單轉換率公式,,MOBILE,,0,1,0.0,89.0,query_device,2026-07-27 13:01:16
29828,2026-07-27,2025-05-03,词组匹配,,DESKTOP,,0,2,0.0,39.5,query_device,2026-07-27 13:01:16
29829,2026-07-27,2025-05-03,词组匹配,,MOBILE,,0,1,0.0,69.0,query_device,2026-07-27 13:01:16
29830,2026-07-27,2025-05-03,谷歌 优化 推广,,DESKTOP,,0,1,0.0,79.0,query_device,2026-07-27 13:01:16
29831,2026-07-27,2025-05-03,谷歌 图片 广告,,DESKTOP,,0,9,0.0,88.77777777777777,query_device,2026-07-27 13:01:16
29832,2026-07-27,2025-05-03,谷歌 展示 广告,,DESKTOP,,0,11,0.0,35.72727272727273,query_device,2026-07-27 13:01:16
29833,2026-07-27,2025-05-03,谷歌 广告 优化,,DESKTOP,,0,45,0.0,60.75555555555555,query_device,2026-07-27 13:01:16
29834,2026-07-27,2025-05-03,谷歌 广告 关键 词,,DESKTOP,,0,53,0.0,28.735849056603772,query_device,2026-07-27 13:01:16
29835,2026-07-27,2025-05-03,谷歌 广告 推广,,DESKTOP,,0,2,0.0,97.0,query_device,2026-07-27 13:01:16
29836,2026-07-27,2025-05-03,谷歌 推广 公司,,DESKTOP,,0,18,0.0,80.61111111111111,query_device,2026-07-27 13:01:16
29837,2026-07-27,2025-05-03,谷歌 竞价,,DESKTOP,,0,13,0.0,15.384615384615385,query_device,2026-07-27 13:01:16
29838,2026-07-27,2025-05-03,谷歌ads开户,,DESKTOP,,0,1,0.0,92.0,query_device,2026-07-27 13:01:16
29839,2026-07-27,2025-05-03,谷歌app广告,,DESKTOP,,0,1,0.0,37.0,query_device,2026-07-27 13:01:16
29840,2026-07-27,2025-05-03,谷歌app广告,,MOBILE,,0,1,0.0,39.0,query_device,2026-07-27 13:01:16
29841,2026-07-27,2025-05-03,谷歌cro优化,,DESKTOP,,0,14,0.0,77.14285714285714,query_device,2026-07-27 13:01:16
29842,2026-07-27,2025-05-03,谷歌gtm,,DESKTOP,,0,1,0.0,18.0,query_device,2026-07-27 13:01:16
29843,2026-07-27,2025-05-03,谷歌gtm是什么,,DESKTOP,,0,2,0.0,9.5,query_device,2026-07-27 13:01:16
29844,2026-07-27,2025-05-03,谷歌gtm是什么,,MOBILE,,0,1,0.0,7.0,query_device,2026-07-27 13:01:16
29845,2026-07-27,2025-05-03,谷歌mcc创建,,DESKTOP,,0,1,0.0,37.0,query_device,2026-07-27 13:01:16
29846,2026-07-27,2025-05-03,谷歌pmax和智能购物广告能同时投放吗,,DESKTOP,,0,38,0.0,31.94736842105263,query_device,2026-07-27 13:01:16
29847,2026-07-27,2025-05-03,谷歌ppc优化,,DESKTOP,,0,27,0.0,3.4814814814814814,query_device,2026-07-27 13:01:16
29848,2026-07-27,2025-05-03,谷歌sem,,DESKTOP,,0,3,0.0,79.0,query_device,2026-07-27 13:01:16
29849,2026-07-27,2025-05-03,谷歌sem,,MOBILE,,0,4,0.0,65.0,query_device,2026-07-27 13:01:16
29850,2026-07-27,2025-05-03,谷歌seo关键字排名,,DESKTOP,,0,1,0.0,83.0,query_device,2026-07-27 13:01:16
29851,2026-07-27,2025-05-03,谷歌seo推广,,DESKTOP,,0,1,0.0,59.0,query_device,2026-07-27 13:01:16
29852,2026-07-27,2025-05-03,谷歌seo推广,,MOBILE,,0,1,0.0,60.0,query_device,2026-07-27 13:01:16
29853,2026-07-27,2025-05-03,谷歌sheet,,DESKTOP,,0,3,0.0,21.666666666666668,query_device,2026-07-27 13:01:16
29854,2026-07-27,2025-05-03,谷歌shopping广告转化低怎么办,,DESKTOP,,0,8,0.0,35.875,query_device,2026-07-27 13:01:16
29855,2026-07-27,2025-05-03,谷歌关键字搜索量检查器,,DESKTOP,,0,27,0.0,79.25925925925925,query_device,2026-07-27 13:01:16
29856,2026-07-27,2025-05-03,谷歌关键字规划师,,DESKTOP,,0,5,0.0,39.8,query_device,2026-07-27 13:01:16
29857,2026-07-27,2025-05-03,谷歌关键字规划师,,MOBILE,,0,8,0.0,41.5,query_device,2026-07-27 13:01:16
29858,2026-07-27,2025-05-03,谷歌关键词广告,,DESKTOP,,0,30,0.0,50.333333333333336,query_device,2026-07-27 13:01:16
29859,2026-07-27,2025-05-03,谷歌关键词规划,,DESKTOP,,0,1,0.0,32.0,query_device,2026-07-27 13:01:16
29860,2026-07-27,2025-05-03,谷歌关键词规划工具,,DESKTOP,,0,2,0.0,39.0,query_device,2026-07-27 13:01:16
29861,2026-07-27,2025-05-03,谷歌关键词规划师,,DESKTOP,,0,1,0.0,42.0,query_device,2026-07-27 13:01:16
29862,2026-07-27,2025-05-03,谷歌关键词规划师,,MOBILE,,0,8,0.0,42.375,query_device,2026-07-27 13:01:16
29863,2026-07-27,2025-05-03,谷歌出海大讲堂,,DESKTOP,,0,10,0.0,9.9,query_device,2026-07-27 13:01:16
29864,2026-07-27,2025-05-03,谷歌地图推广,,DESKTOP,,0,3,0.0,51.666666666666664,query_device,2026-07-27 13:01:16
29865,2026-07-27,2025-05-03,谷歌地图推广,,MOBILE,,0,2,0.0,41.5,query_device,2026-07-27 13:01:16
29866,2026-07-27,2025-05-03,谷歌展示广告,,DESKTOP,,0,25,0.0,37.04,query_device,2026-07-27 13:01:16
29867,2026-07-27,2025-05-03,谷歌展示广告,,MOBILE,,0,21,0.0,36.61904761904762,query_device,2026-07-27 13:01:16
29868,2026-07-27,2025-05-03,谷歌广告专家,,DESKTOP,,0,6,0.0,57.666666666666664,query_device,2026-07-27 13:01:16
29869,2026-07-27,2025-05-03,谷歌广告优化,,DESKTOP,,0,55,0.0,48.8,query_device,2026-07-27 13:01:16
29870,2026-07-27,2025-05-03,谷歌广告优化,,MOBILE,,0,61,0.0,46.278688524590166,query_device,2026-07-27 13:01:16
29871,2026-07-27,2025-05-03,谷歌广告关键词,,DESKTOP,,0,2,0.0,13.0,query_device,2026-07-27 13:01:16
29872,2026-07-27,2025-05-03,谷歌广告关键词,,MOBILE,,0,1,0.0,17.0,query_device,2026-07-27 13:01:16
29873,2026-07-27,2025-05-03,谷歌广告开发者合作伙伴,,DESKTOP,,0,1,0.0,20.0,query_device,2026-07-27 13:01:16
29874,2026-07-27,2025-05-03,谷歌广告开户,,DESKTOP,,0,6,0.0,35.5,query_device,2026-07-27 13:01:16
29875,2026-07-27,2025-05-03,谷歌广告开户,,MOBILE,,0,18,0.0,37.44444444444444,query_device,2026-07-27 13:01:16
29876,2026-07-27,2025-05-03,谷歌广告投放价格,,MOBILE,,0,2,0.0,39.0,query_device,2026-07-27 13:01:16
29877,2026-07-27,2025-05-03,谷歌广告投放策略,,DESKTOP,,0,2,0.0,65.0,query_device,2026-07-27 13:01:16
29878,2026-07-27,2025-05-03,谷歌广告投放策略,,MOBILE,,0,2,0.0,74.5,query_device,2026-07-27 13:01:16
29879,2026-07-27,2025-05-03,谷歌广告拒登,,MOBILE,,0,2,0.0,24.5,query_device,2026-07-27 13:01:16
29880,2026-07-27,2025-05-03,谷歌广告推广,,DESKTOP,,0,5,0.0,92.6,query_device,2026-07-27 13:01:16
29881,2026-07-27,2025-05-03,谷歌广告政策,,DESKTOP,,0,1,0.0,20.0,query_device,2026-07-27 13:01:16
29882,2026-07-27,2025-05-03,谷歌广告政策,,MOBILE,,0,2,0.0,22.0,query_device,2026-07-27 13:01:16
29883,2026-07-27,2025-05-03,谷歌广告类型,,DESKTOP,,0,5,0.0,37.0,query_device,2026-07-27 13:01:16
29884,2026-07-27,2025-05-03,谷歌广告类型,,MOBILE,,0,2,0.0,38.5,query_device,2026-07-27 13:01:16
29885,2026-07-27,2025-05-03,谷歌广告编辑器,,DESKTOP,,0,1,0.0,13.0,query_device,2026-07-27 13:01:16
29886,2026-07-27,2025-05-03,谷歌广告认证,,DESKTOP,,0,3,0.0,21.0,query_device,2026-07-27 13:01:16
29887,2026-07-27,2025-05-03,谷歌广告赠金,,DESKTOP,,0,1,0.0,41.0,query_device,2026-07-27 13:01:16
29888,2026-07-27,2025-05-03,谷歌开户,,DESKTOP,,0,5,0.0,34.8,query_device,2026-07-27 13:01:16
29889,2026-07-27,2025-05-03,谷歌开户,,MOBILE,,0,10,0.0,36.4,query_device,2026-07-27 13:01:16
29890,2026-07-27,2025-05-03,谷歌技能学堂,,MOBILE,,0,1,0.0,27.0,query_device,2026-07-27 13:01:16
29891,2026-07-27,2025-05-03,谷歌推广开户,,DESKTOP,,0,3,0.0,52.333333333333336,query_device,2026-07-27 13:01:16
29892,2026-07-27,2025-05-03,谷歌搜索控制台,,DESKTOP,,0,36,0.0,30.36111111111111,query_device,2026-07-27 13:01:16
29893,2026-07-27,2025-05-03,谷歌搜索控制台,,MOBILE,,0,1,0.0,36.0,query_device,2026-07-27 13:01:16
29894,2026-07-27,2025-05-03,谷歌搜索推特内容,,DESKTOP,,0,3,0.0,79.33333333333333,query_device,2026-07-27 13:01:16
29895,2026-07-27,2025-05-03,谷歌搜索预测怎么关,,DESKTOP,,0,1,0.0,51.0,query_device,2026-07-27 13:01:16
29896,2026-07-27,2025-05-03,谷歌独立站,,DESKTOP,,0,4,0.0,53.25,query_device,2026-07-27 13:01:16
29897,2026-07-27,2025-05-03,谷歌独立站,,MOBILE,,0,2,0.0,51.0,query_device,2026-07-27 13:01:16
29898,2026-07-27,2025-05-03,谷歌独立站是什么,,DESKTOP,,0,1,0.0,38.0,query_device,2026-07-27 13:01:16
29899,2026-07-27,2025-05-03,谷歌站长指南,,DESKTOP,,0,1,0.0,52.0,query_device,2026-07-27 13:01:16
29900,2026-07-27,2025-05-03,谷歌竞价,,DESKTOP,,0,26,0.0,14.461538461538462,query_device,2026-07-27 13:01:16
29901,2026-07-27,2025-05-03,谷歌竞价,,MOBILE,,0,4,0.0,15.75,query_device,2026-07-27 13:01:16
29902,2026-07-27,2025-05-03,谷歌竞价广告,,DESKTOP,,0,5,0.0,31.8,query_device,2026-07-27 13:01:16
29903,2026-07-27,2025-05-03,谷歌竞价开户,,MOBILE,,0,4,0.0,6.5,query_device,2026-07-27 13:01:16
29904,2026-07-27,2025-05-03,谷歌网络推广,,DESKTOP,,0,14,0.0,79.5,query_device,2026-07-27 13:01:16
29905,2026-07-27,2025-05-03,谷歌购物广告,,DESKTOP,,0,9,0.0,39.111111111111114,query_device,2026-07-27 13:01:16
29906,2026-07-27,2025-05-03,谷歌购物广告,,MOBILE,,0,1,0.0,43.0,query_device,2026-07-27 13:01:16
29907,2026-07-27,2025-05-03,谷歌购物广告如何出价,,DESKTOP,,0,63,0.0,23.396825396825395,query_device,2026-07-27 13:01:16
29908,2026-07-27,2025-05-03,谷歌购物广告如何出价,,MOBILE,,0,1,0.0,24.0,query_device,2026-07-27 13:01:16
29909,2026-07-27,2025-05-03,谷歌购物广告怎么开,,DESKTOP,,0,65,0.0,30.984615384615385,query_device,2026-07-27 13:01:16
29910,2026-07-27,2025-05-03,谷歌购物广告怎么投,,DESKTOP,,0,59,0.0,53.47457627118644,query_device,2026-07-27 13:01:16
29911,2026-07-27,2025-05-03,谷歌赞助商广告,,MOBILE,,0,2,0.0,16.5,query_device,2026-07-27 13:01:16
29912,2026-07-27,2025-05-03,购物 广告,,DESKTOP,,0,31,0.0,53.225806451612904,query_device,2026-07-27 13:01:16
29913,2026-07-27,2025-05-03,购物 广告,,MOBILE,,0,6,0.0,65.0,query_device,2026-07-27 13:01:16
29914,2026-07-27,2025-05-03,购物广告出价方式,,DESKTOP,,0,57,0.0,40.54385964912281,query_device,2026-07-27 13:01:16
29915,2026-07-27,2025-05-03,购物广告用哪个出价,,DESKTOP,,0,60,0.0,47.63333333333333,query_device,2026-07-27 13:01:16
29916,2026-07-27,2025-05-03,购物广告用哪个出价,,MOBILE,,0,1,0.0,52.0,query_device,2026-07-27 13:01:16
29917,2026-07-27,2025-05-03,跟踪参数,,DESKTOP,,0,2,0.0,95.5,query_device,2026-07-27 13:01:16
29918,2026-07-27,2025-05-03,跨境seo,,DESKTOP,,0,7,0.0,80.0,query_device,2026-07-27 13:01:16
29919,2026-07-27,2025-05-03,跨境电商广告,,DESKTOP,,0,2,0.0,79.5,query_device,2026-07-27 13:01:16
29920,2026-07-27,2025-05-03,跨境电商广告投放,,DESKTOP,,0,46,0.0,80.5,query_device,2026-07-27 13:01:16
29921,2026-07-27,2025-05-03,跨境电商推广,,DESKTOP,,0,5,0.0,54.2,query_device,2026-07-27 13:01:16
29922,2026-07-27,2025-05-03,跳出 率,,DESKTOP,,0,45,0.0,86.75555555555556,query_device,2026-07-27 13:01:16
29923,2026-07-27,2025-05-03,跳出 率,,MOBILE,,0,83,0.0,92.3855421686747,query_device,2026-07-27 13:01:16
29924,2026-07-27,2025-05-03,跳出率,,DESKTOP,,0,37,0.0,90.86486486486487,query_device,2026-07-27 13:01:16
29925,2026-07-27,2025-05-03,跳出率,,MOBILE,,0,55,0.0,96.03636363636363,query_device,2026-07-27 13:01:16
29926,2026-07-27,2025-05-03,轉換成本,,DESKTOP,,0,13,0.0,27.153846153846153,query_device,2026-07-27 13:01:16
29927,2026-07-27,2025-05-03,轉換成本,,MOBILE,,0,3,0.0,7.333333333333333,query_device,2026-07-27 13:01:16
29928,2026-07-27,2025-05-03,轉換成本是什麼,,DESKTOP,,0,5,0.0,11.0,query_device,2026-07-27 13:01:16
29929,2026-07-27,2025-05-03,轉換成本是什麼,,MOBILE,,0,3,0.0,11.333333333333334,query_device,2026-07-27 13:01:16
29930,2026-07-27,2025-05-03,轉換率算法,,DESKTOP,,0,4,0.0,95.75,query_device,2026-07-27 13:01:16
29931,2026-07-27,2025-05-03,轉換率算法,,MOBILE,,0,3,0.0,94.0,query_device,2026-07-27 13:01:16
29932,2026-07-27,2025-05-03,转化率怎么算,,DESKTOP,,0,1,0.0,45.0,query_device,2026-07-27 13:01:16
29933,2026-07-27,2025-05-03,转化率怎么计算,,DESKTOP,,0,1,0.0,86.0,query_device,2026-07-27 13:01:16
29934,2026-07-27,2025-05-03,转化率怎么计算,,MOBILE,,0,1,0.0,92.0,query_device,2026-07-27 13:01:16
29935,2026-07-27,2025-05-03,转换成本,,DESKTOP,,0,6,0.0,4.5,query_device,2026-07-27 13:01:16
29936,2026-07-27,2025-05-03,转换成本,,MOBILE,,0,6,0.0,5.166666666666667,query_device,2026-07-27 13:01:16
29937,2026-07-27,2025-05-03,选包颜色心理学,,DESKTOP,,0,33,0.0,24.242424242424242,query_device,2026-07-27 13:01:16
29938,2026-07-27,2025-05-03,通过什么方式找到关键词,,DESKTOP,,0,7,0.0,93.42857142857143,query_device,2026-07-27 13:01:16
29939,2026-07-27,2025-05-03,里克特是量表,,DESKTOP,,0,1,0.0,57.0,query_device,2026-07-27 13:01:16
29940,2026-07-27,2025-05-03,關鍵字價格查詢,,DESKTOP,,0,1,0.0,97.0,query_device,2026-07-27 13:01:16
29941,2026-07-27,2025-05-03,雙y軸,,DESKTOP,,0,3,0.0,34.666666666666664,query_device,2026-07-27 13:01:16
29942,2026-07-27,2025-05-03,雙軸圖,,DESKTOP,,0,1,0.0,43.0,query_device,2026-07-27 13:01:16
29943,2026-07-27,2025-05-03,靜態,,DESKTOP,,0,1,0.0,87.0,query_device,2026-07-27 13:01:16
29944,2026-07-27,2025-05-03,顾客价值,,DESKTOP,,0,1,0.0,93.0,query_device,2026-07-27 13:01:16
29945,2026-07-27,2025-05-03,顾客满意度和流失率是什么指标,,DESKTOP,,0,17,0.0,87.23529411764706,query_device,2026-07-27 13:01:16
29946,2026-07-27,2025-05-03,顾客满意度的kpi,,DESKTOP,,0,33,0.0,22.03030303030303,query_device,2026-07-27 13:01:16
29947,2026-07-27,2025-05-03,领英广告,,DESKTOP,,0,1,0.0,79.0,query_device,2026-07-27 13:01:16
29948,2026-07-27,2025-05-03,领英注册不了,,DESKTOP,,0,2,0.0,11.5,query_device,2026-07-27 13:01:16
29949,2026-07-27,2025-05-03,领英电脑版下载,,DESKTOP,,0,1,0.0,29.0,query_device,2026-07-27 13:01:16
29950,2026-07-27,2025-05-03,颜色心理学与消费,,DESKTOP,,0,31,0.0,46.38709677419355,query_device,2026-07-27 13:01:16
29951,2026-07-27,2025-05-03,點擊付費,,DESKTOP,,0,5,0.0,75.4,query_device,2026-07-27 13:01:16
2946,2026-07-27,2025-04-03,advich group limited,,DESKTOP,,6,26,0.23076923076923078,2.3461538461538463,query_device,2026-07-27 13:01:00
2947,2026-07-27,2025-04-03,桑基圖excel,,DESKTOP,,4,25,0.16,4.04,query_device,2026-07-27 13:01:00
2948,2026-07-27,2025-04-03,excel三軸圖,,DESKTOP,,3,20,0.15,3.8,query_device,2026-07-27 13:01:00
2949,2026-07-27,2025-04-03,excel 桑基图,,DESKTOP,,2,10,0.2,3.6,query_device,2026-07-27 13:01:00
2950,2026-07-27,2025-04-03,reddit广告投放,,DESKTOP,,2,2,1.0,12.5,query_device,2026-07-27 13:01:00
2951,2026-07-27,2025-04-03,tiktok代投,,DESKTOP,,2,24,0.08333333333333333,3.9583333333333335,query_device,2026-07-27 13:01:00
2952,2026-07-27,2025-04-03,桑基图excel,,DESKTOP,,2,32,0.0625,3.25,query_device,2026-07-27 13:01:00
2953,2026-07-27,2025-04-03,桑基圖excel,,MOBILE,,2,18,0.1111111111111111,3.9444444444444446,query_device,2026-07-27 13:01:00
2954,2026-07-27,2025-04-03,江苏未迟数字技术有限公司,,DESKTOP,,2,18,0.1111111111111111,2.2222222222222223,query_device,2026-07-27 13:01:00
2955,2026-07-27,2025-04-03,advich,,MOBILE,,1,20,0.05,6.15,query_device,2026-07-27 13:01:00
2956,2026-07-27,2025-04-03,fb代投,,DESKTOP,,1,4,0.25,73.25,query_device,2026-07-27 13:01:00
2957,2026-07-27,2025-04-03,google ads编辑器,,DESKTOP,,1,2,0.5,16.5,query_device,2026-07-27 13:01:00
2958,2026-07-27,2025-04-03,youtube付费推广,,MOBILE,,1,4,0.25,17.0,query_device,2026-07-27 13:01:00
2959,2026-07-27,2025-04-03,对于此搜索而言，您广告的广告评级较低。,,DESKTOP,,1,6,0.16666666666666666,10.0,query_device,2026-07-27 13:01:00
2960,2026-07-27,2025-04-03,李克特量表excel,,DESKTOP,,1,10,0.1,6.7,query_device,2026-07-27 13:01:00
2961,2026-07-27,2025-04-03,李克特量表excel,,MOBILE,,1,2,0.5,3.5,query_device,2026-07-27 13:01:00
2962,2026-07-27,2025-04-03,李克特量表分析方法,,DESKTOP,,1,17,0.058823529411764705,8.882352941176471,query_device,2026-07-27 13:01:00
2963,2026-07-27,2025-04-03,李克特量表范例,,DESKTOP,,1,6,0.16666666666666666,7.833333333333333,query_device,2026-07-27 13:01:00
2964,2026-07-27,2025-04-03,桑基圖製作,,DESKTOP,,1,3,0.3333333333333333,14.666666666666666,query_device,2026-07-27 13:01:00
2965,2026-07-27,2025-04-03,谷歌竞价,,DESKTOP,,1,33,0.030303030303030304,16.090909090909093,query_device,2026-07-27 13:01:00
2966,2026-07-27,2025-04-03,3 axis chart in excel,,DESKTOP,,0,1,0.0,68.0,query_device,2026-07-27 13:01:00
2967,2026-07-27,2025-04-03,3 axis graph excel,,DESKTOP,,0,2,0.0,61.0,query_device,2026-07-27 13:01:00
2968,2026-07-27,2025-04-03,3 axis plot excel,,DESKTOP,,0,1,0.0,63.0,query_device,2026-07-27 13:01:00
2969,2026-07-27,2025-04-03,3軸 グラフ エクセル,,DESKTOP,,0,1,0.0,87.0,query_device,2026-07-27 13:01:00
2970,2026-07-27,2025-04-03,5點量表,,TABLET,,0,1,0.0,11.0,query_device,2026-07-27 13:01:00
2971,2026-07-27,2025-04-03,a/b测试,,DESKTOP,,0,4,0.0,89.75,query_device,2026-07-27 13:01:00
2972,2026-07-27,2025-04-03,ab测试,,DESKTOP,,0,2,0.0,6.0,query_device,2026-07-27 13:01:00
2973,2026-07-27,2025-04-03,ads editor,,DESKTOP,,0,1,0.0,19.0,query_device,2026-07-27 13:01:00
2974,2026-07-27,2025-04-03,advich,,DESKTOP,,0,12,0.0,7.916666666666667,query_device,2026-07-27 13:01:00
2975,2026-07-27,2025-04-03,advich group limited,,MOBILE,,0,8,0.0,4.25,query_device,2026-07-27 13:01:00
2976,2026-07-27,2025-04-03,adweb,,DESKTOP,,0,2,0.0,33.5,query_device,2026-07-27 13:01:00
2977,2026-07-27,2025-04-03,adwords代理,,DESKTOP,,0,28,0.0,71.53571428571429,query_device,2026-07-27 13:01:00
2978,2026-07-27,2025-04-03,aida是什麼,,DESKTOP,,0,2,0.0,81.5,query_device,2026-07-27 13:01:00
2979,2026-07-27,2025-04-03,android twitter 4k,,MOBILE,,0,2,0.0,8.0,query_device,2026-07-27 13:01:00
2980,2026-07-27,2025-04-03,ansoff 矩陣,,DESKTOP,,0,1,0.0,69.0,query_device,2026-07-27 13:01:00
2981,2026-07-27,2025-04-03,ansoff矩陣,,DESKTOP,,0,1,0.0,62.0,query_device,2026-07-27 13:01:00
2982,2026-07-27,2025-04-03,apa itu tam sam som,,DESKTOP,,0,1,0.0,72.0,query_device,2026-07-27 13:01:00
2983,2026-07-27,2025-04-03,auction insights google ads,,DESKTOP,,0,1,0.0,94.0,query_device,2026-07-27 13:01:00
2984,2026-07-27,2025-04-03,b2b独立站,,DESKTOP,,0,7,0.0,63.857142857142854,query_device,2026-07-27 13:01:00
2985,2026-07-27,2025-04-03,bert模型 seo关键词优化,,DESKTOP,,0,15,0.0,7.333333333333333,query_device,2026-07-27 13:01:00
2986,2026-07-27,2025-04-03,bing remarketing,,MOBILE,,0,1,0.0,98.0,query_device,2026-07-27 13:01:00
2987,2026-07-27,2025-04-03,bing 广告,,DESKTOP,,0,1,0.0,11.0,query_device,2026-07-27 13:01:00
2988,2026-07-27,2025-04-03,bing 廣告,,MOBILE,,0,1,0.0,40.0,query_device,2026-07-27 13:01:00
2989,2026-07-27,2025-04-03,bing广告,,DESKTOP,,0,5,0.0,23.6,query_device,2026-07-27 13:01:00
2990,2026-07-27,2025-04-03,bing广告,,MOBILE,,0,5,0.0,21.0,query_device,2026-07-27 13:01:00
2991,2026-07-27,2025-04-03,bing廣告,,DESKTOP,,0,13,0.0,34.38461538461539,query_device,2026-07-27 13:01:00
2992,2026-07-27,2025-04-03,bing廣告,,MOBILE,,0,10,0.0,40.6,query_device,2026-07-27 13:01:00
2993,2026-07-27,2025-04-03,box and whisker plot google sheets,,DESKTOP,,0,5,0.0,94.8,query_device,2026-07-27 13:01:00
2994,2026-07-27,2025-04-03,business manager,,DESKTOP,,0,2,0.0,87.5,query_device,2026-07-27 13:01:00
2995,2026-07-27,2025-04-03,business manager,,MOBILE,,0,2,0.0,71.0,query_device,2026-07-27 13:01:00
2996,2026-07-27,2025-04-03,business manager facebook,,DESKTOP,,0,1,0.0,32.0,query_device,2026-07-27 13:01:00
2997,2026-07-27,2025-04-03,case data studio,,DESKTOP,,0,1,0.0,60.0,query_device,2026-07-27 13:01:00
2998,2026-07-27,2025-04-03,case when data studio,,DESKTOP,,0,1,0.0,58.0,query_device,2026-07-27 13:01:00
2999,2026-07-27,2025-04-03,chartexpo for excel,,DESKTOP,,0,1,0.0,34.0,query_device,2026-07-27 13:01:00
3000,2026-07-27,2025-04-03,chartexpo free,,DESKTOP,,0,1,0.0,36.0,query_device,2026-07-27 13:01:00
3001,2026-07-27,2025-04-03,clickshare google ads,,DESKTOP,,0,6,0.0,74.83333333333333,query_device,2026-07-27 13:01:00
3002,2026-07-27,2025-04-03,clickshare google ads,,MOBILE,,0,2,0.0,97.0,query_device,2026-07-27 13:01:00
3003,2026-07-27,2025-04-03,clv,,DESKTOP,,0,2,0.0,25.0,query_device,2026-07-27 13:01:00
3004,2026-07-27,2025-04-03,clv ltv,,DESKTOP,,0,2,0.0,11.0,query_device,2026-07-27 13:01:00
3005,2026-07-27,2025-04-03,clv是什么,,DESKTOP,,0,1,0.0,19.0,query_device,2026-07-27 13:01:00
3006,2026-07-27,2025-04-03,cpc google ads,,DESKTOP,,0,2,0.0,97.0,query_device,2026-07-27 13:01:00
3007,2026-07-27,2025-04-03,cpc 計算,,DESKTOP,,0,1,0.0,38.0,query_device,2026-07-27 13:01:00
3008,2026-07-27,2025-04-03,cpc广告,,DESKTOP,,0,4,0.0,62.0,query_device,2026-07-27 13:01:00
3009,2026-07-27,2025-04-03,cpc广告,,MOBILE,,0,3,0.0,58.333333333333336,query_device,2026-07-27 13:01:00
3010,2026-07-27,2025-04-03,cpc怎么算,,DESKTOP,,0,3,0.0,46.333333333333336,query_device,2026-07-27 13:01:00
3011,2026-07-27,2025-04-03,cpc怎么算,,MOBILE,,0,2,0.0,54.5,query_device,2026-07-27 13:01:00
3012,2026-07-27,2025-04-03,cpc是什么,,DESKTOP,,0,1,0.0,88.0,query_device,2026-07-27 13:01:00
3013,2026-07-27,2025-04-03,cpc点击成本行业均值,,DESKTOP,,0,29,0.0,3.896551724137931,query_device,2026-07-27 13:01:00
3014,2026-07-27,2025-04-03,cpe 廣告,,DESKTOP,,0,2,0.0,47.5,query_device,2026-07-27 13:01:00
3015,2026-07-27,2025-04-03,cpe怎么算,,DESKTOP,,0,1,0.0,24.0,query_device,2026-07-27 13:01:00
3016,2026-07-27,2025-04-03,cpe怎么算,,MOBILE,,0,1,0.0,22.0,query_device,2026-07-27 13:01:00
3017,2026-07-27,2025-04-03,cpm,,DESKTOP,,0,1,0.0,13.0,query_device,2026-07-27 13:01:00
3018,2026-07-27,2025-04-03,cpm for google ads,,MOBILE,,0,1,0.0,60.0,query_device,2026-07-27 13:01:00
3019,2026-07-27,2025-04-03,cpm google ads,,DESKTOP,,0,4,0.0,70.0,query_device,2026-07-27 13:01:00
3020,2026-07-27,2025-04-03,cpm 意思,,DESKTOP,,0,1,0.0,69.0,query_device,2026-07-27 13:01:00
3021,2026-07-27,2025-04-03,cpm什么意思,,DESKTOP,,0,2,0.0,36.5,query_device,2026-07-27 13:01:00
3022,2026-07-27,2025-04-03,cpm如何计算,,DESKTOP,,0,1,0.0,90.0,query_device,2026-07-27 13:01:00
3023,2026-07-27,2025-04-03,cpm意思,,DESKTOP,,0,1,0.0,66.0,query_device,2026-07-27 13:01:00
3024,2026-07-27,2025-04-03,cpm是什么,,DESKTOP,,0,6,0.0,44.333333333333336,query_device,2026-07-27 13:01:00
3025,2026-07-27,2025-04-03,cpm是什么,,MOBILE,,0,4,0.0,52.5,query_device,2026-07-27 13:01:00
3026,2026-07-27,2025-04-03,cpm是什么意思,,DESKTOP,,0,8,0.0,52.125,query_device,2026-07-27 13:01:00
3027,2026-07-27,2025-04-03,cpm是什么意思,,MOBILE,,0,3,0.0,57.333333333333336,query_device,2026-07-27 13:01:00
3028,2026-07-27,2025-04-03,ctr,,DESKTOP,,0,4,0.0,72.25,query_device,2026-07-27 13:01:00
3029,2026-07-27,2025-04-03,ctr 公式,,DESKTOP,,0,1,0.0,52.0,query_device,2026-07-27 13:01:00
3030,2026-07-27,2025-04-03,ctr 公式,,MOBILE,,0,1,0.0,70.0,query_device,2026-07-27 13:01:00
3031,2026-07-27,2025-04-03,ctr 定义,,DESKTOP,,0,13,0.0,10.307692307692308,query_device,2026-07-27 13:01:00
3032,2026-07-27,2025-04-03,ctr 平均,,DESKTOP,,0,2,0.0,78.0,query_device,2026-07-27 13:01:00
3033,2026-07-27,2025-04-03,ctr 意思,,DESKTOP,,0,2,0.0,65.0,query_device,2026-07-27 13:01:00
3034,2026-07-27,2025-04-03,ctr 意思,,MOBILE,,0,1,0.0,64.0,query_device,2026-07-27 13:01:00
3035,2026-07-27,2025-04-03,ctr 是 什么,,DESKTOP,,0,1,0.0,85.0,query_device,2026-07-27 13:01:00
3036,2026-07-27,2025-04-03,ctr 是什么,,DESKTOP,,0,1,0.0,87.0,query_device,2026-07-27 13:01:00
3037,2026-07-27,2025-04-03,ctr是什么,,DESKTOP,,0,10,0.0,54.3,query_device,2026-07-27 13:01:00
3038,2026-07-27,2025-04-03,ctr是什么,,MOBILE,,0,5,0.0,57.4,query_device,2026-07-27 13:01:00
3039,2026-07-27,2025-04-03,ctr是什么意思,,DESKTOP,,0,7,0.0,49.142857142857146,query_device,2026-07-27 13:01:00
3040,2026-07-27,2025-04-03,ctr是什么意思,,MOBILE,,0,2,0.0,56.0,query_device,2026-07-27 13:01:00
3041,2026-07-27,2025-04-03,ctr是什么指标,,DESKTOP,,0,1,0.0,78.0,query_device,2026-07-27 13:01:00
3042,2026-07-27,2025-04-03,ctr是什麼,,DESKTOP,,0,2,0.0,58.0,query_device,2026-07-27 13:01:00
3043,2026-07-27,2025-04-03,custom intent google ads,,DESKTOP,,0,1,0.0,83.0,query_device,2026-07-27 13:01:00
3044,2026-07-27,2025-04-03,definition of imc,,DESKTOP,,0,1,0.0,2.0,query_device,2026-07-27 13:01:00
3045,2026-07-27,2025-04-03,destination mismatch,,DESKTOP,,0,1,0.0,51.0,query_device,2026-07-27 13:01:00
3046,2026-07-27,2025-04-03,dot plot google sheets,,DESKTOP,,0,6,0.0,49.666666666666664,query_device,2026-07-27 13:01:00
3047,2026-07-27,2025-04-03,dot plot in google sheets,,DESKTOP,,0,1,0.0,54.0,query_device,2026-07-27 13:01:00
3048,2026-07-27,2025-04-03,dot plot on google sheets,,DESKTOP,,0,2,0.0,51.5,query_device,2026-07-27 13:01:00
3049,2026-07-27,2025-04-03,dsa google,,DESKTOP,,0,1,0.0,35.0,query_device,2026-07-27 13:01:00
3050,2026-07-27,2025-04-03,dsa google,,MOBILE,,0,1,0.0,65.0,query_device,2026-07-27 13:01:00
3051,2026-07-27,2025-04-03,dsa廣告,,DESKTOP,,0,1,0.0,31.0,query_device,2026-07-27 13:01:00
3052,2026-07-27,2025-04-03,dsp ssp,,DESKTOP,,0,4,0.0,56.75,query_device,2026-07-27 13:01:00
3053,2026-07-27,2025-04-03,dsp ssp,,MOBILE,,0,19,0.0,48.473684210526315,query_device,2026-07-27 13:01:00
3054,2026-07-27,2025-04-03,dsp 廣告,,DESKTOP,,0,1,0.0,87.0,query_device,2026-07-27 13:01:00
3055,2026-07-27,2025-04-03,dsp广告,,DESKTOP,,0,2,0.0,97.5,query_device,2026-07-27 13:01:00
3056,2026-07-27,2025-04-03,dsp广告,,MOBILE,,0,1,0.0,97.0,query_device,2026-07-27 13:01:00
3057,2026-07-27,2025-04-03,dsp廣告,,DESKTOP,,0,1,0.0,87.0,query_device,2026-07-27 13:01:00
3058,2026-07-27,2025-04-03,dsp是什么,,DESKTOP,,0,1,0.0,1.0,query_device,2026-07-27 13:01:00
3059,2026-07-27,2025-04-03,dtc增长,,DESKTOP,,0,24,0.0,40.416666666666664,query_device,2026-07-27 13:01:00
3060,2026-07-27,2025-04-03,duckduckgo 替代,,DESKTOP,,0,18,0.0,79.22222222222223,query_device,2026-07-27 13:01:00
3061,2026-07-27,2025-04-03,eda数据分析,,DESKTOP,,0,1,0.0,59.0,query_device,2026-07-27 13:01:00
3062,2026-07-27,2025-04-03,eda資料分析,,MOBILE,,0,2,0.0,60.5,query_device,2026-07-27 13:01:00
3063,2026-07-27,2025-04-03,excel 3 axis chart,,DESKTOP,,0,1,0.0,76.0,query_device,2026-07-27 13:01:00
3064,2026-07-27,2025-04-03,excel 3軸,,DESKTOP,,0,2,0.0,85.0,query_device,2026-07-27 13:01:00
3065,2026-07-27,2025-04-03,excel 3軸 グラフ,,DESKTOP,,0,3,0.0,88.33333333333333,query_device,2026-07-27 13:01:00
3066,2026-07-27,2025-04-03,excel chart with 3 axis,,DESKTOP,,0,1,0.0,52.0,query_device,2026-07-27 13:01:00
3067,2026-07-27,2025-04-03,excel sunburst,,DESKTOP,,0,2,0.0,57.5,query_device,2026-07-27 13:01:00
3068,2026-07-27,2025-04-03,excel sunburst diagramm,,DESKTOP,,0,2,0.0,60.5,query_device,2026-07-27 13:01:00
3069,2026-07-27,2025-04-03,excel third axis,,DESKTOP,,0,1,0.0,65.0,query_device,2026-07-27 13:01:00
3070,2026-07-27,2025-04-03,excel three axis graph,,DESKTOP,,0,1,0.0,67.0,query_device,2026-07-27 13:01:00
3071,2026-07-27,2025-04-03,excel グラフ 3軸,,DESKTOP,,0,31,0.0,78.41935483870968,query_device,2026-07-27 13:01:00
3072,2026-07-27,2025-04-03,excel グラフ 3軸,,MOBILE,,0,35,0.0,77.48571428571428,query_device,2026-07-27 13:01:00
3073,2026-07-27,2025-04-03,excel 三軸,,DESKTOP,,0,5,0.0,4.0,query_device,2026-07-27 13:01:00
3074,2026-07-27,2025-04-03,excel 三軸,,MOBILE,,0,1,0.0,4.0,query_device,2026-07-27 13:01:00
3075,2026-07-27,2025-04-03,excel 折线图 双y轴,,DESKTOP,,0,1,0.0,15.0,query_device,2026-07-27 13:01:00
3076,2026-07-27,2025-04-03,excel 数据分析,,DESKTOP,,0,20,0.0,49.2,query_device,2026-07-27 13:01:00
3077,2026-07-27,2025-04-03,excel 數據 分析,,DESKTOP,,0,1,0.0,61.0,query_device,2026-07-27 13:01:00
3078,2026-07-27,2025-04-03,excel 數據分析,,DESKTOP,,0,1,0.0,70.0,query_device,2026-07-27 13:01:00
3079,2026-07-27,2025-04-03,excel 雙y軸,,DESKTOP,,0,1,0.0,31.0,query_device,2026-07-27 13:01:00
3080,2026-07-27,2025-04-03,excel三軸圖,,MOBILE,,0,7,0.0,3.5714285714285716,query_device,2026-07-27 13:01:00
3081,2026-07-27,2025-04-03,excel双y轴折线图,,DESKTOP,,0,2,0.0,11.0,query_device,2026-07-27 13:01:00
3082,2026-07-27,2025-04-03,excel雙y軸,,DESKTOP,,0,4,0.0,35.75,query_device,2026-07-27 13:01:00
3083,2026-07-27,2025-04-03,excel雙y軸長條圖,,DESKTOP,,0,2,0.0,10.0,query_device,2026-07-27 13:01:00
3084,2026-07-27,2025-04-03,facebook business manager,,DESKTOP,,0,29,0.0,45.06896551724138,query_device,2026-07-27 13:01:00
3085,2026-07-27,2025-04-03,facebook business manager,,MOBILE,,0,1,0.0,33.0,query_device,2026-07-27 13:01:00
3086,2026-07-27,2025-04-03,facebook manager,,DESKTOP,,0,2,0.0,36.5,query_device,2026-07-27 13:01:00
3087,2026-07-27,2025-04-03,facebook 广告 优化 技巧,,DESKTOP,,0,3,0.0,96.0,query_device,2026-07-27 13:01:00
3088,2026-07-27,2025-04-03,facebook 广告库,,DESKTOP,,0,1,0.0,76.0,query_device,2026-07-27 13:01:00
3089,2026-07-27,2025-04-03,facebook号码生成,,DESKTOP,,0,4,0.0,62.0,query_device,2026-07-27 13:01:00
3090,2026-07-27,2025-04-03,facebook广告代投,,DESKTOP,,0,3,0.0,21.0,query_device,2026-07-27 13:01:00
3091,2026-07-27,2025-04-03,facebook广告投放技巧,,DESKTOP,,0,39,0.0,63.41025641025641,query_device,2026-07-27 13:01:00
3092,2026-07-27,2025-04-03,facebook广告投放技巧,,MOBILE,,0,7,0.0,64.85714285714286,query_device,2026-07-27 13:01:00
3093,2026-07-27,2025-04-03,facebook广告营销,,MOBILE,,0,2,0.0,68.5,query_device,2026-07-27 13:01:00
3094,2026-07-27,2025-04-03,facebook推广,,DESKTOP,,0,8,0.0,54.25,query_device,2026-07-27 13:01:00
3095,2026-07-27,2025-04-03,facebook推广,,MOBILE,,0,9,0.0,51.666666666666664,query_device,2026-07-27 13:01:00
3096,2026-07-27,2025-04-03,facebook的最佳实践,,DESKTOP,,0,2,0.0,68.0,query_device,2026-07-27 13:01:00
3097,2026-07-27,2025-04-03,facebook的最佳实践,,MOBILE,,0,2,0.0,78.5,query_device,2026-07-27 13:01:00
3098,2026-07-27,2025-04-03,fb business manager,,DESKTOP,,0,5,0.0,35.0,query_device,2026-07-27 13:01:00
3099,2026-07-27,2025-04-03,fb 广告开自动化,,DESKTOP,,0,53,0.0,41.15094339622642,query_device,2026-07-27 13:01:00
3100,2026-07-27,2025-04-03,fb 推广,,DESKTOP,,0,21,0.0,39.523809523809526,query_device,2026-07-27 13:01:00
3101,2026-07-27,2025-04-03,fb广告自动化设置,,DESKTOP,,0,45,0.0,74.0,query_device,2026-07-27 13:01:00
3102,2026-07-27,2025-04-03,fb表單,,DESKTOP,,0,1,0.0,45.0,query_device,2026-07-27 13:01:00
3103,2026-07-27,2025-04-03,gdn lightbox,,MOBILE,,0,1,0.0,100.0,query_device,2026-07-27 13:01:00
3104,2026-07-27,2025-04-03,gdn是什么,,DESKTOP,,0,18,0.0,82.83333333333333,query_device,2026-07-27 13:01:00
3105,2026-07-27,2025-04-03,gogole ads,,DESKTOP,,0,1,0.0,53.0,query_device,2026-07-27 13:01:00
3106,2026-07-27,2025-04-03,googe 推荐搜索广告数量,,DESKTOP,,0,46,0.0,67.65217391304348,query_device,2026-07-27 13:01:00
3107,2026-07-27,2025-04-03,google ads cpm,,DESKTOP,,0,3,0.0,76.33333333333333,query_device,2026-07-27 13:01:00
3108,2026-07-27,2025-04-03,google ads destination mismatch,,DESKTOP,,0,1,0.0,45.0,query_device,2026-07-27 13:01:00
3109,2026-07-27,2025-04-03,google ads editor,,DESKTOP,,0,3,0.0,24.333333333333332,query_device,2026-07-27 13:01:00
3110,2026-07-27,2025-04-03,google ads forecast,,DESKTOP,,0,1,0.0,46.0,query_device,2026-07-27 13:01:00
3111,2026-07-27,2025-04-03,google ads forecast,,MOBILE,,0,3,0.0,54.0,query_device,2026-07-27 13:01:00
3112,2026-07-27,2025-04-03,google ads vs sa360,,DESKTOP,,0,2,0.0,61.5,query_device,2026-07-27 13:01:00
3113,2026-07-27,2025-04-03,google ads 搜尋廣告認證,,DESKTOP,,0,1,0.0,75.0,query_device,2026-07-27 13:01:00
3114,2026-07-27,2025-04-03,google ads 认证,,DESKTOP,,0,1,0.0,45.0,query_device,2026-07-27 13:01:00
3115,2026-07-27,2025-04-03,google ads 运营公司,,DESKTOP,,0,12,0.0,45.916666666666664,query_device,2026-07-27 13:01:00
3116,2026-07-27,2025-04-03,google ads促銷代碼,,DESKTOP,,0,2,0.0,9.5,query_device,2026-07-27 13:01:00
3117,2026-07-27,2025-04-03,google ads促销代码,,DESKTOP,,0,28,0.0,7.75,query_device,2026-07-27 13:01:00
3118,2026-07-27,2025-04-03,google ads促销代码,,MOBILE,,0,3,0.0,7.333333333333333,query_device,2026-07-27 13:01:00
3119,2026-07-27,2025-04-03,google ads认证,,DESKTOP,,0,1,0.0,42.0,query_device,2026-07-27 13:01:00
3120,2026-07-27,2025-04-03,google ads认证考试,,DESKTOP,,0,1,0.0,47.0,query_device,2026-07-27 13:01:00
3121,2026-07-27,2025-04-03,google ads认证考试,,MOBILE,,0,1,0.0,18.0,query_device,2026-07-27 13:01:00
3122,2026-07-27,2025-04-03,google adweb,,DESKTOP,,0,10,0.0,73.0,query_device,2026-07-27 13:01:00
3123,2026-07-27,2025-04-03,google adwords 关键 词 工具,,DESKTOP,,0,36,0.0,71.75,query_device,2026-07-27 13:01:00
3124,2026-07-27,2025-04-03,google adwords 关键 词 工具,,MOBILE,,0,39,0.0,55.92307692307692,query_device,2026-07-27 13:01:00
3125,2026-07-27,2025-04-03,google adwords关键词工具,,DESKTOP,,0,64,0.0,63.09375,query_device,2026-07-27 13:01:00
3126,2026-07-27,2025-04-03,google adwords关键词工具,,MOBILE,,0,43,0.0,53.58139534883721,query_device,2026-07-27 13:01:00
3127,2026-07-27,2025-04-03,google adwords关键词工具,,TABLET,,0,1,0.0,55.0,query_device,2026-07-27 13:01:00
3128,2026-07-27,2025-04-03,google bert算法 关键词处理,,DESKTOP,,0,37,0.0,6.0,query_device,2026-07-27 13:01:00
3129,2026-07-27,2025-04-03,google chart examples,,DESKTOP,,0,1,0.0,62.0,query_device,2026-07-27 13:01:00
3130,2026-07-27,2025-04-03,google charts examples,,DESKTOP,,0,17,0.0,59.529411764705884,query_device,2026-07-27 13:01:00
3131,2026-07-27,2025-04-03,google charts examples,,MOBILE,,0,1,0.0,64.0,query_device,2026-07-27 13:01:00
3132,2026-07-27,2025-04-03,google cpc,,DESKTOP,,0,45,0.0,58.422222222222224,query_device,2026-07-27 13:01:00
3133,2026-07-27,2025-04-03,google cpc,,MOBILE,,0,25,0.0,61.76,query_device,2026-07-27 13:01:00
3134,2026-07-27,2025-04-03,google cpm,,DESKTOP,,0,4,0.0,58.25,query_device,2026-07-27 13:01:00
3135,2026-07-27,2025-04-03,google director mix,,DESKTOP,,0,2,0.0,70.5,query_device,2026-07-27 13:01:00
3136,2026-07-27,2025-04-03,google dsa,,DESKTOP,,0,19,0.0,32.89473684210526,query_device,2026-07-27 13:01:00
3137,2026-07-27,2025-04-03,google dsp,,DESKTOP,,0,1,0.0,39.0,query_device,2026-07-27 13:01:00
3138,2026-07-27,2025-04-03,google keyword planner 替代工具,,DESKTOP,,0,28,0.0,8.25,query_device,2026-07-27 13:01:00
3139,2026-07-27,2025-04-03,google keyword planner替代工具,,DESKTOP,,0,2,0.0,9.0,query_device,2026-07-27 13:01:00
3140,2026-07-27,2025-04-03,google map 推广,,DESKTOP,,0,18,0.0,84.5,query_device,2026-07-27 13:01:00
3141,2026-07-27,2025-04-03,google map 推广,,MOBILE,,0,20,0.0,78.25,query_device,2026-07-27 13:01:00
3142,2026-07-27,2025-04-03,google mcc创建,,DESKTOP,,0,1,0.0,27.0,query_device,2026-07-27 13:01:00
3143,2026-07-27,2025-04-03,google mcc创建,,MOBILE,,0,1,0.0,31.0,query_device,2026-07-27 13:01:00
3144,2026-07-27,2025-04-03,google sem,,DESKTOP,,0,35,0.0,92.51428571428572,query_device,2026-07-27 13:01:00
3145,2026-07-27,2025-04-03,google sem,,MOBILE,,0,5,0.0,94.6,query_device,2026-07-27 13:01:00
3146,2026-07-27,2025-04-03,google seo推广,,DESKTOP,,0,1,0.0,99.0,query_device,2026-07-27 13:01:00
3147,2026-07-27,2025-04-03,google sheets pareto chart,,DESKTOP,,0,2,0.0,46.0,query_device,2026-07-27 13:01:00
3148,2026-07-27,2025-04-03,google sheets pareto chart,,MOBILE,,0,1,0.0,48.0,query_device,2026-07-27 13:01:00
3149,2026-07-27,2025-04-03,google sheets sankey,,DESKTOP,,0,3,0.0,51.666666666666664,query_device,2026-07-27 13:01:00
3150,2026-07-27,2025-04-03,google sheets sankey diagram,,DESKTOP,,0,3,0.0,53.0,query_device,2026-07-27 13:01:00
3151,2026-07-27,2025-04-03,google sheets 使用教程,,DESKTOP,,0,1,0.0,8.0,query_device,2026-07-27 13:01:00
3152,2026-07-27,2025-04-03,google ssp,,DESKTOP,,0,3,0.0,90.33333333333333,query_device,2026-07-27 13:01:00
3153,2026-07-27,2025-04-03,google tag manager是什么,,DESKTOP,,0,2,0.0,25.5,query_device,2026-07-27 13:01:00
3154,2026-07-27,2025-04-03,google tag manager是什麼,,DESKTOP,,0,1,0.0,79.0,query_device,2026-07-27 13:01:00
3155,2026-07-27,2025-04-03,google tag manager是什麼,,MOBILE,,0,1,0.0,72.0,query_device,2026-07-27 13:01:00
3156,2026-07-27,2025-04-03,google uac,,DESKTOP,,0,1,0.0,34.0,query_device,2026-07-27 13:01:00
3157,2026-07-27,2025-04-03,google visualization,,DESKTOP,,0,2,0.0,85.5,query_device,2026-07-27 13:01:00
3158,2026-07-27,2025-04-03,google visualization chart,,DESKTOP,,0,1,0.0,68.0,query_device,2026-07-27 13:01:00
3159,2026-07-27,2025-04-03,google visualization table,,DESKTOP,,0,1,0.0,63.0,query_device,2026-07-27 13:01:00
3160,2026-07-27,2025-04-03,google 再營銷,,DESKTOP,,0,10,0.0,63.2,query_device,2026-07-27 13:01:00
3161,2026-07-27,2025-04-03,google 再營銷,,MOBILE,,0,3,0.0,54.0,query_device,2026-07-27 13:01:00
3162,2026-07-27,2025-04-03,google 图片 广告,,DESKTOP,,0,1,0.0,93.0,query_device,2026-07-27 13:01:00
3163,2026-07-27,2025-04-03,google 展示 广告,,DESKTOP,,0,23,0.0,65.6086956521739,query_device,2026-07-27 13:01:00
3164,2026-07-27,2025-04-03,google 展示广告网络,,DESKTOP,,0,1,0.0,16.0,query_device,2026-07-27 13:01:00
3165,2026-07-27,2025-04-03,google 广告 价格,,DESKTOP,,0,8,0.0,53.125,query_device,2026-07-27 13:01:00
3166,2026-07-27,2025-04-03,google 广告 价格,,MOBILE,,0,2,0.0,49.5,query_device,2026-07-27 13:01:00
3167,2026-07-27,2025-04-03,google 广告 价格,,TABLET,,0,1,0.0,48.0,query_device,2026-07-27 13:01:00
3168,2026-07-27,2025-04-03,google 广告 优化,,DESKTOP,,0,32,0.0,74.84375,query_device,2026-07-27 13:01:00
3169,2026-07-27,2025-04-03,google 广告 关键 词,,DESKTOP,,0,53,0.0,38.77358490566038,query_device,2026-07-27 13:01:00
3170,2026-07-27,2025-04-03,google 广告 平台,,DESKTOP,,0,3,0.0,60.0,query_device,2026-07-27 13:01:00
3171,2026-07-27,2025-04-03,google 廣告 預算,,DESKTOP,,0,1,0.0,79.0,query_device,2026-07-27 13:01:00
3172,2026-07-27,2025-04-03,google 竞价 排名,,DESKTOP,,0,6,0.0,60.166666666666664,query_device,2026-07-27 13:01:00
3173,2026-07-27,2025-04-03,google 表格,,DESKTOP,,0,1,0.0,13.0,query_device,2026-07-27 13:01:00
3174,2026-07-27,2025-04-03,google 關鍵字搜尋量,,DESKTOP,,0,1,0.0,97.0,query_device,2026-07-27 13:01:00
3175,2026-07-27,2025-04-03,google 關鍵字搜尋量,,MOBILE,,0,1,0.0,100.0,query_device,2026-07-27 13:01:00
3176,2026-07-27,2025-04-03,google关键词搜索量查询,,DESKTOP,,0,22,0.0,76.5909090909091,query_device,2026-07-27 13:01:00
3177,2026-07-27,2025-04-03,google再營銷,,DESKTOP,,0,7,0.0,64.57142857142857,query_device,2026-07-27 13:01:00
3178,2026-07-27,2025-04-03,google再營銷,,MOBILE,,0,2,0.0,64.5,query_device,2026-07-27 13:01:00
3179,2026-07-27,2025-04-03,google動態廣告,,DESKTOP,,0,26,0.0,47.80769230769231,query_device,2026-07-27 13:01:00
3180,2026-07-27,2025-04-03,google動態廣告,,MOBILE,,0,25,0.0,45.56,query_device,2026-07-27 13:01:00
3181,2026-07-27,2025-04-03,google動態廣告目標,,DESKTOP,,0,14,0.0,40.0,query_device,2026-07-27 13:01:00
3182,2026-07-27,2025-04-03,google動態廣告目標,,MOBILE,,0,13,0.0,45.76923076923077,query_device,2026-07-27 13:01:00
3183,2026-07-27,2025-04-03,google動態搜尋廣告,,DESKTOP,,0,9,0.0,45.22222222222222,query_device,2026-07-27 13:01:00
3184,2026-07-27,2025-04-03,google合作伙伴,,DESKTOP,,0,1,0.0,27.0,query_device,2026-07-27 13:01:00
3185,2026-07-27,2025-04-03,google合作夥伴名單,,DESKTOP,,0,2,0.0,10.0,query_device,2026-07-27 13:01:00
3186,2026-07-27,2025-04-03,google商家最佳實踐,,DESKTOP,,0,10,0.0,37.5,query_device,2026-07-27 13:01:00
3187,2026-07-27,2025-04-03,google展示广告,,DESKTOP,,0,1,0.0,58.0,query_device,2026-07-27 13:01:00
3188,2026-07-27,2025-04-03,google展示广告,,MOBILE,,0,1,0.0,51.0,query_device,2026-07-27 13:01:00
3189,2026-07-27,2025-04-03,google广告优化,,DESKTOP,,0,30,0.0,65.0,query_device,2026-07-27 13:01:00
3190,2026-07-27,2025-04-03,google广告优化,,MOBILE,,0,43,0.0,63.02325581395349,query_device,2026-07-27 13:01:00
3191,2026-07-27,2025-04-03,google搜索质量指南 关键词使用,,DESKTOP,,0,2,0.0,6.5,query_device,2026-07-27 13:01:00
3192,2026-07-27,2025-04-03,google算法更新 关键词优化,,DESKTOP,,0,1,0.0,5.0,query_device,2026-07-27 13:01:00
3193,2026-07-27,2025-04-03,google算法更新 关键词优化策略,,DESKTOP,,0,1,0.0,10.0,query_device,2026-07-27 13:01:00
3194,2026-07-27,2025-04-03,google算法更新 关键词密度,,DESKTOP,,0,3,0.0,9.666666666666666,query_device,2026-07-27 13:01:00
3195,2026-07-27,2025-04-03,google算法更新 关键词密度影响,,DESKTOP,,0,5,0.0,6.6,query_device,2026-07-27 13:01:00
3196,2026-07-27,2025-04-03,google表格,,DESKTOP,,0,2,0.0,13.0,query_device,2026-07-27 13:01:00
3197,2026-07-27,2025-04-03,google試算表組合圖,,DESKTOP,,0,3,0.0,5.0,query_device,2026-07-27 13:01:00
3198,2026-07-27,2025-04-03,google試算表組合圖,,MOBILE,,0,1,0.0,6.0,query_device,2026-07-27 13:01:00
3199,2026-07-27,2025-04-03,google购物广告,,DESKTOP,,0,6,0.0,60.0,query_device,2026-07-27 13:01:00
3200,2026-07-27,2025-04-03,google购物广告,,MOBILE,,0,7,0.0,56.57142857142857,query_device,2026-07-27 13:01:00
3201,2026-07-27,2025-04-03,google關鍵字搜尋量,,DESKTOP,,0,4,0.0,98.5,query_device,2026-07-27 13:01:00
3202,2026-07-27,2025-04-03,google關鍵字搜尋量,,MOBILE,,0,2,0.0,99.5,query_device,2026-07-27 13:01:00
3203,2026-07-27,2025-04-03,gtm,,DESKTOP,,0,8,0.0,77.375,query_device,2026-07-27 13:01:00
3204,2026-07-27,2025-04-03,gtm 含义,,DESKTOP,,0,1,0.0,13.0,query_device,2026-07-27 13:01:00
3205,2026-07-27,2025-04-03,gtm 意思,,DESKTOP,,0,1,0.0,66.0,query_device,2026-07-27 13:01:00
3206,2026-07-27,2025-04-03,gtm 是什么,,DESKTOP,,0,1,0.0,74.0,query_device,2026-07-27 13:01:00
3207,2026-07-27,2025-04-03,gtm 是什么,,MOBILE,,0,1,0.0,78.0,query_device,2026-07-27 13:01:00
3208,2026-07-27,2025-04-03,gtm是什麼,,DESKTOP,,0,4,0.0,66.75,query_device,2026-07-27 13:01:00
3209,2026-07-27,2025-04-03,gtm預覽模式,,DESKTOP,,0,16,0.0,90.375,query_device,2026-07-27 13:01:00
3210,2026-07-27,2025-04-03,how to create a sankey diagram in google sheets,,DESKTOP,,0,1,0.0,1.0,query_device,2026-07-27 13:01:00
3211,2026-07-27,2025-04-03,how to make a dot plot in google sheets,,DESKTOP,,0,2,0.0,64.0,query_device,2026-07-27 13:01:00
3212,2026-07-27,2025-04-03,how to make a dot plot on google sheets,,DESKTOP,,0,1,0.0,58.0,query_device,2026-07-27 13:01:00
3213,2026-07-27,2025-04-03,how to make a dot plot on google sheets,,MOBILE,,0,1,0.0,62.0,query_device,2026-07-27 13:01:00
3214,2026-07-27,2025-04-03,how to make a dotplot on google sheets,,DESKTOP,,0,1,0.0,49.0,query_device,2026-07-27 13:01:00
3215,2026-07-27,2025-04-03,how to make a pareto chart in google sheets,,DESKTOP,,0,1,0.0,80.0,query_device,2026-07-27 13:01:00
3216,2026-07-27,2025-04-03,imc是什么,,DESKTOP,,0,5,0.0,17.6,query_device,2026-07-27 13:01:00
3217,2026-07-27,2025-04-03,instagram 标记产品,,DESKTOP,,0,11,0.0,71.54545454545455,query_device,2026-07-27 13:01:00
3218,2026-07-27,2025-04-03,instagram营销,,DESKTOP,,0,1,0.0,61.0,query_device,2026-07-27 13:01:00
3219,2026-07-27,2025-04-03,integrated marketing communication,,DESKTOP,,0,1,0.0,3.0,query_device,2026-07-27 13:01:00
3220,2026-07-27,2025-04-03,integrated marketing communications,,DESKTOP,,0,3,0.0,3.3333333333333335,query_device,2026-07-27 13:01:00
3221,2026-07-27,2025-04-03,lightbox是什麼,,DESKTOP,,0,1,0.0,6.0,query_device,2026-07-27 13:01:00
3222,2026-07-27,2025-04-03,lightbox是什麼,,MOBILE,,0,1,0.0,7.0,query_device,2026-07-27 13:01:00
3223,2026-07-27,2025-04-03,likert,,DESKTOP,,0,1,0.0,68.0,query_device,2026-07-27 13:01:00
3224,2026-07-27,2025-04-03,likert 5點量表,,DESKTOP,,0,1,0.0,11.0,query_device,2026-07-27 13:01:00
3225,2026-07-27,2025-04-03,likert 5點量表,,MOBILE,,0,1,0.0,1.0,query_device,2026-07-27 13:01:00
3226,2026-07-27,2025-04-03,likert scale,,DESKTOP,,0,1,0.0,13.0,query_device,2026-07-27 13:01:00
3227,2026-07-27,2025-04-03,likert scale是什么,,DESKTOP,,0,6,0.0,11.833333333333334,query_device,2026-07-27 13:01:00
3228,2026-07-27,2025-04-03,likert scale是什么,,MOBILE,,0,1,0.0,1.0,query_device,2026-07-27 13:01:00
3229,2026-07-27,2025-04-03,likert 量表,,DESKTOP,,0,12,0.0,14.583333333333334,query_device,2026-07-27 13:01:00
3230,2026-07-27,2025-04-03,likert五點量表,,DESKTOP,,0,1,0.0,13.0,query_device,2026-07-27 13:01:00
3231,2026-07-27,2025-04-03,likert五點量表,,MOBILE,,0,2,0.0,1.0,query_device,2026-07-27 13:01:00
3232,2026-07-27,2025-04-03,likert四點量表,,DESKTOP,,0,2,0.0,11.0,query_device,2026-07-27 13:01:00
3233,2026-07-27,2025-04-03,likert量表,,DESKTOP,,0,44,0.0,12.409090909090908,query_device,2026-07-27 13:01:00
3234,2026-07-27,2025-04-03,likert量表,,MOBILE,,0,2,0.0,1.0,query_device,2026-07-27 13:01:00
3235,2026-07-27,2025-04-03,linkedin 行销,,DESKTOP,,0,31,0.0,49.096774193548384,query_device,2026-07-27 13:01:00
3236,2026-07-27,2025-04-03,linkedin上的营销专业小组,,DESKTOP,,0,11,0.0,58.18181818181818,query_device,2026-07-27 13:01:00
3237,2026-07-27,2025-04-03,linkedin注册不了,,DESKTOP,,0,1,0.0,13.0,query_device,2026-07-27 13:01:00
3238,2026-07-27,2025-04-03,linkedin，说明如何通过linkedin进行社交媒体营销,,DESKTOP,,0,1,0.0,45.0,query_device,2026-07-27 13:01:00
3239,2026-07-27,2025-04-03,looker studio範本,,MOBILE,,0,1,0.0,63.0,query_device,2026-07-27 13:01:00
3240,2026-07-27,2025-04-03,ltv 含义,,DESKTOP,,0,1,0.0,13.0,query_device,2026-07-27 13:01:00
3241,2026-07-27,2025-04-03,ltv 是什么,,MOBILE,,0,1,0.0,51.0,query_device,2026-07-27 13:01:00
3242,2026-07-27,2025-04-03,meta blueprint认证,,DESKTOP,,0,1,0.0,6.0,query_device,2026-07-27 13:01:00
3243,2026-07-27,2025-04-03,mql,,MOBILE,,0,1,0.0,59.0,query_device,2026-07-27 13:01:00
3244,2026-07-27,2025-04-03,mql sql,,DESKTOP,,0,1,0.0,34.0,query_device,2026-07-27 13:01:00
3245,2026-07-27,2025-04-03,mql是什么,,DESKTOP,,0,4,0.0,14.0,query_device,2026-07-27 13:01:00
3246,2026-07-27,2025-04-03,oath公司,,DESKTOP,,0,1,0.0,46.0,query_device,2026-07-27 13:01:00
3247,2026-07-27,2025-04-03,pareto chart google sheets,,DESKTOP,,0,4,0.0,52.25,query_device,2026-07-27 13:01:00
3248,2026-07-27,2025-04-03,pareto chart in google sheets,,DESKTOP,,0,4,0.0,47.75,query_device,2026-07-27 13:01:00
3249,2026-07-27,2025-04-03,pareto chart on google sheets,,DESKTOP,,0,1,0.0,49.0,query_device,2026-07-27 13:01:00
3250,2026-07-27,2025-04-03,pareto google sheets,,DESKTOP,,0,2,0.0,39.0,query_device,2026-07-27 13:01:00
3251,2026-07-27,2025-04-03,pareto分析,,DESKTOP,,0,1,0.0,29.0,query_device,2026-07-27 13:01:00
3252,2026-07-27,2025-04-03,performance max,,DESKTOP,,0,1,0.0,49.0,query_device,2026-07-27 13:01:00
3253,2026-07-27,2025-04-03,peso,,DESKTOP,,0,2,0.0,44.0,query_device,2026-07-27 13:01:00
3254,2026-07-27,2025-04-03,peso模型,,DESKTOP,,0,12,0.0,6.083333333333333,query_device,2026-07-27 13:01:00
3255,2026-07-27,2025-04-03,peso模型,,MOBILE,,0,3,0.0,8.666666666666668,query_device,2026-07-27 13:01:00
3256,2026-07-27,2025-04-03,pinterest 主要业务,,DESKTOP,,0,24,0.0,52.541666666666664,query_device,2026-07-27 13:01:00
3257,2026-07-27,2025-04-03,pinterest 廣告,,DESKTOP,,0,2,0.0,3.0,query_device,2026-07-27 13:01:00
3258,2026-07-27,2025-04-03,pinterest優缺點,,DESKTOP,,0,1,0.0,61.0,query_device,2026-07-27 13:01:00
3259,2026-07-27,2025-04-03,pinterest帖子很少有留言,,DESKTOP,,0,1,0.0,46.0,query_device,2026-07-27 13:01:00
3260,2026-07-27,2025-04-03,pinterest平台,,DESKTOP,,0,17,0.0,71.11764705882354,query_device,2026-07-27 13:01:00
3261,2026-07-27,2025-04-03,pinterest广告,,DESKTOP,,0,13,0.0,10.0,query_device,2026-07-27 13:01:00
3262,2026-07-27,2025-04-03,pinterest广告投放,,DESKTOP,,0,1,0.0,18.0,query_device,2026-07-27 13:01:00
3263,2026-07-27,2025-04-03,pinterest怎么知道那个图片受欢迎,,DESKTOP,,0,27,0.0,35.370370370370374,query_device,2026-07-27 13:01:00
3264,2026-07-27,2025-04-03,pinterest没有浏览量,,DESKTOP,,0,30,0.0,31.233333333333334,query_device,2026-07-27 13:01:00
3265,2026-07-27,2025-04-03,pinterest流量获取,,DESKTOP,,0,23,0.0,57.130434782608695,query_device,2026-07-27 13:01:00
3266,2026-07-27,2025-04-03,ppc分析,,DESKTOP,,0,9,0.0,94.22222222222223,query_device,2026-07-27 13:01:00
3267,2026-07-27,2025-04-03,ppc平台,,DESKTOP,,0,1,0.0,9.0,query_device,2026-07-27 13:01:00
3268,2026-07-27,2025-04-03,ppc广告投放,,DESKTOP,,0,1,0.0,95.0,query_device,2026-07-27 13:01:00
3269,2026-07-27,2025-04-03,puffery,,DESKTOP,,0,2,0.0,83.0,query_device,2026-07-27 13:01:00
3270,2026-07-27,2025-04-03,puffery,,MOBILE,,0,2,0.0,84.0,query_device,2026-07-27 13:01:00
3271,2026-07-27,2025-04-03,push marketing strategy definition,,DESKTOP,,0,4,0.0,3.75,query_device,2026-07-27 13:01:00
3272,2026-07-27,2025-04-03,reddit广告,,DESKTOP,,0,2,0.0,17.0,query_device,2026-07-27 13:01:00
3273,2026-07-27,2025-04-03,reddit广告,,MOBILE,,0,2,0.0,20.5,query_device,2026-07-27 13:01:00
3274,2026-07-27,2025-04-03,roas,,DESKTOP,,0,25,0.0,67.8,query_device,2026-07-27 13:01:00
3275,2026-07-27,2025-04-03,roas,,MOBILE,,0,17,0.0,63.35294117647059,query_device,2026-07-27 13:01:00
3276,2026-07-27,2025-04-03,roas 意思,,DESKTOP,,0,1,0.0,82.0,query_device,2026-07-27 13:01:00
3277,2026-07-27,2025-04-03,roas 是什么,,DESKTOP,,0,1,0.0,42.0,query_device,2026-07-27 13:01:00
3278,2026-07-27,2025-04-03,roas和roi的区别,,DESKTOP,,0,33,0.0,34.333333333333336,query_device,2026-07-27 13:01:00
3279,2026-07-27,2025-04-03,roas是什么,,DESKTOP,,0,1,0.0,61.0,query_device,2026-07-27 13:01:00
3280,2026-07-27,2025-04-03,roas是什么,,MOBILE,,0,1,0.0,68.0,query_device,2026-07-27 13:01:00
3281,2026-07-27,2025-04-03,roas是什么意思,,DESKTOP,,0,1,0.0,52.0,query_device,2026-07-27 13:01:00
3282,2026-07-27,2025-04-03,roas計算,,DESKTOP,,0,1,0.0,1.0,query_device,2026-07-27 13:01:00
3283,2026-07-27,2025-04-03,roi google ads,,DESKTOP,,0,1,0.0,101.0,query_device,2026-07-27 13:01:00
3284,2026-07-27,2025-04-03,roi和roas的区别,,DESKTOP,,0,30,0.0,33.733333333333334,query_device,2026-07-27 13:01:00
3285,2026-07-27,2025-04-03,roi和roas的区别,,MOBILE,,0,1,0.0,25.0,query_device,2026-07-27 13:01:00
3286,2026-07-27,2025-04-03,sa360,,DESKTOP,,0,6,0.0,43.666666666666664,query_device,2026-07-27 13:01:00
3287,2026-07-27,2025-04-03,sa360,,MOBILE,,0,6,0.0,56.333333333333336,query_device,2026-07-27 13:01:00
3288,2026-07-27,2025-04-03,sam som,,DESKTOP,,0,3,0.0,93.33333333333333,query_device,2026-07-27 13:01:00
3289,2026-07-27,2025-04-03,sam som tam,,DESKTOP,,0,7,0.0,89.28571428571429,query_device,2026-07-27 13:01:00
3290,2026-07-27,2025-04-03,sam tam,,DESKTOP,,0,9,0.0,90.88888888888889,query_device,2026-07-27 13:01:00
3291,2026-07-27,2025-04-03,sam tam som,,DESKTOP,,0,11,0.0,88.63636363636364,query_device,2026-07-27 13:01:00
3292,2026-07-27,2025-04-03,sam tam som,,MOBILE,,0,1,0.0,88.0,query_device,2026-07-27 13:01:00
3293,2026-07-27,2025-04-03,sankey,,DESKTOP,,0,4,0.0,71.75,query_device,2026-07-27 13:01:00
3294,2026-07-27,2025-04-03,sankey add in excel,,DESKTOP,,0,1,0.0,42.0,query_device,2026-07-27 13:01:00
3295,2026-07-27,2025-04-03,sankey add in excel,,MOBILE,,0,1,0.0,40.0,query_device,2026-07-27 13:01:00
3296,2026-07-27,2025-04-03,sankey chart,,DESKTOP,,0,1,0.0,68.0,query_device,2026-07-27 13:01:00
3297,2026-07-27,2025-04-03,sankey chart excel,,DESKTOP,,0,1,0.0,51.0,query_device,2026-07-27 13:01:00
3298,2026-07-27,2025-04-03,sankey chart google sheets,,DESKTOP,,0,6,0.0,50.833333333333336,query_device,2026-07-27 13:01:00
3299,2026-07-27,2025-04-03,sankey chart in google sheets,,DESKTOP,,0,2,0.0,55.5,query_device,2026-07-27 13:01:00
3300,2026-07-27,2025-04-03,sankey chart in google sheets,,MOBILE,,0,1,0.0,53.0,query_device,2026-07-27 13:01:00
3301,2026-07-27,2025-04-03,sankey diagram excel,,DESKTOP,,0,1,0.0,47.0,query_device,2026-07-27 13:01:00
3302,2026-07-27,2025-04-03,sankey diagram google sheet,,DESKTOP,,0,2,0.0,45.0,query_device,2026-07-27 13:01:00
3303,2026-07-27,2025-04-03,sankey diagram google sheets,,DESKTOP,,0,14,0.0,52.857142857142854,query_device,2026-07-27 13:01:00
3304,2026-07-27,2025-04-03,sankey diagram in google sheets,,DESKTOP,,0,3,0.0,39.0,query_device,2026-07-27 13:01:00
3305,2026-07-27,2025-04-03,sankey diagram in google sheets,,MOBILE,,0,2,0.0,57.0,query_device,2026-07-27 13:01:00
3306,2026-07-27,2025-04-03,sankey diagramm excel,,DESKTOP,,0,3,0.0,60.333333333333336,query_device,2026-07-27 13:01:00
3307,2026-07-27,2025-04-03,sankey diagramm excel,,MOBILE,,0,4,0.0,56.75,query_device,2026-07-27 13:01:00
3308,2026-07-27,2025-04-03,sankey excel,,DESKTOP,,0,1,0.0,52.0,query_device,2026-07-27 13:01:00
3309,2026-07-27,2025-04-03,sankey google sheets,,DESKTOP,,0,3,0.0,46.666666666666664,query_device,2026-07-27 13:01:00
3310,2026-07-27,2025-04-03,sankey google sheets,,MOBILE,,0,1,0.0,44.0,query_device,2026-07-27 13:01:00
3311,2026-07-27,2025-04-03,sankey in excel,,DESKTOP,,0,1,0.0,50.0,query_device,2026-07-27 13:01:00
3312,2026-07-27,2025-04-03,sankey maker,,DESKTOP,,0,1,0.0,79.0,query_device,2026-07-27 13:01:00
3313,2026-07-27,2025-04-03,sankey图,,DESKTOP,,0,1,0.0,11.0,query_device,2026-07-27 13:01:00
3314,2026-07-27,2025-04-03,search ads 360 vs google ads,,DESKTOP,,0,1,0.0,80.0,query_device,2026-07-27 13:01:00
3315,2026-07-27,2025-04-03,search ads 360是什麼,,MOBILE,,0,3,0.0,10.0,query_device,2026-07-27 13:01:00
3316,2026-07-27,2025-04-03,sem效果营销干什么的,,DESKTOP,,0,28,0.0,58.142857142857146,query_device,2026-07-27 13:01:00
3317,2026-07-27,2025-04-03,seo 可視化,,DESKTOP,,0,1,0.0,4.0,query_device,2026-07-27 13:01:00
3318,2026-07-27,2025-04-03,seo 可視化,,MOBILE,,0,1,0.0,4.0,query_device,2026-07-27 13:01:00
3319,2026-07-27,2025-04-03,seo关键词研究,,DESKTOP,,0,1,0.0,17.0,query_device,2026-07-27 13:01:00
3320,2026-07-27,2025-04-03,seo咨询,,DESKTOP,,0,13,0.0,66.61538461538461,query_device,2026-07-27 13:01:00
3321,2026-07-27,2025-04-03,seo工具 数据可视化方法,,DESKTOP,,0,3,0.0,9.333333333333334,query_device,2026-07-27 13:01:00
3322,2026-07-27,2025-04-03,seo数据异常检测方法,,DESKTOP,,0,4,0.0,8.0,query_device,2026-07-27 13:01:00
3323,2026-07-27,2025-04-03,seo还是广告,,DESKTOP,,0,1,0.0,97.0,query_device,2026-07-27 13:01:00
3324,2026-07-27,2025-04-03,site:advich.com,,DESKTOP,,0,22,0.0,28.272727272727273,query_device,2026-07-27 13:01:00
3325,2026-07-27,2025-04-03,snap newfronts,,MOBILE,,0,2,0.0,93.0,query_device,2026-07-27 13:01:00
3326,2026-07-27,2025-04-03,sns营销,,DESKTOP,,0,1,0.0,99.0,query_device,2026-07-27 13:01:00
3327,2026-07-27,2025-04-03,som sam tam,,DESKTOP,,0,5,0.0,90.0,query_device,2026-07-27 13:01:00
3328,2026-07-27,2025-04-03,som tam sam,,DESKTOP,,0,2,0.0,89.5,query_device,2026-07-27 13:01:00
3329,2026-07-27,2025-04-03,sostac,,DESKTOP,,0,9,0.0,82.55555555555556,query_device,2026-07-27 13:01:00
3330,2026-07-27,2025-04-03,sostac,,MOBILE,,0,1,0.0,83.0,query_device,2026-07-27 13:01:00
3331,2026-07-27,2025-04-03,ssp dsp,,DESKTOP,,0,1,0.0,48.0,query_device,2026-07-27 13:01:00
3332,2026-07-27,2025-04-03,ssp是什么,,DESKTOP,,0,8,0.0,22.5,query_device,2026-07-27 13:01:00
3333,2026-07-27,2025-04-03,ssp是什么,,MOBILE,,0,2,0.0,4.0,query_device,2026-07-27 13:01:00
3334,2026-07-27,2025-04-03,ssp是什麼,,DESKTOP,,0,22,0.0,16.045454545454547,query_device,2026-07-27 13:01:00
3335,2026-07-27,2025-04-03,ssp是什麼,,MOBILE,,0,269,0.0,1.029739776951673,query_device,2026-07-27 13:01:00
3336,2026-07-27,2025-04-03,ssp是什麼,,TABLET,,0,3,0.0,1.0,query_device,2026-07-27 13:01:00
3337,2026-07-27,2025-04-03,stp分析,,DESKTOP,,0,17,0.0,91.05882352941177,query_device,2026-07-27 13:01:00
3338,2026-07-27,2025-04-03,stp战略,,DESKTOP,,0,3,0.0,48.333333333333336,query_device,2026-07-27 13:01:00
3339,2026-07-27,2025-04-03,sunburst diagramm,,DESKTOP,,0,2,0.0,75.0,query_device,2026-07-27 13:01:00
3340,2026-07-27,2025-04-03,sunburst diagramm excel,,DESKTOP,,0,3,0.0,58.333333333333336,query_device,2026-07-27 13:01:00
3341,2026-07-27,2025-04-03,sunburst diagramm excel,,MOBILE,,0,1,0.0,66.0,query_device,2026-07-27 13:01:00
3342,2026-07-27,2025-04-03,sunburst excel,,DESKTOP,,0,1,0.0,59.0,query_device,2026-07-27 13:01:00
3343,2026-07-27,2025-04-03,sunburst-diagramm,,DESKTOP,,0,1,0.0,75.0,query_device,2026-07-27 13:01:00
3344,2026-07-27,2025-04-03,tam sam,,DESKTOP,,0,9,0.0,89.55555555555556,query_device,2026-07-27 13:01:00
3345,2026-07-27,2025-04-03,tam sam and som,,DESKTOP,,0,1,0.0,72.0,query_device,2026-07-27 13:01:00
3346,2026-07-27,2025-04-03,tam sam so,,DESKTOP,,0,1,0.0,85.0,query_device,2026-07-27 13:01:00
3347,2026-07-27,2025-04-03,tam sam som,,DESKTOP,,0,127,0.0,85.71653543307086,query_device,2026-07-27 13:01:00
3348,2026-07-27,2025-04-03,tam sam som,,MOBILE,,0,20,0.0,85.3,query_device,2026-07-27 13:01:00
3349,2026-07-27,2025-04-03,tam sam som market,,DESKTOP,,0,1,0.0,79.0,query_device,2026-07-27 13:01:00
3350,2026-07-27,2025-04-03,tam sam som market,,MOBILE,,0,1,0.0,86.0,query_device,2026-07-27 13:01:00
3351,2026-07-27,2025-04-03,tam som sam,,DESKTOP,,0,5,0.0,95.4,query_device,2026-07-27 13:01:00
3352,2026-07-27,2025-04-03,tam/sam/som,,DESKTOP,,0,3,0.0,83.0,query_device,2026-07-27 13:01:00
3353,2026-07-27,2025-04-03,tamsamsom,,DESKTOP,,0,1,0.0,86.0,query_device,2026-07-27 13:01:00
3354,2026-07-27,2025-04-03,three axis chart excel,,DESKTOP,,0,1,0.0,66.0,query_device,2026-07-27 13:01:00
3355,2026-07-27,2025-04-03,three axis graph excel,,DESKTOP,,0,2,0.0,63.5,query_device,2026-07-27 13:01:00
3356,2026-07-27,2025-04-03,three axis graph in excel,,DESKTOP,,0,1,0.0,84.0,query_device,2026-07-27 13:01:00
3357,2026-07-27,2025-04-03,tik tok 廣告,,DESKTOP,,0,2,0.0,54.5,query_device,2026-07-27 13:01:00
3358,2026-07-27,2025-04-03,tik tok 廣告,,MOBILE,,0,1,0.0,95.0,query_device,2026-07-27 13:01:00
3359,2026-07-27,2025-04-03,tiktok ads注册,,DESKTOP,,0,5,0.0,88.6,query_device,2026-07-27 13:01:00
3360,2026-07-27,2025-04-03,tiktok为了宣传自己,,DESKTOP,,0,23,0.0,72.47826086956522,query_device,2026-07-27 13:01:00
3361,2026-07-27,2025-04-03,tiktok代投,,MOBILE,,0,9,0.0,4.111111111111111,query_device,2026-07-27 13:01:00
3362,2026-07-27,2025-04-03,tiktok代理,,DESKTOP,,0,4,0.0,22.75,query_device,2026-07-27 13:01:00
3363,2026-07-27,2025-04-03,tiktok代理商,,DESKTOP,,0,2,0.0,17.0,query_device,2026-07-27 13:01:00
3364,2026-07-27,2025-04-03,tiktok代运营,,DESKTOP,,0,4,0.0,50.5,query_device,2026-07-27 13:01:00
3365,2026-07-27,2025-04-03,tiktok官方广告,,DESKTOP,,0,16,0.0,38.875,query_device,2026-07-27 13:01:00
3366,2026-07-27,2025-04-03,tiktok广告代理商,,DESKTOP,,0,1,0.0,25.0,query_device,2026-07-27 13:01:00
3367,2026-07-27,2025-04-03,tiktok广告代理商,,MOBILE,,0,1,0.0,11.0,query_device,2026-07-27 13:01:00
3368,2026-07-27,2025-04-03,tiktok广告开户,,DESKTOP,,0,9,0.0,25.11111111111111,query_device,2026-07-27 13:01:00
3369,2026-07-27,2025-04-03,tiktok广告怎么加预算,,DESKTOP,,0,4,0.0,90.0,query_device,2026-07-27 13:01:00
3370,2026-07-27,2025-04-03,tiktok开户,,DESKTOP,,0,1,0.0,25.0,query_device,2026-07-27 13:01:00
3371,2026-07-27,2025-04-03,tiktok开户,,MOBILE,,0,1,0.0,22.0,query_device,2026-07-27 13:01:00
3372,2026-07-27,2025-04-03,tiktok是如何推广的,,DESKTOP,,0,22,0.0,87.13636363636364,query_device,2026-07-27 13:01:00
3373,2026-07-27,2025-04-03,tiktok的营销,,DESKTOP,,0,14,0.0,48.714285714285715,query_device,2026-07-27 13:01:00
3374,2026-07-27,2025-04-03,tiktok视频如何投广告,,DESKTOP,,0,1,0.0,66.0,query_device,2026-07-27 13:01:00
3375,2026-07-27,2025-04-03,total addressable market adalah,,DESKTOP,,0,1,0.0,76.0,query_device,2026-07-27 13:01:00
3376,2026-07-27,2025-04-03,troas google ads,,DESKTOP,,0,4,0.0,50.0,query_device,2026-07-27 13:01:00
3377,2026-07-27,2025-04-03,twitter 4k,,DESKTOP,,0,5,0.0,81.6,query_device,2026-07-27 13:01:00
3378,2026-07-27,2025-04-03,twitter 4k,,MOBILE,,0,2,0.0,11.0,query_device,2026-07-27 13:01:00
3379,2026-07-27,2025-04-03,twitter 4k android,,MOBILE,,0,1,0.0,10.0,query_device,2026-07-27 13:01:00
3380,2026-07-27,2025-04-03,twitter 列表,,DESKTOP,,0,1,0.0,7.0,query_device,2026-07-27 13:01:00
3381,2026-07-27,2025-04-03,twitter 列表,,MOBILE,,0,4,0.0,9.25,query_device,2026-07-27 13:01:00
3382,2026-07-27,2025-04-03,twitter如何设置视频清晰度,,MOBILE,,0,1,0.0,20.0,query_device,2026-07-27 13:01:00
3383,2026-07-27,2025-04-03,twitter怎么推广,,DESKTOP,,0,31,0.0,53.45161290322581,query_device,2026-07-27 13:01:00
3384,2026-07-27,2025-04-03,twitter营销,,DESKTOP,,0,1,0.0,32.0,query_device,2026-07-27 13:01:00
3385,2026-07-27,2025-04-03,what is conversion rate optimization?,,DESKTOP,,0,1,0.0,5.0,query_device,2026-07-27 13:01:00
3386,2026-07-27,2025-04-03,what is som in marketing,,DESKTOP,,0,1,0.0,95.0,query_device,2026-07-27 13:01:00
3387,2026-07-27,2025-04-03,what is tam sam som,,DESKTOP,,0,1,0.0,96.0,query_device,2026-07-27 13:01:00
3388,2026-07-27,2025-04-03,what is tam sam som,,MOBILE,,0,1,0.0,94.0,query_device,2026-07-27 13:01:00
3389,2026-07-27,2025-04-03,whatsapp广告营销,,DESKTOP,,0,1,0.0,94.0,query_device,2026-07-27 13:01:00
3390,2026-07-27,2025-04-03,whatsapp社群营销,,DESKTOP,,0,13,0.0,74.61538461538461,query_device,2026-07-27 13:01:00
3391,2026-07-27,2025-04-03,wordpress google优化得分,,DESKTOP,,0,1,0.0,100.0,query_device,2026-07-27 13:01:00
3392,2026-07-27,2025-04-03,wordpress建站详细过程,,DESKTOP,,0,1,0.0,97.0,query_device,2026-07-27 13:01:00
3393,2026-07-27,2025-04-03,x视频清晰度设置,,MOBILE,,0,1,0.0,46.0,query_device,2026-07-27 13:01:00
3394,2026-07-27,2025-04-03,yandex推广,,MOBILE,,0,1,0.0,80.0,query_device,2026-07-27 13:01:00
3395,2026-07-27,2025-04-03,youtube lead form,,DESKTOP,,0,1,0.0,9.0,query_device,2026-07-27 13:01:00
3396,2026-07-27,2025-04-03,youtube 的 广告,,DESKTOP,,0,24,0.0,81.08333333333333,query_device,2026-07-27 13:01:00
3397,2026-07-27,2025-04-03,youtube 跳过广告,,DESKTOP,,0,1,0.0,20.0,query_device,2026-07-27 13:01:00
3398,2026-07-27,2025-04-03,youtube付费推广,,DESKTOP,,0,2,0.0,22.0,query_device,2026-07-27 13:01:00
3399,2026-07-27,2025-04-03,youtube广告类型,,DESKTOP,,0,1,0.0,36.0,query_device,2026-07-27 13:01:00
3400,2026-07-27,2025-04-03,youtube广告跳过,,DESKTOP,,0,1,0.0,17.0,query_device,2026-07-27 13:01:00
3401,2026-07-27,2025-04-03,youtube广告跳过,,MOBILE,,0,2,0.0,22.5,query_device,2026-07-27 13:01:00
3402,2026-07-27,2025-04-03,youtube用户群体统计,,DESKTOP,,0,6,0.0,76.16666666666667,query_device,2026-07-27 13:01:00
3403,2026-07-27,2025-04-03,エクセル 3 軸 グラフ,,DESKTOP,,0,26,0.0,90.07692307692308,query_device,2026-07-27 13:01:00
3404,2026-07-27,2025-04-03,エクセル 3軸,,DESKTOP,,0,2,0.0,73.5,query_device,2026-07-27 13:01:00
3405,2026-07-27,2025-04-03,エクセル 3軸 グラフ,,DESKTOP,,0,39,0.0,89.17948717948718,query_device,2026-07-27 13:01:00
3406,2026-07-27,2025-04-03,エクセル 3軸 グラフ,,MOBILE,,0,37,0.0,86.1891891891892,query_device,2026-07-27 13:01:00
3407,2026-07-27,2025-04-03,エクセル グラフ 3 軸,,DESKTOP,,0,30,0.0,78.03333333333333,query_device,2026-07-27 13:01:00
3408,2026-07-27,2025-04-03,エクセル グラフ 3軸,,DESKTOP,,0,43,0.0,76.97674418604652,query_device,2026-07-27 13:01:00
3409,2026-07-27,2025-04-03,エクセル グラフ 3軸,,MOBILE,,0,35,0.0,76.4,query_device,2026-07-27 13:01:00
3410,2026-07-27,2025-04-03,エクセル グラフ 三軸,,DESKTOP,,0,1,0.0,71.0,query_device,2026-07-27 13:01:00
3411,2026-07-27,2025-04-03,エクセル 三軸グラフ,,DESKTOP,,0,1,0.0,79.0,query_device,2026-07-27 13:01:00
3412,2026-07-27,2025-04-03,ツイッター 4k,,DESKTOP,,0,1,0.0,90.0,query_device,2026-07-27 13:01:00
3413,2026-07-27,2025-04-03,ツイッター4k,,DESKTOP,,0,1,0.0,87.0,query_device,2026-07-27 13:01:00
3414,2026-07-27,2025-04-03,一位营销者在跟踪他的广告系列所带来的收入。他想看到他的每月广告支出的具体投资回报率。 哪种自动出价策略能满足他的需要？,,DESKTOP,,0,4,0.0,8.25,query_device,2026-07-27 13:01:00
3415,2026-07-27,2025-04-03,三軸グラフ,,DESKTOP,,0,2,0.0,95.0,query_device,2026-07-27 13:01:00
3416,2026-07-27,2025-04-03,三軸圖,,DESKTOP,,0,1,0.0,5.0,query_device,2026-07-27 13:01:00
3417,2026-07-27,2025-04-03,下面哪一项是展示广告系列的关键优势？,,DESKTOP,,0,1,0.0,10.0,query_device,2026-07-27 13:01:00
3418,2026-07-27,2025-04-03,下面哪一项是自适应展示广告的关键优势？,,DESKTOP,,0,2,0.0,10.0,query_device,2026-07-27 13:01:00
3419,2026-07-27,2025-04-03,不是个性化搜索结果,,MOBILE,,0,1,0.0,18.0,query_device,2026-07-27 13:01:00
3420,2026-07-27,2025-04-03,业务分析师,,DESKTOP,,0,1,0.0,22.0,query_device,2026-07-27 13:01:00
3421,2026-07-27,2025-04-03,为了利用广泛匹配扩大覆盖面，您可以遵循哪三项最佳实践？,,DESKTOP,,0,6,0.0,8.666666666666668,query_device,2026-07-27 13:01:00
3422,2026-07-27,2025-04-03,为什么亮黄色能吸引消费者注意 是什么原理,,DESKTOP,,0,25,0.0,4.279999999999999,query_device,2026-07-27 13:01:00
3423,2026-07-27,2025-04-03,为广告系列选择出价策略时，应考虑的主要因素有哪些？,,DESKTOP,,0,2,0.0,7.0,query_device,2026-07-27 13:01:00
3424,2026-07-27,2025-04-03,互动率怎么算,,DESKTOP,,0,1,0.0,25.0,query_device,2026-07-27 13:01:00
3425,2026-07-27,2025-04-03,互动率怎么算,,MOBILE,,0,1,0.0,25.0,query_device,2026-07-27 13:01:00
3426,2026-07-27,2025-04-03,五分量表,,DESKTOP,,0,1,0.0,40.0,query_device,2026-07-27 13:01:00
3427,2026-07-27,2025-04-03,五点量表,,DESKTOP,,0,4,0.0,8.25,query_device,2026-07-27 13:01:00
3428,2026-07-27,2025-04-03,五點亮表,,DESKTOP,,0,1,0.0,34.0,query_device,2026-07-27 13:01:00
3429,2026-07-27,2025-04-03,五點亮表,,MOBILE,,0,1,0.0,31.0,query_device,2026-07-27 13:01:00
3430,2026-07-27,2025-04-03,五點量表,,DESKTOP,,0,2,0.0,11.0,query_device,2026-07-27 13:01:00
3431,2026-07-27,2025-04-03,五點量表,,MOBILE,,0,1,0.0,18.0,query_device,2026-07-27 13:01:00
3432,2026-07-27,2025-04-03,五點量表分析,,DESKTOP,,0,1,0.0,27.0,query_device,2026-07-27 13:01:00
3433,2026-07-27,2025-04-03,五點量表範例word,,DESKTOP,,0,1,0.0,24.0,query_device,2026-07-27 13:01:00
3434,2026-07-27,2025-04-03,亚马逊dsp,,DESKTOP,,0,1,0.0,1.0,query_device,2026-07-27 13:01:00
3435,2026-07-27,2025-04-03,亚马逊的dsp怎么使用,,DESKTOP,,0,1,0.0,86.0,query_device,2026-07-27 13:01:00
3436,2026-07-27,2025-04-03,亚马逊的dsp怎么使用,,MOBILE,,0,1,0.0,96.0,query_device,2026-07-27 13:01:00
3437,2026-07-27,2025-04-03,产品矩阵图,,DESKTOP,,0,4,0.0,23.0,query_device,2026-07-27 13:01:00
3438,2026-07-27,2025-04-03,什么情况下您应当使用自适应展示广告？,,DESKTOP,,0,1,0.0,11.0,query_device,2026-07-27 13:01:00
3439,2026-07-27,2025-04-03,什么是ssp,,MOBILE,,0,1,0.0,1.0,query_device,2026-07-27 13:01:00
3440,2026-07-27,2025-04-03,什么是数字营销,,DESKTOP,,0,6,0.0,65.16666666666667,query_device,2026-07-27 13:01:00
3441,2026-07-27,2025-04-03,什么是让客价值,,DESKTOP,,0,1,0.0,95.0,query_device,2026-07-27 13:01:00
3442,2026-07-27,2025-04-03,什么颜色吸引人,,DESKTOP,,0,28,0.0,48.32142857142857,query_device,2026-07-27 13:01:00
3443,2026-07-27,2025-04-03,付费广告,,DESKTOP,,0,4,0.0,76.25,query_device,2026-07-27 13:01:00
3444,2026-07-27,2025-04-03,付费广告,,MOBILE,,0,2,0.0,65.5,query_device,2026-07-27 13:01:00
3445,2026-07-27,2025-04-03,付费广告服务,,DESKTOP,,0,9,0.0,68.44444444444444,query_device,2026-07-27 13:01:00
3446,2026-07-27,2025-04-03,价格对于数字化营销的影响,,DESKTOP,,0,13,0.0,89.3076923076923,query_device,2026-07-27 13:01:00
3447,2026-07-27,2025-04-03,企业整合营销,,DESKTOP,,0,47,0.0,46.234042553191486,query_device,2026-07-27 13:01:00
3448,2026-07-27,2025-04-03,企业整合营销传播案例,,DESKTOP,,0,32,0.0,75.9375,query_device,2026-07-27 13:01:00
3449,2026-07-27,2025-04-03,企业整合营销方案,,DESKTOP,,0,13,0.0,89.76923076923077,query_device,2026-07-27 13:01:00
3450,2026-07-27,2025-04-03,企业整合营销系统,,DESKTOP,,0,1,0.0,52.0,query_device,2026-07-27 13:01:00
3451,2026-07-27,2025-04-03,使用一次搜索引擎的成本是多少？,,DESKTOP,,0,6,0.0,76.83333333333333,query_device,2026-07-27 13:01:00
3452,2026-07-27,2025-04-03,促进销售,,DESKTOP,,0,1,0.0,40.0,query_device,2026-07-27 13:01:00
3453,2026-07-27,2025-04-03,促销代码,,DESKTOP,,0,1,0.0,97.0,query_device,2026-07-27 13:01:00
3454,2026-07-27,2025-04-03,信息驱动型营销,,DESKTOP,,0,2,0.0,100.0,query_device,2026-07-27 13:01:00
3455,2026-07-27,2025-04-03,公司如何利用数据驱动的方法来提高客户参与度和提高营销效果,,DESKTOP,,0,4,0.0,76.25,query_device,2026-07-27 13:01:00
3456,2026-07-27,2025-04-03,关键字规划师,,DESKTOP,,0,3,0.0,51.666666666666664,query_device,2026-07-27 13:01:00
3457,2026-07-27,2025-04-03,关键字规划师,,MOBILE,,0,2,0.0,54.0,query_device,2026-07-27 13:01:00
3458,2026-07-27,2025-04-03,关键词广告,,DESKTOP,,0,47,0.0,44.638297872340424,query_device,2026-07-27 13:01:00
3459,2026-07-27,2025-04-03,关键词广告,,MOBILE,,0,45,0.0,46.44444444444444,query_device,2026-07-27 13:01:00
3460,2026-07-27,2025-04-03,关键词搜索量,,DESKTOP,,0,27,0.0,75.51851851851852,query_device,2026-07-27 13:01:00
3461,2026-07-27,2025-04-03,关键词搜索量查询,,DESKTOP,,0,85,0.0,63.16470588235294,query_device,2026-07-27 13:01:00
3462,2026-07-27,2025-04-03,关键词搜索量查询,,MOBILE,,0,85,0.0,63.529411764705884,query_device,2026-07-27 13:01:00
3463,2026-07-27,2025-04-03,关键词研究工具 使用方法,,DESKTOP,,0,8,0.0,6.5,query_device,2026-07-27 13:01:00
3464,2026-07-27,2025-04-03,关键词规划大师,,MOBILE,,0,1,0.0,69.0,query_device,2026-07-27 13:01:00
3465,2026-07-27,2025-04-03,关键词规划师,,DESKTOP,,0,11,0.0,36.90909090909091,query_device,2026-07-27 13:01:00
3466,2026-07-27,2025-04-03,关键词规划师,,MOBILE,,0,7,0.0,39.42857142857143,query_device,2026-07-27 13:01:00
3467,2026-07-27,2025-04-03,关键词选择,,DESKTOP,,0,5,0.0,82.0,query_device,2026-07-27 13:01:00
3468,2026-07-27,2025-04-03,内容 营销 写作,,DESKTOP,,0,4,0.0,66.5,query_device,2026-07-27 13:01:00
3469,2026-07-27,2025-04-03,内容营销的改善,,DESKTOP,,0,5,0.0,83.4,query_device,2026-07-27 13:01:00
3470,2026-07-27,2025-04-03,再营销,,DESKTOP,,0,5,0.0,32.2,query_device,2026-07-27 13:01:00
3471,2026-07-27,2025-04-03,再营销,,MOBILE,,0,5,0.0,32.8,query_device,2026-07-27 13:01:00
3472,2026-07-27,2025-04-03,再营销广告,,DESKTOP,,0,6,0.0,49.5,query_device,2026-07-27 13:01:00
3473,2026-07-27,2025-04-03,再营销广告,,MOBILE,,0,5,0.0,48.6,query_device,2026-07-27 13:01:00
3474,2026-07-27,2025-04-03,出海 google seo,,DESKTOP,,0,30,0.0,32.233333333333334,query_device,2026-07-27 13:01:00
3475,2026-07-27,2025-04-03,出海 google 广告,,DESKTOP,,0,27,0.0,66.77777777777777,query_device,2026-07-27 13:01:00
3476,2026-07-27,2025-04-03,出海seo,,DESKTOP,,0,26,0.0,57.26923076923077,query_device,2026-07-27 13:01:00
3477,2026-07-27,2025-04-03,出海谷歌广告,,DESKTOP,,0,30,0.0,57.3,query_device,2026-07-27 13:01:00
3478,2026-07-27,2025-04-03,分析結果,,DESKTOP,,0,9,0.0,48.111111111111114,query_device,2026-07-27 13:01:00
3479,2026-07-27,2025-04-03,利用广告色彩来影响消费者消费心理的方法,,DESKTOP,,0,1,0.0,18.0,query_device,2026-07-27 13:01:00
3480,2026-07-27,2025-04-03,动态 搜索 广告,,DESKTOP,,0,29,0.0,20.96551724137931,query_device,2026-07-27 13:01:00
3481,2026-07-27,2025-04-03,动态广告,,DESKTOP,,0,1,0.0,95.0,query_device,2026-07-27 13:01:00
3482,2026-07-27,2025-04-03,动态广告,,MOBILE,,0,3,0.0,72.66666666666667,query_device,2026-07-27 13:01:00
3483,2026-07-27,2025-04-03,动态搜索广告,,DESKTOP,,0,5,0.0,25.2,query_device,2026-07-27 13:01:00
3484,2026-07-27,2025-04-03,动态搜索广告,,MOBILE,,0,4,0.0,25.0,query_device,2026-07-27 13:01:00
3485,2026-07-27,2025-04-03,助和联属营销等方式获利。,,DESKTOP,,0,30,0.0,61.166666666666664,query_device,2026-07-27 13:01:00
3486,2026-07-27,2025-04-03,動態內廣告,,DESKTOP,,0,1,0.0,34.0,query_device,2026-07-27 13:01:00
3487,2026-07-27,2025-04-03,動態搜尋廣告,,DESKTOP,,0,83,0.0,32.53012048192771,query_device,2026-07-27 13:01:00
3488,2026-07-27,2025-04-03,動態搜尋廣告,,MOBILE,,0,48,0.0,31.895833333333332,query_device,2026-07-27 13:01:00
3489,2026-07-27,2025-04-03,千次展示费用公式,,DESKTOP,,0,1,0.0,12.0,query_device,2026-07-27 13:01:00
3490,2026-07-27,2025-04-03,双y轴折线图,,DESKTOP,,0,1,0.0,29.0,query_device,2026-07-27 13:01:00
3491,2026-07-27,2025-04-03,受众互动提升技巧,,DESKTOP,,0,1,0.0,55.0,query_device,2026-07-27 13:01:00
3492,2026-07-27,2025-04-03,受众定位,,DESKTOP,,0,2,0.0,52.5,query_device,2026-07-27 13:01:00
3493,2026-07-27,2025-04-03,受众定位,,MOBILE,,0,2,0.0,60.5,query_device,2026-07-27 13:01:00
3494,2026-07-27,2025-04-03,否定关键词,,DESKTOP,,0,2,0.0,73.5,query_device,2026-07-27 13:01:00
3495,2026-07-27,2025-04-03,启用自动调整功能来自动优化广告系列表现,,DESKTOP,,0,37,0.0,51.972972972972975,query_device,2026-07-27 13:01:00
3496,2026-07-27,2025-04-03,启用自动调整功能来自动优化广告系列表现,,MOBILE,,0,1,0.0,43.0,query_device,2026-07-27 13:01:00
3497,2026-07-27,2025-04-03,周末购物节省时间技巧,,DESKTOP,,0,1,0.0,8.0,query_device,2026-07-27 13:01:00
3498,2026-07-27,2025-04-03,品牌整合,,DESKTOP,,0,1,0.0,20.0,query_device,2026-07-27 13:01:00
3499,2026-07-27,2025-04-03,品牌整合营销,,DESKTOP,,0,54,0.0,38.7037037037037,query_device,2026-07-27 13:01:00
3500,2026-07-27,2025-04-03,品牌整合营销传播,,DESKTOP,,0,47,0.0,58.234042553191486,query_device,2026-07-27 13:01:00
3501,2026-07-27,2025-04-03,品牌整合营销传播案例,,DESKTOP,,0,41,0.0,56.5609756097561,query_device,2026-07-27 13:01:00
3502,2026-07-27,2025-04-03,品牌整合营销传播的概念是什么,,DESKTOP,,0,42,0.0,54.404761904761905,query_device,2026-07-27 13:01:00
3503,2026-07-27,2025-04-03,品牌整合营销传播的要素,,DESKTOP,,0,42,0.0,61.23809523809524,query_device,2026-07-27 13:01:00
3504,2026-07-27,2025-04-03,品牌整合营销是什么意思,,DESKTOP,,0,2,0.0,94.5,query_device,2026-07-27 13:01:00
3505,2026-07-27,2025-04-03,品牌整合营销机构,,DESKTOP,,0,47,0.0,23.19148936170213,query_device,2026-07-27 13:01:00
3506,2026-07-27,2025-04-03,品牌整合营销案例,,DESKTOP,,0,26,0.0,65.65384615384616,query_device,2026-07-27 13:01:00
3507,2026-07-27,2025-04-03,品牌词月检索量怎么搜索,,DESKTOP,,0,1,0.0,72.0,query_device,2026-07-27 13:01:00
3508,2026-07-27,2025-04-03,品質分數,,DESKTOP,,0,14,0.0,47.857142857142854,query_device,2026-07-27 13:01:00
3509,2026-07-27,2025-04-03,四點量表分析,,MOBILE,,0,1,0.0,60.0,query_device,2026-07-27 13:01:00
3510,2026-07-27,2025-04-03,四點量表範例,,MOBILE,,0,1,0.0,43.0,query_device,2026-07-27 13:01:00
3511,2026-07-27,2025-04-03,国际推广seo sem,,DESKTOP,,0,8,0.0,78.125,query_device,2026-07-27 13:01:00
3512,2026-07-27,2025-04-03,在不包含发布商内容的屏幕上展示 google 投放的广告,,DESKTOP,,0,1,0.0,38.0,query_device,2026-07-27 13:01:00
3513,2026-07-27,2025-04-03,在不包含发布商内容的屏幕上展示 google 投放的广告,,MOBILE,,0,1,0.0,45.0,query_device,2026-07-27 13:01:00
3514,2026-07-27,2025-04-03,在创建 google 展示广告系列时，广告客户可以从两种主要的广告格式中进行选择：自适应展示广告和上传的图片广告。 上传的图片广告的主要优势是什么？,,DESKTOP,,0,15,0.0,5.4,query_device,2026-07-27 13:01:00
3515,2026-07-27,2025-04-03,在创建以提高认知度为目标的 google 视频广告系列时，为什么说选择启用 google 视频合作伙伴是个好主意？,,DESKTOP,,0,1,0.0,9.0,query_device,2026-07-27 13:01:00
3516,2026-07-27,2025-04-03,在效果规划工具中，为什么应将具有不同营销目标的广告系列分别纳入不同的方案中？,,DESKTOP,,0,3,0.0,8.666666666666668,query_device,2026-07-27 13:01:00
3517,2026-07-27,2025-04-03,地产经纪人广告,,DESKTOP,,0,12,0.0,43.583333333333336,query_device,2026-07-27 13:01:00
3518,2026-07-27,2025-04-03,地产经纪人广告,,MOBILE,,0,13,0.0,41.38461538461539,query_device,2026-07-27 13:01:00
3519,2026-07-27,2025-04-03,堆叠面积图,,DESKTOP,,0,3,0.0,25.666666666666668,query_device,2026-07-27 13:01:00
3520,2026-07-27,2025-04-03,堆叠面积图,,MOBILE,,0,1,0.0,29.0,query_device,2026-07-27 13:01:00
3521,2026-07-27,2025-04-03,增强型转化,,DESKTOP,,0,1,0.0,60.0,query_device,2026-07-27 13:01:00
3522,2026-07-27,2025-04-03,增强型转化,,MOBILE,,0,1,0.0,61.0,query_device,2026-07-27 13:01:00
3523,2026-07-27,2025-04-03,增粉,,DESKTOP,,0,1,0.0,43.0,query_device,2026-07-27 13:01:00
3524,2026-07-27,2025-04-03,增粉,,MOBILE,,0,2,0.0,42.5,query_device,2026-07-27 13:01:00
3525,2026-07-27,2025-04-03,外贸 推广,,DESKTOP,,0,4,0.0,93.5,query_device,2026-07-27 13:01:00
3526,2026-07-27,2025-04-03,外贸seo,,DESKTOP,,0,1,0.0,82.0,query_device,2026-07-27 13:01:00
3527,2026-07-27,2025-04-03,外链发布工具,,DESKTOP,,0,1,0.0,60.0,query_device,2026-07-27 13:01:00
3528,2026-07-27,2025-04-03,外链收录,,DESKTOP,,0,3,0.0,73.66666666666667,query_device,2026-07-27 13:01:00
3529,2026-07-27,2025-04-03,如何优化搜索词,,DESKTOP,,0,2,0.0,57.0,query_device,2026-07-27 13:01:00
3530,2026-07-27,2025-04-03,如何使用可视化搜索引擎？,,DESKTOP,,0,30,0.0,60.7,query_device,2026-07-27 13:01:00
3531,2026-07-27,2025-04-03,如何分析独立站数据,,DESKTOP,,0,4,0.0,84.25,query_device,2026-07-27 13:01:00
3532,2026-07-27,2025-04-03,如何提高谷歌自然点击率,,DESKTOP,,0,1,0.0,99.0,query_device,2026-07-27 13:01:00
3533,2026-07-27,2025-04-03,如何提高销售额,,DESKTOP,,0,4,0.0,50.0,query_device,2026-07-27 13:01:00
3534,2026-07-27,2025-04-03,如何提高销售额,,MOBILE,,0,4,0.0,49.5,query_device,2026-07-27 13:01:00
3535,2026-07-27,2025-04-03,如何测量相关词条的搜索数量,,DESKTOP,,0,25,0.0,74.16,query_device,2026-07-27 13:01:00
3536,2026-07-27,2025-04-03,如何用excel做数据分析,,DESKTOP,,0,1,0.0,30.0,query_device,2026-07-27 13:01:00
3537,2026-07-27,2025-04-03,安索夫,,DESKTOP,,0,1,0.0,73.0,query_device,2026-07-27 13:01:00
3538,2026-07-27,2025-04-03,安索夫矩阵,,DESKTOP,,0,5,0.0,20.4,query_device,2026-07-27 13:01:00
3539,2026-07-27,2025-04-03,安索夫矩陣,,DESKTOP,,0,4,0.0,71.5,query_device,2026-07-27 13:01:00
3540,2026-07-27,2025-04-03,安索夫矩陣,,MOBILE,,0,1,0.0,67.0,query_device,2026-07-27 13:01:00
3541,2026-07-27,2025-04-03,安索夫矩陣範例,,DESKTOP,,0,1,0.0,46.0,query_device,2026-07-27 13:01:00
3542,2026-07-27,2025-04-03,实施智能出价和广泛匹配后，您应遵循哪三种广告系列最佳实践？,,DESKTOP,,0,1,0.0,10.0,query_device,2026-07-27 13:01:00
3543,2026-07-27,2025-04-03,客户价值,,DESKTOP,,0,31,0.0,60.25806451612903,query_device,2026-07-27 13:01:00
3544,2026-07-27,2025-04-03,客户分析,,DESKTOP,,0,17,0.0,77.23529411764706,query_device,2026-07-27 13:01:00
3545,2026-07-27,2025-04-03,客户终身价值,,DESKTOP,,0,9,0.0,64.88888888888889,query_device,2026-07-27 13:01:00
3546,2026-07-27,2025-04-03,富媒体测试,,MOBILE,,0,1,0.0,47.0,query_device,2026-07-27 13:01:00
3547,2026-07-27,2025-04-03,富媒體廣告,,DESKTOP,,0,7,0.0,32.0,query_device,2026-07-27 13:01:00
3548,2026-07-27,2025-04-03,对于 google 展示广告网络上提供的广告格式，哪种会自动调整显示方式以充分利用页面上的可用空间？,,DESKTOP,,0,2,0.0,6.0,query_device,2026-07-27 13:01:00
3549,2026-07-27,2025-04-03,将广泛匹配、智能出价和自适应搜索广告结合使用有哪两个好处？,,DESKTOP,,0,7,0.0,9.0,query_device,2026-07-27 13:01:00
3550,2026-07-27,2025-04-03,将智能出价与广泛匹配结合使用的好处是什么？,,DESKTOP,,0,15,0.0,6.0,query_device,2026-07-27 13:01:00
3551,2026-07-27,2025-04-03,對手 google 廣告,,DESKTOP,,0,9,0.0,83.77777777777777,query_device,2026-07-27 13:01:00
3552,2026-07-27,2025-04-03,展示广告,,DESKTOP,,0,8,0.0,62.875,query_device,2026-07-27 13:01:00
3553,2026-07-27,2025-04-03,展示广告,,MOBILE,,0,1,0.0,78.0,query_device,2026-07-27 13:01:00
3554,2026-07-27,2025-04-03,市場滲透例子,,DESKTOP,,0,1,0.0,32.0,query_device,2026-07-27 13:01:00
3555,2026-07-27,2025-04-03,市場滲透例子,,MOBILE,,0,1,0.0,13.0,query_device,2026-07-27 13:01:00
3556,2026-07-27,2025-04-03,帕累托,,DESKTOP,,0,4,0.0,45.0,query_device,2026-07-27 13:01:00
3557,2026-07-27,2025-04-03,帕累托,,MOBILE,,0,2,0.0,47.0,query_device,2026-07-27 13:01:00
3558,2026-07-27,2025-04-03,广告 形式,,DESKTOP,,0,3,0.0,81.33333333333333,query_device,2026-07-27 13:01:00
3559,2026-07-27,2025-04-03,广告媒体平台,,DESKTOP,,0,2,0.0,81.5,query_device,2026-07-27 13:01:00
3560,2026-07-27,2025-04-03,广告媒体平台,,MOBILE,,0,1,0.0,81.0,query_device,2026-07-27 13:01:00
3561,2026-07-27,2025-04-03,广告开户,,DESKTOP,,0,1,0.0,90.0,query_device,2026-07-27 13:01:00
3562,2026-07-27,2025-04-03,广告点击率,,DESKTOP,,0,1,0.0,98.0,query_device,2026-07-27 13:01:00
3563,2026-07-27,2025-04-03,广告色彩对传播的影响,,DESKTOP,,0,16,0.0,43.1875,query_device,2026-07-27 13:01:00
3564,2026-07-27,2025-04-03,广告色彩的选择,,DESKTOP,,0,30,0.0,8.466666666666667,query_device,2026-07-27 13:01:00
3565,2026-07-27,2025-04-03,广告色彩色彩的心理感觉,,DESKTOP,,0,29,0.0,5.344827586206897,query_device,2026-07-27 13:01:00
3566,2026-07-27,2025-04-03,广告色调有哪些纯色调,,DESKTOP,,0,7,0.0,9.857142857142858,query_device,2026-07-27 13:01:00
3567,2026-07-27,2025-04-03,广泛匹配,,MOBILE,,0,1,0.0,37.0,query_device,2026-07-27 13:01:00
3568,2026-07-27,2025-04-03,廣告平台,,DESKTOP,,0,5,0.0,71.8,query_device,2026-07-27 13:01:00
3569,2026-07-27,2025-04-03,廣告平台,,MOBILE,,0,4,0.0,62.25,query_device,2026-07-27 13:01:00
3570,2026-07-27,2025-04-03,廣告格式,,DESKTOP,,0,2,0.0,61.0,query_device,2026-07-27 13:01:00
3571,2026-07-27,2025-04-03,廣告格式,,MOBILE,,0,5,0.0,53.4,query_device,2026-07-27 13:01:00
3572,2026-07-27,2025-04-03,弹出式广告的优点和缺点,,DESKTOP,,0,31,0.0,43.0,query_device,2026-07-27 13:01:00
3573,2026-07-27,2025-04-03,微软广告,,MOBILE,,0,1,0.0,52.0,query_device,2026-07-27 13:01:00
3574,2026-07-27,2025-04-03,必应广告,,DESKTOP,,0,5,0.0,33.0,query_device,2026-07-27 13:01:00
3575,2026-07-27,2025-04-03,必应广告,,MOBILE,,0,1,0.0,28.0,query_device,2026-07-27 13:01:00
3576,2026-07-27,2025-04-03,必应搜索营销,,DESKTOP,,0,28,0.0,64.60714285714286,query_device,2026-07-27 13:01:00
3577,2026-07-27,2025-04-03,怎么提高pinterest搜索的准确率,,DESKTOP,,0,26,0.0,49.0,query_device,2026-07-27 13:01:00
3578,2026-07-27,2025-04-03,怎么样组关键词更有吸引力,,DESKTOP,,0,28,0.0,8.857142857142858,query_device,2026-07-27 13:01:00
3579,2026-07-27,2025-04-03,您在制作 google 视频广告系列，目标是提高用户对您的品牌的钟意度。 使用视频广告依序展示解决方案的好处是什么？,,DESKTOP,,0,2,0.0,7.5,query_device,2026-07-27 13:01:00
3580,2026-07-27,2025-04-03,您在设置行动号召视频广告系列，目标是将用户的意向转化为行动。为此，您应该如何制定受众群体策略？,,DESKTOP,,0,1,0.0,9.0,query_device,2026-07-27 13:01:00
3581,2026-07-27,2025-04-03,您计划投放以提高钟意度为目标的 google 视频广告系列，并且希望衡量有多少人观看了您的视频。 您应该使用哪种效果衡量解决方案？,,DESKTOP,,0,2,0.0,8.5,query_device,2026-07-27 13:01:00
3582,2026-07-27,2025-04-03,拉式策略,,DESKTOP,,0,1,0.0,9.0,query_device,2026-07-27 13:01:00
3583,2026-07-27,2025-04-03,拉式策略例子,,DESKTOP,,0,1,0.0,17.0,query_device,2026-07-27 13:01:00
3584,2026-07-27,2025-04-03,探索式資料分析,,MOBILE,,0,1,0.0,58.0,query_device,2026-07-27 13:01:00
3585,2026-07-27,2025-04-03,探索性数据分析,,DESKTOP,,0,4,0.0,38.25,query_device,2026-07-27 13:01:00
3586,2026-07-27,2025-04-03,推广工具有什么,,DESKTOP,,0,2,0.0,94.0,query_device,2026-07-27 13:01:00
3587,2026-07-27,2025-04-03,推式策略,,DESKTOP,,0,2,0.0,9.0,query_device,2026-07-27 13:01:00
3588,2026-07-27,2025-04-03,推式策略例子,,DESKTOP,,0,2,0.0,17.5,query_device,2026-07-27 13:01:00
3589,2026-07-27,2025-04-03,推式行銷,,DESKTOP,,0,5,0.0,30.6,query_device,2026-07-27 13:01:00
3590,2026-07-27,2025-04-03,推文转发策略,,DESKTOP,,0,26,0.0,9.884615384615385,query_device,2026-07-27 13:01:00
3591,2026-07-27,2025-04-03,推特 - google 搜索,,DESKTOP,,0,6,0.0,75.66666666666667,query_device,2026-07-27 13:01:00
3592,2026-07-27,2025-04-03,推特 4k,,DESKTOP,,0,1,0.0,3.0,query_device,2026-07-27 13:01:00
3593,2026-07-27,2025-04-03,推特 列表,,DESKTOP,,0,1,0.0,13.0,query_device,2026-07-27 13:01:00
3594,2026-07-27,2025-04-03,推特 列表,,MOBILE,,0,4,0.0,8.75,query_device,2026-07-27 13:01:00
3595,2026-07-27,2025-04-03,推特一个ren,,DESKTOP,,0,1,0.0,71.0,query_device,2026-07-27 13:01:00
3596,2026-07-27,2025-04-03,推特一个ren,,MOBILE,,0,1,0.0,66.0,query_device,2026-07-27 13:01:00
3597,2026-07-27,2025-04-03,推特列表,,DESKTOP,,0,1,0.0,11.0,query_device,2026-07-27 13:01:00
3598,2026-07-27,2025-04-03,推特列表,,MOBILE,,0,4,0.0,10.5,query_device,2026-07-27 13:01:00
3599,2026-07-27,2025-04-03,推特推广,,DESKTOP,,0,2,0.0,54.5,query_device,2026-07-27 13:01:00
3600,2026-07-27,2025-04-03,推特推广方案,,DESKTOP,,0,25,0.0,66.16,query_device,2026-07-27 13:01:00
3601,2026-07-27,2025-04-03,推特推广是什么,,DESKTOP,,0,32,0.0,67.90625,query_device,2026-07-27 13:01:00
3602,2026-07-27,2025-04-03,推特营销,,DESKTOP,,0,2,0.0,33.5,query_device,2026-07-27 13:01:00
3603,2026-07-27,2025-04-03,推特营销软件,,MOBILE,,0,1,0.0,109.0,query_device,2026-07-27 13:01:00
3604,2026-07-27,2025-04-03,推特视频画质,,MOBILE,,0,1,0.0,26.0,query_device,2026-07-27 13:01:00
3605,2026-07-27,2025-04-03,推特账号营销,,DESKTOP,,0,24,0.0,43.833333333333336,query_device,2026-07-27 13:01:00
3606,2026-07-27,2025-04-03,推荐一种有效数字营销战略,,DESKTOP,,0,1,0.0,84.0,query_device,2026-07-27 13:01:00
3607,2026-07-27,2025-04-03,提高 ppc 性能,,DESKTOP,,0,55,0.0,1.1454545454545455,query_device,2026-07-27 13:01:00
3608,2026-07-27,2025-04-03,提高 ppc 性能,,MOBILE,,0,44,0.0,1.1136363636363635,query_device,2026-07-27 13:01:00
3609,2026-07-27,2025-04-03,提高销售,,DESKTOP,,0,4,0.0,68.5,query_device,2026-07-27 13:01:00
3610,2026-07-27,2025-04-03,提高销售,,MOBILE,,0,3,0.0,61.666666666666664,query_device,2026-07-27 13:01:00
3611,2026-07-27,2025-04-03,搜索 引擎 营销,,DESKTOP,,0,21,0.0,74.33333333333333,query_device,2026-07-27 13:01:00
3612,2026-07-27,2025-04-03,搜索关键词的人数,,DESKTOP,,0,6,0.0,78.83333333333333,query_device,2026-07-27 13:01:00
3613,2026-07-27,2025-04-03,搜索引擎优化seo和谷歌付费广告ppc,,DESKTOP,,0,25,0.0,9.96,query_device,2026-07-27 13:01:00
3614,2026-07-27,2025-04-03,搜索引擎算法更新 关键词优化,,DESKTOP,,0,10,0.0,8.5,query_device,2026-07-27 13:01:00
3615,2026-07-27,2025-04-03,搜索引擎算法更新 关键词影响,,DESKTOP,,0,7,0.0,8.285714285714285,query_device,2026-07-27 13:01:00
3616,2026-07-27,2025-04-03,搜索引擎算法更新 关键词策略,,DESKTOP,,0,13,0.0,9.384615384615385,query_device,2026-07-27 13:01:00
3617,2026-07-27,2025-04-03,搜索引擎算法更新 影响关键词策略,,DESKTOP,,0,1,0.0,9.0,query_device,2026-07-27 13:01:00
3618,2026-07-27,2025-04-03,搜索引擎营销,,DESKTOP,,0,19,0.0,73.42105263157895,query_device,2026-07-27 13:01:00
3619,2026-07-27,2025-04-03,搜索引擎营销,,MOBILE,,0,19,0.0,71.26315789473684,query_device,2026-07-27 13:01:00
3620,2026-07-27,2025-04-03,搜索词,,DESKTOP,,0,2,0.0,97.0,query_device,2026-07-27 13:01:00
3621,2026-07-27,2025-04-03,散点图,,DESKTOP,,0,1,0.0,13.0,query_device,2026-07-27 13:01:00
3622,2026-07-27,2025-04-03,散点图 应用实例,,DESKTOP,,0,1,0.0,4.0,query_device,2026-07-27 13:01:00
3623,2026-07-27,2025-04-03,数字化营销,,DESKTOP,,0,44,0.0,65.88636363636364,query_device,2026-07-27 13:01:00
3624,2026-07-27,2025-04-03,数字服务法,,DESKTOP,,0,1,0.0,78.0,query_device,2026-07-27 13:01:00
3625,2026-07-27,2025-04-03,数字营销如何定位目标受众,,DESKTOP,,0,15,0.0,88.73333333333333,query_device,2026-07-27 13:01:00
3626,2026-07-27,2025-04-03,数字营销策略,,DESKTOP,,0,32,0.0,77.34375,query_device,2026-07-27 13:01:00
3627,2026-07-27,2025-04-03,数据驱动营销,,DESKTOP,,0,8,0.0,92.0,query_device,2026-07-27 13:01:00
3628,2026-07-27,2025-04-03,整合营销,,DESKTOP,,0,4,0.0,26.75,query_device,2026-07-27 13:01:00
3629,2026-07-27,2025-04-03,整合营销传播,,DESKTOP,,0,31,0.0,55.87096774193548,query_device,2026-07-27 13:01:00
3630,2026-07-27,2025-04-03,整合营销传播作用,,DESKTOP,,0,4,0.0,55.75,query_device,2026-07-27 13:01:00
3631,2026-07-27,2025-04-03,整合营销公司,,DESKTOP,,0,40,0.0,65.775,query_device,2026-07-27 13:01:00
3632,2026-07-27,2025-04-03,整合营销平台,,DESKTOP,,0,8,0.0,28.5,query_device,2026-07-27 13:01:00
3633,2026-07-27,2025-04-03,整合营销平台包括哪些,,DESKTOP,,0,46,0.0,76.15217391304348,query_device,2026-07-27 13:01:00
3634,2026-07-27,2025-04-03,整合营销平台是什么,,DESKTOP,,0,50,0.0,32.760000000000005,query_device,2026-07-27 13:01:00
3635,2026-07-27,2025-04-03,整合营销平台是什么意思,,DESKTOP,,0,3,0.0,75.66666666666667,query_device,2026-07-27 13:01:00
3636,2026-07-27,2025-04-03,整合营销平台有哪些,,DESKTOP,,0,35,0.0,86.31428571428572,query_device,2026-07-27 13:01:00
3637,2026-07-27,2025-04-03,整合营销平台有哪些内容,,DESKTOP,,0,19,0.0,77.42105263157895,query_device,2026-07-27 13:01:00
3638,2026-07-27,2025-04-03,整合营销平台有哪些方式,,DESKTOP,,0,46,0.0,67.19565217391305,query_device,2026-07-27 13:01:00
3639,2026-07-27,2025-04-03,整合营销平台有哪些类型,,DESKTOP,,0,27,0.0,86.5925925925926,query_device,2026-07-27 13:01:00
3640,2026-07-27,2025-04-03,整合营销平台的优缺点有哪些,,DESKTOP,,0,39,0.0,45.92307692307692,query_device,2026-07-27 13:01:00
3641,2026-07-27,2025-04-03,易詞雲-詞雲生成器,,MOBILE,,0,9,0.0,37.333333333333336,query_device,2026-07-27 13:01:00
3642,2026-07-27,2025-04-03,智能购物广告,,DESKTOP,,0,30,0.0,37.333333333333336,query_device,2026-07-27 13:01:00
3643,2026-07-27,2025-04-03,智能购物广告,,MOBILE,,0,1,0.0,36.0,query_device,2026-07-27 13:01:00
3644,2026-07-27,2025-04-03,最佳加密货币,,MOBILE,,0,2,0.0,79.5,query_device,2026-07-27 13:01:00
3645,2026-07-27,2025-04-03,最佳加密货币信号,,MOBILE,,0,1,0.0,100.0,query_device,2026-07-27 13:01:00
3646,2026-07-27,2025-04-03,李克氏量表,,DESKTOP,,0,2,0.0,13.0,query_device,2026-07-27 13:01:00
3647,2026-07-27,2025-04-03,李克氏量表,,MOBILE,,0,1,0.0,1.0,query_device,2026-07-27 13:01:00
3648,2026-07-27,2025-04-03,李克特,,DESKTOP,,0,3,0.0,8.666666666666668,query_device,2026-07-27 13:01:00
3649,2026-07-27,2025-04-03,李克特5级量表,,DESKTOP,,0,4,0.0,8.75,query_device,2026-07-27 13:01:00
3650,2026-07-27,2025-04-03,李克特5级量表,,MOBILE,,0,1,0.0,8.0,query_device,2026-07-27 13:01:00
3651,2026-07-27,2025-04-03,李克特5點量表,,DESKTOP,,0,1,0.0,11.0,query_device,2026-07-27 13:01:00
3652,2026-07-27,2025-04-03,李克特5點量表,,MOBILE,,0,3,0.0,11.333333333333334,query_device,2026-07-27 13:01:00
3653,2026-07-27,2025-04-03,李克特七點量表,,DESKTOP,,0,1,0.0,13.0,query_device,2026-07-27 13:01:00
3654,2026-07-27,2025-04-03,李克特七點量表範例,,DESKTOP,,0,1,0.0,28.0,query_device,2026-07-27 13:01:00
3655,2026-07-27,2025-04-03,李克特五点量表,,DESKTOP,,0,7,0.0,8.571428571428571,query_device,2026-07-27 13:01:00
3656,2026-07-27,2025-04-03,李克特五级量表,,DESKTOP,,0,6,0.0,11.0,query_device,2026-07-27 13:01:00
3657,2026-07-27,2025-04-03,李克特五點量表,,DESKTOP,,0,4,0.0,18.25,query_device,2026-07-27 13:01:00
3658,2026-07-27,2025-04-03,李克特五點量表,,MOBILE,,0,1,0.0,1.0,query_device,2026-07-27 13:01:00
3659,2026-07-27,2025-04-03,李克特五點量表分析,,DESKTOP,,0,1,0.0,33.0,query_device,2026-07-27 13:01:00
3660,2026-07-27,2025-04-03,李克特五點量表範例,,DESKTOP,,0,1,0.0,32.0,query_device,2026-07-27 13:01:00
3661,2026-07-27,2025-04-03,李克特四點量表,,DESKTOP,,0,1,0.0,18.0,query_device,2026-07-27 13:01:00
3662,2026-07-27,2025-04-03,李克特量表,,DESKTOP,,0,138,0.0,13.659420289855072,query_device,2026-07-27 13:01:00
3663,2026-07-27,2025-04-03,李克特量表,,MOBILE,,0,26,0.0,2.8076923076923075,query_device,2026-07-27 13:01:00
3664,2026-07-27,2025-04-03,李克特量表,,TABLET,,0,1,0.0,2.0,query_device,2026-07-27 13:01:00
3665,2026-07-27,2025-04-03,李克特量表 定义,,DESKTOP,,0,11,0.0,8.636363636363637,query_device,2026-07-27 13:01:00
3666,2026-07-27,2025-04-03,李克特量表分析方法,,MOBILE,,0,6,0.0,9.833333333333334,query_device,2026-07-27 13:01:00
3667,2026-07-27,2025-04-03,李克特量表分析方法,,TABLET,,0,1,0.0,10.0,query_device,2026-07-27 13:01:00
3668,2026-07-27,2025-04-03,李克特量表尺度,,DESKTOP,,0,1,0.0,11.0,query_device,2026-07-27 13:01:00
3669,2026-07-27,2025-04-03,李克特量表範例,,DESKTOP,,0,1,0.0,44.0,query_device,2026-07-27 13:01:00
3670,2026-07-27,2025-04-03,李克量表,,DESKTOP,,0,1,0.0,11.0,query_device,2026-07-27 13:01:00
3671,2026-07-27,2025-04-03,李斯特量表,,DESKTOP,,0,10,0.0,8.0,query_device,2026-07-27 13:01:00
3672,2026-07-27,2025-04-03,李特克量表,,DESKTOP,,0,2,0.0,13.0,query_device,2026-07-27 13:01:00
3673,2026-07-27,2025-04-03,查pinterest 平台浏览,,DESKTOP,,0,27,0.0,67.5925925925926,query_device,2026-07-27 13:01:00
3674,2026-07-27,2025-04-03,查阅消费关键词的工具,,DESKTOP,,0,1,0.0,79.0,query_device,2026-07-27 13:01:00
3675,2026-07-27,2025-04-03,桑基图,,DESKTOP,,0,9,0.0,18.666666666666668,query_device,2026-07-27 13:01:00
3676,2026-07-27,2025-04-03,桑基图,,MOBILE,,0,1,0.0,101.0,query_device,2026-07-27 13:01:00
3677,2026-07-27,2025-04-03,桑基图 excel,,DESKTOP,,0,9,0.0,3.2222222222222223,query_device,2026-07-27 13:01:00
3678,2026-07-27,2025-04-03,桑基图excel,,MOBILE,,0,2,0.0,2.5,query_device,2026-07-27 13:01:00
3679,2026-07-27,2025-04-03,桑基图在线,,DESKTOP,,0,1,0.0,47.0,query_device,2026-07-27 13:01:00
3680,2026-07-27,2025-04-03,桑基圖excel,,TABLET,,0,1,0.0,10.0,query_device,2026-07-27 13:01:00
3681,2026-07-27,2025-04-03,業務分析,,DESKTOP,,0,1,0.0,37.0,query_device,2026-07-27 13:01:00
3682,2026-07-27,2025-04-03,業務分析,,MOBILE,,0,1,0.0,36.0,query_device,2026-07-27 13:01:00
3683,2026-07-27,2025-04-03,橡树学院,,DESKTOP,,0,3,0.0,19.333333333333332,query_device,2026-07-27 13:01:00
3684,2026-07-27,2025-04-03,橡树学院,,MOBILE,,0,1,0.0,10.0,query_device,2026-07-27 13:01:00
3685,2026-07-27,2025-04-03,每点击付费,,MOBILE,,0,2,0.0,10.0,query_device,2026-07-27 13:01:00
3686,2026-07-27,2025-04-03,比較圖製作,,DESKTOP,,0,15,0.0,26.066666666666666,query_device,2026-07-27 13:01:00
3687,2026-07-27,2025-04-03,比較圖製作,,MOBILE,,0,6,0.0,28.0,query_device,2026-07-27 13:01:00
3688,2026-07-27,2025-04-03,比較表格製作,,DESKTOP,,0,1,0.0,49.0,query_device,2026-07-27 13:01:00
3689,2026-07-27,2025-04-03,江苏未迟数字技术有限公司,,MOBILE,,0,2,0.0,2.5,query_device,2026-07-27 13:01:00
3690,2026-07-27,2025-04-03,海外工具,,DESKTOP,,0,1,0.0,33.0,query_device,2026-07-27 13:01:00
3691,2026-07-27,2025-04-03,海外广告,,DESKTOP,,0,1,0.0,46.0,query_device,2026-07-27 13:01:00
3692,2026-07-27,2025-04-03,海外广告平台,,DESKTOP,,0,5,0.0,35.0,query_device,2026-07-27 13:01:00
3693,2026-07-27,2025-04-03,海外广告投放平台,,DESKTOP,,0,1,0.0,45.0,query_device,2026-07-27 13:01:00
3694,2026-07-27,2025-04-03,海外引流,,DESKTOP,,0,5,0.0,38.8,query_device,2026-07-27 13:01:00
3695,2026-07-27,2025-04-03,海外投流,,MOBILE,,0,1,0.0,14.0,query_device,2026-07-27 13:01:00
3696,2026-07-27,2025-04-03,海外推广平台,,DESKTOP,,0,33,0.0,70.51515151515152,query_device,2026-07-27 13:01:00
3697,2026-07-27,2025-04-03,海外数字营销,,DESKTOP,,0,29,0.0,17.79310344827586,query_device,2026-07-27 13:01:00
3698,2026-07-27,2025-04-03,海外社媒推广,,DESKTOP,,0,1,0.0,55.0,query_device,2026-07-27 13:01:00
3699,2026-07-27,2025-04-03,海外营销推广公司,,DESKTOP,,0,6,0.0,85.16666666666667,query_device,2026-07-27 13:01:00
3700,2026-07-27,2025-04-03,深色系logo为什么吸引顾客,,DESKTOP,,0,1,0.0,12.0,query_device,2026-07-27 13:01:00
3701,2026-07-27,2025-04-03,点击率,,DESKTOP,,0,27,0.0,72.85185185185185,query_device,2026-07-27 13:01:00
3702,2026-07-27,2025-04-03,点击率怎么算,,MOBILE,,0,1,0.0,81.0,query_device,2026-07-27 13:01:00
3703,2026-07-27,2025-04-03,独立站fb投放,,DESKTOP,,0,52,0.0,80.15384615384616,query_device,2026-07-27 13:01:00
3704,2026-07-27,2025-04-03,独立站买量,,DESKTOP,,0,3,0.0,79.0,query_device,2026-07-27 13:01:00
3705,2026-07-27,2025-04-03,独立站图片,,MOBILE,,0,1,0.0,97.0,query_device,2026-07-27 13:01:00
3706,2026-07-27,2025-04-03,独立站推广,,MOBILE,,0,1,0.0,76.0,query_device,2026-07-27 13:01:00
3707,2026-07-27,2025-04-03,独立站推广渠道,,DESKTOP,,0,5,0.0,70.0,query_device,2026-07-27 13:01:00
3708,2026-07-27,2025-04-03,独立站运营,,DESKTOP,,0,1,0.0,54.0,query_device,2026-07-27 13:01:00
3709,2026-07-27,2025-04-03,独立站选品,,DESKTOP,,0,2,0.0,30.0,query_device,2026-07-27 13:01:00
3710,2026-07-27,2025-04-03,独立站选品思路,,DESKTOP,,0,1,0.0,25.0,query_device,2026-07-27 13:01:00
3711,2026-07-27,2025-04-03,独立站选品思路,,MOBILE,,0,1,0.0,26.0,query_device,2026-07-27 13:01:00
3712,2026-07-27,2025-04-03,獨立站,,DESKTOP,,0,1,0.0,56.0,query_device,2026-07-27 13:01:00
3713,2026-07-27,2025-04-03,獨立站收款,,DESKTOP,,0,22,0.0,75.22727272727273,query_device,2026-07-27 13:01:00
3714,2026-07-27,2025-04-03,生活方式 plm,,DESKTOP,,0,4,0.0,54.25,query_device,2026-07-27 13:01:00
3715,2026-07-27,2025-04-03,產品生命週期管理,,DESKTOP,,0,1,0.0,91.0,query_device,2026-07-27 13:01:00
3716,2026-07-27,2025-04-03,產品生命週期管理,,MOBILE,,0,1,0.0,82.0,query_device,2026-07-27 13:01:00
3717,2026-07-27,2025-04-03,用户行为分析 跳出率,,DESKTOP,,0,7,0.0,9.142857142857142,query_device,2026-07-27 13:01:00
3718,2026-07-27,2025-04-03,目标广告支出回报率,,DESKTOP,,0,1,0.0,8.0,query_device,2026-07-27 13:01:00
3719,2026-07-27,2025-04-03,着陆页转化漏斗,,DESKTOP,,0,2,0.0,74.5,query_device,2026-07-27 13:01:00
3720,2026-07-27,2025-04-03,矩阵图,,DESKTOP,,0,6,0.0,15.166666666666666,query_device,2026-07-27 13:01:00
3721,2026-07-27,2025-04-03,矩陣圖,,DESKTOP,,0,1,0.0,44.0,query_device,2026-07-27 13:01:00
3722,2026-07-27,2025-04-03,社交互动,,DESKTOP,,0,2,0.0,25.5,query_device,2026-07-27 13:01:00
3723,2026-07-27,2025-04-03,社交媒体内容创作技巧,,DESKTOP,,0,6,0.0,11.333333333333334,query_device,2026-07-27 13:01:00
3724,2026-07-27,2025-04-03,社媒运营,,DESKTOP,,0,2,0.0,61.0,query_device,2026-07-27 13:01:00
3725,2026-07-27,2025-04-03,社媒运营,,MOBILE,,0,1,0.0,68.0,query_device,2026-07-27 13:01:00
3726,2026-07-27,2025-04-03,移动优先索引 优化方法,,DESKTOP,,0,2,0.0,7.5,query_device,2026-07-27 13:01:00
3727,2026-07-27,2025-04-03,给客户展示衡量标准,,DESKTOP,,0,31,0.0,74.25806451612904,query_device,2026-07-27 13:01:00
3728,2026-07-27,2025-04-03,网站广告报价,,DESKTOP,,0,2,0.0,45.0,query_device,2026-07-27 13:01:00
3729,2026-07-27,2025-04-03,网站广告报价,,MOBILE,,0,2,0.0,44.5,query_device,2026-07-27 13:01:00
3730,2026-07-27,2025-04-03,网络广告的类型,,MOBILE,,0,1,0.0,93.0,query_device,2026-07-27 13:01:00
3731,2026-07-27,2025-04-03,美国产品广告调色,,DESKTOP,,0,33,0.0,33.42424242424242,query_device,2026-07-27 13:01:00
3732,2026-07-27,2025-04-03,自動化廣告,,DESKTOP,,0,10,0.0,52.4,query_device,2026-07-27 13:01:00
3733,2026-07-27,2025-04-03,自動化廣告,,MOBILE,,0,5,0.0,46.2,query_device,2026-07-27 13:01:00
3734,2026-07-27,2025-04-03,色彩心理学在广告中的应用,,DESKTOP,,0,4,0.0,79.75,query_device,2026-07-27 13:01:00
3735,2026-07-27,2025-04-03,英国最佳加密货币交易所,,MOBILE,,0,4,0.0,52.0,query_device,2026-07-27 13:01:00
3736,2026-07-27,2025-04-03,营销目标,,DESKTOP,,0,2,0.0,90.5,query_device,2026-07-27 13:01:00
3737,2026-07-27,2025-04-03,营销组合,,DESKTOP,,0,46,0.0,38.80434782608695,query_device,2026-07-27 13:01:00
3738,2026-07-27,2025-04-03,营销者可以使用当前的哪两种无关键字广告系列类型来增加额外覆盖的人数？,,DESKTOP,,0,1,0.0,9.0,query_device,2026-07-27 13:01:00
3739,2026-07-27,2025-04-03,行业整合,,DESKTOP,,0,1,0.0,178.0,query_device,2026-07-27 13:01:00
3740,2026-07-27,2025-04-03,衡量,,DESKTOP,,0,1,0.0,1.0,query_device,2026-07-27 13:01:00
3741,2026-07-27,2025-04-03,衡量邮件营销效果的最终指标是,,DESKTOP,,0,1,0.0,100.0,query_device,2026-07-27 13:01:00
3742,2026-07-27,2025-04-03,语音搜索长尾关键词分析,,DESKTOP,,0,2,0.0,9.5,query_device,2026-07-27 13:01:00
3743,2026-07-27,2025-04-03,谷歌 ads 运营公司,,DESKTOP,,0,12,0.0,51.666666666666664,query_device,2026-07-27 13:01:00
3744,2026-07-27,2025-04-03,谷歌 seo 推广,,DESKTOP,,0,2,0.0,53.0,query_device,2026-07-27 13:01:00
3745,2026-07-27,2025-04-03,谷歌 优化 推广,,DESKTOP,,0,12,0.0,62.5,query_device,2026-07-27 13:01:00
3746,2026-07-27,2025-04-03,谷歌 关键 词,,DESKTOP,,0,1,0.0,53.0,query_device,2026-07-27 13:01:00
3747,2026-07-27,2025-04-03,谷歌 关键 词 分析,,DESKTOP,,0,5,0.0,56.2,query_device,2026-07-27 13:01:00
3748,2026-07-27,2025-04-03,谷歌 关键 词 规划 师,,DESKTOP,,0,1,0.0,43.0,query_device,2026-07-27 13:01:00
3749,2026-07-27,2025-04-03,谷歌 图片 广告,,DESKTOP,,0,5,0.0,85.6,query_device,2026-07-27 13:01:00
3750,2026-07-27,2025-04-03,谷歌 展示 广告,,DESKTOP,,0,17,0.0,33.76470588235294,query_device,2026-07-27 13:01:00
3751,2026-07-27,2025-04-03,谷歌 广告 优化,,DESKTOP,,0,31,0.0,63.064516129032256,query_device,2026-07-27 13:01:00
3752,2026-07-27,2025-04-03,谷歌 广告 关键 词,,DESKTOP,,0,18,0.0,20.833333333333332,query_device,2026-07-27 13:01:00
3753,2026-07-27,2025-04-03,谷歌 开户,,DESKTOP,,0,1,0.0,26.0,query_device,2026-07-27 13:01:00
3754,2026-07-27,2025-04-03,谷歌 推广 公司,,DESKTOP,,0,42,0.0,72.95238095238095,query_device,2026-07-27 13:01:00
3755,2026-07-27,2025-04-03,谷歌 竞价,,DESKTOP,,0,11,0.0,16.636363636363637,query_device,2026-07-27 13:01:00
3756,2026-07-27,2025-04-03,谷歌cro优化,,DESKTOP,,0,21,0.0,17.142857142857142,query_device,2026-07-27 13:01:00
3757,2026-07-27,2025-04-03,谷歌gtm是什么,,DESKTOP,,0,3,0.0,8.333333333333332,query_device,2026-07-27 13:01:00
3758,2026-07-27,2025-04-03,谷歌pmax和智能购物广告能同时投放吗,,DESKTOP,,0,11,0.0,37.0,query_device,2026-07-27 13:01:00
3759,2026-07-27,2025-04-03,谷歌ppc优化,,DESKTOP,,0,27,0.0,3.814814814814815,query_device,2026-07-27 13:01:00
3760,2026-07-27,2025-04-03,谷歌sem,,DESKTOP,,0,7,0.0,76.57142857142857,query_device,2026-07-27 13:01:00
3761,2026-07-27,2025-04-03,谷歌sem,,MOBILE,,0,2,0.0,62.5,query_device,2026-07-27 13:01:00
3762,2026-07-27,2025-04-03,谷歌seo,,DESKTOP,,0,1,0.0,92.0,query_device,2026-07-27 13:01:00
3763,2026-07-27,2025-04-03,谷歌seo推广,,DESKTOP,,0,2,0.0,56.5,query_device,2026-07-27 13:01:00
3764,2026-07-27,2025-04-03,谷歌shopping广告转化低怎么办,,DESKTOP,,0,5,0.0,31.0,query_device,2026-07-27 13:01:00
3765,2026-07-27,2025-04-03,谷歌关键字搜索量检查器,,DESKTOP,,0,28,0.0,40.214285714285715,query_device,2026-07-27 13:01:00
3766,2026-07-27,2025-04-03,谷歌关键字规划师,,DESKTOP,,0,4,0.0,49.25,query_device,2026-07-27 13:01:00
3767,2026-07-27,2025-04-03,谷歌关键字规划师,,MOBILE,,0,2,0.0,46.0,query_device,2026-07-27 13:01:00
3768,2026-07-27,2025-04-03,谷歌关键词,,DESKTOP,,0,1,0.0,51.0,query_device,2026-07-27 13:01:00
3769,2026-07-27,2025-04-03,谷歌关键词广告,,DESKTOP,,0,28,0.0,41.17857142857143,query_device,2026-07-27 13:01:00
3770,2026-07-27,2025-04-03,谷歌关键词搜索,,DESKTOP,,0,5,0.0,81.2,query_device,2026-07-27 13:01:00
3771,2026-07-27,2025-04-03,谷歌关键词查询,,DESKTOP,,0,1,0.0,64.0,query_device,2026-07-27 13:01:00
3772,2026-07-27,2025-04-03,谷歌关键词规划,,MOBILE,,0,1,0.0,34.0,query_device,2026-07-27 13:01:00
3773,2026-07-27,2025-04-03,谷歌关键词规划师,,DESKTOP,,0,29,0.0,39.51724137931034,query_device,2026-07-27 13:01:00
3774,2026-07-27,2025-04-03,谷歌关键词规划师,,MOBILE,,0,23,0.0,41.56521739130435,query_device,2026-07-27 13:01:00
3775,2026-07-27,2025-04-03,谷歌出海大讲堂,,DESKTOP,,0,1,0.0,10.0,query_device,2026-07-27 13:01:00
3776,2026-07-27,2025-04-03,谷歌地图排名,,MOBILE,,0,1,0.0,54.0,query_device,2026-07-27 13:01:00
3777,2026-07-27,2025-04-03,谷歌地图推广,,DESKTOP,,0,1,0.0,88.0,query_device,2026-07-27 13:01:00
3778,2026-07-27,2025-04-03,谷歌展示广告,,DESKTOP,,0,48,0.0,34.3125,query_device,2026-07-27 13:01:00
3779,2026-07-27,2025-04-03,谷歌展示广告,,MOBILE,,0,52,0.0,34.59615384615385,query_device,2026-07-27 13:01:00
3780,2026-07-27,2025-04-03,谷歌广告,,DESKTOP,,0,1,0.0,13.0,query_device,2026-07-27 13:01:00
3781,2026-07-27,2025-04-03,谷歌广告专家,,DESKTOP,,0,24,0.0,84.04166666666667,query_device,2026-07-27 13:01:00
3782,2026-07-27,2025-04-03,谷歌广告优化,,DESKTOP,,0,38,0.0,49.6578947368421,query_device,2026-07-27 13:01:00
3783,2026-07-27,2025-04-03,谷歌广告优化,,MOBILE,,0,48,0.0,49.083333333333336,query_device,2026-07-27 13:01:00
3784,2026-07-27,2025-04-03,谷歌广告图片尺寸,,DESKTOP,,0,1,0.0,99.0,query_device,2026-07-27 13:01:00
3785,2026-07-27,2025-04-03,谷歌广告平台,,DESKTOP,,0,1,0.0,65.0,query_device,2026-07-27 13:01:00
3786,2026-07-27,2025-04-03,谷歌广告开户,,DESKTOP,,0,20,0.0,40.65,query_device,2026-07-27 13:01:00
3787,2026-07-27,2025-04-03,谷歌广告开户,,MOBILE,,0,9,0.0,43.77777777777778,query_device,2026-07-27 13:01:00
3788,2026-07-27,2025-04-03,谷歌广告投放价格,,DESKTOP,,0,1,0.0,37.0,query_device,2026-07-27 13:01:00
3789,2026-07-27,2025-04-03,谷歌广告推广,,DESKTOP,,0,2,0.0,86.5,query_device,2026-07-27 13:01:00
3790,2026-07-27,2025-04-03,谷歌广告类型,,DESKTOP,,0,1,0.0,25.0,query_device,2026-07-27 13:01:00
3791,2026-07-27,2025-04-03,谷歌广告类型,,MOBILE,,0,1,0.0,23.0,query_device,2026-07-27 13:01:00
3792,2026-07-27,2025-04-03,谷歌广告联盟收入高的网站,,DESKTOP,,0,1,0.0,70.0,query_device,2026-07-27 13:01:00
3793,2026-07-27,2025-04-03,谷歌广告认证,,DESKTOP,,0,2,0.0,31.0,query_device,2026-07-27 13:01:00
3794,2026-07-27,2025-04-03,谷歌开户,,DESKTOP,,0,39,0.0,46.97435897435897,query_device,2026-07-27 13:01:00
3795,2026-07-27,2025-04-03,谷歌开户,,MOBILE,,0,11,0.0,41.27272727272727,query_device,2026-07-27 13:01:00
3796,2026-07-27,2025-04-03,谷歌怎么搜索图片,,MOBILE,,0,3,0.0,1.0,query_device,2026-07-27 13:01:00
3797,2026-07-27,2025-04-03,谷歌推广开户,,DESKTOP,,0,1,0.0,50.0,query_device,2026-07-27 13:01:00
3798,2026-07-27,2025-04-03,谷歌推广费用,,DESKTOP,,0,1,0.0,35.0,query_device,2026-07-27 13:01:00
3799,2026-07-27,2025-04-03,谷歌推广费用,,MOBILE,,0,1,0.0,36.0,query_device,2026-07-27 13:01:00
3800,2026-07-27,2025-04-03,谷歌推廣,,DESKTOP,,0,1,0.0,69.0,query_device,2026-07-27 13:01:00
3801,2026-07-27,2025-04-03,谷歌搜索控制台,,DESKTOP,,0,7,0.0,33.57142857142857,query_device,2026-07-27 13:01:00
3802,2026-07-27,2025-04-03,谷歌搜索推特内容,,DESKTOP,,0,1,0.0,83.0,query_device,2026-07-27 13:01:00
3803,2026-07-27,2025-04-03,谷歌效果最大化广告怎么优化,,DESKTOP,,0,22,0.0,86.36363636363636,query_device,2026-07-27 13:01:00
3804,2026-07-27,2025-04-03,谷歌效果最大化广告怎么优化,,MOBILE,,0,1,0.0,91.0,query_device,2026-07-27 13:01:00
3805,2026-07-27,2025-04-03,谷歌独立站,,DESKTOP,,0,6,0.0,43.5,query_device,2026-07-27 13:01:00
3806,2026-07-27,2025-04-03,谷歌独立站,,MOBILE,,0,5,0.0,46.4,query_device,2026-07-27 13:01:00
3807,2026-07-27,2025-04-03,谷歌站长指南,,DESKTOP,,0,3,0.0,74.66666666666667,query_device,2026-07-27 13:01:00
3808,2026-07-27,2025-04-03,谷歌竞价,,MOBILE,,0,1,0.0,13.0,query_device,2026-07-27 13:01:00
3809,2026-07-27,2025-04-03,谷歌竞价广告,,DESKTOP,,0,1,0.0,38.0,query_device,2026-07-27 13:01:00
3810,2026-07-27,2025-04-03,谷歌竞价开户,,DESKTOP,,0,47,0.0,5.276595744680851,query_device,2026-07-27 13:01:00
3811,2026-07-27,2025-04-03,谷歌竞价开户,,MOBILE,,0,8,0.0,5.625,query_device,2026-07-27 13:01:00
3812,2026-07-27,2025-04-03,谷歌编辑器,,DESKTOP,,0,1,0.0,8.0,query_device,2026-07-27 13:01:00
3813,2026-07-27,2025-04-03,谷歌网络推广,,DESKTOP,,0,10,0.0,81.0,query_device,2026-07-27 13:01:00
3814,2026-07-27,2025-04-03,谷歌落地页,,DESKTOP,,0,3,0.0,91.66666666666667,query_device,2026-07-27 13:01:00
3815,2026-07-27,2025-04-03,谷歌购物广告如何出价,,DESKTOP,,0,53,0.0,27.50943396226415,query_device,2026-07-27 13:01:00
3816,2026-07-27,2025-04-03,谷歌购物广告如何出价,,MOBILE,,0,1,0.0,24.0,query_device,2026-07-27 13:01:00
3817,2026-07-27,2025-04-03,谷歌购物广告怎么开,,DESKTOP,,0,55,0.0,29.29090909090909,query_device,2026-07-27 13:01:00
3818,2026-07-27,2025-04-03,谷歌购物广告怎么投,,DESKTOP,,0,50,0.0,40.36,query_device,2026-07-27 13:01:00
3819,2026-07-27,2025-04-03,购物 广告,,DESKTOP,,0,29,0.0,56.03448275862069,query_device,2026-07-27 13:01:00
3820,2026-07-27,2025-04-03,购物 广告,,MOBILE,,0,2,0.0,50.5,query_device,2026-07-27 13:01:00
3821,2026-07-27,2025-04-03,购物广告,,DESKTOP,,0,2,0.0,56.5,query_device,2026-07-27 13:01:00
3822,2026-07-27,2025-04-03,购物广告,,MOBILE,,0,1,0.0,43.0,query_device,2026-07-27 13:01:00
3823,2026-07-27,2025-04-03,购物广告出价方式,,DESKTOP,,0,53,0.0,35.301886792452834,query_device,2026-07-27 13:01:00
3824,2026-07-27,2025-04-03,购物广告出价方式,,MOBILE,,0,2,0.0,32.0,query_device,2026-07-27 13:01:00
3825,2026-07-27,2025-04-03,购物广告用哪个出价,,DESKTOP,,0,52,0.0,35.67307692307692,query_device,2026-07-27 13:01:00
3826,2026-07-27,2025-04-03,购物广告用哪个出价,,MOBILE,,0,2,0.0,60.0,query_device,2026-07-27 13:01:00
3827,2026-07-27,2025-04-03,趋势图,,DESKTOP,,0,1,0.0,88.0,query_device,2026-07-27 13:01:00
3828,2026-07-27,2025-04-03,跟踪参数,,DESKTOP,,0,4,0.0,82.0,query_device,2026-07-27 13:01:00
3829,2026-07-27,2025-04-03,跨 境 电 商 推广,,DESKTOP,,0,4,0.0,43.75,query_device,2026-07-27 13:01:00
3830,2026-07-27,2025-04-03,跨 境 电 商 推广,,MOBILE,,0,5,0.0,45.4,query_device,2026-07-27 13:01:00
3831,2026-07-27,2025-04-03,跨境seo,,DESKTOP,,0,7,0.0,88.14285714285714,query_device,2026-07-27 13:01:00
3832,2026-07-27,2025-04-03,跨境电商广告,,DESKTOP,,0,20,0.0,66.4,query_device,2026-07-27 13:01:00
3833,2026-07-27,2025-04-03,跨境电商广告工具,,DESKTOP,,0,2,0.0,99.0,query_device,2026-07-27 13:01:00
3834,2026-07-27,2025-04-03,跨境电商广告投放,,DESKTOP,,0,41,0.0,78.65853658536585,query_device,2026-07-27 13:01:00
3835,2026-07-27,2025-04-03,跨境电商推广,,DESKTOP,,0,28,0.0,47.32142857142857,query_device,2026-07-27 13:01:00
3836,2026-07-27,2025-04-03,跳出 率,,DESKTOP,,0,29,0.0,77.06896551724138,query_device,2026-07-27 13:01:00
3837,2026-07-27,2025-04-03,跳出 率,,MOBILE,,0,48,0.0,76.33333333333333,query_device,2026-07-27 13:01:00
3838,2026-07-27,2025-04-03,跳出 率,,TABLET,,0,1,0.0,65.0,query_device,2026-07-27 13:01:00
3839,2026-07-27,2025-04-03,跳出率,,DESKTOP,,0,9,0.0,64.0,query_device,2026-07-27 13:01:00
3840,2026-07-27,2025-04-03,跳出率,,MOBILE,,0,19,0.0,73.0,query_device,2026-07-27 13:01:00
3841,2026-07-27,2025-04-03,跳出率高的原因,,DESKTOP,,0,1,0.0,93.0,query_device,2026-07-27 13:01:00
3842,2026-07-27,2025-04-03,轉換成本,,DESKTOP,,0,5,0.0,11.8,query_device,2026-07-27 13:01:00
3843,2026-07-27,2025-04-03,轉換成本,,MOBILE,,0,2,0.0,9.0,query_device,2026-07-27 13:01:00
3844,2026-07-27,2025-04-03,轉換成本是什麼,,DESKTOP,,0,2,0.0,10.5,query_device,2026-07-27 13:01:00
3845,2026-07-27,2025-04-03,轉換成本是什麼,,MOBILE,,0,3,0.0,9.333333333333334,query_device,2026-07-27 13:01:00
3846,2026-07-27,2025-04-03,轉換成本是什麼,,TABLET,,0,1,0.0,11.0,query_device,2026-07-27 13:01:00
3847,2026-07-27,2025-04-03,轉換成本舉例,,DESKTOP,,0,2,0.0,9.0,query_device,2026-07-27 13:01:00
3848,2026-07-27,2025-04-03,轉換成本舉例,,MOBILE,,0,4,0.0,10.0,query_device,2026-07-27 13:01:00
3849,2026-07-27,2025-04-03,转化率怎么计算,,DESKTOP,,0,1,0.0,53.0,query_device,2026-07-27 13:01:00
3850,2026-07-27,2025-04-03,转化率怎么计算,,MOBILE,,0,1,0.0,60.0,query_device,2026-07-27 13:01:00
3851,2026-07-27,2025-04-03,转换成本,,DESKTOP,,0,18,0.0,4.888888888888889,query_device,2026-07-27 13:01:00
3852,2026-07-27,2025-04-03,转换成本,,MOBILE,,0,2,0.0,6.0,query_device,2026-07-27 13:01:00
3853,2026-07-27,2025-04-03,转换成本,,TABLET,,0,1,0.0,4.0,query_device,2026-07-27 13:01:00
3854,2026-07-27,2025-04-03,这是您第一次投放行动号召视频广告系列。 为了获得最佳效果，您应该实施何种出价策略？,,DESKTOP,,0,1,0.0,9.0,query_device,2026-07-27 13:01:00
3855,2026-07-27,2025-04-03,选包颜色心理学,,DESKTOP,,0,27,0.0,27.11111111111111,query_device,2026-07-27 13:01:00
3856,2026-07-27,2025-04-03,通过什么方式找到关键词,,DESKTOP,,0,1,0.0,100.0,query_device,2026-07-27 13:01:00
3857,2026-07-27,2025-04-03,里克特量表,,DESKTOP,,0,17,0.0,10.647058823529411,query_device,2026-07-27 13:01:00
3858,2026-07-27,2025-04-03,里克特量表,,MOBILE,,0,3,0.0,1.6666666666666665,query_device,2026-07-27 13:01:00
3859,2026-07-27,2025-04-03,關鍵字佈局,,DESKTOP,,0,1,0.0,63.0,query_device,2026-07-27 13:01:00
3860,2026-07-27,2025-04-03,闭环,,DESKTOP,,0,1,0.0,1.0,query_device,2026-07-27 13:01:00
3861,2026-07-27,2025-04-03,防止关键词,,DESKTOP,,0,2,0.0,85.5,query_device,2026-07-27 13:01:00
3862,2026-07-27,2025-04-03,雙y軸,,DESKTOP,,0,2,0.0,44.0,query_device,2026-07-27 13:01:00
3863,2026-07-27,2025-04-03,靜態,,DESKTOP,,0,1,0.0,94.0,query_device,2026-07-27 13:01:00
3864,2026-07-27,2025-04-03,領英公司,,DESKTOP,,0,1,0.0,70.0,query_device,2026-07-27 13:01:00
3865,2026-07-27,2025-04-03,顾客满意度和流失率是什么指标,,DESKTOP,,0,25,0.0,85.0,query_device,2026-07-27 13:01:00
3866,2026-07-27,2025-04-03,顾客满意度的kpi,,DESKTOP,,0,32,0.0,24.9375,query_device,2026-07-27 13:01:00
3867,2026-07-27,2025-04-03,领英注册不了,,DESKTOP,,0,6,0.0,15.5,query_device,2026-07-27 13:01:00
3868,2026-07-27,2025-04-03,领英账号,,DESKTOP,,0,1,0.0,31.0,query_device,2026-07-27 13:01:00
3869,2026-07-27,2025-04-03,颜色心理学与消费,,DESKTOP,,0,28,0.0,41.392857142857146,query_device,2026-07-27 13:01:00
3870,2026-07-27,2025-04-03,點圖製作,,DESKTOP,,0,4,0.0,60.75,query_device,2026-07-27 13:01:00
3871,2026-07-27,2025-04-03,點擊率多少算高,,DESKTOP,,0,1,0.0,63.0,query_device,2026-07-27 13:01:00
